[{"experience": [{"company_name": "Syllable", "dates_employed": "Apr 2021\u2013Present 1 yr 2 mos", "employment_duration": null, "title": "Vice President of Sales"}, {"company_name": "Smartlink Health Solutions", "dates_employed": "Mar 2018\u2013Jan 2020 1 yr 11 mos", "employment_duration": null, "title": "National Director | Enterprise Solutions"}, {"company_name": "Hicuity Health", "dates_employed": "Jan 2015\u2013Feb 2018 3 yrs 2 mos", "employment_duration": null, "title": "VP Account Development"}, {"company_name": "MedAptus", "dates_employed": "Jan 2013\u2013Jan 2014 1 yr 1 mo", "employment_duration": null, "title": "Regional Sales Executive"}, {"company_name": "Aetna", "dates_employed": "Jan 2012\u2013Jan 2013 1 yr 1 mo", "employment_duration": null, "title": "Senior Business Development Executive"}], "education": [{"institution": "North Carolina State University", "degree_details": {"dates_attended_or_expected_graduation": null, "degree_name": null, "field_of_study": null}}], "employee_name": "kbBIKBjy9qq+2FGlaaMc1A==*0U/dTlR/uVM3a5vGxvHdRQ==*Z9NMHMAPlB4d0rMp/O9fZQ==*97pSvXBb/Wy12OuHTI1bdQ=="}, {"experience": [{"company_name": "Syllable Corporation", "dates_employed": "2017\u2013Present 5 yrs", "employment_duration": null, "title": "Co-Founder"}, {"company_name": "Shift Messenger", "dates_employed": "2015\u20132017 2 yrs", "employment_duration": null, "title": "Software Engineer"}, {"company_name": "Stellar Development Foundation", "dates_employed": "2014\u20132015 1 yr", "employment_duration": null, "title": "Software Engineer"}, {"company_name": "Google", "dates_employed": "2012\u20132014 2 yrs", "employment_duration": null, "title": "Software Engineer"}], "education": [{"institution": "University of Washington", "degree_details": {"field_of_study": "Computer Science", "dates_attended_or_expected_graduation": null, "degree_name": null}}], "employee_name": "IHWSilCd+J2t+fG8xA==*+dfFbon+4TKzBrYwMkuXXw==*Ck8eGr4mgUwWctUOECKx2g==*d5Nbd2vrPAa/S8J1XBOiMw=="}, {"experience": [{"company_name": "Syllable", "dates_employed": "2017\u2013Present 5 yrs", "location": "San Francisco Bay Area", "employment_duration": null, "title": "CEO"}, {"company_name": "Executive Producer, Director, Casting Director, Art Director, Script Writer, Communications Director", "employment_duration": "Can Silicon Valley Save Healthcare?", "titles": ["", "", ""], "dates_employed": [null, null, null]}, {"company_name": "Marvin", "dates_employed": "2021\u2013Present 1 yr", "employment_duration": null, "title": "Advisor"}, {"company_name": "NextSense, Inc", "dates_employed": "2020\u2013Present 2 yrs", "employment_duration": null, "title": "Advisor"}, {"company_name": "Google", "dates_employed": "2011\u20132017 6 yrs", "employment_duration": null, "title": "Director, Google"}], "education": null, "employee_name": "nFxKzta1T7yE3YKY*MQHuChwWWvXQUesWqM7jcA==*Nn+60Uq4C1h/qqX8k8xc2g==*K0EIGYJsM6XhRzTUkDzD8g=="}, {"experience": [{"company_name": "Syllable Corporation", "dates_employed": "Oct 2016\u2013Present 5 yrs 8 mos", "location": "San Francisco Bay Area", "employment_duration": null, "title": "co-founder and COO"}, {"company_name": "Mercadolibre.com (NASDAQ: MELI)", "dates_employed": "Apr 2015\u2013Sep 2016 1 yr 6 mos", "location": "San Francisco Bay Area", "employment_duration": null, "title": "Senior Director Product Management"}, {"company_name": "Dabee - acquired by MercadoLibre (NASDAQ: MELI)", "dates_employed": "Oct 2010\u2013Apr 2015 4 yrs 7 mos", "location": "Sunnyvale, CA", "employment_duration": null, "title": "Founder and CEO"}, {"company_name": "eBay", "employment_duration": "8 yrs 3 mos", "titles": ["Director, Product Management", "Group Product Manager - Selling", "Sr. Product Manager, Seller Tools", "Sr. Product Marketing Manager, Seller Tools", "Business Analyst, Developers Program"], "dates_employed": ["Sep 2008\u2013Nov 2010 2 yrs 3 mos", "Jan 2005\u2013Sep 2008 3 yrs 9 mos", "Sep 2004\u2013Sep 2005 1 yr 1 mo", "Sep 2003\u2013Sep 2004 1 yr 1 mo", "Sep 2002\u2013Sep 2003 1 yr 1 mo"]}, {"company_name": "BeVocal", "dates_employed": "Jan 2001\u2013Aug 2002 1 yr 8 mos", "location": "San Francisco Bay Area", "employment_duration": null, "title": "Business Development Manager"}], "education": [{"institution": "Stanford University Graduate School of Business", "degree_details": {"degree_name": "MBA", "field_of_study": "Business Administration", "dates_attended_or_expected_graduation": "1998 \u2013 2000"}}, {"institution": "FGV - Funda\u00e7\u00e3o Getulio Vargas", "degree_details": {"degree_name": "BA", "field_of_study": "Business Administration", "dates_attended_or_expected_graduation": "1992 \u2013 1995"}}], "employee_name": "gQi4O6vmPB2e/A==*MAfTN6c79q2eA4K+qnaIDw==*ttWgZZ01BAVPh9zhlHCH9w==*idq77p5iQjPLCCKuqiKfRA=="}, {"experience": [{"company_name": "Vice President", "employment_duration": "Syllable", "titles": ["Syllable"], "dates_employed": [null]}, {"company_name": "Vice President", "employment_duration": "GYANT", "titles": ["Homepage", "GYANT Blog \u2013 Medium"], "dates_employed": [null, null]}, {"company_name": "Regional Vice President(AE IV), Health Solutions", "employment_duration": "Envolve Health (Formerly MHN)", "titles": ["Envolve Logo"], "dates_employed": [null]}, {"company_name": "Ceridian", "dates_employed": "Oct 2013\u2013May 2015 1 yr 8 mos", "location": "San Francisco Bay Area", "employment_duration": null, "title": "Major Account Representative"}, {"company_name": "MHN, A Health Net Company", "dates_employed": "Nov 2010\u2013Oct 2013 3 yrs", "location": "San Rafael, CA", "employment_duration": null, "title": "Regional Sales Executive"}], "education": [{"institution": "University of Nevada-Las Vegas - Lee Business School", "degree_details": {"degree_name": "M.B.A.", "field_of_study": "Marketing", "dates_attended_or_expected_graduation": null}}, {"institution": "James Madison University", "degree_details": {"degree_name": "B.B.A.", "field_of_study": "Finance", "dates_attended_or_expected_graduation": null}}, {"institution": "Devon Preparatory", "degree_details": {"dates_attended_or_expected_graduation": null, "degree_name": null, "field_of_study": null}}], "employee_name": "vPN5gsuu3HI6c1UqrqWQ++AuTM+oGw==*uaj532kMyW/h/2Gm42tPKA==*nB2ur+jLHnEVsf62AbSyHA==*oU2BYReKx9E6w6342xXEcA=="}, {"experience": [{"company_name": "Syllable", "employment_duration": "3 yrs 6 mos", "titles": ["Software Engineer ll", "Software Engineer"], "dates_employed": ["Jan 2021\u2013Present 1 yr 5 mos", "Dec 2018\u2013Jan 2021 2 yrs 2 mos"]}, {"company_name": "tuutkia", "dates_employed": "Jul 2018\u2013Dec 2018 6 mos", "location": "Fremont ,California, United States", "employment_duration": null, "title": "Software Engineer Intern"}, {"company_name": "Indiana University Bloomington", "dates_employed": "Jan 2018\u2013May 2018 5 mos", "location": "Bloomington, Indiana Area", "employment_duration": null, "title": "Associate Instructor for INFO-I590 SQL/NoSQL Course"}, {"company_name": "Tech Mahindra", "employment_duration": "2 yrs 1 mo", "titles": ["Software Engineer", "Associate Software Engineer"], "dates_employed": ["Oct 2015\u2013Jul 2016 10 mos", "Jul 2014\u2013Sep 2015 1 yr 3 mos"]}], "education": [{"institution": "Indiana University Bloomington", "degree_details": {"degree_name": "Master\u2019s Degree", "field_of_study": "Computer Science", "dates_attended_or_expected_graduation": "2016 \u2013 2018"}}, {"institution": "University of Mumbai", "degree_details": {"degree_name": "Bachelor of Engineering - BE", "field_of_study": "Information Technology", "dates_attended_or_expected_graduation": "2010 \u2013 2014"}}, {"institution": "K.C. Public School", "degree_details": {"degree_name": "High School", "dates_attended_or_expected_graduation": "1997 \u2013 2010", "field_of_study": null}}], "employee_name": "NbpvRsKWgehpiKY=*2gavFm61B1AF0EsrCA9p/A==*M4G2WysMneXVPQqvW9KkNQ==*A/YuDAw+enhyAYbnTtnVlw=="}, {"experience": [{"company_name": "Syllable", "dates_employed": "May 2021\u2013Present 1 yr 1 mo", "location": "Sunnyvale, California, United States", "employment_duration": null, "title": "Vice President of Development and Operations"}, {"company_name": "IBM", "employment_duration": "37 yrs 9 mos", "titles": ["Program Director, Cognitive Technologies & System Performance", "Program Director, Cloud Solutions and Performance", "Research Staff Member Manager"], "dates_employed": ["Jan 2017\u2013Feb 2021 4 yrs 2 mos", "Sep 2005\u2013Dec 2016 11 yrs 4 mos", "Jun 1983\u2013Sep 2005 22 yrs 4 mos"]}], "education": [{"institution": "Stanford University", "degree_details": {"degree_name": "Master\u2019s Degree", "field_of_study": "Electrical Engineering", "dates_attended_or_expected_graduation": null}}, {"institution": "University of California, Berkeley", "degree_details": {"degree_name": "Bachelor\u2019s Degree", "field_of_study": "Electrical Engineering and Computer Science", "dates_attended_or_expected_graduation": null}}], "employee_name": "F1sroCkPgNYgghRZQQ==*r/Mr2GQMNKIDizfHMe+EPQ==*dLejZU++wh8MPhbOrYCHbQ==*9h3osr7YgAG5AayArZth9A=="}, {"experience": [{"company_name": "Syllable", "employment_duration": "1 yr 9 mos", "titles": ["Chief Architect and VP of Engineering", "Chief Architect"], "dates_employed": ["May 2021\u2013Present 1 yr 1 mo", "Sep 2020\u2013May 2021 9 mos"]}, {"company_name": "Verily Life Sciences", "dates_employed": "Sep 2018\u2013Sep 2020 2 yrs 1 mo", "employment_duration": null, "title": "Software Engineer"}, {"company_name": "Google", "dates_employed": "Jul 2015\u2013Sep 2018 3 yrs 3 mos", "location": "Greater Chicago Area", "employment_duration": null, "title": "Software Engineer - Imaging and Vision"}, {"company_name": "Consultant", "dates_employed": "Jul 2011\u2013Jul 2015 4 yrs 1 mo", "employment_duration": null, "title": "Medical Imaging Software Consultant"}, {"company_name": "Butterfly Network, Inc.", "dates_employed": "Jul 2013\u2013Mar 2015 1 yr 9 mos", "location": "Guilford, CT", "employment_duration": null, "title": "Software Team Lead"}], "education": [{"institution": "University of Illinois Urbana-Champaign", "degree_details": {"degree_name": "Doctor of Philosophy (PhD)", "field_of_study": "Electrical Engineering", "dates_attended_or_expected_graduation": "2003 \u2013 2007"}}, {"institution": "University of Illinois Urbana-Champaign", "degree_details": {"degree_name": "Master of Science (M.S.)", "field_of_study": "Electrical Engineering", "dates_attended_or_expected_graduation": "2001 \u2013 2003"}}, {"institution": "Milwaukee School of Engineering", "degree_details": {"degree_name": "Bachelor of Science (B.S.)", "field_of_study": "Computer Engineering", "dates_attended_or_expected_graduation": "1997 \u2013 2001"}}], "employee_name": "A8AdUYSoLI1dUT3Q*p3c7KSoqXubpuF01mZyojw==*nf3QabtrsjmPDqano9F4Ew==*vyGLNLRVS56BOVB3R4XyLA=="}, {"experience": [{"company_name": "Syllable", "dates_employed": "Mar 2021\u2013Present 1 yr 3 mos", "location": "San Francisco Bay Area", "employment_duration": null, "title": "Chief Commercial Officer"}, {"company_name": "Clarify Health Solutions", "dates_employed": "Oct 2019\u2013Feb 2021 1 yr 5 mos", "location": "San Francisco and New York", "employment_duration": null, "title": "Chief Commercial Officer"}, {"company_name": "Sutherland", "employment_duration": "6 yrs 9 mos", "titles": ["Strategic Advisory Board Member", "Chief Commerical Officer Sutherland Healthcare Solutions Sr. Vice President Healthcare"], "dates_employed": ["Sep 2019\u2013Dec 2019 4 mos", "Apr 2013\u2013Oct 2019 6 yrs 7 mos"]}, {"company_name": "Xerox", "employment_duration": "7 yrs 6 mos", "titles": ["Senior Vice President Government Healthcare", "Senior Vice President Emerging Markets", "Vice President"], "dates_employed": ["Jan 2012\u2013Apr 2013 1 yr 4 mos", "Jan 2010\u2013Jan 2012 2 yrs 1 mo", "Nov 2005\u2013Jan 2010 4 yrs 3 mos"]}, {"company_name": "APS Healthcare", "dates_employed": "Dec 2000\u20132005 5 yrs", "employment_duration": null, "title": "Vice President"}], "education": null, "employee_name": "OkA2XhgIXx3vyqM3vQ==*Gzv3wYpx91pE0Dqgm4jHqQ==*uYQEJB9Sxz0Q6NeIH6KgNw==*HPjrMqqmL/S8doC3fVqtDQ=="}, {"experience": [{"company_name": "Syllable", "dates_employed": "Apr 2021\u2013Present 1 yr 2 mos", "employment_duration": null, "title": "Vice President of Sales"}, {"company_name": "Relias", "dates_employed": "Feb 2020\u2013Apr 2021 1 yr 3 mos", "employment_duration": null, "title": "Regional Account Executive"}, {"company_name": "FormFast", "dates_employed": "May 2015\u2013Feb 2020 4 yrs 10 mos", "employment_duration": null, "title": "Regional Sales Manager"}, {"company_name": "Nuance Communications", "dates_employed": "Jan 2010\u2013May 2015 5 yrs 5 mos", "employment_duration": null, "title": "Regional Sales Director"}, {"company_name": "DoubleTake Marketing", "dates_employed": "Jan 2008\u2013Jan 2010 2 yrs 1 mo", "employment_duration": null, "title": "EVP of Sales / Co-Founder"}], "education": [{"institution": "Westminster College", "degree_details": {"degree_name": "Bachelors of Science", "field_of_study": "Business with an emphasis in Business Management", "dates_attended_or_expected_graduation": "1996 \u2013 1999"}}], "employee_name": "CQEZoukzyuE/lXhUEw==*aII5yVMO6G0RO1H6fxrUQg==*RpcrQC+l2p3gF5EwB5J4OQ==*59wYZGoa8G33AY4fm66A7Q=="}, {"experience": [{"company_name": "TCV", "dates_employed": "Jul 2021\u2013Present 11 mos", "employment_duration": null, "title": "General Partner"}, {"company_name": "Syllable", "dates_employed": "Feb 2022\u2013Present 4 mos", "employment_duration": null, "title": "Investor"}, {"company_name": "BenchSci", "dates_employed": "Jan 2022\u2013Present 5 mos", "employment_duration": null, "title": "Board Member"}, {"company_name": "Legit Security", "dates_employed": "Nov 2021\u2013Present 7 mos", "employment_duration": null, "title": "Investor"}, {"company_name": "Melio", "dates_employed": "Sep 2020\u2013Jul 2021 11 mos", "employment_duration": null, "title": "Investor"}], "education": [{"institution": "The Wharton School", "degree_details": {"degree_name": "Bachelor of Science (BS)", "field_of_study": "Finance", "dates_attended_or_expected_graduation": null}}], "employee_name": "wvYxpMMabu9iZuU3*uiUTX8mIremZvRHQqlhnOQ==*UXkvqHYFD+4s/ZGfs4rc5Q==*Zu24QTRo57a+8KOxPpJvCQ=="}, {"experience": [{"company_name": "Syllable", "dates_employed": "Jul 2019\u2013Present 2 yrs 11 mos", "location": "Sunnyvale, California", "employment_duration": null, "title": "Chief Medical Officer"}, {"company_name": "Founder/CEO", "employment_duration": "Upstream Solutions Group, LLC", "titles": ["A Health Solutions Firm"], "dates_employed": [null]}, {"company_name": "Saint Francis Healthcare Partners", "dates_employed": "Jul 2017\u2013Jun 2019 2 yrs", "location": "Hartford, Connecticut Area", "employment_duration": null, "title": "Vice President, Population Health"}, {"company_name": "Trinity Health Of New England", "dates_employed": "Dec 2014\u2013Jun 2017 2 yrs 7 mos", "location": "Hartford, Connecticut Area", "employment_duration": null, "title": "Vice President for Ambulatory Strategy and Development; Medical Director, Primary Care Service Line"}, {"company_name": "Saint Francis Hospital and Medical Center", "dates_employed": "Jul 2012\u2013Dec 2014 2 yrs 6 mos", "location": "Hartford, Connecticut Area", "employment_duration": null, "title": "Medical Director, Primary Care Service Line"}], "education": [{"institution": "Northwestern University - The Feinberg School of Medicine", "degree_details": {"field_of_study": "Internal Medicine Residency Program", "dates_attended_or_expected_graduation": "1991 \u2013 1994", "degree_name": null}}, {"institution": "Penn State University", "degree_details": {"degree_name": "Doctor of Medicine (MD)", "field_of_study": "Medicine", "dates_attended_or_expected_graduation": "1987 \u2013 1991"}}, {"institution": "Middlebury College", "degree_details": {"degree_name": "Bachelor of Arts (B.A.)", "field_of_study": "Geography", "dates_attended_or_expected_graduation": "1982 \u2013 1986"}}], "employee_name": "Pl+A7iIP79lFUeRRepUiKwi3mDWhhKk=*M6rDjDXhsANB5JVc+sliFg==*S/9QSbz1LAfCOXX2dEB11Q==*nqDegK/D5Zk+4FJ2TcPNbA=="}, {"experience": [{"company_name": "Syllable", "dates_employed": "Aug 2020\u2013Present 1 yr 10 mos", "location": "Sunnyvale, California, United States", "employment_duration": null, "title": "Director of Finance and Operations"}, {"company_name": "Countsy", "dates_employed": "May 2017\u2013Aug 2020 3 yrs 4 mos", "location": "San Francisco Bay Area", "employment_duration": null, "title": "Startup CFO"}, {"company_name": "Accretive Solutions", "dates_employed": "Jan 2012\u2013May 2017 5 yrs 5 mos", "employment_duration": null, "title": "Senior Manager"}, {"company_name": "Comcast Silicon Valley", "employment_duration": "8 yrs 9 mos", "titles": ["Controller", "Consultant Controller"], "dates_employed": ["Jun 2008\u2013Dec 2011 3 yrs 7 mos", "Apr 2003\u2013Jun 2008 5 yrs 3 mos"]}, {"company_name": "Accretive Solutions formerly Horn Murdock Cole", "dates_employed": "Oct 1997\u2013Jun 2008 10 yrs 9 mos", "employment_duration": null, "title": "Consultant"}], "education": [{"institution": "California State University, Long Beach", "degree_details": {"degree_name": "BS", "field_of_study": "Accountancy", "dates_attended_or_expected_graduation": null}}, {"institution": "California State University, Long Beach", "degree_details": {"degree_name": "BS", "field_of_study": "Management Information Systems (MIS)", "dates_attended_or_expected_graduation": null}}, {"institution": "Maryknoll Convent School", "degree_details": {"dates_attended_or_expected_graduation": null, "degree_name": null, "field_of_study": null}}], "employee_name": "eMphRYm+WH8=*o73m2SiZGVnd92Zz0Jo98w==*BWe2F7aiVlCHf2J4cC7+Wg==*Ds2bFGHJJGtSP7AAxfiysQ=="}, {"experience": [{"company_name": "Syllable", "dates_employed": "Jan 2022\u2013Present 5 mos", "employment_duration": null, "title": "Head Of Strategic Development"}, {"company_name": "Boston Consulting Group (BCG)", "employment_duration": "2 yrs 5 mos", "titles": ["Consultant", "Associate"], "dates_employed": ["Oct 2021\u2013Jan 2022 4 mos", "Sep 2019\u2013Sep 2021 2 yrs 1 mo"]}, {"company_name": "Pomona College", "employment_duration": "2 yrs 10 mos", "titles": ["Captain of NCAA Women's Basketball Team", "Neuroscience Teaching Assistant", "President of Pomona Ventures"], "dates_employed": ["Aug 2015\u2013May 2019 3 yrs 10 mos", "Aug 2018\u2013Dec 2018 5 mos", "Aug 2016\u2013Dec 2018 2 yrs 5 mos"]}, {"company_name": "Deloitte", "dates_employed": "Jun 2018\u2013Aug 2018 3 mos", "location": "Greater Los Angeles Area", "employment_duration": null, "title": "Strategy & Operations Summer Scholar"}, {"company_name": "Pomona College", "dates_employed": "Sep 2016\u2013Dec 2017 1 yr 4 mos", "employment_duration": null, "title": "Campus Tour Guide"}], "education": [{"institution": "Pomona College", "degree_details": {"degree_name": "Bachelor of Arts (BA)", "field_of_study": "Double Major in Neuroscience and Economics", "dates_attended_or_expected_graduation": null}}, {"institution": "Menlo-Atherton High School", "degree_details": {"dates_attended_or_expected_graduation": null, "degree_name": null, "field_of_study": null}}], "employee_name": "Oc1SW7gjkLMJdQ==*NJlv7/2dufJLWZa6+3qGnQ==*dhfiRHLD0Hw8eH7VpOSDjg==*ZvY6JMv+w59L3uOZa/3ttw=="}, {"experience": [{"company_name": "Oak HC/FT", "dates_employed": "Jun 2014\u2013Present 8 yrs", "location": "Greenwich, CT", "employment_duration": null, "title": "Partner"}, {"company_name": "Osso VR", "dates_employed": "Mar 2022\u2013Present 3 mos", "employment_duration": null, "title": "Board Member"}, {"company_name": "Reveleer", "dates_employed": "Dec 2021\u2013Present 6 mos", "employment_duration": null, "title": "Board Observer"}, {"company_name": "veda", "dates_employed": "Jul 2021\u2013Present 11 mos", "location": "Wisconsin, United States", "employment_duration": null, "title": "Board Observer"}, {"company_name": "Syllable", "dates_employed": "Jun 2020\u2013Present 2 yrs", "employment_duration": null, "title": "Board Member"}], "education": [{"institution": "The Wharton School", "degree_details": {"degree_name": "B.Sc in Economics", "field_of_study": "Finance", "dates_attended_or_expected_graduation": null}}, {"institution": "University of Pennsylvania", "degree_details": {"degree_name": "B.Sc in Engineering", "field_of_study": "Systems Science & Engineering, Math Minor", "dates_attended_or_expected_graduation": null}}], "employee_name": "UWp6NE9AZ/B7V+1X7p7iWw==*KWjx1kAv9e9ctdniRYLzdA==*zrdx8moAX0B5QybnWuVHoQ==*F3IgN3Ujxc5IpZvYhm2nBg=="}, {"experience": [{"company_name": "Syllable", "dates_employed": "Jul 2021\u2013Present 11 mos", "employment_duration": null, "title": "Vice President of Sales"}, {"company_name": "Spectrum Enterprise", "dates_employed": "Dec 2010\u2013Jul 2021 10 yrs 8 mos", "location": "Greater Los Angeles Area", "employment_duration": null, "title": "Major Account Executive, Healthcare Solutions"}], "education": [{"institution": "California State University-San Bernardino - College of Business and Public Administration", "degree_details": {"degree_name": "BA", "field_of_study": "Business Administration: Concentration Marketing", "dates_attended_or_expected_graduation": "1993 \u2013 1996"}}], "employee_name": "lxoiXF/qUoKXbg==*iyqAKKuXxdCwFKXQunai9w==*uXDmny3h4ZYd+wwTIlXyRg==*MRzKeJj7Y9vgvaLFjjwJtg=="}, {"experience": [{"company_name": "Syllable", "dates_employed": "Jun 2020\u2013Present 2 yrs", "location": "Los Angeles Metropolitan Area", "employment_duration": null, "title": "Product Manager"}, {"company_name": "New York-Presbyterian Hospital", "employment_duration": "1 yr 10 mos", "titles": ["Project Lead, IT Innovation - Digital Health Team", "Senior Project Manager, IT Transformation Team"], "dates_employed": ["May 2019\u2013Feb 2020 10 mos", "May 2018\u2013May 2019 1 yr 1 mo"]}, {"company_name": "Connexient", "dates_employed": "Sep 2017\u2013Feb 2018 6 mos", "location": "New York, New York", "employment_duration": null, "title": "Project Manager"}, {"company_name": "Phreesia", "employment_duration": "2 yrs 9 mos", "titles": ["Market Development Specialist", "Implementation Consultant", "Implementation Associate"], "dates_employed": ["Apr 2017\u2013Sep 2017 6 mos", "Sep 2015\u2013Apr 2017 1 yr 8 mos", "Jan 2015\u2013Sep 2015 9 mos"]}, {"company_name": "eInformatics", "dates_employed": "Jun 2013\u2013Nov 2014 1 yr 6 mos", "location": "Columbus, Ohio Area", "employment_duration": null, "title": "Implementation Consultant"}], "education": [{"institution": "The Ohio State University", "degree_details": {"degree_name": "Bachelor of Science - BS", "field_of_study": "Health Information Management & Systems", "dates_attended_or_expected_graduation": null}}], "employee_name": "TxK5ue4xRU0=*S09tJIPSxEdU84QAerT1oQ==*npx7q2oa4YXW0E70RE4IdQ==*N2bRBw55o7q0OHHnZrz/fA=="}, {"experience": [{"company_name": "Syllable", "dates_employed": "Feb 2019\u2013Present 3 yrs 4 mos", "employment_duration": null, "title": "Sr. Technical Product Manager"}, {"company_name": "Can Silicon Valley Save Healthcare?", "dates_employed": "Jan 2022\u2013Present 5 mos", "location": "San Francisco, California, United States", "employment_duration": null, "title": "Producer"}, {"company_name": "NetEase North America", "dates_employed": "Jun 2017\u2013Jan 2019 1 yr 8 mos", "location": "San Francisco Bay Area", "employment_duration": null, "title": "Sr. Product Designer"}, {"company_name": "Startup Policy Lab", "dates_employed": "Dec 2016\u2013Jun 2017 7 mos", "location": "San Francisco Bay Area", "employment_duration": null, "title": "Development Director"}, {"company_name": "Save Our Shuttles", "dates_employed": "Jan 2016\u2013Feb 2017 1 yr 2 mos", "location": "San Francisco Bay Area", "employment_duration": null, "title": "Campaign Manager"}], "education": null, "employee_name": "kcguBKtDOIxb*Mfe2PPHrPYYH/FqPFqxnwQ==*e/64DuE97MvBiLAxGXMWxA==*+9dxolkB9TsPDrXzKeKIPA=="}, {"experience": [{"company_name": "Syllable", "dates_employed": "Jun 2021\u2013Present 1 yr", "location": "San Jose, California, United States", "employment_duration": null, "title": "Senior Manager, Operations"}, {"company_name": "CGI", "dates_employed": "Aug 2015\u2013Jun 2021 5 yrs 11 mos", "location": "Washington D.C. Metro Area", "employment_duration": null, "title": "Director Consulting"}, {"company_name": "Cerner Corporation", "dates_employed": "Jan 2011\u2013Aug 2015 4 yrs 8 mos", "employment_duration": null, "title": "Deputy Director, Operations, MobileMD Health Services"}, {"company_name": "Dominion Business Solutions", "dates_employed": "May 2010\u2013Jan 2011 9 mos", "employment_duration": null, "title": "Senior Manager"}, {"company_name": "Versivo", "dates_employed": "Feb 2007\u2013Apr 2010 3 yrs 3 mos", "employment_duration": null, "title": "Vice President"}], "education": [{"institution": "University of Michigan", "degree_details": {"degree_name": "BA", "dates_attended_or_expected_graduation": "1993 \u2013 1997", "field_of_study": null}}], "employee_name": "cs/KhZN4xgTyJuFKBMzCXpb0OQ==*zxwEnGDRMHnwXYLnA1/QPw==*Joy46HJqkRzcDlXHKENTtg==*MCGxUoy0YeIUkB2EMJIhmw=="}, {"experience": [{"company_name": "Syllable", "dates_employed": "Mar 2021\u2013Present 1 yr 3 mos", "employment_duration": null, "title": "Senior Product Manager"}, {"company_name": "Product Lead", "employment_duration": "Button", "titles": ["", "", ""], "dates_employed": [null, null, null]}, {"company_name": "WeWork", "dates_employed": "Aug 2019\u2013Jan 2020 6 mos", "location": "New York, United States", "employment_duration": null, "title": "Senior Product Manager"}, {"company_name": "Philip Morris International", "employment_duration": "6 yrs 7 mos", "titles": ["Senior Product Manager", "Senior Product Manager", "Product Manager"], "dates_employed": ["Jan 2018\u2013Jul 2019 1 yr 7 mos", "Jan 2015\u2013Dec 2017 3 yrs", "Jan 2013\u2013Dec 2014 2 yrs"]}, {"company_name": "Apple", "dates_employed": "Jun 2012\u2013Oct 2012 5 mos", "location": "San Francisco Bay Area", "employment_duration": null, "title": "Software Engineer"}], "education": [{"institution": "Stanford University", "degree_details": {"degree_name": "Master of Science (M.Sc.)", "field_of_study": "Computer Science", "dates_attended_or_expected_graduation": null}}, {"institution": "Georgetown University", "degree_details": {"degree_name": "Bachelor of Science (BSc)", "field_of_study": "Mathematics and Economics", "dates_attended_or_expected_graduation": null}}], "employee_name": "H1611NLnWCCL2N5JVxs=*k+3CxlIfDjeTfm1Ikm6BLA==*Ra1jDENFVFaALdy7D35ZRA==*FCZ8ts05d50tMn6dJ2mzMg=="}, {"experience": [{"company_name": "Syllable", "dates_employed": "Jan 2021\u2013Present 1 yr 5 mos", "location": "Denver, Colorado, United States", "employment_duration": null, "title": "Customer Operations Lead"}, {"company_name": "Cerner Corporation", "employment_duration": "5 yrs 10 mos", "titles": ["Senior Sales Executive", "Client Results Executive"], "dates_employed": ["Oct 2015\u2013Nov 2020 5 yrs 2 mos", "Feb 2015\u2013Jan 2016 1 yr"]}, {"company_name": "Siemens Healthcare", "dates_employed": "Nov 2012\u2013Feb 2015 2 yrs 4 mos", "location": "Denver, CO", "employment_duration": null, "title": "Account Manager, MobileMD Health Services"}, {"company_name": "CGI", "dates_employed": "Sep 2005\u2013Nov 2012 7 yrs 3 mos", "employment_duration": null, "title": "Senior Consultant"}], "education": [{"institution": "University of Wisconsin-Madison", "degree_details": {"degree_name": "Bachelor of Business Administration", "field_of_study": "Information Systems, Management and Human Resources", "dates_attended_or_expected_graduation": "2001 \u2013 2005"}}, {"institution": "Wisconsin School of Business", "degree_details": {"degree_name": "Bachelor of Business Administration (B.B.A.)", "field_of_study": "Management Information Systems, General", "dates_attended_or_expected_graduation": "2001 \u2013 2005"}}, {"institution": "Copenhagen Business School", "degree_details": {"dates_attended_or_expected_graduation": "2003 \u2013 2003", "degree_name": null, "field_of_study": null}}], "employee_name": "jGP43MoOCh39/PXIKvHgCP6ZeA==*rlCM9y8SG1+LaM2P2/nbow==*tviFoi25QBvhu+uISagl7Q==*G0qUDOY+onu1NJSgfLX0UQ=="}, {"experience": [{"company_name": "Syllable", "employment_duration": "4 yrs 3 mos", "titles": ["Product Manager", "Product Marketer"], "dates_employed": ["Jul 2019\u2013Present 2 yrs 11 mos", "Mar 2018\u2013Jul 2019 1 yr 5 mos"]}, {"company_name": "Avantage\u00ae USA, LLC", "dates_employed": "Jan 2017\u2013Jun 2017 6 mos", "location": "Carlsbad, CA", "employment_duration": null, "title": "Marketing Coordinator"}, {"company_name": "Whetstone Studio", "dates_employed": "Dec 2015\u2013Jan 2017 1 yr 2 mos", "location": "Shanghai City, China", "employment_duration": null, "title": "Founder"}, {"company_name": "Imagination Education Technologies Group, Shanghai", "dates_employed": "2014\u2013Feb 2016 2 yrs", "location": "Shanghai, China", "employment_duration": null, "title": "Product / BD"}, {"company_name": "xPlus", "dates_employed": "2009\u20132014 5 yrs", "location": "San Diego, California", "employment_duration": null, "title": "Marketing Communications Consultant"}], "education": [{"institution": "University of Southern California - Marshall School of Business", "degree_details": {"degree_name": "MBA", "dates_attended_or_expected_graduation": "2019", "field_of_study": null}}, {"institution": "Antioch University", "degree_details": {"degree_name": "MFA", "dates_attended_or_expected_graduation": "2012", "field_of_study": null}}, {"institution": "UC Irvine", "degree_details": {"degree_name": "BA", "field_of_study": "Economics, Philosophy", "dates_attended_or_expected_graduation": "2010"}}], "employee_name": "0aW+K0Vg1qmnZ4suXnckHGyw*iU4hVPtCwafdlP7vksymRQ==*xYk6s1HLilQwzSL93xQBkQ==*/4uXBZU7fjhrzP09AbAWyQ=="}, {"experience": [{"company_name": "Syllable", "employment_duration": "3 yrs 4 mos", "titles": ["Product Manager", "Product Management Intern"], "dates_employed": ["May 2019\u2013Present 3 yrs 1 mo", "Feb 2019\u2013May 2019 4 mos"]}, {"company_name": "The Highway Community", "dates_employed": "Sep 2017\u2013Jan 2019 1 yr 5 mos", "location": "San Francisco Bay Area", "employment_duration": null, "title": "Director Of Administration"}, {"company_name": "Bayshore Christian Ministries", "dates_employed": "Aug 2015\u2013Aug 2017 2 yrs 1 mo", "location": "San Francisco Bay Area", "employment_duration": null, "title": "Various Roles with Middle School Students"}], "education": [{"institution": "Stanford University", "degree_details": {"degree_name": "Bachelor of Science (BS)", "field_of_study": "Medical Anthropology", "dates_attended_or_expected_graduation": "2011 \u2013 2015"}}], "employee_name": "2yrFeQcgv6lJSi47ny4=*DhUf65ScQwdXFijSnD+QAQ==*ZcGh38XVghkVplf8OZXL/g==*aLC/MOocc70kKpJdtEzoHA=="}, {"experience": [{"company_name": "Syllable", "dates_employed": "Dec 2021\u2013Present 6 mos", "employment_duration": null, "title": "Software Engineer"}, {"company_name": "SoliSoft O\u00dc", "dates_employed": "Dec 2021\u2013Present 6 mos", "location": "Talinn", "employment_duration": null, "title": "Director"}, {"company_name": "Toptal", "dates_employed": "Apr 2019\u2013Present 3 yrs 2 mos", "employment_duration": null, "title": "Full Stack Web Engineer"}, {"company_name": "BOUNDLESS DIGITAL", "dates_employed": "May 2019\u2013Dec 2021 2 yrs 8 mos", "employment_duration": null, "title": "Full Stack Web Engineer"}, {"company_name": "Solidus Capital", "dates_employed": "Dec 2017\u2013Dec 2018 1 yr 1 mo", "location": "Istanbul, Turkey", "employment_duration": null, "title": "Backend Engineer"}], "education": [{"institution": "Bo\u011fazi\u00e7i University", "degree_details": {"field_of_study": "Computer Science", "dates_attended_or_expected_graduation": "2007 \u2013 2012", "degree_name": null}}, {"institution": "EPFL (\u00c9cole polytechnique f\u00e9d\u00e9rale de Lausanne)", "degree_details": {"field_of_study": "Computer Science", "dates_attended_or_expected_graduation": "2011 \u2013 2011", "degree_name": null}}, {"institution": "Kayseri Fen Lisesi", "degree_details": {"dates_attended_or_expected_graduation": "2004 \u2013 2007", "degree_name": null, "field_of_study": null}}], "employee_name": "b7clAAGkLnkHmm6M*cPETG7IIHNvKN2sPM2NqTg==*UAHfDcjgIgrfjm24qs1NlQ==*FF4hq7MuqN+dOcrmAPr2KQ=="}, {"experience": [{"company_name": "Syllable", "dates_employed": "Apr 2021\u2013Present 1 yr 2 mos", "employment_duration": null, "title": "Senior Software Engineer"}, {"company_name": "Blumio", "dates_employed": "Aug 2020\u2013Apr 2021 9 mos", "employment_duration": null, "title": "Data Scientist"}, {"company_name": "Udacity", "dates_employed": "Nov 2019\u2013May 2020 7 mos", "location": "San Francisco Bay Area", "employment_duration": null, "title": "Instructor"}, {"company_name": "Verily Life Sciences", "dates_employed": "2015\u2013Oct 2019 4 yrs", "location": "San Francisco Bay Area", "employment_duration": null, "title": "Data Scientist"}, {"company_name": "Google", "dates_employed": "Sep 2014\u2013Oct 2019 5 yrs 2 mos", "employment_duration": null, "title": "Algorithm Engineer"}], "education": [{"institution": "Carnegie Mellon University", "degree_details": {"degree_name": "Master's Degree", "field_of_study": "Electrical & Computer Engineering", "dates_attended_or_expected_graduation": "2013 \u2013 2014"}}, {"institution": "Carnegie Mellon University", "degree_details": {"degree_name": "Bachelor's Degree", "field_of_study": "Electrical & Computer Engineering", "dates_attended_or_expected_graduation": "2010 \u2013 2014"}}], "employee_name": "9uGBVqyu7TkfLRK3cYPwOmk9gA==*ksRjr8a50C1NVMJK473iNw==*VWIz3+Acml3WIUZyz8x/kg==*HIN0Bf+9raAGAT2HFWnYfQ=="}, {"experience": null, "education": null, "employee_name": null}, {"experience": [{"company_name": "Syllable", "employment_duration": "1 yr 10 mos", "titles": ["Software Engineer II", "Software Engineer"], "dates_employed": ["Sep 2021\u2013Present 9 mos", "Aug 2020\u2013Sep 2021 1 yr 2 mos"]}, {"company_name": "Fellow", "employment_duration": "Funda\u00e7\u00e3o Estudar", "titles": ["Relat\u00f3rio Anual Funda\u00e7\u00e3o Estudar 2015"], "dates_employed": [null]}, {"company_name": "Stone Pagamentos", "dates_employed": "Jun 2018\u2013Dec 2018 7 mos", "location": "S\u00e3o Paulo Area, Brazil", "employment_duration": null, "title": "People Analytics Intern"}, {"company_name": "Co-founder & Chief Technology Officer", "employment_duration": "InspiraSonho", "titles": ["InspiraSonho | O maior portal de oportunidades estudantis do Brasil"], "dates_employed": [null]}, {"company_name": "Amherst College", "employment_duration": "2 yrs", "titles": ["Math Fellow", "Summer Research Fellow"], "dates_employed": ["Jan 2018\u2013May 2018 5 mos", "Jun 2016\u2013Aug 2016 3 mos"]}], "education": [{"institution": "Amherst College", "degree_details": {"degree_name": "Bachelor of Arts - BA", "field_of_study": "Mathematics and Computer Science", "dates_attended_or_expected_graduation": "2015 \u2013 2020"}}, {"institution": "The University of G\u00f6ttingen", "degree_details": {"degree_name": "Visiting Student", "field_of_study": "Mathematics and German", "dates_attended_or_expected_graduation": "2017 \u2013 2018"}}, {"institution": "Instituto Federal de Educa\u00e7\u00e3o, Ci\u00eancia e Tecnologia do Rio Grande do Norte", "degree_details": {"degree_name": "High School and Technician Diploma", "field_of_study": "Information Technology", "dates_attended_or_expected_graduation": "2011 \u2013 2015"}}], "employee_name": "ZgBrchoSoCmnU82i5vfgnZLnpw==*pEuCe2Yq5a6a3PTDF+izYw==*6E5ebanWtz4YltL11hnooA==*BSkcL/tzHHDiJorWcwTFtQ=="}, {"experience": [{"company_name": "Syllable", "employment_duration": "6 mos", "titles": ["Senior Software Engineer", "Software Engineer"], "dates_employed": ["Dec 2021\u2013Present 6 mos", "Dec 2021\u2013Present 6 mos"]}, {"company_name": "University of Colorado Anschutz Medical Campus", "employment_duration": "1 yr 5 mos", "titles": ["Software Developer", "Full Stack Engineer-Student"], "dates_employed": ["May 2021\u2013Dec 2021 8 mos", "Aug 2020\u2013May 2021 10 mos"]}], "education": [{"institution": "University of Colorado Boulder", "degree_details": {"degree_name": "Computer Science - BA", "field_of_study": "Computer Science", "dates_attended_or_expected_graduation": "2017 \u2013 2021"}}], "employee_name": "vEECgNze6yq2def6*q5fYv08lru4yBnnom2yfsA==*Qw/GRE53R4h8mm9/ZGXZBw==*QSR+UDz5+vTnLSYgpSSrXg=="}, {"experience": [{"company_name": "Syllable", "dates_employed": "Jan 2022\u2013Present 5 mos", "location": "Hollywood, Florida, United States", "employment_duration": null, "title": "Senior Information Specialist"}, {"company_name": "Permeate AI Inc", "dates_employed": "Aug 2018\u2013Present 3 yrs 10 mos", "location": "Hollywood, Florida, United States", "employment_duration": null, "title": "Principal Solutions Architect"}, {"company_name": "IBM", "dates_employed": "Jan 2019\u2013Present 3 yrs 5 mos", "employment_duration": null, "title": "Business Partner - IBM Datacap, IBM Blockchain Platform, IBM Cloud specialist"}, {"company_name": "CGI", "dates_employed": "Aug 2018\u2013Present 3 yrs 10 mos", "employment_duration": null, "title": "Senior Automation Solutions Engineer"}, {"company_name": "DS Xpress, Inc", "dates_employed": "Jan 2020\u2013Jan 2022 2 yrs 1 mo", "location": "Hallandale Beach, Florida, United States", "employment_duration": null, "title": "Senior Blockchain Architect/ Smart Contract Developer"}], "education": [{"institution": "Udacity", "degree_details": {"degree_name": "Machine Learning Engineer", "field_of_study": "Artificial Intelligence", "dates_attended_or_expected_graduation": "2017 \u2013 2018"}}, {"institution": "Udacity", "degree_details": {"degree_name": "Deep Learning Foundations Nanodegree", "field_of_study": "Artificial Intelligence", "dates_attended_or_expected_graduation": "2017 \u2013 2017"}}, {"institution": "Slippery Rock University of Pennsylvania", "degree_details": {"degree_name": "Bachelor's Degree", "field_of_study": "Computer Science", "dates_attended_or_expected_graduation": "2001 \u2013 2004"}}], "employee_name": "a2pC9S+of2CkoWl1Nw==*OZmsNIKVHk2mB8MfcR6YWg==*0VuA2x188sc23ja37hYqtQ==*5tJEZrA0Z5ELrVn9zVW/+A=="}, {"experience": [{"company_name": "Syllable", "dates_employed": "Jul 2021\u2013Present 11 mos", "location": "Denver, Colorado, United States", "employment_duration": null, "title": "Implementation Specialist"}, {"company_name": "Epic", "dates_employed": "Feb 2020\u2013Jul 2021 1 yr 6 mos", "location": "Madison, Wisconsin", "employment_duration": null, "title": "Implementation Project Manager"}, {"company_name": "Florida Southern College Student Solutions", "dates_employed": "Aug 2019\u2013Dec 2019 5 mos", "employment_duration": null, "title": "Writing Tutor"}, {"company_name": "NSF REU student", "employment_duration": "Children's Hospital of Philadelphia", "titles": ["CIRP REU Alumni Stories", "2019 CIRP REU Class"], "dates_employed": [null, null]}, {"company_name": "Spunkwear", "dates_employed": "May 2015\u2013Aug 2018 3 yrs 4 mos", "location": "Baltimore, Maryland Area", "employment_duration": null, "title": "Sales Associate"}], "education": [{"institution": "Florida Southern College", "degree_details": {"degree_name": "Bachelor's degree", "field_of_study": "Psychology", "dates_attended_or_expected_graduation": "2016 \u2013 2019"}}], "employee_name": "oCNeivT2GWvHBcXZVn0FeK0=*8RuteOrPAgjhkuOJi8zUYA==*DcwvO4pjdq0+f984cSnuFQ==*qFNRVWvS73fz8WaKBp2mDw=="}, {"experience": [{"company_name": "Syllable", "dates_employed": "Jan 2022\u2013Present 5 mos", "employment_duration": null, "title": "Associate Product Manager"}, {"company_name": "Morgangleason.com", "dates_employed": "Jan 2014\u2013Present 8 yrs 5 mos", "employment_duration": null, "title": "Patient Advocate"}, {"company_name": "b.well Connected Health", "dates_employed": "Oct 2020\u2013Nov 2021 1 yr 2 mos", "employment_duration": null, "title": "Consumer Research and Experience Champion"}, {"company_name": "CareSync", "dates_employed": "Nov 2014\u2013Jul 2016 1 yr 9 mos", "employment_duration": null, "title": "Data Entry Specialist"}], "education": [{"institution": "Auburn University", "degree_details": {"degree_name": "Bachelor's degree", "field_of_study": "Psychology", "dates_attended_or_expected_graduation": "2016 \u2013 2020"}}], "employee_name": "Mmq0KRF7967Kltb8Mz4=*ExaO7fi7aUAKmtBfGo0gpw==*9yh37gspqaU/LqF7Ag1Sow==*qzOAQD9e5/6lrUJAC8+3Yg=="}, {"experience": [{"company_name": "Syllable", "dates_employed": "Sep 2021\u2013Present 9 mos", "location": "New York, New York, United States", "employment_duration": null, "title": "Full Stack Engineer"}, {"company_name": "Entrepreneurs Leadership Program", "dates_employed": "Dec 2018\u2013Present 3 yrs 6 mos", "employment_duration": null, "title": "Fellow"}, {"company_name": "Dexter", "dates_employed": "Oct 2020\u2013Mar 2021 6 mos", "location": "Remote", "employment_duration": null, "title": "Software Engineer Intern"}, {"company_name": "Pearl", "dates_employed": "Jul 2020\u2013Jan 2021 7 mos", "location": "Remote", "employment_duration": null, "title": "Full-Stack Software Engineer Intern"}, {"company_name": "University of Michigan", "dates_employed": "Oct 2018\u2013Jul 2020 1 yr 10 mos", "location": "Ann Arbor, Michigan", "employment_duration": null, "title": "Research Assistant, Wearable IoT Devices"}], "education": [{"institution": "University of Michigan", "degree_details": {"degree_name": "Bachelor of Science and Engineering - BSE", "field_of_study": "Computer Science Engineering", "dates_attended_or_expected_graduation": "2017 \u2013 2021"}}], "employee_name": "33d8BMbbVIwrp/o2H2e3Egz5RO1gpmw=*UqmD81qciMgLE61pSLKYFA==*53OztMjS/HpOAx7dj4RGjw==*Vh6mw6MKOWaWvlhwHX/tJg=="}, {"experience": [{"company_name": "Syllable", "dates_employed": "Oct 2018\u2013Present 3 yrs 8 mos", "employment_duration": null, "title": "Senior Product Designer"}, {"company_name": "Independent", "dates_employed": "Jul 2017\u2013May 2020 2 yrs 11 mos", "location": "Seattle", "employment_duration": null, "title": "Product Design Consultant & Freelancer"}, {"company_name": "Thomas Street", "dates_employed": "Aug 2014\u2013Apr 2017 2 yrs 9 mos", "employment_duration": null, "title": "Designer"}, {"company_name": "Microsoft", "dates_employed": "Sep 2008\u2013Jun 2014 5 yrs 10 mos", "employment_duration": null, "title": "User Experience Designer II"}, {"company_name": "NEST - the home lab", "dates_employed": "Mar 2007\u2013Mar 2008 1 yr 1 mo", "employment_duration": null, "title": "Designer/Researcher"}], "education": [{"institution": "Savannah College of Art and Design", "degree_details": {"degree_name": "BFA", "field_of_study": "Industrial Design, Interaction Design", "dates_attended_or_expected_graduation": "2002 \u2013 2006"}}], "employee_name": "4A0duKRVy7wC97kB01W4nw==*8lDlQf4n1ULngKDjZ8tzlA==*aJGpx5bqpJRv4ZaMGEcoTw==*RCvKLmftFp7liDcPKeCNtA=="}, {"experience": [{"company_name": "Syllable", "dates_employed": "Jan 2022\u2013Present 5 mos", "employment_duration": null, "title": "Operations Specialist"}, {"company_name": "Epic", "dates_employed": "Jan 2020\u2013Jan 2022 2 yrs 1 mo", "employment_duration": null, "title": "Project Manager"}, {"company_name": "Zeta Tau Alpha Fraternity", "dates_employed": "Dec 2018\u2013Dec 2019 1 yr 1 mo", "location": "Columbus, Ohio", "employment_duration": null, "title": "Director of Socials"}, {"company_name": "Huntington National Bank", "employment_duration": "1 yr 8 mos", "titles": ["Relationship Banker", "Bank Teller"], "dates_employed": ["Oct 2018\u2013Dec 2019 1 yr 3 mos", "May 2018\u2013Oct 2018 6 mos"]}, {"company_name": "The Ohio State University Dining Services", "dates_employed": "Sep 2016\u2013Oct 2018 2 yrs 2 mos", "location": "Columbus, Ohio Area", "employment_duration": null, "title": "Student Assistant"}], "education": [{"institution": "The Ohio State University", "degree_details": {"degree_name": "Bachelor of Science - BS", "field_of_study": "Economics", "dates_attended_or_expected_graduation": "2016 \u2013 2019"}}], "employee_name": "i8xMM2cmKdwSOMESiaQRaQ==*Hn2fL691v6PA/Yoj3Bf5hw==*p7cjH+C6wpTcblFmL3fOow==*sCutsWpaaayeCuNGfW8FyA=="}, {"experience": [{"company_name": "Syllable", "dates_employed": "Jul 2020\u2013Present 1 yr 11 mos", "location": "Sunnyvale, California, United States", "employment_duration": null, "title": "Product Designer"}, {"company_name": "GritWell", "dates_employed": "Jul 2019\u2013Dec 2019 6 mos", "location": "San Francisco Bay Area", "employment_duration": null, "title": "Product Design Intern"}, {"company_name": "University of Michigan", "employment_duration": "4 mos", "titles": ["UX Designer", "Research Consultant"], "dates_employed": ["Sep 2018\u2013Dec 2018 4 mos", "Sep 2018\u2013Dec 2018 4 mos"]}, {"company_name": "Ogilvy & Mather", "employment_duration": "3 yrs 3 mos", "titles": ["Senior Digital Consultant", "Senior Social Media Planner"], "dates_employed": ["Sep 2015\u2013May 2017 1 yr 9 mos", "Mar 2014\u2013Aug 2015 1 yr 6 mos"]}], "education": [{"institution": "University of Michigan - School of Information", "degree_details": {"degree_name": "Master's degree", "field_of_study": "Health Informatics and User Experience Design", "dates_attended_or_expected_graduation": "2018 \u2013 2020"}}, {"institution": "Frankfurt School of Finance & Management", "degree_details": {"degree_name": "Exchange Program", "field_of_study": "International Economics", "dates_attended_or_expected_graduation": "2010 \u2013 2011"}}, {"institution": "University of Cologne", "degree_details": {"degree_name": "Exchange Program", "field_of_study": "Economics", "dates_attended_or_expected_graduation": "2010 \u2013 2011"}}], "employee_name": "ki1CpgYxIL6NiJvBVgAa*upojeSA8+vsHEIxgAZ5Pgw==*3Sz76En1MmhdDgMspNigAw==*2UXzLbbyrw2zBsnCehXMog=="}, {"experience": [{"company_name": "Syllable", "dates_employed": "Dec 2018\u2013Present 3 yrs 6 mos", "location": "Sunnyvale, California", "employment_duration": null, "title": "Software Engineer"}, {"company_name": "Volta Charging", "employment_duration": "9 mos", "titles": ["Software Engineer", "Software Engineer"], "dates_employed": ["Sep 2018\u2013Nov 2018 3 mos", "Mar 2018\u2013Aug 2018 6 mos"]}, {"company_name": "Space Systems Loral", "employment_duration": "5 yrs 7 mos", "titles": ["Systems Engineer", "Flight Database Engineer"], "dates_employed": ["Jun 2012\u2013Jul 2014 2 yrs 2 mos", "Jan 2009\u2013Jun 2012 3 yrs 6 mos"]}, {"company_name": "BioMarin", "dates_employed": "Sep 2003\u2013Jun 2004 10 mos", "location": "Novato, California", "employment_duration": null, "title": "Quality Control Analyst"}], "education": [{"institution": "San Jose State University", "degree_details": {"degree_name": "BS", "field_of_study": "Electrical Engineering", "dates_attended_or_expected_graduation": null}}, {"institution": "University of California, Davis", "degree_details": {"degree_name": "BS", "field_of_study": "Genetics", "dates_attended_or_expected_graduation": null}}], "employee_name": "acIr5HSS6azTTldg*eP7O0NboON0CDR2aZLjcYA==*VePfkd/s+VaJHrTEdowiqQ==*jMzWNNGk/6Thp8sY+LisOA=="}, {"experience": [{"company_name": "Syllable", "dates_employed": "Jan 2022\u2013Present 5 mos", "location": "California, United States", "employment_duration": null, "title": "Staff Engineer"}, {"company_name": "VMware", "dates_employed": "Mar 2018\u2013Jan 2022 3 yrs 11 mos", "location": "San Francisco Bay Area", "employment_duration": null, "title": "Staff Engineer, DevOps"}, {"company_name": "E8 Security (acquired by VMware)", "dates_employed": "Nov 2015\u2013Mar 2018 2 yrs 5 mos", "location": "San Francisco Bay Area", "employment_duration": null, "title": "Sr. Release Mgmt"}, {"company_name": "Cisco Systems", "dates_employed": "2013\u2013Nov 2015 2 yrs", "location": "San Francisco Bay Area", "employment_duration": null, "title": "Technical leader"}, {"company_name": "Alcatel-Lucent", "dates_employed": "2012\u20132013 1 yr", "location": "Mountain View", "employment_duration": null, "title": "Sr SCM Engineer"}], "education": [{"institution": "Savitribai Phule Pune University", "degree_details": {"degree_name": "M.C.S", "field_of_study": "Computer Science", "dates_attended_or_expected_graduation": null}}], "employee_name": "5raqHqtVgAqyp+RF*v4SPxWBHgJwRS7iNnnz3sA==*xdmSM3CJJEedDDzPwI04Hg==*OhGi0lkwCRa59+xf+wHqrA=="}, {"experience": [{"company_name": "Syllable", "employment_duration": null, "title": "Marketing Manager"}], "education": [{"institution": "Xiangtan University", "degree_details": {"degree_name": "English Language and Literature Bachelor Degree & Accounting Bachelor Degree", "field_of_study": "Language& Accounting", "dates_attended_or_expected_graduation": "2009 \u2013 2013"}}], "employee_name": "9Vgq2GEv*/SDZ3r8wk4urSjnok+262Q==*HoBR3wXy8saH+GHjr5Ectw==*e4f+BcXjH/4WYxMgu9sYeQ=="}, {"experience": [{"company_name": "Syllable", "dates_employed": "Dec 2017\u2013Present 4 yrs 6 mos", "location": "San Francisco Bay Area", "employment_duration": null, "title": "Senior Software Engineer"}, {"company_name": "Self Employed", "dates_employed": "Oct 2012\u2013Present 9 yrs 8 mos", "employment_duration": null, "title": "Web Developer"}, {"company_name": "Ambulnz", "dates_employed": "May 2017\u2013Dec 2017 8 mos", "location": "NYC", "employment_duration": null, "title": "Senior Software Engineer"}, {"company_name": "Fundbase", "dates_employed": "Aug 2015\u2013May 2017 1 yr 10 mos", "location": "NYC / Remote", "employment_duration": null, "title": "Software Engineer"}, {"company_name": "561 Media", "dates_employed": "Nov 2014\u2013Aug 2015 10 mos", "location": "Boca Raton, FL", "employment_duration": null, "title": "Senior PHP Developer"}], "education": [{"institution": "University of Central Florida", "degree_details": {"degree_name": "Bachelor of Science (BS)", "field_of_study": "Computer Science", "dates_attended_or_expected_graduation": "2010 \u2013 2014"}}], "employee_name": "n10gKLUEo+G+EkVgwoH6fw==*mkGZWzKw760fUmBZ72do0g==*lV6ZvWb06m0U0kG5zfR1Fg==*wjtD9q++scJ4fcl++LcLzA=="}, {"experience": [{"company_name": "Syllable", "dates_employed": "Mar 2022\u2013Present 3 mos", "employment_duration": null, "title": "Software Engineer II"}, {"company_name": "BairesDev", "dates_employed": "Mar 2021\u2013Mar 2022 1 yr 1 mo", "location": "Santiago, Santiago Metropolitan, Chile", "employment_duration": null, "title": "Software Engineer"}, {"company_name": "Syllable", "dates_employed": "Mar 2021\u2013Mar 2022 1 yr 1 mo", "employment_duration": null, "title": "Software Engineer"}, {"company_name": "FabLab UTFSM", "employment_duration": "1 yr 1 mo", "titles": ["IT Manager", "Laboratory Manager"], "dates_employed": ["Aug 2019\u2013Jan 2020 6 mos", "Jan 2019\u2013Aug 2019 8 mos"]}, {"company_name": "FYX Ltda.", "dates_employed": "Dec 2016\u2013Aug 2018 1 yr 9 mos", "location": "Santiago, Chile", "employment_duration": null, "title": "Project Manager"}], "education": [{"institution": "Universidad T\u00e9cnica Federico Santa Mar\u00eda", "degree_details": {"degree_name": "Bachelor's degree", "field_of_study": "Computer Software Engineering", "dates_attended_or_expected_graduation": "2010 \u2013 2017"}}, {"institution": "Universidad de Santiago de Chile", "degree_details": {"field_of_study": "Computer Software Engineering", "dates_attended_or_expected_graduation": "2007 \u2013 2008", "degree_name": null}}], "employee_name": "7hZY+lLfWjQGi1DPKUg=*Rd5qj4elVp1a2mRLS9hH/Q==*budYKso+purhctKYHvvW6w==*P5C9MFhaaPhxvefF9Y7oeA=="}, {"experience": [{"company_name": "Stanford Health Care", "dates_employed": "May 2021\u2013Present 1 yr 1 mo", "location": "Stanford, California, United States", "employment_duration": null, "title": "Inpatient Medicine Physician Assistant"}, {"company_name": "Syllable", "dates_employed": "Jun 2018\u2013Present 4 yrs", "location": "Sunnyvale, California, United States", "employment_duration": null, "title": "Medical Research Consultant"}, {"company_name": "Vituity", "dates_employed": "Aug 2020\u2013Apr 2021 9 mos", "location": "Redding, California, United States", "employment_duration": null, "title": "Hospitalist Medicine Physician Assistant"}, {"company_name": "Stanford Health Care - ValleyCare", "dates_employed": "Mar 2013\u2013Aug 2017 4 yrs 6 mos", "location": "Pleasanton, CA", "employment_duration": null, "title": "Clinical Dietitian"}, {"company_name": "San Francisco State University", "dates_employed": "Aug 2013\u2013Dec 2013 5 mos", "employment_duration": null, "title": "Lecturer"}], "education": [{"institution": "Stanford University", "degree_details": {"degree_name": "Master of Science - MS", "field_of_study": "Physician Assistant", "dates_attended_or_expected_graduation": "2017 \u2013 2020"}}, {"institution": "San Francisco State University", "degree_details": {"degree_name": "Master of Arts (M.A.)", "field_of_study": "Family and Consumer Sciences/Human Sciences", "dates_attended_or_expected_graduation": "2011 \u2013 2013"}}, {"institution": "University of California, Davis", "degree_details": {"degree_name": "Bachelor of Science (BS)", "field_of_study": "Clinical Nutrition/Nutritionist", "dates_attended_or_expected_graduation": "2007 \u2013 2011"}}], "employee_name": "vxohptuwPNrJBQFlcFDpxrNWeidQhA==*RZxl3Z/vYckmGLCwNVSEeA==*UP2EaTgm+GwOKYLuUFO5ew==*v2jMPpjnbwBpbZjftVwMDA=="}, {"experience": [{"company_name": "Syllable", "dates_employed": "May 2021\u2013Present 1 yr 1 mo", "location": "San Francisco, California, United States", "employment_duration": null, "title": "Software Engineer"}, {"company_name": "Radical Imaging LLC", "dates_employed": "Dec 2020\u2013May 2021 6 mos", "location": "Belo Horizonte, Minas Gerais, Brazil", "employment_duration": null, "title": "Senior Software Engineer"}, {"company_name": "BairesDev", "dates_employed": "Nov 2020\u2013Dec 2020 2 mos", "location": "Belo Horizonte, Minas Gerais, Brazil", "employment_duration": null, "title": "Software Engineer"}, {"company_name": "Mundiale", "dates_employed": "Jun 2020\u2013Nov 2020 6 mos", "location": "Belo Horizonte, Minas Gerais, Brazil", "employment_duration": null, "title": "Tech Lead"}, {"company_name": "Radical Imaging LLC", "dates_employed": "Oct 2016\u2013May 2020 3 yrs 8 mos", "location": "Remote", "employment_duration": null, "title": "Senior Software Engineer"}], "education": [{"institution": "Est\u00e1cio", "degree_details": {"degree_name": "An\u00e1lise e Desenvolvimento de Sistemas (Information Systems)", "field_of_study": "Computer Science", "dates_attended_or_expected_graduation": "2012 \u2013 2015"}}, {"institution": "Instituto Federal de Educa\u00e7\u00e3o Tecnol\u00f3gica do Cear\u00e1", "degree_details": {"degree_name": "Engenharia de Computa\u00e7\u00e3o", "field_of_study": "Computer Engineering", "dates_attended_or_expected_graduation": "2009 \u2013 2012"}}], "employee_name": "RkpWfuyVfdOBMyelRg==*EzmPXG+IsJJzLN2bs2AvOw==*++pDoHz6QxS60oVeQtWd0g==*HZHKDGG2hR4eMM8VxvA4QQ=="}, {"experience": null, "education": null, "employee_name": "3AhV4yzMpUmQ11He4fm9*wHiAohQaiG7vPIlb6/JCsw==*Mtjd/gXdQg0BM8Fjhcp8FQ==*hb3MI/nUR/7+fHnbxBCtyg=="}, {"experience": [{"company_name": "Syllable", "dates_employed": "Feb 2022\u2013Present 4 mos", "location": "Remote", "employment_duration": null, "title": "Software Engineer"}, {"company_name": "CI&T", "dates_employed": "May 2021\u2013Feb 2022 10 mos", "location": "Campinas e Regi\u00e3o", "employment_duration": null, "title": "Software Development Engineer In Test"}, {"company_name": "Thomson Reuters Brasil", "employment_duration": "2 yrs 10 mos", "titles": ["Software Development Engineer", "Test Automation Intern", "Intern", "Intern"], "dates_employed": ["Nov 2019\u2013May 2021 1 yr 7 mos", "Aug 2019\u2013Oct 2019 3 mos", "Jan 2019\u2013Jul 2019 7 mos", "Aug 2018\u2013Jan 2019 6 mos"]}, {"company_name": "Robert Bosch GmbH", "employment_duration": "1 yr 11 mos", "titles": ["Intern", "Intern"], "dates_employed": ["Aug 2017\u2013Aug 2018 1 yr 1 mo", "Oct 2016\u2013Aug 2017 11 mos"]}, {"company_name": "Universidade Estadual de Campinas", "dates_employed": "Apr 2015\u2013Sep 2016 1 yr 6 mos", "location": "Campinas e Regi\u00e3o, Brasil", "employment_duration": null, "title": "Intern"}], "education": [{"institution": "Pontif\u00edcia Universidade Cat\u00f3lica de Campinas", "degree_details": {"degree_name": "Gradua\u00e7\u00e3o em An\u00e1lise de Sistemas", "field_of_study": "An\u00e1lise de Sistemas de Computa\u00e7\u00e3o", "dates_attended_or_expected_graduation": "2015 \u2013 2019"}}], "employee_name": "EVA4VmrmZqQo3WLLKz8w+UGpmvUHqcA=*gMA+TsJ4VMJS0r1dJ1GxoQ==*BXXNhu7AJsoanuUB6Wvqmg==*5Eaj2rUyU8oisDgK6OUM1g=="}, {"experience": [{"company_name": "Syllable", "dates_employed": "Sep 2021\u2013Present 9 mos", "employment_duration": null, "title": "Software Engineer"}, {"company_name": "CI&T", "dates_employed": "Apr 2021\u2013Sep 2021 6 mos", "location": "New York, United States", "employment_duration": null, "title": "Software Engineer"}, {"company_name": "Mundiale", "employment_duration": "1 yr 2 mos", "titles": ["Tech Lead", "Desenvolvedor Pleno", "Tech Lead Trainee", "Desenvolvedor Backend"], "dates_employed": ["Feb 2021\u2013Apr 2021 3 mos", "Sep 2020\u2013Apr 2021 8 mos", "Oct 2020\u2013Feb 2021 5 mos", "Mar 2020\u2013Sep 2020 7 mos"]}, {"company_name": "C\u00f3digo_Font", "dates_employed": "Feb 2019\u2013Mar 2020 1 yr 2 mos", "location": "Florestal", "employment_duration": null, "title": "Desenvolvedor de back end"}, {"company_name": "M&M Instrumenta\u00e7\u00e3o", "dates_employed": "Jun 2015\u2013Jun 2017 2 yrs 1 mo", "employment_duration": null, "title": "Estagi\u00e1rio"}], "education": [{"institution": "Universidade Federal de Vi\u00e7osa", "degree_details": {"degree_name": "Bacharelado", "field_of_study": "Ci\u00eancia da Computa\u00e7\u00e3o", "dates_attended_or_expected_graduation": "2017 \u2013 2020"}}, {"institution": "Escola Polit\u00e9cnica de Minas Gerais", "degree_details": {"degree_name": "Ensino M\u00e9dio/ T\u00e9cnico de Inform\u00e1tica", "field_of_study": "Tecnologia da Informa\u00e7\u00e3o", "dates_attended_or_expected_graduation": "2013 \u2013 2015"}}], "employee_name": "dF/YX6Y6BF2gXkwAFOkdz3IjHA==*CZc/OfWNsWjM2SX1BLQ/TQ==*hpov3b8hfMzDRZNF0vQVHg==*TFt5DWE+lyX3c63d9a2eZQ=="}, {"experience": [{"company_name": "Syllable", "dates_employed": "Jun 2019\u2013Present 3 yrs", "location": "Sunnyvale, CA", "employment_duration": null, "title": "Software Engineer"}, {"company_name": "UC Davis Undergraduate Admissions", "dates_employed": "Mar 2017\u2013Feb 2019 2 yrs", "location": "Davis, CA", "employment_duration": null, "title": "Campus Tour Guide"}, {"company_name": "PatternEx", "dates_employed": "Sep 2018\u2013Nov 2018 3 mos", "location": "San Francisco Bay Area", "employment_duration": null, "title": "Machine Learning Intern"}, {"company_name": "Syllable Corporation", "dates_employed": "Jun 2017\u2013Aug 2018 1 yr 3 mos", "location": "Sunnyvale, CA", "employment_duration": null, "title": "Software Engineering Intern"}, {"company_name": "Associated Students of the University of California Davis (ASUCD)", "dates_employed": "May 2015\u2013Dec 2017 2 yrs 8 mos", "location": "Davis, CA", "employment_duration": null, "title": "Business and Finance Commission Chairperson"}], "education": [{"institution": "University of California, Davis", "degree_details": {"degree_name": "Bachelor of Science - BS", "field_of_study": "Computer Science", "dates_attended_or_expected_graduation": "2014 \u2013 2019"}}, {"institution": "Homestead High School", "degree_details": {"degree_name": "High School", "dates_attended_or_expected_graduation": "2010 \u2013 2014", "field_of_study": null}}], "employee_name": "Xxif0iMopfcRuA==*BxgNLwcG+o7nIbOlWJ0zdQ==*CwRQG1M7SeLdgFo5u0hbIQ==*19jzS1Jhj9Rg6UjyTWVErQ=="}, {"experience": [{"company_name": "Syllable", "dates_employed": "Aug 2021\u2013Present 10 mos", "employment_duration": null, "title": "Software Engineer"}, {"company_name": "Intentional Software Corporation", "employment_duration": "3 yrs 11 mos", "titles": ["Software Analyst and Developer", "Software Engineer Intern"], "dates_employed": ["Aug 2014\u2013Apr 2017 2 yrs 9 mos", "Jun 2013\u2013Sep 2013 4 mos"]}, {"company_name": "Google", "dates_employed": "Jun 2012\u2013Sep 2012 4 mos", "employment_duration": null, "title": "Software Engineer Intern"}, {"company_name": "StudyBlue", "dates_employed": "Jun 2009\u2013Sep 2011 2 yrs 4 mos", "employment_duration": null, "title": "Software Engineer Intern"}], "education": [{"institution": "University of Washington", "degree_details": {"degree_name": "Bachelor of Science (B.S.)", "field_of_study": "Computer Engineering", "dates_attended_or_expected_graduation": "2010 \u2013 2014"}}], "employee_name": "UpnoEIQYKH14WZVsK9c=*6lyNtTB/zvvPrH4ttxbFxA==*5S4EJxHbKQdQRuN44Kw9dA==*525a5lYGrhcX9quf+pNNrw=="}, {"experience": [{"company_name": "Syllable", "employment_duration": "2 yrs 6 mos", "titles": ["Software Engineer II", "Software Engineer"], "dates_employed": ["Jan 2021\u2013Present 1 yr 5 mos", "Dec 2019\u2013Jan 2021 1 yr 2 mos"]}, {"company_name": "Rakuten Marketing", "dates_employed": "Jun 2018\u2013Sep 2018 4 mos", "location": "Seattle, WA", "employment_duration": null, "title": "Software Engineer Intern"}], "education": [{"institution": "University of Washington", "degree_details": {"degree_name": "Bachelor of Science - BS", "field_of_study": "Computer Science", "dates_attended_or_expected_graduation": "2016 \u2013 2019"}}], "employee_name": "MeSUfeZEt0Ph*aNPiVz7ttslNX9NwmnIR/A==*cCG6uOuvoccS+qX/jcXjRw==*yIITViy4eogeh5zqwnW4uA=="}, {"experience": [{"company_name": "Syllable", "dates_employed": "Oct 2018\u2013Present 3 yrs 8 mos", "employment_duration": null, "title": "Medical Researcher"}, {"company_name": "Fitgenes Australia Ltd", "dates_employed": "Jul 2017\u2013Oct 2018 1 yr 4 mos", "location": "Brisbane, Australia", "employment_duration": null, "title": "Marketing And Business Development Coordinator"}, {"company_name": "Princess Alexandra Hospital NHS Trust", "dates_employed": "Feb 2017\u2013Jul 2017 6 mos", "location": "Brisbane, Australia", "employment_duration": null, "title": "Research Student"}, {"company_name": "UniQuest", "dates_employed": "Feb 2017\u2013May 2017 4 mos", "location": "Brisbane, Australia", "employment_duration": null, "title": "Research Student"}, {"company_name": "Institute of Public Health, Bengaluru", "dates_employed": "Oct 2015\u2013Dec 2015 3 mos", "location": "Bangalore, India", "employment_duration": null, "title": "Intern Research Assistant"}], "education": [{"institution": "The University of Queensland", "degree_details": {"degree_name": "Master of Science (MS)", "field_of_study": "Biotechnology", "dates_attended_or_expected_graduation": "2016 \u2013 2017"}}, {"institution": "PES University", "degree_details": {"degree_name": "Bachelor of Engineering (BE)", "field_of_study": "Biotechnology", "dates_attended_or_expected_graduation": "2013"}}, {"institution": "IGNOU", "degree_details": {"degree_name": "GRADUATE DIPLOMA", "field_of_study": "Nutrition Sciences", "dates_attended_or_expected_graduation": null}}], "employee_name": "gMcHpKhy6II63a+/Cg==*LO/Sypot6XBA0pmdF5jX7g==*5C5ZM51fCFNYuc1cVKa5GQ==*FQODkNsTe2zSqyZrspzJNg=="}, {"experience": [{"company_name": "Syllable", "dates_employed": "2018\u2013Present 4 yrs", "location": "Bangalore", "employment_duration": null, "title": "Medical Researcher"}, {"company_name": "Your Practice Online", "dates_employed": "Feb 2014\u2013Oct 2018 4 yrs 9 mos", "location": "Bangalore", "employment_duration": null, "title": "Senior Medical Content Writer"}, {"company_name": "MMS", "dates_employed": "May 2010\u2013Dec 2013 3 yrs 8 mos", "employment_duration": null, "title": "Medical Writer"}, {"company_name": "Molecular Connections", "dates_employed": "Jan 2007\u2013Apr 2010 3 yrs 4 mos", "location": "Bangalore", "employment_duration": null, "title": "Scientific Analyst"}], "education": [{"institution": "Bangalore University, Bangalore", "degree_details": {"degree_name": "Master's degree", "field_of_study": "Biotechnology", "dates_attended_or_expected_graduation": "2004 \u2013 2006"}}], "employee_name": "07e2OFHuqpqsPflwQbaetrXVWQ==*DhYzRbY06VGqkYnfLfvetQ==*nd7WmoOuTGIdyPpg0q/Ing==*jx8uLA6z5vxR3fF3jKnURw=="}, {"experience": [{"company_name": "Syllable", "dates_employed": "Dec 2021\u2013Present 6 mos", "location": "Sunnyvale, California, United States", "employment_duration": null, "title": "Videographer"}], "education": [{"institution": "San Francisco State University", "degree_details": {"degree_name": "Bachelor of Arts - BA", "field_of_study": "Cinematography and Film/Video Production", "dates_attended_or_expected_graduation": "2019 \u2013 2021"}}, {"institution": "Skyline College", "degree_details": {"field_of_study": "Cinematography and Film/Video Production", "dates_attended_or_expected_graduation": "2017 \u2013 2019", "degree_name": null}}, {"institution": "South San Francisco High School", "degree_details": {"degree_name": "High School Diploma", "dates_attended_or_expected_graduation": "2013 \u2013 2015", "field_of_study": null}}], "employee_name": "DYwtV9jaSYpZcPpwS2KxRb4=*BU55+4wgv0Giz4oI25giSA==*y/j5kQQlDIV1M9rB7nWLkQ==*bR4bn3hRtb4Xd2Rmdmaydw=="}]