[{"experience": [{"company_name": "Kira Systems", "dates_employed": "Sep 2017\u2013Present", "employment_duration": "4 yrs 9 mos", "location": null, "title": "CFO / COO"}, {"company_name": "Independent Consultant", "dates_employed": "2015\u2013Present", "employment_duration": "7 yrs", "location": null, "title": "CFO"}, {"company_name": "Pinetree Capital Ltd", "dates_employed": "May 2016\u2013Mar 2019", "employment_duration": "2 yrs 11 mos", "location": null, "title": "CFO"}, {"company_name": "IntelliResponse Systems Inc", "dates_employed": "2008\u20132015", "employment_duration": "7 yrs", "location": null, "title": "CFO"}], "education": [{"institution": "Queen's University", "degree_details": {"dates_attended_or_expected_graduation": null, "degree_name": null, "field_of_study": null}}], "employee_name": "umllLt9FmAYF*54bTv/Jfj7kU5KmBXR5VFA==*xkvE1t3rsif6mnZDjN0RUA==*samYOZ1t984VMIy3VBMwug=="}, {"experience": [{"company_name": "Kira Systems", "dates_employed": "Jul 2020\u2013Present", "employment_duration": "1 yr 11 mos", "location": null, "title": "Senior Vice President, Product"}, {"company_name": "BlackBerry", "dates_employed": "Apr 2019\u2013Jul 2020", "employment_duration": "1 yr 4 mos", "location": "Toronto, Canada Area", "title": "Vice President Of Product Management"}, {"company_name": "BlackBerry", "dates_employed": "Jun 2015\u2013Apr 2019", "employment_duration": "3 yrs 11 mos", "location": "Toronto, Canada Area", "title": "Senior Director - Product Management & UX"}, {"company_name": "Blackberry", "dates_employed": "May 2013\u2013Jun 2015", "employment_duration": "2 yrs 2 mos", "location": "Toronto, Canada", "title": "Director - Software Product Management"}, {"company_name": "Research In Motion", "dates_employed": "Jul 2009\u2013May 2013", "employment_duration": "3 yrs 11 mos", "location": "Toronto, Canada Area", "title": "Director - UX Program Management"}], "education": [{"institution": "Carleton University", "degree_details": {"degree_name": "Masters", "field_of_study": "Human Computer Interaction", "dates_attended_or_expected_graduation": "1998 \u2013 2000"}}, {"institution": "SRB", "degree_details": {"dates_attended_or_expected_graduation": "1989 \u2013 1993", "degree_name": null, "field_of_study": null}}], "employee_name": "P8kOI6eNWFaWcO72*aelyvAZkQJJMpG3dylSDEg==*xGz0/kj17SUinRuNCmAzvw==*GwDS2vQKSsnoQ2lw04UJmg=="}, {"experience": [{"company_name": "Kira Systems", "dates_employed": "Feb 2020\u2013Present", "employment_duration": "2 yrs 4 mos", "location": "Toronto, Ontario, Canada", "title": "Customer Value Planning Manager"}, {"company_name": "Intelex Technologies ULC", "dates_employed": "Sep 2019\u2013Feb 2020", "employment_duration": "6 mos", "location": null, "title": "Customer Success Manager"}, {"company_name": "Intelex Technologies Inc.", "dates_employed": "Oct 2018\u2013Feb 2020", "employment_duration": "1 yr 5 mos", "location": "Toronto, Canada Area", "title": "Customer Success Advocate"}, {"company_name": "Intelex Technologies Inc.", "dates_employed": "Aug 2017\u2013Feb 2020", "employment_duration": "2 yrs 7 mos", "location": "Toronto, Canada Area", "title": "Business Planning Manager"}, {"company_name": "Intelex Technologies Inc.", "dates_employed": "Jun 2016\u2013Aug 2017", "employment_duration": "1 yr 3 mos", "location": "Toronto, Canada Area", "title": "Corporate Marketing Specialist"}], "education": [{"institution": "University of Toronto", "degree_details": {"degree_name": "Foundations of Project Management", "field_of_study": "Project Management", "dates_attended_or_expected_graduation": "2016 \u2013 2017"}}, {"institution": "University of Ottawa", "degree_details": {"degree_name": "Bachelor of Arts (B.A.)", "field_of_study": "Sociology", "dates_attended_or_expected_graduation": "2007 \u2013 2011"}}], "employee_name": "lmxqZMuDu+NC80UpiyzM*msOyKc6mOGb4WbDCmwgkuA==*/xTAI3YYmQSJPPAcFRdeJg==*xu0kVAwmK1OhRIT7Q+OIfQ=="}, {"experience": [{"company_name": "Kira Systems", "dates_employed": "May 2018\u2013Present", "employment_duration": "4 yrs 1 mo", "location": "Toronto, Canada Area", "title": "Director, Partnerships and Alliances"}, {"company_name": "Sandvine", "dates_employed": "Nov 2008\u2013Jan 2018", "employment_duration": "9 yrs 3 mos", "location": "Waterloo, Canada", "title": "Director, APAC Partner Management"}, {"company_name": "Sandvine", "dates_employed": "Jan 2006\u2013Oct 2008", "employment_duration": "2 yrs 10 mos", "location": null, "title": "Director, Product and Solutions Marketing"}, {"company_name": "Sandvine", "dates_employed": "Jun 2003\u2013Oct 2006", "employment_duration": "3 yrs 5 mos", "location": null, "title": "Alliance Manager"}, {"company_name": "Mareva Consulting", "dates_employed": "Jan 2002\u2013May 2003", "employment_duration": "1 yr 5 mos", "location": null, "title": "Principal"}], "education": [{"institution": "Northwestern University - Kellogg School of Management", "degree_details": {"dates_attended_or_expected_graduation": "2012 \u2013 2013", "degree_name": null, "field_of_study": null}}, {"institution": "Keio University", "degree_details": {"degree_name": "Monbusho Scholarship", "dates_attended_or_expected_graduation": "1994 \u2013 1995", "field_of_study": null}}, {"institution": "Queen's University", "degree_details": {"degree_name": "MBA", "field_of_study": "International Business", "dates_attended_or_expected_graduation": "1987 \u2013 1989"}}], "employee_name": "eGpitxTu5Yfadxkq*0sA8RtdOnUwCXxTG3uIEnA==*bGP5XRUC2u6zMwUKlSC5QA==*zZ/vrh0rX7cPsZ0OagIdWg=="}, {"experience": [{"company_name": "Kira Systems", "dates_employed": "Apr 2021\u2013Present", "employment_duration": "1 yr 2 mos", "location": "Toronto, Ontario, Canada", "title": "Manager - Core Operations"}, {"company_name": "Kira Systems", "dates_employed": "Oct 2018\u2013Mar 2021", "employment_duration": "2 yrs 6 mos", "location": "Toronto, Canada Area", "title": "Team Lead - System Administration"}, {"company_name": "eGov Jamaica Limited (formerly Fiscal Services Ltd.)", "dates_employed": "Oct 2011\u2013May 2018", "employment_duration": "6 yrs 8 mos", "location": "eGov Jamaica Limited (formerly Fiscal Services Ltd.)", "title": "Department Head, Technical Services"}, {"company_name": "Fiscal Services Limited", "dates_employed": "Jul 2009\u2013Sep 2011", "employment_duration": "2 yrs 3 mos", "location": null, "title": "Manager, E-Services"}, {"company_name": "Fiscal Services Limited", "dates_employed": "Dec 2003\u2013Jun 2009", "employment_duration": "5 yrs 7 mos", "location": null, "title": "Manager, Systems Management"}], "education": [{"institution": "University of Technology", "degree_details": {"degree_name": "BSc.", "field_of_study": "Computing with Management Studies", "dates_attended_or_expected_graduation": "2006 \u2013 2008"}}, {"institution": "College of Arts Science & Technology", "degree_details": {"degree_name": "Diploma", "field_of_study": "Computer & Management Studies", "dates_attended_or_expected_graduation": "1991 \u2013 1993"}}], "employee_name": "G89qlrzTYHP73ieZ*H8743KpZjIaLgoHCp1lMiQ==*VLihWKQQonJZx1RbTmRJRg==*J2IMW8T5QOoAG52Wxyju1A=="}, {"experience": [{"company_name": "Kira Systems", "dates_employed": "Apr 2017\u2013Present", "employment_duration": "5 yrs 2 mos", "location": "London, United Kingdom", "title": "Account Director, EMEA"}, {"company_name": "Intapp", "dates_employed": "Aug 2013\u2013Apr 2017", "employment_duration": "3 yrs 9 mos", "location": "United Kingdom", "title": "Regional Sales & Account Director"}, {"company_name": "BA Insight", "dates_employed": "Oct 2012\u2013Aug 2013", "employment_duration": "11 mos", "location": null, "title": "Account Manager"}], "education": [{"institution": "The University of Edinburgh", "degree_details": {"degree_name": "MA (Hons) Chinese", "dates_attended_or_expected_graduation": null, "field_of_study": null}}, {"institution": "Dalian University of Technology", "degree_details": {"degree_name": "\u5927\u8fde\u7406\u5de5\u5927\u5b66", "field_of_study": "Chinese", "dates_attended_or_expected_graduation": null}}], "employee_name": "PqROoZwohORsznc=*/MCc2MeFSAqMl0+MdEj2hg==*B/yo3Hv+eijkwOeJAqHqIA==*71oIqUX2SlFFpvQBaJVQNQ=="}, {"experience": [{"company_name": "Kira Systems", "dates_employed": "Nov 2020\u2013Present", "employment_duration": "1 yr 7 mos", "location": "Toronto, Ontario, Canada", "title": "Advisor"}, {"company_name": "Lycoming Partners", "dates_employed": "Jun 2014\u2013Present", "employment_duration": "8 yrs", "location": "Pittsburgh Pennsylvania", "title": "Partner"}, {"company_name": "New Sun Rising", "dates_employed": "Jan 2016\u2013Present", "employment_duration": "6 yrs 5 mos", "location": "Greater Pittsburgh Area", "title": "Advisor & Startup Mentor"}, {"company_name": "Hootsuite", "dates_employed": "2009\u2013Present", "employment_duration": "13 yrs", "location": "Vancouver, Canada Area", "title": "Advisor"}, {"company_name": "Avenu", "dates_employed": "Nov 2016\u2013Sep 2018", "employment_duration": "1 yr 11 mos", "location": "Greater Pittsburgh Area", "title": "Interim Executive Director"}], "education": [{"institution": "Ohio Wesleyan University", "degree_details": {"degree_name": "BA", "dates_attended_or_expected_graduation": "1979 \u2013 1981", "field_of_study": null}}], "employee_name": "5sFFnLXb2iU=*VE60oICpy4+jtObACTrNDw==*m3AdsJIx1sdBwg/iqJPGQg==*Go1rEFKq359zHr71S7+lMw=="}, {"experience": [{"company_name": "Kira Systems", "dates_employed": "Dec 2021\u2013Present", "employment_duration": "6 mos", "location": null, "title": "Product Manager"}, {"company_name": "Kira Systems", "dates_employed": "Jul 2019\u2013Nov 2021", "employment_duration": "2 yrs 5 mos", "location": null, "title": "Manager, Legal Knowledge Engineering"}, {"company_name": "Fragomen", "dates_employed": "Nov 2016\u2013Jun 2019", "employment_duration": "2 yrs 8 mos", "location": null, "title": "Manager/Lawyer"}, {"company_name": "Fragomen", "dates_employed": "Apr 2014\u2013Nov 2016", "employment_duration": "2 yrs 8 mos", "location": null, "title": "Associate"}, {"company_name": "Brown & Partners LLP", "dates_employed": "Oct 2012\u2013Apr 2014", "employment_duration": "1 yr 7 mos", "location": null, "title": "Associate"}], "education": [{"institution": "York University - Osgoode Hall Law School", "degree_details": {"degree_name": "Doctor of Law (J.D.)", "dates_attended_or_expected_graduation": "2008 \u2013 2011", "field_of_study": null}}, {"institution": "University of Toronto - Rotman School of Management", "degree_details": {"degree_name": "Bachelor of Commerce (B.Com.)", "dates_attended_or_expected_graduation": "2003 \u2013 2007", "field_of_study": null}}], "employee_name": "C+rMJTniNW/OvrdkqWz6*TevuKzQs/lRG0YCdVQI7Kw==*cNJMkjk6pjzASiOKE1Ylnw==*ba1ajv76zmPcLvwIlzV7mg=="}, {"experience": [{"company_name": "Kira Systems", "dates_employed": "Oct 2019\u2013Present", "employment_duration": "2 yrs 8 mos", "location": null, "title": "Director - Legal Knowledge Engineering"}, {"company_name": "Kira Systems", "dates_employed": "Nov 2017\u2013Oct 2019", "employment_duration": "2 yrs", "location": null, "title": "Legal Knowledge Engineering Manager"}, {"company_name": "Stikeman Elliott LLP", "dates_employed": "Aug 2012\u2013Nov 2017", "employment_duration": "5 yrs 4 mos", "location": null, "title": "Associate"}, {"company_name": "Stikeman Elliott LLP", "dates_employed": "Jul 2011\u2013Aug 2012", "employment_duration": "1 yr 2 mos", "location": null, "title": "Student at law"}, {"company_name": "Stikeman Elliott LLP", "dates_employed": "May 2010\u2013Sep 2010", "employment_duration": "5 mos", "location": null, "title": "Summer Student"}], "education": [{"institution": "York University - Osgoode Hall Law School", "degree_details": {"degree_name": "JD", "field_of_study": "Law", "dates_attended_or_expected_graduation": "2008 \u2013 2011"}}, {"institution": "Ryerson University", "degree_details": {"degree_name": "MBA", "field_of_study": "Real Estate and International Business", "dates_attended_or_expected_graduation": "2007 \u2013 2008"}}, {"institution": "McGill University", "degree_details": {"degree_name": "BComm (Great Distinction)", "field_of_study": "Marketing and Finance", "dates_attended_or_expected_graduation": "2003 \u2013 2007"}}], "employee_name": "m31kd3mS9v+R+fzeZH8=*wlgzvJK/gMFzrnOHZn19jw==*uV2LiBXzVqn420sthn7dUA==*7gGWtcZHd3TQj1zuJTTIUQ=="}, {"experience": [{"company_name": "Kira Systems", "dates_employed": "Jan 2018\u2013Present", "employment_duration": "4 yrs 5 mos", "location": "Toronto, Canada", "title": "Software Release Manager"}, {"company_name": "Kira Systems", "dates_employed": "Oct 2016\u2013Jan 2018", "employment_duration": "1 yr 4 mos", "location": "Toronto, Canada", "title": "Client Service Manager"}, {"company_name": "Kira Systems", "dates_employed": "Oct 2016\u2013Jan 2018", "employment_duration": "1 yr 4 mos", "location": "Toronto, Canada", "title": "QA Team Lead"}, {"company_name": "Kira Systems", "dates_employed": "Feb 2016\u2013Oct 2016", "employment_duration": "9 mos", "location": "Toronto, Canada", "title": "Client Service Associate"}, {"company_name": "Kira Systems", "dates_employed": "Feb 2016\u2013Mar 2016", "employment_duration": "2 mos", "location": "Toronto, Canada", "title": "System Annotator"}], "education": [{"institution": "University of Toronto", "degree_details": {"degree_name": "Bachelor\u2019s Degree, Honours", "field_of_study": "Biological Anthropology", "dates_attended_or_expected_graduation": "2011 \u2013 2015"}}, {"institution": "Cardinal Carter Catholic High School", "degree_details": {"degree_name": "High School", "dates_attended_or_expected_graduation": "2007 \u2013 2011", "field_of_study": null}}], "employee_name": "XMbagAA9qCYV+d/LhOg=*zkOryigyG2idEvWDZhqqgw==*zhxr4EoW+OWPmnESE30uEA==*01Ub18hkyNJMsm2YWvb7/Q=="}, {"experience": [{"company_name": "Kira Systems", "dates_employed": "Sep 2021\u2013Present", "employment_duration": "9 mos", "location": "Remote", "title": "Site Reliability Specialist"}, {"company_name": "Capgemini", "dates_employed": "Nov 2015\u2013Present", "employment_duration": "6 yrs 7 mos", "location": "Birmingham, United Kingdom", "title": "Platform Engineer"}, {"company_name": "HM Forces", "dates_employed": "Jul 2011\u2013Oct 2015", "employment_duration": "4 yrs 4 mos", "location": "14th Signal Regiment (EW), Haverfordwest", "title": "Electronic Warfare Systems Operator"}, {"company_name": "McDonald's", "dates_employed": "Apr 2007\u2013Jun 2011", "employment_duration": "4 yrs 3 mos", "location": "Wrekin Retail Park, Telford", "title": "Shift Running Floor Manager"}], "education": [{"institution": "Aston University", "degree_details": {"degree_name": "Bachelor of Science (BSc)", "field_of_study": "digital and technology solutions", "dates_attended_or_expected_graduation": "2016 \u2013 2021"}}, {"institution": "Wiltshire and Somerset Colleges Partnership Limited", "degree_details": {"degree_name": "BTEC Level 3 Diploma", "field_of_study": "Professional Competence for IT and Telecoms Professionals (QCF)", "dates_attended_or_expected_graduation": "2012 \u2013 2014"}}, {"institution": "Wiltshire and Somerset Colleges Partnership", "degree_details": {"degree_name": "Edexcel BTEC Level 3 Certificate", "field_of_study": "ICT Systems and Principles (QCF)", "dates_attended_or_expected_graduation": "2012 \u2013 2013"}}], "employee_name": "iDH5xCdJogwGK7E=*g2pRzJmZErLwijzNvub/UQ==*x/Ii4sGezkMcCKuyt/XwAw==*xT0yyeKOtefeBiP+0VdMaA=="}, {"experience": [{"company_name": "Kira Systems", "dates_employed": "Aug 2021\u2013Present", "employment_duration": "10 mos", "location": "Toronto, Ontario, Canada", "title": "Customer Success Manager"}, {"company_name": "Softchoice", "dates_employed": "Aug 2019\u2013Aug 2021", "employment_duration": "2 yrs 1 mo", "location": "Toronto, Canada Area", "title": "Sales Academy, Onboarding Team Lead"}, {"company_name": "Softchoice", "dates_employed": "Mar 2019\u2013Aug 2021", "employment_duration": "2 yrs 6 mos", "location": "Toronto, Canada Area", "title": "Corporate Account Manager - Toronto Midmarket"}, {"company_name": "FCA Fiat Chrysler Automobiles", "dates_employed": "Jun 2017\u2013Mar 2019", "employment_duration": "1 yr 10 mos", "location": "Toronto, ON", "title": "Digital Marketing Manager"}, {"company_name": "Car Nation Canada - Unique Chrysler", "dates_employed": "Jun 2016\u2013Jun 2017", "employment_duration": "1 yr 1 mo", "location": "Burlington, ON", "title": "Marketing Manager"}], "education": [{"institution": "Western University", "degree_details": {"degree_name": "Bachelor", "field_of_study": "Health Sciences", "dates_attended_or_expected_graduation": "2010 \u2013 2014"}}, {"institution": "Humber College", "degree_details": {"degree_name": "Postgrad Cert", "field_of_study": "Public Relations", "dates_attended_or_expected_graduation": "2015 \u2013 2016"}}], "employee_name": "9J9D5s70e8bI0Q==*vXcMh5Zh2HW60pFMuof62Q==*HVTgB2Dr0xH3wt5QtElNEg==*axfXic+KkVhg7ahtdJHxWw=="}, {"experience": [{"company_name": "Kira Systems", "dates_employed": "Dec 2021\u2013Present", "employment_duration": "6 mos", "location": "Toronto, Ontario, Canada", "title": "Software Development Manager"}, {"company_name": "Workday", "dates_employed": "Oct 2020\u2013Jul 2021", "employment_duration": "10 mos", "location": "Dublin City, County Dublin, Ireland", "title": "Manager Software Development Application - Expenses"}, {"company_name": "Workday", "dates_employed": "May 2018\u2013Oct 2020", "employment_duration": "2 yrs 6 mos", "location": "Dublin, Leinster, Ireland", "title": "Manager Software Development Application - Settlements"}, {"company_name": "Workday", "dates_employed": "Jun 2016\u2013May 2018", "employment_duration": "2 yrs", "location": "Ireland", "title": "Application Engineer - Settlements"}, {"company_name": "Firecrest Clinical", "dates_employed": "Jun 2013\u2013Jun 2016", "employment_duration": "3 yrs 1 mo", "location": "Limerick, Ireland", "title": "Software Engineer"}], "education": [{"institution": "TIPPERARY INSTITUTE, Thurles", "degree_details": {"degree_name": "Honours Bachelor of Science", "field_of_study": "Computing", "dates_attended_or_expected_graduation": "2004 \u2013 2008"}}, {"institution": "Heywood CS", "degree_details": {"degree_name": "Leaving Certificate", "dates_attended_or_expected_graduation": "1997 \u2013 2004", "field_of_study": null}}], "employee_name": "e5NQOh/yj2Vxxlc=*V0XJDzBEOpU96ZY0TnHaaQ==*sOiwxEvP/Cu/NNWvvtj0vA==*MRy5P7OhTPJcFWiN7IrpFw=="}, {"experience": [{"company_name": "Kira Systems", "dates_employed": "Jun 2018\u2013Present", "employment_duration": "4 yrs", "location": "Toronto, Canada Area", "title": "Senior Director, Design (acquired by Litera)"}, {"company_name": "Conferences around the world", "dates_employed": "2007\u2013Present", "employment_duration": "15 yrs", "location": "Global", "title": "Keynote Speaker, Panelist & Moderator"}, {"company_name": "Indigo", "dates_employed": "Aug 2016\u2013Jun 2018", "employment_duration": "1 yr 11 mos", "location": "Toronto, Canada Area", "title": "Director, Experience Design"}, {"company_name": "Flowzo, Inc.", "dates_employed": "2016\u20132018", "employment_duration": "2 yrs", "location": "San Francisco Bay Area", "title": "Advisor"}, {"company_name": "Apps World", "dates_employed": "2012\u20132017", "employment_duration": "5 yrs", "location": "London, United Kingdom", "title": "Advisor"}], "education": [{"institution": "University of Waterloo", "degree_details": {"degree_name": "Bachelor of Arts & Business (Hons.) Co-op", "dates_attended_or_expected_graduation": null, "field_of_study": null}}, {"institution": "University of Westminster", "degree_details": {"degree_name": "Master of Arts", "field_of_study": "Interaction Design", "dates_attended_or_expected_graduation": "Media (1)"}}, {"institution": "Cornell University", "degree_details": {"degree_name": "Certificate in Customer-Focused Product & Service Design", "dates_attended_or_expected_graduation": "2013 \u2013 2014", "field_of_study": null}}], "employee_name": "BRmiz3IdAOkHGRvL*5OoTOVi4SDjuRdHbAMhI8g==*uzycTMPKL7RpOqgu0RtAjQ==*Y+NrVorHsKwLYKOvIbkIPQ=="}, {"experience": [{"company_name": "Kira Systems", "dates_employed": "Jan 2022\u2013Present", "employment_duration": "5 mos", "location": "Toronto, Ontario, Canada", "title": "Principal Product Manager"}, {"company_name": "Miovision", "dates_employed": "Sep 2019\u2013Dec 2021", "employment_duration": "2 yrs 4 mos", "location": "Kitchener, Ontario, Canada", "title": "Manager, Product Compliance"}, {"company_name": "Miovision", "dates_employed": "Mar 2018\u2013Sep 2019", "employment_duration": "1 yr 7 mos", "location": "Kitchener, Ontario, Canada", "title": "Product Manager, Market Access and Regulatory Affairs"}, {"company_name": "Miovision", "dates_employed": "Sep 2017\u2013Mar 2018", "employment_duration": "7 mos", "location": "Kitchener, Ontario, Canada", "title": "Product Manager, Travel Time and Scout Connect"}, {"company_name": "Miovision Technologies", "dates_employed": "Jul 2016\u2013Sep 2017", "employment_duration": "1 yr 3 mos", "location": "Kitchener, Ontario, Canada", "title": "Technical Product Manager, DataLink"}], "education": [{"institution": "University of Waterloo", "degree_details": {"degree_name": "B.A.Sc", "field_of_study": "Systems Design Engineering with Option in Management Science", "dates_attended_or_expected_graduation": "1998 \u2013 2003"}}], "employee_name": "7vX2q4Jz+aWb*dgI8Ai0BjeQZ8xTcgsCZUA==*HMyEpkf3g/WPSPcIdZNXXg==*lEDli3CieSofYDSGgK7x8A=="}, {"experience": [{"company_name": "Kira Systems", "dates_employed": null, "employment_duration": null, "location": null, "title": "Sales Operations Manager"}], "education": null, "employee_name": "+I8VpgMphm2EQP8=*vEpmUUf8DxiAf6dos4bnug==*5gzgIza/sCJHht1mODng/A==*e5Ys9fqZ50Age9jrTh86Zw=="}, {"experience": [{"company_name": "Kira Systems", "dates_employed": "Jul 2021\u2013Present", "employment_duration": "11 mos", "location": "Toronto, Ontario, Canada", "title": "Senior Site Reliability Engineer"}, {"company_name": "Kira Systems", "dates_employed": "Apr 2019\u2013Jul 2021", "employment_duration": "2 yrs 4 mos", "location": "Toronto, Canada Area", "title": "Site Reliability Engineer"}, {"company_name": "Kira Systems", "dates_employed": "Jul 2018\u2013Apr 2019", "employment_duration": "10 mos", "location": "Toronto, Canada Area", "title": "Technical Support Associate"}, {"company_name": "Cota", "dates_employed": "Dec 2017\u2013Jul 2018", "employment_duration": "8 mos", "location": "Toronto, Canada Area", "title": "Systems and Network Administrator"}, {"company_name": "Ricoh Canada Inc.", "dates_employed": "Nov 2017\u2013Dec 2017", "employment_duration": "2 mos", "location": "Mississauga, ON", "title": "Technical Support Analyst (Co-op)"}], "education": [{"institution": "University of Jyv\u00e4skyl\u00e4", "degree_details": {"degree_name": "Web Intelligence and Service Engineering", "field_of_study": "Cloud Computing, Big Data", "dates_attended_or_expected_graduation": "2016 \u2013 2018"}}, {"institution": "National University of Computer and Emerging Sciences", "degree_details": {"degree_name": "Bachelor's degree", "field_of_study": "Computer Science", "dates_attended_or_expected_graduation": "2010 \u2013 2016"}}], "employee_name": "eTtL/IZb+0ZIPrMzCw+a*NnCxMFF2tUsaTCB3PLDp8Q==*Z0VdsYHnTLrbS3CeAFeYRQ==*qdOWnjZdj2fWrAZY7F1bEQ=="}, {"experience": [{"company_name": "Kira Systems", "dates_employed": "May 2020\u2013Present", "employment_duration": "2 yrs 1 mo", "location": "London, England, United Kingdom", "title": "Senior Customer Success Manager"}, {"company_name": "American Theme Events", "dates_employed": "Feb 2013\u2013Present", "employment_duration": "9 yrs 4 mos", "location": "London, UK", "title": "Non-Executive Director"}, {"company_name": "iManage", "dates_employed": "Nov 2018\u2013May 2020", "employment_duration": "1 yr 7 mos", "location": "London", "title": "Delivery Owner"}, {"company_name": "Squiz", "dates_employed": "Oct 2013\u2013Nov 2018", "employment_duration": "5 yrs 2 mos", "location": "London, United Kingdom", "title": "Senior Technical Consultant/Product Owner(PM) - Search Technology"}, {"company_name": "Recommind", "dates_employed": "May 2011\u2013Oct 2013", "employment_duration": "2 yrs 6 mos", "location": "City of London", "title": "Senior Technical Consultant"}], "education": null, "employee_name": "DSOgnMzs3fWy+e0H*lZdduXTxL6VyiuN50nx2zA==*t0nONxjXVbLJt0Y+6aFSag==*mzNraNMOgw0PNtybyjk3Ng=="}, {"experience": [{"company_name": "Kira Systems", "dates_employed": "Jul 2021\u2013Present", "employment_duration": "11 mos", "location": "Toronto, Ontario, Canada", "title": "Corporate Markets Lead & Practice Consultant (Americas)"}, {"company_name": "MusiCounts", "dates_employed": "Sep 2018\u2013Present", "employment_duration": "3 yrs 9 mos", "location": "Toronto, Canada Area", "title": "Advisory Committee Member"}, {"company_name": "Kira Systems", "dates_employed": "Nov 2020\u2013Jul 2021", "employment_duration": "9 mos", "location": "Toronto, Ontario, Canada", "title": "Practice Consultant (Americas)"}, {"company_name": "Aird & Berlis LLP", "dates_employed": "Dec 2018\u2013Nov 2020", "employment_duration": "2 yrs", "location": "Toronto, Canada Area", "title": "Lawyer (Commercial Real Estate & Development)"}, {"company_name": "Robins Appleby LLP", "dates_employed": "Sep 2015\u2013Nov 2018", "employment_duration": "3 yrs 3 mos", "location": "Toronto, Ontario", "title": "Lawyer (Commercial Real Estate & Development)"}], "education": [{"institution": "Queen's University", "degree_details": {"degree_name": "Doctor of Law (JD)", "dates_attended_or_expected_graduation": "2011 \u2013 2014", "field_of_study": null}}, {"institution": "The University of Hong Kong", "degree_details": {"degree_name": "Semester Abroad", "dates_attended_or_expected_graduation": "2013", "field_of_study": null}}, {"institution": "Western University", "degree_details": {"degree_name": "Bachelor of Arts Honors (BA (Hons))", "field_of_study": "English Language and Literature & American Studies", "dates_attended_or_expected_graduation": "2007 \u2013 2011"}}], "employee_name": "RUiMmfIn9P8oOS32*gEtQ2IuucQbSeu7eVYg7Vg==*6sxnQzzRQ6RjEqA+6vPMgQ==*iwOKauDm2pxGbFAGP//kjA=="}, {"experience": [{"company_name": "Kira Systems", "dates_employed": "May 2021\u2013Present", "employment_duration": "1 yr 1 mo", "location": null, "title": "Director of Engineering"}, {"company_name": "Litera", "dates_employed": "Sep 2021\u2013Present", "employment_duration": "9 mos", "location": "Toronto, Ontario, Canada", "title": "Director Of Engineering"}, {"company_name": "Kira Systems", "dates_employed": "Nov 2019\u2013May 2021", "employment_duration": "1 yr 7 mos", "location": "Toronto, Canada Area", "title": "Software Development Manager"}, {"company_name": "Renaissance Learning", "dates_employed": "Apr 2019\u2013Aug 2019", "employment_duration": "5 mos", "location": "Ontario, Canada", "title": "Tech Lead & Product Owner"}, {"company_name": "Renaissance Learning", "dates_employed": "Jun 2011\u2013Apr 2019", "employment_duration": "7 yrs 11 mos", "location": "Aurora, Ontario", "title": "Lead Software Developer (Scrum Master for period of Feb 2015 - Oct 2015)"}], "education": [{"institution": "University of Waterloo", "degree_details": {"degree_name": "B.A. Sc.", "field_of_study": "Computer Engineering with Management Science option (graduated with Honours)", "dates_attended_or_expected_graduation": "1990 \u2013 1995"}}, {"institution": "Stanford University", "degree_details": {"field_of_study": "Machine Learning", "dates_attended_or_expected_graduation": "2020 \u2013 2020", "degree_name": null}}], "employee_name": "6x8+ZiHI4SiemfO3Ae/M*IGKTH5eNXGs875RcvzF+PA==*3/eGy/19o2sdid0v7B2lKQ==*0KiUqL9qhxsCDk9VNfIeaA=="}, {"experience": [{"company_name": "Kira Systems", "dates_employed": "Jan 2020\u2013Present", "employment_duration": "2 yrs 5 mos", "location": "Toronto, Ontario, Canada", "title": "Security Ops Manager"}, {"company_name": "Nubank", "dates_employed": "Sep 2018\u2013Apr 2019", "employment_duration": "8 mos", "location": "S\u00e3o Paulo Area, Brazil", "title": "Security Engineering Manager"}, {"company_name": "Nubank", "dates_employed": "Aug 2016\u2013Sep 2018", "employment_duration": "2 yrs 2 mos", "location": "S\u00e3o Paulo Area, Brazil", "title": "Security Engineer"}, {"company_name": "Nubank", "dates_employed": "Feb 2016\u2013Aug 2016", "employment_duration": "7 mos", "location": "S\u00e3o Paulo Area, Brazil", "title": "Software Engineer"}, {"company_name": "VAGAS.com", "dates_employed": "Aug 2014\u2013Aug 2015", "employment_duration": "1 yr 1 mo", "location": null, "title": "Software Developer"}], "education": null, "employee_name": "8LJTtuEKtjj90rxl0A==*83gihXigrSKgUxyMYTZe8A==*NXFU5rXcSXg1jd4Dy9V2eQ==*y22sx3Lns8PZsqtlYvB5qQ=="}, {"experience": [{"company_name": "Kira Systems", "dates_employed": "Nov 2019\u2013Present", "employment_duration": "2 yrs 7 mos", "location": null, "title": "Practice Consultant"}, {"company_name": "Taylor Root", "dates_employed": "Oct 2017\u2013Nov 2019", "employment_duration": "2 yrs 2 mos", "location": null, "title": "Senior Consultant"}, {"company_name": "Olswang - (Now CMS)", "dates_employed": "Sep 2013\u2013Sep 2017", "employment_duration": "4 yrs 1 mo", "location": "London, United Kingdom", "title": "Real Estate Associate"}, {"company_name": "Blackstone Property Management", "dates_employed": "Feb 2017\u2013May 2017", "employment_duration": "4 mos", "location": "London, United Kingdom", "title": "Legal Counsel (secondee)"}, {"company_name": "BMO Real Estate Partners", "dates_employed": "Sep 2013\u2013Jul 2014", "employment_duration": "11 mos", "location": "London, United Kingdom", "title": "Legal Counsel (secondee)"}], "education": [{"institution": "BPP Law School", "degree_details": {"degree_name": "Legal Practice Course", "dates_attended_or_expected_graduation": "2010 \u2013 2011", "field_of_study": null}}, {"institution": "University of Nottingham", "degree_details": {"degree_name": "BA", "field_of_study": "Politics", "dates_attended_or_expected_graduation": "2005 \u2013 2008"}}, {"institution": "The College of Law, London", "degree_details": {"degree_name": "Graduate Diploma in Law", "dates_attended_or_expected_graduation": "2008 \u2013 2009", "field_of_study": null}}], "employee_name": "6UOIZ0d3aYK3ZQ==*THSZe2k6c9CgcbyTz9rm+w==*nnVOJ0R3hrjtvpkEM/bRVg==*PU/gmM3ftSJwyTecnOMmUw=="}, {"experience": [{"company_name": "Kira Systems", "dates_employed": "Jun 2021\u2013Present", "employment_duration": "1 yr", "location": null, "title": "Senior Quality Engineer"}, {"company_name": "Axonify", "dates_employed": "May 2019\u2013Jun 2021", "employment_duration": "2 yrs 2 mos", "location": null, "title": "Senior QA Analyst (Automation)"}, {"company_name": "BBM", "dates_employed": "Aug 2016\u2013Apr 2019", "employment_duration": "2 yrs 9 mos", "location": "Ontario, Canada", "title": "Test Automation Developer"}, {"company_name": "BlackBerry", "dates_employed": "Jun 2011\u2013Aug 2016", "employment_duration": "5 yrs 3 mos", "location": "Ontario, Canada", "title": "Software Testing Specialist"}], "education": [{"institution": "University of Waterloo", "degree_details": {"degree_name": "Master of Engineering (MEng)", "field_of_study": "Computer Software Engineering", "dates_attended_or_expected_graduation": "2009 \u2013 2011"}}, {"institution": "Northeastern University, China", "degree_details": {"degree_name": "Bachelor of Engineering (B.Eng),", "field_of_study": "Electrical and Computer Engineering", "dates_attended_or_expected_graduation": null}}], "employee_name": "DpjonNwPnrLnWQ==*5bZGmMlrTUenWQcevnmJNQ==*K9RfM+Rb172AHmFxjF2Zwg==*DEPAUkfGEO8i3fCJhR5pjg=="}, {"experience": [{"company_name": "Kira Systems", "dates_employed": "Sep 2021\u2013Present", "employment_duration": "9 mos", "location": "Toronto, Ontario, Canada", "title": "Technical Account Manager"}, {"company_name": "SOTI", "dates_employed": "Nov 2019\u2013Sep 2021", "employment_duration": "1 yr 11 mos", "location": "Mississauga, Ontario, Canada", "title": "Enterprise Mobility Consultant | Technical Account Manager"}, {"company_name": "SOTI", "dates_employed": "Mar 2019\u2013Nov 2019", "employment_duration": "9 mos", "location": "Mississauga, Ontario, Canada", "title": "Senior Technical Support Specialist, Level 3"}, {"company_name": "SOTI", "dates_employed": "Aug 2018\u2013Mar 2019", "employment_duration": "8 mos", "location": "Mississauga, Ontario, Canada", "title": "Senior Technical Support Specialist"}, {"company_name": "SOTI", "dates_employed": "Jun 2017\u2013Aug 2018", "employment_duration": "1 yr 3 mos", "location": "Mississauga, Ontario, Canada", "title": "Technical Support Specialist"}], "education": [{"institution": "Al-Nahrain University", "degree_details": {"degree_name": "Bachelor's degree", "field_of_study": "networks engineering", "dates_attended_or_expected_graduation": "2008 \u2013 2012"}}], "employee_name": "zveqZtZM03HRZtU7isSzZD4=*I/iRn8u56yQEe22KBB9u8A==*5I3zzgy6TBjemZ8W1PTNxg==*/z4ezt5RisnRh0Dk6vDceQ=="}, {"experience": [{"company_name": "Kira Systems", "dates_employed": "Jan 2020\u2013Present", "employment_duration": "2 yrs 5 mos", "location": "Toronto, Ontario, Canada", "title": "Senior Software Engineer"}, {"company_name": "Lead Technologist", "dates_employed": "Jan 2018\u2013Jan 2020", "employment_duration": "2 yrs 1 mo", "location": "South Africa", "title": "Director"}, {"company_name": "Game On Coaching", "dates_employed": "May 2014\u2013Jan 2018", "employment_duration": "3 yrs 9 mos", "location": "My laptop", "title": "CTO"}, {"company_name": "Teknatic", "dates_employed": "Jun 2009\u2013Jan 2018", "employment_duration": "8 yrs 8 mos", "location": "Johannesburg Area, South Africa", "title": "General Manager"}, {"company_name": "Better Solutions", "dates_employed": "2014\u20132015", "employment_duration": "1 yr", "location": null, "title": "CTO"}], "education": [{"institution": "KES", "degree_details": {"dates_attended_or_expected_graduation": "1995 \u2013 1999", "degree_name": null, "field_of_study": null}}, {"institution": "links field", "degree_details": {"dates_attended_or_expected_graduation": "1989 \u2013 1994", "degree_name": null, "field_of_study": null}}], "employee_name": "3X72n7pcETxX4awQzQya*5Fmkoq3Ja7p9MAeuGGq4KQ==*vGOHYLTwM33EGcTDndQMAA==*2DyXqZARcXsF6V6HpjLGwg=="}, {"experience": [{"company_name": "Kira Systems", "dates_employed": "May 2018\u2013Present", "employment_duration": "4 yrs 1 mo", "location": "United Kingdom", "title": "Senior Performance System Administrator"}, {"company_name": "TNT Express ICS", "dates_employed": "Oct 2016\u2013Dec 2016", "employment_duration": "3 mos", "location": "Atherstone, Warwickshire", "title": "Websphere Consultant"}, {"company_name": "TNT Express ICS", "dates_employed": "Oct 2015\u2013Jan 2016", "employment_duration": "4 mos", "location": "Atherstone, Warwickshire, United Kingdom", "title": "Websphere Consultant"}, {"company_name": "TNT Express ICS", "dates_employed": "Jun 2014\u2013May 2015", "employment_duration": "1 yr", "location": "Ashby de la Zouch", "title": "Operational Test Analyst - Contractor"}, {"company_name": "TNT Express ICS", "dates_employed": "Dec 2007\u2013May 2014", "employment_duration": "6 yrs 6 mos", "location": "TNT Express ICS", "title": "Senior WebSphere and Portal Administrator"}], "education": null, "employee_name": "P7AqRxqNnpu7lEiPwtGJ*6xm86nyjREaUs3uGoXd6yA==*3aQlX7dCD4tgve/RMli0XQ==*ag7O7Bo5W51tqmx0T4fF0Q=="}, {"experience": [{"company_name": "Kira Systems", "dates_employed": "Sep 2021\u2013Present", "employment_duration": "9 mos", "location": null, "title": "Intermediate Quality Engineer"}, {"company_name": "Cayzu Help Desk Software", "dates_employed": "Nov 2016\u2013Aug 2021", "employment_duration": "4 yrs 10 mos", "location": "Windsor, Ontario, Canada", "title": "Senior QA Specialist"}, {"company_name": "Data Deposit Box", "dates_employed": "Nov 2012\u2013Jun 2016", "employment_duration": "3 yrs 8 mos", "location": "Ontario, Canada", "title": "Senior QA specialist"}, {"company_name": "\u0410\u043f\u0440\u0438\u043e\u0440\u0438\u0442", "dates_employed": "Dec 2010\u2013Oct 2012", "employment_duration": "1 yr 11 mos", "location": "Dnepropetrovsk", "title": "Test Designer"}, {"company_name": "\u0410\u043f\u0440\u0438\u043e\u0440\u0438\u0442", "dates_employed": "Jan 2008\u2013Feb 2009", "employment_duration": "1 yr 2 mos", "location": "Dnepropetrovsk", "title": "Product Specialist"}], "education": [{"institution": "Dnipropetrovsk National University", "degree_details": {"degree_name": "Bachelor's degree", "field_of_study": "Applied Mathematics faculty \u2013 Mathematical Modelling specialization", "dates_attended_or_expected_graduation": "2000 \u2013 2005"}}, {"institution": "Oleksandriiskyi Industrial College", "degree_details": {"degree_name": "Bachelor's degree", "field_of_study": "Computer Sciences \u2013 Programming for Electronic Computational Technics and Automated Systems.", "dates_attended_or_expected_graduation": "1996 \u2013 2000"}}], "employee_name": "m1KsjtTtcwnhZiDkcBZ2*3QcBW46V3uwlHd3FdsYADg==*MHKmj6m8cPXp9pRwU+YRtw==*xrnT0IaXNgMoyMSc1MY3Ow=="}, {"experience": [{"company_name": "CENX", "dates_employed": null, "employment_duration": null, "location": null, "title": "Senior Software Developer"}, {"company_name": "Kira Systems", "dates_employed": "Sep 2017\u2013Present", "employment_duration": "4 yrs 9 mos", "location": null, "title": "Software Developer"}], "education": null, "employee_name": "rgLSgTp3D0GgbUl63dI=*Kbc54eIFAd+FXDCjMmqcNQ==*kWPXrtH4l0uWtsh5ui/k5Q==*6e3ubfFLD7Su28zgO5usrg=="}, {"experience": [{"company_name": "Kira Systems", "dates_employed": "2018\u2013Present", "employment_duration": "4 yrs", "location": "Toronto, ON", "title": "Contract Administrator"}, {"company_name": "Sysomos", "dates_employed": "Jan 2015\u2013Present", "employment_duration": "7 yrs 5 mos", "location": "Toronto, ON", "title": "Certified Law Clerk"}, {"company_name": "Nasdaq", "dates_employed": "Mar 2017\u2013Jun 2017", "employment_duration": "4 mos", "location": "Toronto, Canada Area", "title": "Law Clerk"}, {"company_name": "Marketwired", "dates_employed": "Apr 2013\u2013Dec 2014", "employment_duration": "1 yr 9 mos", "location": "Toronto, ON", "title": "Law Clerk"}, {"company_name": "80 Montclair Ave., Wall Real Estate", "dates_employed": "Mar 2008\u2013Apr 2013", "employment_duration": "5 yrs 2 mos", "location": "Toronto, ON", "title": "Superintendent"}], "education": [{"institution": "Institute of Law Clerks of Ontario", "degree_details": {"degree_name": "Certificate", "dates_attended_or_expected_graduation": "2013 \u2013 2014", "field_of_study": null}}, {"institution": "University of Sofia, Bulgaria", "degree_details": {"degree_name": "Master of Law Degree", "field_of_study": "Law", "dates_attended_or_expected_graduation": "1992 \u2013 1998"}}], "employee_name": "9ZxFAPFe7AqclqhZ8KE5Sw==*nirZ58MdVvT0ya+S+7A1zA==*BX0UOhJnU4zMNpWUf57B7A==*LBbc1uVnQTRoaE1odyRfdQ=="}, {"experience": [{"company_name": "Kira Systems", "dates_employed": "Apr 2021\u2013Present", "employment_duration": "1 yr 2 mos", "location": "Toronto, Ontario, Canada", "title": "Knowledge Management Analyst"}, {"company_name": "Kira Systems", "dates_employed": "Mar 2019\u2013Apr 2021", "employment_duration": "2 yrs 2 mos", "location": "Toronto, Canada Area", "title": "Legal Knowledge Engineering Coordinator"}, {"company_name": "Kira Systems", "dates_employed": "Jun 2018\u2013Mar 2019", "employment_duration": "10 mos", "location": "Toronto, Canada Area", "title": "Client Support Associate"}, {"company_name": "Christie Gardens Retirement Home", "dates_employed": "Jun 2013\u2013Jun 2018", "employment_duration": "5 yrs 1 mo", "location": "Toronto, Canada Area", "title": "Front Desk Concierge"}, {"company_name": "Davies McLean Zweig", "dates_employed": "May 2017\u2013Aug 2017", "employment_duration": "4 mos", "location": "Scarborough, Ontario", "title": "Legal Assistant"}], "education": [{"institution": "Centennial College", "degree_details": {"degree_name": "Graduate Certificate", "field_of_study": "Paralegal", "dates_attended_or_expected_graduation": "2016 \u2013 2017"}}, {"institution": "Carleton University", "degree_details": {"degree_name": "Bachelor of Arts (B.A.)", "field_of_study": "Law; Minor in Drama", "dates_attended_or_expected_graduation": "2012 \u2013 2016"}}], "employee_name": "xhULntUbe2fGH7/SxfQ=*eSwR0q2S8aM7AWYfVDkwxA==*fPw5JkO6vTI3Dc/fxtBcqg==*ThmVOCznXri3dqlESQ+lIQ=="}, {"experience": [{"company_name": "Kira Systems", "dates_employed": "Apr 2021\u2013Present", "employment_duration": "1 yr 2 mos", "location": null, "title": "Client Support Associate"}, {"company_name": "Industrial Alliance Insurance and Financial Services", "dates_employed": "Jan 2018\u2013Apr 2021", "employment_duration": "3 yrs 4 mos", "location": "Toronto, Ontario, Canada", "title": "Sales Assistant, Group Sales"}, {"company_name": "iA Financial Group (Industrial Alliance)", "dates_employed": "Sep 2017\u2013Jan 2018", "employment_duration": "5 mos", "location": "Toronto, Canada Area", "title": "Sales Assistant Intern"}, {"company_name": "Digital Marketing Agency \"Seobility\"", "dates_employed": "Feb 2014\u2013Sep 2015", "employment_duration": "1 yr 8 mos", "location": "Belarus, Minsk", "title": "Key Account Manager"}, {"company_name": "BPS Sberbank", "dates_employed": "Feb 2013\u2013Feb 2014", "employment_duration": "1 yr 1 mo", "location": "Belarus, Minsk", "title": "Corporate Account Manager"}], "education": [{"institution": "Seneca College", "degree_details": {"field_of_study": "Marketing/Marketing Management, General", "dates_attended_or_expected_graduation": "2017 \u2013 2017", "degree_name": null}}, {"institution": "Belarusian National Technical University", "degree_details": {"degree_name": "Master's degree", "field_of_study": "Management and Economics", "dates_attended_or_expected_graduation": "2007 \u2013 2012"}}, {"institution": "Lingva+", "degree_details": {"field_of_study": "Language Interpretation and Translation", "dates_attended_or_expected_graduation": "2009 \u2013 2011", "degree_name": null}}], "employee_name": "WFeNV06xXB9++o6hKM08gT31G4B3V/Hc3byPXWI=*lpnyDevfUBTGE40UlotMhw==*qdpsIk6wKAdhSEglpBZ5wQ==*IlR+zWlk1Wo4ZvhuNtpqcg=="}, {"experience": [{"company_name": "Kira Systems", "dates_employed": "2017\u2013Present", "employment_duration": "5 yrs", "location": "Toronto, Canada Area", "title": "Developer"}, {"company_name": "University of Waterloo", "dates_employed": "Sep 2015\u2013Dec 2015", "employment_duration": "4 mos", "location": null, "title": "Teaching Assistant"}, {"company_name": "University of Waterloo", "dates_employed": "Sep 2014\u2013Dec 2014", "employment_duration": "4 mos", "location": null, "title": "Teaching Assistant"}, {"company_name": "Security Compass", "dates_employed": "Jan 2014\u2013Apr 2014", "employment_duration": "4 mos", "location": null, "title": "Software Developer"}], "education": [{"institution": "University of Waterloo", "degree_details": {"degree_name": "Bachelor\u2019s Degree", "field_of_study": "Computer Science", "dates_attended_or_expected_graduation": "2012 \u2013 2016"}}], "employee_name": "YkilsfQ6rRUeJkWv*+ckPAcLLHnUl7wPdEDAaVg==*z9Q7AhGqGknty9mmzy5i0Q==*uobPyOi0uPhQTfrwjYfvSA=="}, {"experience": [{"company_name": "Kira Systems", "dates_employed": "Mar 2019\u2013Present", "employment_duration": "3 yrs 3 mos", "location": "Toronto, Canada Area", "title": "Client Support Associate"}, {"company_name": "Starbucks", "dates_employed": "Apr 2008\u2013Mar 2019", "employment_duration": "11 yrs", "location": "Toronto, Canada Area", "title": "Shift Supervisor"}, {"company_name": "Youth Research and Evaluation eXchange", "dates_employed": "Feb 2018\u2013Dec 2018", "employment_duration": "11 mos", "location": "Toronto, Canada Area", "title": "Research Assistant"}], "education": [{"institution": "York University", "degree_details": {"degree_name": "Masters Degree, Social Work", "field_of_study": "Social Work", "dates_attended_or_expected_graduation": "2019 \u2013 2021"}}, {"institution": "York University", "degree_details": {"degree_name": "Bachelor of International Development Studies (Hons)", "dates_attended_or_expected_graduation": "2013 \u2013 2018", "field_of_study": null}}], "employee_name": "fWs/Xxfrt7DxOWUR+pE=*F/lQ06IkTYwMa84K/CRjag==*vjEBOI2mq17piMwo6I516w==*2wGr3DLTJ9+k9kjUIWRheg=="}, {"experience": [{"company_name": "Kira Systems", "dates_employed": "Oct 2021\u2013Present", "employment_duration": "8 mos", "location": "Toronto, Ontario, Canada", "title": "Client Support Associate"}, {"company_name": "Compass Group Canada", "dates_employed": "Sep 2019\u2013Sep 2021", "employment_duration": "2 yrs 1 mo", "location": "Toronto, Canada Area", "title": "Accenture - Guest Services Specialist"}, {"company_name": "Pitman Training London, EC2 and W1", "dates_employed": "Jul 2017\u2013Mar 2019", "employment_duration": "1 yr 9 mos", "location": "London, United Kingdom", "title": "Training Assistant/Exam Invigilator"}, {"company_name": "Boston Pizza International Inc", "dates_employed": "Jul 2011\u2013May 2017", "employment_duration": "5 yrs 11 mos", "location": "Ontario, Canada", "title": "Server"}], "education": [{"institution": "Pitman Training Group", "degree_details": {"field_of_study": "Adminstrative Assistant Diploma", "dates_attended_or_expected_graduation": "2017 \u2013 2019", "degree_name": null}}, {"institution": "Pitman Training Group", "degree_details": {"field_of_study": "Office IT Diploma", "dates_attended_or_expected_graduation": "2017 \u2013 2019", "degree_name": null}}, {"institution": "McMaster University", "degree_details": {"degree_name": "Bachelor's degree", "field_of_study": "Sociology", "dates_attended_or_expected_graduation": "2007 \u2013 2013"}}], "employee_name": "DrbsGntYViAsP2Yi/C2kUbM=*T5Yp5OkOS1MrMcYQ7l2PLQ==*R/z71g9e6O3MJHVpqkiInw==*1hK34WkpO1p65VD7XZtHlQ=="}, {"experience": [{"company_name": "Kira Systems", "dates_employed": "Jun 2017\u2013Present", "employment_duration": "5 yrs", "location": "Toronto, Canada Area", "title": "Machine Learning Engineer"}, {"company_name": "University of Strathclyde", "dates_employed": "Sep 2014\u2013Jun 2017", "employment_duration": "2 yrs 10 mos", "location": "Glasgow, United Kingdom", "title": "Student"}, {"company_name": "University of Strathclyde", "dates_employed": "May 2016\u2013Aug 2016", "employment_duration": "4 mos", "location": "Glasgow, United Kingdom", "title": "Research Internship"}], "education": [{"institution": "University of Strathclyde", "degree_details": {"degree_name": "Bachelor\u2019s Degree", "field_of_study": "Electrical and Electronics Engineering", "dates_attended_or_expected_graduation": "2014 \u2013 2017"}}], "employee_name": "NkbLNhsbV9OwoX2oFMnS0wI=*rl0gCXti/TLJNwhJK0CYrQ==*OaTpBMHcHUAkMojeEQkcOg==*OdmJaJDjdPFQwCKEf7mEAw=="}, {"experience": null, "education": null, "employee_name": "qSNLM9KEw0HRUSNm6TyZ*1nv/eJdEB4JR6Maxu49TfQ==*Y5A8DEfJXGT5I7ep0BB3AA==*CPFFPEDYJZBqGSKrjAIIDA=="}, {"experience": null, "education": null, "employee_name": "Yoc/VEsdW2SAJClADvVp*kazGfznawNRTOoMvTFBCpg==*bqXRipAqBwE/Fx8yY8FILQ==*qyUmL3ZA3+ytgZ5RW2VlvQ=="}, {"experience": [{"company_name": "Kira Systems", "dates_employed": "Jul 2021\u2013Present", "employment_duration": "11 mos", "location": "Toronto, Ontario, Canada", "title": "Junior Accountant"}], "education": [{"institution": "Sacred Heart University", "degree_details": {"degree_name": "Bachelor of Science - BS", "field_of_study": "Accounting", "dates_attended_or_expected_graduation": "2017 \u2013 2021"}}], "employee_name": "/4uGl9/BypegkNmuDyWv9g==*CaE+CHkrdOttN8IIGoI/tQ==*EWWawLqY4HVC/osxT/+G2g==*IznawiX5skI4V9OJjkemwg=="}, {"experience": null, "education": null, "employee_name": "xrmyNzRBVQViYGiPtrEo*IbPD+cRxpe9+LYTHuJTKvQ==*yf3e+qKTvOPPdXt2rf13oQ==*/PmctyjpCXsAhI/5PaFL0g=="}, {"experience": null, "education": null, "employee_name": "U3BOtKLqn04CQm422q+V*Vyjnt+gphYv9C0bRSoKq8g==*diLujLrRao37NZgNc6uRrg==*V8i+m0afC3peEJAIwT+ddQ=="}, {"experience": null, "education": null, "employee_name": "aowpHE50cWh3gkptjFyj*7U8ACjitTplDF4l7ZAc/4Q==*fpXAXlgx0bs8Pojw18ZjZg==*VL40t2zDDGve3YjWjwbvcw=="}, {"experience": null, "education": null, "employee_name": "CUgKnfav792ZeP2SOqIt*iqLQ7wMik2ytdP6BkO2lpQ==*VgMdqyscPLPkphBaUAx+Vg==*ylh6Pr2ctfuRnB5gJEJ7tQ=="}, {"experience": null, "education": null, "employee_name": "WwY4pjQCIjqooM0sSsFW*6I3zP/aUO4e6cRAsQy7Kig==*5fVrd6bX58xQV56CRuBUPQ==*d6+dMymWGRq31F9KLfRXDQ=="}, {"experience": null, "education": null, "employee_name": "TJtHQucY4dBRR+tBPyum*50gPIjLkQf3fWbftrjPZQw==*FK8B+XPvO//UyaUxm7zeDw==*py5lYW084ObX/X3ww6tkyA=="}, {"experience": null, "education": null, "employee_name": "BtbqVL2CKjDpR9Scffgk*pq9fU//YWpWjEPscrJv4yg==*3lfguTOrqczxNBrgxS5IsQ==*pwjv9/lXbSeJqcrhObWzxQ=="}, {"experience": null, "education": null, "employee_name": "NOJRmgOE3xtbF2XO3/Bc*NFG2DV4PDK7OiGGuAanKFQ==*uFpGr8OpJtRADt7rLswrQw==*k147ABW+kW10VABthsMImg=="}, {"experience": [{"company_name": "Kira Inc.", "dates_employed": "Jan 2015\u2013Present", "employment_duration": "7 yrs 5 mos", "location": "Remote", "title": "Principal Software Developer"}, {"company_name": "Component Management Software, Inc.", "dates_employed": "2002\u20132016", "employment_duration": "14 yrs", "location": null, "title": "Owner"}, {"company_name": "Nokia/Microsoft", "dates_employed": "2009\u20132014", "employment_duration": "5 yrs", "location": "Remotely from Vermont", "title": "Senior Software Engineer"}, {"company_name": "Dataupia", "dates_employed": "Jun 2006\u2013May 2009", "employment_duration": "3 yrs", "location": "Remotely from Massachusetts.", "title": "Principal Software Engineer"}, {"company_name": "Content Integrity, Inc", "dates_employed": "1999\u20132001", "employment_duration": "2 yrs", "location": null, "title": "CTO, VP Development"}], "education": [{"institution": "Boston University", "degree_details": {"degree_name": "MA", "field_of_study": "Computer Science", "dates_attended_or_expected_graduation": "1979 \u2013 1988"}}, {"institution": "Boston University", "degree_details": {"degree_name": "BA", "field_of_study": "Computer Science", "dates_attended_or_expected_graduation": "1983"}}], "employee_name": "HBKTaL58twzH2g==*JMWU9RUTMmj5C0K+W2x2qQ==*2bRPpwWCFI9JoZz3gOeT/w==*pONCOcKmSzvOlfvLwuhV/w=="}, {"experience": [{"company_name": "Kira Inc.", "dates_employed": "Mar 2019\u2013Present", "employment_duration": "3 yrs 3 mos", "location": "Toronto, Canada Area", "title": "Senior Director, Legal"}, {"company_name": "Blueprint Software Systems", "dates_employed": "Oct 2017\u2013Sep 2018", "employment_duration": "1 yr", "location": "Toronto, Canada Area", "title": "VP, Legal"}, {"company_name": "Shari Pinkus", "dates_employed": "May 2017\u2013Oct 2017", "employment_duration": "6 mos", "location": null, "title": "Senior Legal Counsel"}, {"company_name": "Vision Critical Communications Inc.", "dates_employed": "May 2013\u2013May 2017", "employment_duration": "4 yrs 1 mo", "location": "Toronto", "title": "Director, Legal Services"}, {"company_name": "Varicent Software Incorporated", "dates_employed": "Jan 2010\u2013Apr 2013", "employment_duration": "3 yrs 4 mos", "location": null, "title": "Senior Legal Counsel"}], "education": [{"institution": "Western University", "degree_details": {"degree_name": "LL.B.", "field_of_study": "Law", "dates_attended_or_expected_graduation": "1993 \u2013 1996"}}, {"institution": "York University - Osgoode Hall Law School", "degree_details": {"dates_attended_or_expected_graduation": null, "degree_name": null, "field_of_study": null}}], "employee_name": "c9GPGthUzDbyvgV9*TwbU3BYxr7db//wFreQhVg==*1639wmoJ8bblwB5cXBzgZA==*obrozLoWqt7KYlRyvGXRpw=="}, {"experience": [{"company_name": "Kira Systems", "dates_employed": "Aug 2021\u2013Present", "employment_duration": "10 mos", "location": "Toronto, Ontario, Canada", "title": "Customer Success Manager"}], "education": null, "employee_name": "B2xlwAWk8QyA4e5VGQ==*TqmhxmdQMkyHXb4wS8aPtA==*AZUdJiNWoyIk9YhbL5dvkQ==*+kiAiQ6TKGqoR2+xQPqNcA=="}, {"experience": [{"company_name": "Kira Systems", "dates_employed": "Jan 2020\u2013Present", "employment_duration": "2 yrs 5 mos", "location": null, "title": "Software Developer"}, {"company_name": "Kenzan", "dates_employed": "Jan 2017\u2013Dec 2019", "employment_duration": "3 yrs", "location": null, "title": "Technical Architect"}, {"company_name": "Lissome Software", "dates_employed": "2008\u2013Dec 2018", "employment_duration": "10 yrs", "location": null, "title": "Owner"}, {"company_name": "Kenzan", "dates_employed": "Feb 2014\u2013Jan 2017", "employment_duration": "3 yrs", "location": null, "title": "Jr Technical Architect"}, {"company_name": "Kenzan", "dates_employed": "Jul 2013\u2013Feb 2014", "employment_duration": "8 mos", "location": null, "title": "Front End Team Lead"}], "education": [{"institution": "Vassar College", "degree_details": {"degree_name": "Bachelor of Arts (BA)", "field_of_study": "English Language and Literature/Letters", "dates_attended_or_expected_graduation": null}}], "employee_name": "LpT8fv32VEwx0+0qWTrHU2aR*XN+pgGWXIeo935nQuHXphg==*1u+hcPrM5DeI66LwPkGlvw==*QOJ+r9OOt6N12+8XMiAygQ=="}, {"experience": [{"company_name": "Kira Systems", "dates_employed": "May 2017\u2013Present", "employment_duration": "5 yrs 1 mo", "location": "Toronto, Canada Area", "title": "Lead Product Technical Writer"}, {"company_name": "Pitney Bowes", "dates_employed": "2008\u20132017", "employment_duration": "9 yrs", "location": "Toronto, Canada Area", "title": "Advisory Technical Writer"}, {"company_name": "Pitney Bowes/MapInfo", "dates_employed": "2004\u20132008", "employment_duration": "4 yrs", "location": "Toronto, Canada Area", "title": "Senior Technical Writer"}, {"company_name": "MapInfo", "dates_employed": "2001\u20132004", "employment_duration": "3 yrs", "location": "Toronto, Canada Area", "title": "QA/Technical Writer"}, {"company_name": "Grand River Conservation Authority", "dates_employed": "2000\u20132001", "employment_duration": "1 yr", "location": "Cambridge, Ontario, Canada", "title": "GIS Analyst"}], "education": [{"institution": "University of Waterloo", "degree_details": {"degree_name": "Bachelor\u2019s Degree", "field_of_study": "Geographic Information Science and Cartography, Environmental Assessment, Information Technology", "dates_attended_or_expected_graduation": "1995 \u2013 2000"}}], "employee_name": "SNES55EXVbsUmLZCWyo=*qv6WU/257uLsw8AjJwpE+A==*gEg/Dj/55Z9lidUHrQQatQ==*1gh5MbTsO5sVnx3CClsUQA=="}, {"experience": [{"company_name": "Agiloft", "dates_employed": "Jan 2022\u2013Present", "employment_duration": "5 mos", "location": "Greater Tampa Bay Area", "title": "Senior Legal Knowledge Engineer (Product)"}, {"company_name": "Kira Systems", "dates_employed": "2018\u2013Present", "employment_duration": "4 yrs", "location": "Tampa, Florida, United States", "title": "Knowledge Engineer (Banking & Finance)"}, {"company_name": "Berea College", "dates_employed": "2013\u20132017", "employment_duration": "4 yrs", "location": "Berea, Kentucky, United States", "title": "Assistant Professor, Economics and Business"}, {"company_name": "Steptoe & Johnson PLLC", "dates_employed": "2006\u20132012", "employment_duration": "6 yrs", "location": "Lexington, Kentucky, United States", "title": "Attorney"}, {"company_name": "Kimberly-Clark", "dates_employed": "2001\u20132002", "employment_duration": "1 yr", "location": "Knoxville, Tennessee, United States", "title": "Senior Financial Reporting Specialist"}], "education": [{"institution": "University of Florida", "degree_details": {"degree_name": "Master of Laws - LLM", "field_of_study": "Taxation", "dates_attended_or_expected_graduation": "2007 \u2013 2008"}}, {"institution": "University of Tennessee, Knoxville", "degree_details": {"degree_name": "Doctor of Law - JD", "field_of_study": "Law", "dates_attended_or_expected_graduation": "2002 \u2013 2005"}}, {"institution": "University of Tennessee, Knoxville", "degree_details": {"degree_name": "M.Acc.", "field_of_study": "Accounting", "dates_attended_or_expected_graduation": "1999 \u2013 2000"}}], "employee_name": "eo4AwN9GZMydIDbN62AQQQ==*dHXCBx7MxVt2f26ojreFRA==*vy/RmgB12YRTsdaCePcN7A==*Ett4Hg5C1K/SNoqf3QcLqw=="}, {"experience": [{"company_name": "Kira Systems", "dates_employed": "Jul 2021\u2013Present", "employment_duration": "11 mos", "location": "Toronto, Ontario, Canada", "title": "Business Development Team Lead"}, {"company_name": "Kira Systems", "dates_employed": "Jan 2020\u2013Present", "employment_duration": "2 yrs 5 mos", "location": "Toronto, Canada", "title": "Business Development Representative"}, {"company_name": "PTC Recruiting", "dates_employed": "Oct 2019\u2013Jan 2020", "employment_duration": "4 mos", "location": "Toronto, Ontario", "title": "Business Development Manager"}, {"company_name": "FDM Group", "dates_employed": "Jan 2019\u2013Oct 2019", "employment_duration": "10 mos", "location": "Toronto, Canada Area", "title": "Account Executive"}, {"company_name": "FDM Group", "dates_employed": "Aug 2018\u2013Jan 2019", "employment_duration": "6 mos", "location": null, "title": "Recruitment Consultant"}], "education": null, "employee_name": "Pm2I/i3iBpzEQydb18btWGQJ*Bdwo22TD5AA2RcBIWAL0yg==*IT+mwPLNRwvnwUH016aemQ==*s1u0nvxVRcAKQ06nXlFZFw=="}, {"experience": [{"company_name": "Kira Systems", "dates_employed": "Feb 2018\u2013Present", "employment_duration": "4 yrs 4 mos", "location": null, "title": "Senior Software Quality Engineer"}, {"company_name": "Blueprint Software Systems", "dates_employed": "Dec 2015\u2013Feb 2018", "employment_duration": "2 yrs 3 mos", "location": "Toronto, Ontario, Canada", "title": "Senior Test Automation Engineer"}, {"company_name": "CGI", "dates_employed": "Jan 2014\u2013Dec 2015", "employment_duration": "2 yrs", "location": "Toronto, Canada Area", "title": "Senior Test Engineer"}, {"company_name": "EVault", "dates_employed": "Apr 2013\u2013Jan 2014", "employment_duration": "10 mos", "location": "Toronto, Canada Area", "title": "Automation Test Engineer"}, {"company_name": "Genesys", "dates_employed": "Oct 2012\u2013Apr 2013", "employment_duration": "7 mos", "location": "Toronto, Canada Area", "title": "Senior Performance Test Analyst"}], "education": [{"institution": "McMaster University", "degree_details": {"degree_name": "Combined Honours Economics and Computer Science", "field_of_study": "Economics, Computer Science", "dates_attended_or_expected_graduation": "2001 \u2013 2006"}}], "employee_name": "HZKv8frYhC8=*5H7YtnPpg3Q8odXjtJ2cpA==*3bssRkGnk2bEeFF6nT+4bA==*PtE/Zt+qJituI/rxOGVtxg=="}, {"experience": [{"company_name": "Kira Systems", "dates_employed": "Nov 2018\u2013Present", "employment_duration": "3 yrs 7 mos", "location": null, "title": "Legal Knowledge Engineering Manager"}, {"company_name": "Torys LLP", "dates_employed": "Sep 2015\u2013Oct 2018", "employment_duration": "3 yrs 2 mos", "location": null, "title": "Associate"}, {"company_name": "Torys LLP", "dates_employed": "Aug 2014\u2013Jun 2015", "employment_duration": "11 mos", "location": "Toronto, Canada Area", "title": "Student at Law"}, {"company_name": "Torys LLP", "dates_employed": "May 2013\u2013Aug 2013", "employment_duration": "4 mos", "location": "Toronto, Canada Area", "title": "Student at Law"}, {"company_name": "Aall & Co. Ltd.", "dates_employed": "Jun 2009\u2013Aug 2011", "employment_duration": "2 yrs 3 mos", "location": "Cayman Islands", "title": "General Manager and Acting Chief Financial Officer"}], "education": [{"institution": "Dalhousie University", "degree_details": {"degree_name": "Bachelor of Arts - BA", "dates_attended_or_expected_graduation": null, "field_of_study": null}}, {"institution": "Ivey Business School at Western University", "degree_details": {"degree_name": "Master of Business Administration - MBA", "dates_attended_or_expected_graduation": null, "field_of_study": null}}, {"institution": "Western University", "degree_details": {"degree_name": "Doctor of Law - JD", "dates_attended_or_expected_graduation": null, "field_of_study": null}}], "employee_name": "x4IuWJwc/k2PMg==*+4+/nfFJX+vcECAWXCMnZw==*DN/zAAdyWqSAZ/78mImOoA==*aLhj34wnqhcuaGlVB+qJSQ=="}, {"experience": [{"company_name": "Kira Systems", "dates_employed": "Feb 2020\u2013Present", "employment_duration": "2 yrs 4 mos", "location": "Toronto, Ontario, Canada", "title": "Technical Product Writer"}, {"company_name": "Index Exchange", "dates_employed": "Dec 2017\u2013Feb 2020", "employment_duration": "2 yrs 3 mos", "location": "Toronto, Canada Area", "title": "Senior Technical Writer"}, {"company_name": "Informatica", "dates_employed": "Mar 2014\u2013Nov 2017", "employment_duration": "3 yrs 9 mos", "location": "Toronto, Canada Area", "title": "Senior Technical Writer"}, {"company_name": "ADP Dealer Services", "dates_employed": "Jul 2004\u2013Jan 2014", "employment_duration": "9 yrs 7 mos", "location": "Toronto, Canada Area", "title": "Technical Writer"}, {"company_name": "SourceSkills Ltd.", "dates_employed": "Apr 2002\u2013Jul 2004", "employment_duration": "2 yrs 4 mos", "location": "Dublin, Ireland", "title": "Technical Writer"}], "education": [{"institution": "University College Dublin", "degree_details": {"degree_name": "Bachelor's Degree", "field_of_study": "English and History", "dates_attended_or_expected_graduation": null}}, {"institution": "University College Dublin", "degree_details": {"degree_name": "Master's Degree", "field_of_study": "Modern English", "dates_attended_or_expected_graduation": null}}, {"institution": "Michael Smurfit Business College", "degree_details": {"degree_name": "Diploma in Business Studies", "dates_attended_or_expected_graduation": null, "field_of_study": null}}], "employee_name": "6ePBeKcPyHZ7b/Y=*IbA2LeFuS7GglphPWDsFBQ==*cN6E6Fxhpbs3/JRU3/z83A==*nupzWIohdjTAYvrwHAY1Tw=="}, {"experience": [{"company_name": "Kira Systems", "dates_employed": "Nov 2018\u2013Present", "employment_duration": "3 yrs 7 mos", "location": "Edmonton, Canada Area", "title": "Principal Software Developer"}, {"company_name": "Home", "dates_employed": "Apr 2007\u2013Present", "employment_duration": "15 yrs 2 mos", "location": "Home", "title": "Free Software Developer"}, {"company_name": "ATB Financial", "dates_employed": "Jan 2018\u2013Nov 2018", "employment_duration": "11 mos", "location": "Edmonton, Canada Area", "title": "Senior Developer"}, {"company_name": "Dell EMC", "dates_employed": "Jul 2010\u2013Jan 2018", "employment_duration": "7 yrs 7 mos", "location": "Edmonton", "title": "Principal Software Engineer"}, {"company_name": "ADGA Group", "dates_employed": "Sep 2007\u2013Jun 2010", "employment_duration": "2 yrs 10 mos", "location": "Home", "title": "Programmer/Analyst"}], "education": [{"institution": "University of Alberta", "degree_details": {"degree_name": "M.Sc.", "field_of_study": "Robotics", "dates_attended_or_expected_graduation": "2000 \u2013 2003"}}, {"institution": "University of Guelph", "degree_details": {"degree_name": "B.Sc.", "field_of_study": "Engineering Systems & Computing", "dates_attended_or_expected_graduation": "1995 \u2013 1999"}}], "employee_name": "Hhw0vyfAuvIjFNM+8oUXGf0=*CdTkvqv2yHlwmQnEbk9MVQ==*bSk/FQBKwYbmSpONSoZO6Q==*4wKRKd+7D53g9uHDScGqpw=="}, {"experience": [{"company_name": "Kira Systems", "dates_employed": "Apr 2021\u2013Present", "employment_duration": "1 yr 2 mos", "location": "Toronto, Ontario, Canada", "title": "Technical Account Manager"}, {"company_name": "Kira Systems", "dates_employed": "Jun 2019\u2013Apr 2021", "employment_duration": "1 yr 11 mos", "location": "Toronto, Canada Area", "title": "Technical Support Associate"}, {"company_name": "Construction", "dates_employed": "May 2017\u2013Jun 2019", "employment_duration": "2 yrs 2 mos", "location": "Toronto, Canada Area", "title": "Property Management Assistant"}, {"company_name": "Freelance", "dates_employed": "Nov 2015\u2013Jun 2019", "employment_duration": "3 yrs 8 mos", "location": "Toronto, Canada Area", "title": "IT Consulting"}, {"company_name": "altis Human Resources (Altis HR)", "dates_employed": "Nov 2014\u2013Nov 2015", "employment_duration": "1 yr 1 mo", "location": "Toronto, Canada Area", "title": "Data Entry Specialist"}], "education": [{"institution": "Seneca College", "degree_details": {"degree_name": "Diploma", "field_of_study": "Computer Networking and Technical Support", "dates_attended_or_expected_graduation": "2017 \u2013 2019"}}, {"institution": "St. Patrick's Comprehensive School, Shannon, Clare, Ireland", "degree_details": {"degree_name": "High School", "field_of_study": "Leaving Certificate", "dates_attended_or_expected_graduation": "1999 \u2013 2004"}}], "employee_name": "pOEmIUkCAHGK1HHenxE=*BYn/4lzsRiqK4Q8I2+k+sw==*l4FLZbUsJEzeEU/Z482/8g==*3UMMJsR7hgv5x/Qa6cBjVw=="}, {"experience": [{"company_name": "Kira Systems", "dates_employed": "Jan 2020\u2013Present", "employment_duration": "2 yrs 5 mos", "location": "Toronto, Ontario, Canada", "title": "Software Developer"}, {"company_name": "Kira Systems", "dates_employed": "Apr 2018\u2013Aug 2020", "employment_duration": "2 yrs 5 mos", "location": null, "title": "Quality Engineer"}, {"company_name": "ScribbleLive", "dates_employed": "Dec 2016\u2013Apr 2018", "employment_duration": "1 yr 5 mos", "location": "Toronto, Ontario, Canada", "title": "QA Engineer"}, {"company_name": "TunnelBear Inc.", "dates_employed": "May 2015\u2013Oct 2016", "employment_duration": "1 yr 6 mos", "location": "Toronto, Canada Area", "title": "QA Engineer and Tech Support Bear"}, {"company_name": "JAYU", "dates_employed": "Jan 2015\u2013Aug 2016", "employment_duration": "1 yr 8 mos", "location": "Toronto, Canada Area", "title": "Director of Project Management"}], "education": [{"institution": "University of Toronto", "degree_details": {"degree_name": "Hon. B.Sc.", "field_of_study": "Astrophysics", "dates_attended_or_expected_graduation": "2009 \u2013 2013"}}, {"institution": "Chonbuk National University", "degree_details": {"degree_name": "Bachelor of Science (B.Sc.)", "field_of_study": "Physics", "dates_attended_or_expected_graduation": "2006 \u2013 2008"}}], "employee_name": "YsO/I1rQcifis9Wb*jpadJOFt22oFvnJBa0eYJg==*c8+ASnn70bSOggw61uIrfg==*dIZ9WRy1Y2JHOYb09zuxGw=="}, {"experience": [{"company_name": "Kira Systems", "dates_employed": "Jan 2018\u2013Present", "employment_duration": "4 yrs 5 mos", "location": "Toronto, Canada Area", "title": "Senior Software Engineer"}, {"company_name": "ScribbleLive", "dates_employed": "Oct 2016\u2013Jan 2018", "employment_duration": "1 yr 4 mos", "location": "Toronto, Canada Area", "title": "Software Engineer"}, {"company_name": "GALE Partners", "dates_employed": "Jun 2015\u2013Oct 2016", "employment_duration": "1 yr 5 mos", "location": "Toronto, Canada Area", "title": "Associate Full Stack Developer"}, {"company_name": "GALE Partners", "dates_employed": "Jan 2015\u2013Jun 2015", "employment_duration": "6 mos", "location": "Toronto, Canada Area", "title": "Jr. Full Stack Developer"}], "education": [{"institution": "HackerYou", "degree_details": {"degree_name": "Front-End Development Professional", "field_of_study": "Web Development", "dates_attended_or_expected_graduation": "2014 \u2013 2014"}}, {"institution": "Nipissing University", "degree_details": {"degree_name": "BEd", "field_of_study": "Education", "dates_attended_or_expected_graduation": "2010 \u2013 2011"}}, {"institution": "Trent University", "degree_details": {"degree_name": "B.A. Honours", "field_of_study": "History", "dates_attended_or_expected_graduation": "2006 \u2013 2010"}}], "employee_name": "t2Ip53N27Jgok5HO9ky29Bixlw==*MjWQe3nI1P0mTmFrnwWcNQ==*3cKbfJzRc5TWSYULpHj2Xg==*MgQsOJuKbPluiIvy2Pf0BA=="}, {"experience": [{"company_name": "Kira Systems", "dates_employed": "Aug 2021\u2013Present", "employment_duration": "10 mos", "location": null, "title": "Buisness Development Representative"}], "education": [{"institution": "Penn State University", "degree_details": {"degree_name": "Communication Arts and Sciences", "dates_attended_or_expected_graduation": "2017 \u2013 2021", "field_of_study": null}}], "employee_name": "pJP2DWBhS9CJUUe5xDfU*tPwh59axF0h6h5bDK9Inug==*AvtVGIzlqha5fOosWsAKjg==*pTXUiOl7PWLaWNzEH5gGMA=="}, {"experience": [{"company_name": "Kira Systems", "dates_employed": "2021\u2013Present", "employment_duration": "1 yr", "location": "Toronto, Ontario, Canada", "title": "DevOps Specialist"}, {"company_name": "TradeRev", "dates_employed": "2018\u20132020", "employment_duration": "2 yrs", "location": null, "title": "DevOps Engineer / Site Reliability Engineer"}, {"company_name": "TradeRev", "dates_employed": "2016\u20132018", "employment_duration": "2 yrs", "location": null, "title": "System Administrator / Analyst"}, {"company_name": "Softwood Technology Inc", "dates_employed": "2015\u20132016", "employment_duration": "1 yr", "location": null, "title": "Network and System Engineer"}, {"company_name": "QA Consultants", "dates_employed": "2011\u20132014", "employment_duration": "3 yrs", "location": "Toronto, Canada Area", "title": "QA Analyst"}], "education": [{"institution": "Seneca College", "degree_details": {"degree_name": "Diploma", "field_of_study": "Computer Network & Technical Support", "dates_attended_or_expected_graduation": null}}], "employee_name": "B2iDDuv2hg==*aksnENT6oQENqpgOUkDGtw==*Lt+agn/XExahSUbg9j0Caw==*9w0RACW3iNcsDz7Fw9+hYg=="}, {"experience": [{"company_name": "Chubb", "dates_employed": "Jul 2021\u2013Present", "employment_duration": "11 mos", "location": "Toronto, Ontario, Canada", "title": "Legal Counsel"}, {"company_name": "Kira Systems", "dates_employed": "Apr 2017\u2013Present", "employment_duration": "5 yrs 2 mos", "location": "Toronto, Canada Area", "title": "Contractor - Legal Knowledge Engineering"}, {"company_name": "Intact", "dates_employed": "Aug 2018\u2013Jul 2021", "employment_duration": "3 yrs", "location": "Toronto, Canada Area", "title": "Legal Counsel"}, {"company_name": "Intact", "dates_employed": "Aug 2017\u2013Jun 2018", "employment_duration": "11 mos", "location": null, "title": "Articling Student"}, {"company_name": "Coachman Insurance Company", "dates_employed": "May 2016\u2013Sep 2016", "employment_duration": "5 mos", "location": "Toronto, Canada Area", "title": "Summer Law Student"}], "education": [{"institution": "York University - Osgoode Hall Law School", "degree_details": {"degree_name": "Doctor of Law - JD", "dates_attended_or_expected_graduation": null, "field_of_study": null}}, {"institution": "Humber College", "degree_details": {"degree_name": "Post-graduate", "field_of_study": "Journalism", "dates_attended_or_expected_graduation": null}}, {"institution": "University of Waterloo", "degree_details": {"degree_name": "Bachelor of Arts - BA", "field_of_study": "English Language and Literature/Letters", "dates_attended_or_expected_graduation": null}}], "employee_name": "LLkFdx3KGzY=*eCzX5TAF/nkjQT0A7Jg8zg==*xrB3uj4LFt+1s1V76G6NXQ==*UXevujqGA3TfPQHBPOCcFg=="}, {"experience": null, "education": null, "employee_name": "4yliXOSSraML9y80UTzs*6jIJy8NK6r4mJ4YhVso1oQ==*lCHRS+OaKdwnE8umzOCAUg==*kKp0+FThLiWMz3So4hbSVg=="}, {"experience": [{"company_name": "Kira Systems", "dates_employed": "Jan 2022\u2013Present", "employment_duration": "5 mos", "location": "Toronto, Ontario, Canada", "title": "Interim Client Support Lead"}, {"company_name": "k9 Concierge Midtown", "dates_employed": "Nov 2017\u2013Present", "employment_duration": "4 yrs 7 mos", "location": "Toronto, Canada Area", "title": "Owner"}, {"company_name": "Kira Systems", "dates_employed": "Feb 2018\u2013Jan 2022", "employment_duration": "4 yrs", "location": "Toronto, Ontario, Canada", "title": "CSA"}, {"company_name": "TD", "dates_employed": "Apr 2014\u2013Sep 2016", "employment_duration": "2 yrs 6 mos", "location": "GTA", "title": "FSR"}, {"company_name": "Starbucks", "dates_employed": "Nov 2011\u2013Apr 2016", "employment_duration": "4 yrs 6 mos", "location": null, "title": "Barista"}], "education": [{"institution": "Columbia University in the City of New York", "degree_details": {"degree_name": "Research Doctorate", "field_of_study": "Biophysics", "dates_attended_or_expected_graduation": "2000 \u2013 2006"}}, {"institution": "Ryerson University", "degree_details": {"degree_name": "Bachelor of Science (BSc)", "field_of_study": "Registered Nursing, Nursing Administration, Nursing Research and Clinical Nursing", "dates_attended_or_expected_graduation": "1997 \u2013 2000"}}, {"institution": "The University of Western Ontario", "degree_details": {"degree_name": "Master's degree", "field_of_study": "Biophysics", "dates_attended_or_expected_graduation": "1988 \u2013 1992"}}], "employee_name": "hrvPH0vICMSBDg==*tVjG2Isqti8Yb71BUlBUnQ==*j8YCGebPxzBsumOLiLXDCA==*2R5JnY+tmVvZSO1+rIz4jw=="}, {"experience": [{"company_name": "Kira Systems", "dates_employed": "Jun 2019\u2013Present", "employment_duration": "3 yrs", "location": null, "title": "Legal Knowledge Engineering"}, {"company_name": "ABC.D TurF Ltd.", "dates_employed": "Oct 2016\u2013Aug 2019", "employment_duration": "2 yrs 11 mos", "location": "Vancouver, British Columbia", "title": "Shareholder"}, {"company_name": "ABC.D TurF Ltd.", "dates_employed": "May 2016\u2013Jun 2018", "employment_duration": "2 yrs 2 mos", "location": "Vancouver, Canada", "title": "VP Business Development and Finance"}, {"company_name": "Scott & Down LLP", "dates_employed": "2011\u2013Mar 2015", "employment_duration": "4 yrs", "location": "Toronto, Canada", "title": "Partner"}, {"company_name": "Office of the Honourable Harinder S. Takhar, Minister of Government Services", "dates_employed": "May 2010\u2013Jun 2011", "employment_duration": "1 yr 2 mos", "location": "Toronto, Canada Area", "title": "Senior Policy Advisor"}], "education": [{"institution": "The University of British Columbia", "degree_details": {"degree_name": "LL.B", "field_of_study": "Law", "dates_attended_or_expected_graduation": "2004 \u2013 2007"}}, {"institution": "University of Toronto", "degree_details": {"degree_name": "H.B.A", "field_of_study": "Economics, Economic History", "dates_attended_or_expected_graduation": "1999 \u2013 2004"}}], "employee_name": "XxlEva5kBhUJIA==*Kbt31QnGq+ieq8pHlbKZTQ==*zAJyMlRCuVNzmgPbKK1lhA==*/KFECkVcibpvEUuqmjtyNg=="}, {"experience": [{"company_name": "Kira Systems", "dates_employed": "Oct 2021\u2013Present", "employment_duration": "8 mos", "location": "Toronto, Ontario, Canada", "title": "Senior Quality Engineer"}, {"company_name": "Oracle", "dates_employed": "Apr 2018\u2013Oct 2021", "employment_duration": "3 yrs 7 mos", "location": "Toronto, Canada Area", "title": "Software Developer In Test"}, {"company_name": "Maxiprosoft", "dates_employed": "Oct 2010\u2013Sep 2017", "employment_duration": "7 yrs", "location": "Minsk, Belarus", "title": "QA Engineer"}, {"company_name": "Belarusian Hydrometeorological Center", "dates_employed": "Jan 2008\u2013Jul 2010", "employment_duration": "2 yrs 7 mos", "location": "Minsk, Belarus", "title": "Software Engineer"}], "education": [{"institution": "Belarusian State University of Informatics and Radioelectronics", "degree_details": {"degree_name": "Master's degree", "field_of_study": "Information Technology", "dates_attended_or_expected_graduation": "2003 \u2013 2008"}}], "employee_name": "xhffpfZkS+xW0/uB*SjNqfPKbotE67Vok3EQUKQ==*CyaCo4sSgI9ioX/N/ICWCw==*UDyU482D5jMojLAeKLNn2g=="}, {"experience": [{"company_name": "Kira Systems", "dates_employed": "May 2020\u2013Present", "employment_duration": "2 yrs 1 mo", "location": null, "title": "Client Support Associate"}, {"company_name": "HSBC", "dates_employed": "Aug 2018\u2013May 2020", "employment_duration": "1 yr 10 mos", "location": "Leeds, United Kingdom", "title": "Customer Service Advisor"}], "education": [{"institution": "University of Leeds", "degree_details": {"degree_name": "Bachelor of Laws", "field_of_study": "LLB Law", "dates_attended_or_expected_graduation": "2017 \u2013 2020"}}, {"institution": "Greenhead College", "degree_details": {"field_of_study": "A-Levels", "dates_attended_or_expected_graduation": "2015 \u2013 2017", "degree_name": null}}], "employee_name": "EottPqdN4aRehhSP*wZQ/h8U9Wmy4Ru45E/XN6Q==*naNeKRal3TMkOQMxQecJ0w==*kPfM2J+JTNm52YhSqia7Jg=="}, {"experience": [{"company_name": "Kira Systems", "dates_employed": "Dec 2019\u2013Present", "employment_duration": "2 yrs 6 mos", "location": "Toronto, Canada Area", "title": "Software Developer"}, {"company_name": "https://github.com/dawranliou", "dates_employed": "Jul 2019\u2013Dec 2019", "employment_duration": "6 mos", "location": null, "title": "Free/Libre and Open Source Software Developer"}, {"company_name": "KLA", "dates_employed": "Dec 2013\u2013Jun 2019", "employment_duration": "5 yrs 7 mos", "location": "San Francisco Bay Area", "title": "Software Engineer"}], "education": [{"institution": "Cornell University", "degree_details": {"degree_name": "Master of Engineering (MEng)", "field_of_study": "Mechanical Engineering", "dates_attended_or_expected_graduation": "2012 \u2013 2013"}}, {"institution": "National Taiwan University", "degree_details": {"degree_name": "Bachelor of Science (BS)", "field_of_study": "Mechanical Engineering", "dates_attended_or_expected_graduation": "2007 \u2013 2011"}}], "employee_name": "7HTRsVAKyfHPUEmb*0O3koQ39Me6vzYiwKzwBeQ==*dqjHeM3WbPNKU2Qw2aSJEA==*LHw30jSH5GoTTJScRmF2Hg=="}, {"experience": [{"company_name": "Kira Systems", "dates_employed": "Apr 2021\u2013Present", "employment_duration": "1 yr 2 mos", "location": "Toronto, Canada", "title": "Senior Graphic Designer"}, {"company_name": "linh-trinh.com", "dates_employed": "Jun 2017\u2013Present", "employment_duration": "5 yrs", "location": "Toronto, Canada", "title": "Brand Designer"}, {"company_name": "Kira Systems", "dates_employed": "Mar 2019\u2013Apr 2021", "employment_duration": "2 yrs 2 mos", "location": "Toronto, Canada", "title": "Graphic Designer"}, {"company_name": "Ecopark Group", "dates_employed": "Feb 2015\u2013Jun 2017", "employment_duration": "2 yrs 5 mos", "location": "Vietnam", "title": "Brand Development Specialist"}, {"company_name": "Bratus Agency", "dates_employed": "Sep 2015\u2013Feb 2016", "employment_duration": "6 mos", "location": "Vietnam", "title": "Junior Brand Consultant"}], "education": [{"institution": "University of East Anglia", "degree_details": {"degree_name": "Master of Science (MSc)", "field_of_study": "Brand Leadership", "dates_attended_or_expected_graduation": "2013 \u2013 2014"}}, {"institution": "RMIT University Vietnam", "degree_details": {"degree_name": "Bachelor", "field_of_study": "Commerce", "dates_attended_or_expected_graduation": "2008 \u2013 2010"}}, {"institution": "FPT Arena Multimedia", "degree_details": {"degree_name": "Diploma", "field_of_study": "Multimedia", "dates_attended_or_expected_graduation": "2010 \u2013 2012"}}], "employee_name": "p/+ATyJHq4PLMg==*wMw/e3eDrCaCzpAUhSQ8vQ==*1X5nr3wUCOVNNNB6vUpzBg==*x8GP1rnRxyAh+voijs6Zxg=="}, {"experience": [{"company_name": "Zuva", "dates_employed": "Sep 2021\u2013Present", "employment_duration": "9 mos", "location": "Toronto, Ontario, Canada", "title": "Software Engineer"}, {"company_name": "Kira Systems", "dates_employed": "Jun 2021\u2013Present", "employment_duration": "1 yr", "location": null, "title": "Senior Software Engineer"}, {"company_name": "NetNumber", "dates_employed": "Mar 2020\u2013May 2021", "employment_duration": "1 yr 3 mos", "location": "Toronto, Ontario, Canada", "title": "Software Engineer II"}, {"company_name": "CIBC", "dates_employed": "Feb 2019\u2013Mar 2020", "employment_duration": "1 yr 2 mos", "location": "Toronto, Canada Area", "title": "Senior Application Developer"}, {"company_name": "Index Exchange", "dates_employed": "Oct 2017\u2013Jan 2019", "employment_duration": "1 yr 4 mos", "location": "Toronto, Canada Area", "title": "Service Engineer"}], "education": [{"institution": "Brock University", "degree_details": {"degree_name": "Bachelor\u2019s Degree", "field_of_study": "Computer Science", "dates_attended_or_expected_graduation": "2010 \u2013 2015"}}], "employee_name": "nofcTZJ2y5w0GIpjPkfXeA==*VrcEiQkC//P5tLoUTACpXw==*r5qSa6TMEZAubqIHTnkkNA==*77rpmH6gTLIdCZg+gUdV1w=="}]