[{"experience": [{"company_name": "Drive Capital", "dates_employed": "Nov 2012\u2013Present", "employment_duration": "9 yrs 7 mos", "location": "Columbus, Ohio Area", "title": "Co-Founder and Partner"}, {"company_name": "Physna", "dates_employed": "Jul 2019\u2013Present", "employment_duration": "2 yrs 11 mos", "location": "Columbus, Ohio Area", "title": "Board Member"}, {"company_name": "Clinc, Inc.", "dates_employed": "Jan 2017\u2013Present", "employment_duration": "5 yrs 5 mos", "location": "Ann Arbor, Michigan", "title": "Board Member"}, {"company_name": "Muve Health", "dates_employed": "May 2015\u2013Present", "employment_duration": "7 yrs 1 mo", "location": "Boulder, CO", "title": "Board Member"}, {"company_name": "Udacity", "dates_employed": "Sep 2014\u2013Present", "employment_duration": "7 yrs 9 mos", "location": "Palo Alto, CA", "title": "Board Member"}], "education": [{"institution": "University of California, Berkeley", "degree_details": {"degree_name": "BA", "field_of_study": "French", "dates_attended_or_expected_graduation": "1979 \u2013 1985"}}], "employee_name": "EtlCT14XobYyxEU=*m/tvuF0b30FMVLzFNLD3Jg==*9S8xmLB3QrE3Qv1Qj/N4vQ==*94wyucTRcZawSlZoCn9o1w=="}, {"experience": [{"company_name": "Clinc, Inc.", "dates_employed": "Jul 2020\u2013Present", "employment_duration": "1 yr 11 mos", "location": "Ann Arbor, Michigan, United States", "title": "Chief Executive Officer"}, {"company_name": "Cubic Corporation", "dates_employed": "Oct 2018\u2013Jul 2020", "employment_duration": "1 yr 10 mos", "location": "Sugar Land, TX", "title": "Vice-President & General Manager, Cubic Surface Transportation"}, {"company_name": "Trafficware", "dates_employed": "Aug 2013\u2013Oct 2018", "employment_duration": "5 yrs 3 mos", "location": "Sugar Land, TX", "title": "Chief Executive Officer"}, {"company_name": "New World Systems", "dates_employed": "Nov 2011\u2013Jul 2013", "employment_duration": "1 yr 9 mos", "location": "Troy, Michigan", "title": "Senior Vice-President & General Manager, Logos Division"}, {"company_name": "Kaplan Compliance Solutions", "dates_employed": "Oct 2009\u2013Nov 2011", "employment_duration": "2 yrs 2 mos", "location": "Indianapolis, Indiana Area", "title": "Chief Operating Officer"}], "education": [{"institution": "Harvard Business School", "degree_details": {"degree_name": "MBA", "field_of_study": "General Management", "dates_attended_or_expected_graduation": "1995 \u2013 1997"}}, {"institution": "United States Military Academy at West Point", "degree_details": {"degree_name": "BS", "field_of_study": "Economics and Engineering", "dates_attended_or_expected_graduation": "1986 \u2013 1990"}}, {"institution": "Parkland High School", "degree_details": {"dates_attended_or_expected_graduation": "1983 \u2013 1986", "degree_name": null, "field_of_study": null}}], "employee_name": "PMdosyFIyUr2y8c=*a+Z9vrvV869iUnkZJve4eA==*HIBbg3nZWuepD/xPgw2BQQ==*NxIFoN/Q0vxN/aYDhSDHAQ=="}, {"experience": [{"company_name": "Birdeye", "dates_employed": "Jun 2021\u2013Present", "employment_duration": "1 yr", "location": "Palo Alto, California, United States", "title": "Chief Financial Officer"}, {"company_name": "Eltropy", "dates_employed": "Dec 2020\u2013Present", "employment_duration": "1 yr 6 mos", "location": null, "title": "Advisor"}, {"company_name": "Clinc, Inc.", "dates_employed": "Sep 2019\u2013Present", "employment_duration": "2 yrs 9 mos", "location": null, "title": "Advisor"}, {"company_name": "Doximity", "dates_employed": "May 2020\u2013Dec 2020", "employment_duration": "8 mos", "location": "San Francisco Bay Area", "title": "Chief Financial Officer"}, {"company_name": "Dynamic Signal", "dates_employed": "Jun 2018\u2013May 2020", "employment_duration": "2 yrs", "location": "San Francisco Bay Area", "title": "Chief Financial Officer"}], "education": [{"institution": "The University of Chicago Booth School of Business", "degree_details": {"degree_name": "MBA", "field_of_study": "Finance and Strategy", "dates_attended_or_expected_graduation": "2001 \u2013 2003"}}, {"institution": "Northwestern University", "degree_details": {"field_of_study": "Engineering", "dates_attended_or_expected_graduation": null, "degree_name": null}}], "employee_name": "MZ4aNrrlS6EE*jj4IV13S9ITcleAQxR/phQ==*eJ4rspBWtdDdM8dnxFZHvw==*vNMJ6aocqxqaZ4odhSgT+A=="}, {"experience": [{"company_name": "Clinc, Inc.", "dates_employed": "Mar 2018\u2013Present", "employment_duration": "4 yrs 3 mos", "location": "San Francisco, California", "title": "Head of Business Development"}, {"company_name": "Clinc, Inc.", "dates_employed": "Mar 2017\u2013Mar 2018", "employment_duration": "1 yr 1 mo", "location": "San Francisco, CA", "title": "VP, Product"}, {"company_name": "FIS", "dates_employed": "Jan 2014\u2013Mar 2017", "employment_duration": "3 yrs 3 mos", "location": "San Francisco, CA", "title": "VP of Product, Mobile Apps & Analytics (mFoundry)"}, {"company_name": "FIS", "dates_employed": "Jan 2013\u2013Jan 2014", "employment_duration": "1 yr 1 mo", "location": null, "title": "Head of Mobile Analytics & Strategy (mFoundry)"}, {"company_name": "UBS", "dates_employed": "Jun 2009\u2013Dec 2012", "employment_duration": "3 yrs 7 mos", "location": "San Francisco, CA", "title": "Associate Director, Technology Investment Banking"}], "education": [{"institution": "University of Michigan - Stephen M. Ross School of Business", "degree_details": {"degree_name": "Master of Business Administration (M.B.A.)", "field_of_study": "with Distinction", "dates_attended_or_expected_graduation": null}}, {"institution": "University of Pennsylvania", "degree_details": {"degree_name": "Bachelor\u2019s Degree", "dates_attended_or_expected_graduation": null, "field_of_study": null}}, {"institution": "The Fieldston School", "degree_details": {"dates_attended_or_expected_graduation": null, "degree_name": null, "field_of_study": null}}], "employee_name": "/GaWEo7UU++c*NAU5i1GOI0e/slsE80bXOw==*/bxz72lcZFmwxUGuntuMUg==*UuUEp3QACP6BKLApZPVa2Q=="}, {"experience": [{"company_name": "Clinc, Inc.", "dates_employed": "Sep 2020\u2013Present", "employment_duration": "1 yr 9 mos", "location": "Ann Arbor, Michigan, United States", "title": "Chief Marketing Officer"}, {"company_name": "Park West Gallery", "dates_employed": "Nov 2016\u2013Sep 2020", "employment_duration": "3 yrs 11 mos", "location": "Greater Detroit Area", "title": "Vice President of Marketing"}, {"company_name": "Fuel Leadership, LLC", "dates_employed": "May 2015\u2013Nov 2016", "employment_duration": "1 yr 7 mos", "location": "Greater Detroit Area", "title": "Chief Marketing Officer"}, {"company_name": "Learning Care Group", "dates_employed": "Apr 2013\u2013May 2015", "employment_duration": "2 yrs 2 mos", "location": "Novi, Michigan", "title": "Executive Vice President, Chief Marketing Officer"}, {"company_name": "New World Systems, (now Tyler Technologies", "dates_employed": "Apr 2012\u2013Apr 2013", "employment_duration": "1 yr 1 mo", "location": "Troy, Michigan", "title": "Vice President of Marketing"}], "education": [{"institution": "University of Michigan", "degree_details": {"degree_name": "Bachelor of Arts", "field_of_study": "Communication", "dates_attended_or_expected_graduation": null}}, {"institution": "Michigan State University", "degree_details": {"degree_name": "Master's", "field_of_study": "Advertising Arts", "dates_attended_or_expected_graduation": null}}], "employee_name": "atfqrf38d3B0KzFtRi3Efg==*nIER6bQEHpWIRTu1jOxC/w==*FYcQDPC3wmbNaZtYZl0Zaw==*c4NPxAhKunMXwW3MBpTqkA=="}, {"experience": [{"company_name": "Clinc, Inc.", "dates_employed": "May 2020\u2013Present", "employment_duration": "2 yrs 1 mo", "location": null, "title": "VP Product"}, {"company_name": "Clinc, Inc.", "dates_employed": "Jul 2019\u2013May 2020", "employment_duration": "11 mos", "location": null, "title": "Executive Director of Operational Excellence"}, {"company_name": "USAA", "dates_employed": "Sep 2018\u2013Jul 2019", "employment_duration": "11 mos", "location": null, "title": "Black Belt"}, {"company_name": "USAA", "dates_employed": "May 2015\u2013Sep 2018", "employment_duration": "3 yrs 5 mos", "location": null, "title": "Product Management Director"}, {"company_name": "USAA", "dates_employed": "Jul 2014\u2013May 2015", "employment_duration": "11 mos", "location": null, "title": "Black Belt (Director)"}], "education": [{"institution": "The University of Texas at San Antonio", "degree_details": {"degree_name": "Master of Business Administration (MBA)", "field_of_study": "Finance, General", "dates_attended_or_expected_graduation": "2004 \u2013 2006"}}, {"institution": "The University of Texas at San Antonio", "degree_details": {"degree_name": "Bachelor of Business Administration (BBA)", "field_of_study": "Economics", "dates_attended_or_expected_graduation": "2002 \u2013 2004"}}], "employee_name": "2k2wAuNU85NjmA6yRA==*2ZXzpZ6ToGDpALQLTPrTyw==*AS6jp35SP7i6SZAtHT2Q/Q==*tyuCNj+fEmKSbVc/+TIQMQ=="}, {"experience": [{"company_name": "DFJ Growth", "dates_employed": "2005\u2013Present", "employment_duration": "17 yrs", "location": "Menlo Park, California", "title": "Founder & Partner, DFJ Growth"}, {"company_name": "SpaceX", "dates_employed": "2009\u2013Present", "employment_duration": "13 yrs", "location": "Hawthorne, CA", "title": "Board Observer"}, {"company_name": "Coinbase", "dates_employed": "2014\u2013Present", "employment_duration": "8 yrs", "location": "San Francisco, California, United States", "title": "Investor"}, {"company_name": "Unity Technologies", "dates_employed": "2015\u2013Present", "employment_duration": "7 yrs", "location": "San Francisco, California, United States", "title": "Investor"}, {"company_name": "Tesla", "dates_employed": "2009\u2013Present", "employment_duration": "13 yrs", "location": "San Francisco Bay Area", "title": "Board Observer / Investor"}], "education": [{"institution": "UCLA Anderson School of Management", "degree_details": {"degree_name": "MBA", "dates_attended_or_expected_graduation": "1991 \u2013 1994", "field_of_study": null}}, {"institution": "University of Southern California", "degree_details": {"degree_name": "MSEE", "field_of_study": "Electrical Engineering", "dates_attended_or_expected_graduation": "1988 \u2013 1990"}}, {"institution": "University of Florida", "degree_details": {"degree_name": "BSEE", "field_of_study": "Electrical Engineering", "dates_attended_or_expected_graduation": "1983 \u2013 1988"}}], "employee_name": "RleRiTSp6p64dVE=*xnVUwwlhSBMr8puqYul8jA==*l+3aiwZMI3756xeQwA/1mQ==*pcS6ybVYi5F98rSN5qu08g=="}, {"experience": [{"company_name": "Clinc, Inc.", "dates_employed": "Oct 2019\u2013Present", "employment_duration": "2 yrs 8 mos", "location": "Ann Arbor, MI", "title": "XO - Experience Owner"}, {"company_name": "Otava", "dates_employed": "Sep 2018\u2013May 2019", "employment_duration": "9 mos", "location": "Ann Arbor, Michigan", "title": "Senior Operations Manager / Senior Manager of Service Delivery"}, {"company_name": "Otava", "dates_employed": "May 2018\u2013May 2019", "employment_duration": "1 yr 1 mo", "location": "Ann Arbor, MI", "title": "Operations Manager / Manager of Deployments"}, {"company_name": "Genpact", "dates_employed": "Aug 2015\u2013Oct 2017", "employment_duration": "2 yrs 3 mos", "location": "Farmington Hills, MI", "title": "Operations Manager and Sales Team Leader, Google My Business Monetization"}, {"company_name": "Genpact", "dates_employed": "Dec 2014\u2013Oct 2017", "employment_duration": "2 yrs 11 mos", "location": "Ann Arbor, MI", "title": "Chat Team Leader, Google My Business"}], "education": [{"institution": "University of Michigan", "degree_details": {"degree_name": "Bachelor of Arts (B.A.)", "field_of_study": "Asian Studies with a Concentration in Mandarin Chinese Language", "dates_attended_or_expected_graduation": "2006 \u2013 2009"}}, {"institution": "Eastern Michigan University", "degree_details": {"degree_name": "Bachelor of Arts", "field_of_study": "Asian Studies", "dates_attended_or_expected_graduation": "2006 \u2013 2007"}}], "employee_name": "MQYOHYsBsnvqcZIuhPOaA7yyrO8qT7b7tneiLBEFJqV7*uJFMilCS454d9t7SL56gDw==*oXIayD2BIWUsT0ENAwHiOw==*Z7ZZqlKihCeGKj6FHAR5RA=="}, {"experience": [{"company_name": "Clinc, Inc.", "dates_employed": "Oct 2019\u2013Present", "employment_duration": "2 yrs 8 mos", "location": "Ann Arbor, Michigan, United States", "title": "VP, Software Engineering"}, {"company_name": "Barracuda", "dates_employed": "May 2019\u2013Oct 2019", "employment_duration": "6 mos", "location": null, "title": "Senior Director, Shared Services"}, {"company_name": "Barracuda", "dates_employed": "Nov 2018\u2013May 2019", "employment_duration": "7 mos", "location": "Ann Arbor, MI", "title": "Senior Director, QA & Escalations"}, {"company_name": "Barracuda (NYSE: CUDA)", "dates_employed": "Feb 2016\u2013Nov 2018", "employment_duration": "2 yrs 10 mos", "location": "Ann Arbor, MI", "title": "Director, QA & Escalations"}, {"company_name": "Barracuda Networks", "dates_employed": "Dec 2013\u2013Feb 2016", "employment_duration": "2 yrs 3 mos", "location": "Ann Arbor, MI", "title": "Software QA Manager"}], "education": [{"institution": "University of Michigan-Dearborn", "degree_details": {"degree_name": "Master of Science", "field_of_study": "Engineering Management", "dates_attended_or_expected_graduation": "2004 \u2013 2006"}}, {"institution": "University of Michigan-Dearborn", "degree_details": {"degree_name": "Master of Science", "field_of_study": "Software Engineering", "dates_attended_or_expected_graduation": "2000 \u2013 2003"}}, {"institution": "University of Michigan-Dearborn", "degree_details": {"degree_name": "Bachelor of Science", "field_of_study": "Computer Science", "dates_attended_or_expected_graduation": "1994 \u2013 1998"}}], "employee_name": "BHc+aoPYbd6NPnYYV3wdqQ==*H4kktn7M9zJ0ROaADD7uYg==*qxNOEgMVxX5gbb4aLA1sNw==*Nn3mwV5zhUQWJCtZAbI0ow=="}, {"experience": [{"company_name": "Clinc, Inc.", "dates_employed": null, "employment_duration": null, "location": null, "title": "Chief Executive Officer"}], "education": null, "employee_name": "VZubJhAb734EYT0=*EoEpIJXuEtAr1YurCAwD5g==*BaVfrriXKcNQJjDvcAZeaA==*OUvqhG6IqkVXtoX+Bqv11g=="}, {"experience": [{"company_name": "Clinc, Inc.", "dates_employed": "Jun 2019\u2013Present", "employment_duration": "3 yrs", "location": "Ann Arbor, Michigan, United States", "title": "Information Technology Administrator"}, {"company_name": "cusp", "dates_employed": "Aug 2018\u2013Jun 2019", "employment_duration": "11 mos", "location": "Commerce Township, Michigan, United States", "title": "Systems Engineer IAE"}, {"company_name": "ZIXCORP SYSTEMS, INC.", "dates_employed": "Feb 2016\u2013Aug 2018", "employment_duration": "2 yrs 7 mos", "location": "Ann Arbor, Michigan, United States", "title": "Level III Support Tech/Threat Analyst"}, {"company_name": "Barracuda (NYSE: CUDA)", "dates_employed": "Feb 2013\u2013Jun 2016", "employment_duration": "3 yrs 5 mos", "location": "317 Maynard St. Ann Arbor, MI", "title": "Support Technician"}], "education": [{"institution": "ITT Technical Institute-Swartz Creek", "degree_details": {"degree_name": "NSA - Network Systems Administration", "field_of_study": "Computer Technology/Computer Systems Technology", "dates_attended_or_expected_graduation": "2012 \u2013 2013"}}], "employee_name": "KvtiY2ru9ddylg==*uTH+kKQYWk4Ro6g8r7WZvw==*13MiWBd/BYf5B9DFY66h8Q==*MLnf5vHRDP4DAnnlvHCMOQ=="}, {"experience": [{"company_name": "Clinc, Inc.", "dates_employed": "Feb 2022\u2013Present", "employment_duration": "4 mos", "location": "Phoenix, Arizona, United States", "title": "Account Executive"}, {"company_name": "Qu POS", "dates_employed": "May 2021\u2013Feb 2022", "employment_duration": "10 mos", "location": "Phoenix, Arizona, United States", "title": "Sales Director"}, {"company_name": "Revel Systems", "dates_employed": "Apr 2019\u2013May 2021", "employment_duration": "2 yrs 2 mos", "location": "Phoenix, Arizona", "title": "Enterprise Account Manager"}, {"company_name": "Revel Systems", "dates_employed": "Jun 2017\u2013Mar 2019", "employment_duration": "1 yr 10 mos", "location": "Phoenix, Arizona", "title": "Senior Sales Executive"}, {"company_name": "Revel Systems", "dates_employed": "May 2016\u2013Jun 2017", "employment_duration": "1 yr 2 mos", "location": "Phoenix, Arizona", "title": "Sales Executive"}], "education": [{"institution": "Towson University", "degree_details": {"degree_name": "Bachelor's Degree", "field_of_study": "Sociology-Criminal Justice", "dates_attended_or_expected_graduation": null}}], "employee_name": "tqzX4mPUmVw=*j2ApI8XEkFl2VDRohZX2jQ==*wfAoRn0P47ma+tR06OCjUw==*4kIPrZuwKb5HkA7k+RYY6A=="}, {"experience": [{"company_name": "University of Michigan", "dates_employed": "Sep 2020\u2013Present", "employment_duration": "1 yr 9 mos", "location": null, "title": "Associate Professor"}, {"company_name": "Clinc, Inc.", "dates_employed": "Jul 2015\u2013Present", "employment_duration": "6 yrs 11 mos", "location": null, "title": "Cofounder and board member"}, {"company_name": "Clinc, Inc.", "dates_employed": "Jul 2020\u2013Feb 2021", "employment_duration": "8 mos", "location": "Ann Arbor, Michigan, United States", "title": "Chief Technology Officer, Cofounder and Board member"}, {"company_name": "University of Michigan", "dates_employed": "2013\u2013Sep 2020", "employment_duration": "7 yrs", "location": null, "title": "Assistant Professor"}, {"company_name": "Clinc, Inc.", "dates_employed": "Feb 2020\u2013Jul 2020", "employment_duration": "6 mos", "location": null, "title": "Interim Chief Executive Officer, Cofounder and Board member"}], "education": [{"institution": "University of Virginia", "degree_details": {"degree_name": "Ph.D", "field_of_study": "Computer Science", "dates_attended_or_expected_graduation": "2005 \u2013 2011"}}, {"institution": "Zhejiang University", "degree_details": {"degree_name": "BS", "field_of_study": "Computer Science", "dates_attended_or_expected_graduation": "1999 \u2013 2003"}}], "employee_name": "hZBWjTA9ru4yhpsd*EHJ0N+7w4E+LFKGEhjRApQ==*G8X5kwMc6kW/5nP9fKd9yg==*G8rqrItfwZHrjQYx6xpbWA=="}, {"experience": [{"company_name": "Stanford University", "dates_employed": "Sep 2021\u2013Present", "employment_duration": "9 mos", "location": "Palo Alto, California, United States", "title": "Postdoctoral Researcher"}, {"company_name": "Sutter Hill Ventures", "dates_employed": "Sep 2021\u2013Present", "employment_duration": "9 mos", "location": "Palo Alto, California, United States", "title": "Postdoctoral Researcher in Residence"}, {"company_name": "Clinc, Inc.", "dates_employed": "Jul 2015\u2013Present", "employment_duration": "6 yrs 11 mos", "location": "Ann Arbor, MI", "title": "Co-Founder"}, {"company_name": "University of Michigan", "dates_employed": "2013\u20132017", "employment_duration": "4 yrs", "location": "Ann Arbor, MI", "title": "Graduate Student Research Assistant"}], "education": [{"institution": "University of Michigan", "degree_details": {"degree_name": "Doctor of Philosophy (Ph.D.)", "field_of_study": "Computer Science and Engineering", "dates_attended_or_expected_graduation": "2013 \u2013 2017"}}, {"institution": "University of Michigan", "degree_details": {"degree_name": "Master of Science (MSc)", "field_of_study": "Computer Science and Engineering", "dates_attended_or_expected_graduation": "2013 \u2013 2015"}}, {"institution": "University of Michigan", "degree_details": {"degree_name": "Bachelor's degree", "field_of_study": "Electrical Engineering", "dates_attended_or_expected_graduation": "2009 \u2013 2013"}}], "employee_name": "zEFNr32oUJr4K6pvw5Mk*ZVHfrS3XYJeY0VirmKtCoQ==*Acb2xBDwt9JnLoagGOGVUQ==*Ym1n3/0azS8//p14VvDd5Q=="}, {"experience": [{"company_name": "Clinc, Inc.", "dates_employed": "Aug 2021\u2013Present", "employment_duration": "10 mos", "location": "Ann Arbor, Michigan, United States", "title": "Sales Development"}, {"company_name": "Reveneer", "dates_employed": "Aug 2021\u2013Present", "employment_duration": "10 mos", "location": "Lexington, Massachusetts, United States", "title": "Sales Development Specialist"}, {"company_name": "Blue Cross Blue Shield of Massachusetts", "dates_employed": "Mar 2021\u2013Aug 2021", "employment_duration": "6 mos", "location": "Quincy, Massachusetts, United States", "title": "Federal Employee Program Representative"}, {"company_name": "CoPilot Provider Support Services, Inc", "dates_employed": "Aug 2020\u2013Mar 2021", "employment_duration": "8 mos", "location": "Orlando, Florida, United States", "title": "Quality Assurance Specialist"}, {"company_name": "Health First", "dates_employed": "Jul 2018\u2013Aug 2020", "employment_duration": "2 yrs 2 mos", "location": "Melbourne, Florida", "title": "Customer Care Representative"}], "education": [{"institution": "Eastern Florida State College", "degree_details": {"degree_name": "Bachelor of Applied Science - BASc", "field_of_study": "Organizational Management - Marketing and Sales", "dates_attended_or_expected_graduation": null}}, {"institution": "Eastern Florida State College", "degree_details": {"degree_name": "Associate of Arts - AA", "field_of_study": "Business Administration and Management, General", "dates_attended_or_expected_graduation": null}}], "employee_name": "X1GXFVtobZk=*19FdJ6fopDirhQAXel5Rew==*nD/Q4h8t6d9sqDzcvGqSQA==*V17r5VkepnrAB0yDy3LX5Q=="}, {"experience": [{"company_name": "SpiceCSM, LLC", "dates_employed": "Jun 2021\u2013Present", "employment_duration": "1 yr", "location": null, "title": "Sales Development Representative"}, {"company_name": "Clinc, Inc.", "dates_employed": "Nov 2021\u2013Present", "employment_duration": "7 mos", "location": null, "title": "Sales Development - Team Lead"}, {"company_name": "Reveneer", "dates_employed": "Jan 2021\u2013Present", "employment_duration": "1 yr 5 mos", "location": "Lexington, Massachusetts, United States", "title": "Sales Development - Team Lead"}, {"company_name": "Armory", "dates_employed": "Jan 2021\u2013Jun 2021", "employment_duration": "6 mos", "location": null, "title": "Sales Development Representative"}, {"company_name": "Drizly", "dates_employed": "Apr 2020\u2013May 2020", "employment_duration": "2 mos", "location": "Boston, Massachusetts, United States", "title": "Customer Experience Representative"}], "education": [{"institution": "Fairfield University", "degree_details": {"degree_name": "Bachelor of Arts - BA", "field_of_study": "English Language and Literature, General", "dates_attended_or_expected_graduation": null}}], "employee_name": "IbeNZWHo8U2A46DOzFw=*GpnQ5UkMySN6TuUKEtHBwg==*9fAOKc6oLqqU0Q0x0zmA5Q==*vjKLYQ6wcI0gG3Gopl8F+A=="}, {"experience": [{"company_name": "Clinc, Inc.", "dates_employed": "Aug 2021\u2013Present", "employment_duration": "10 mos", "location": "Lexington, Massachusetts, United States", "title": "Sales Development"}, {"company_name": "Reveneer", "dates_employed": "Aug 2021\u2013Present", "employment_duration": "10 mos", "location": "Lexington, Massachusetts, United States", "title": "Sales Development Specialist"}, {"company_name": "Power Home Remodeling", "dates_employed": "Jun 2021\u2013Aug 2021", "employment_duration": "3 mos", "location": "Waltham, Massachusetts, United States", "title": "Customer Development Representative"}, {"company_name": "Digital Federal Credit Union", "dates_employed": "Jul 2019\u2013Oct 2019", "employment_duration": "4 mos", "location": "Lowell, Massachusetts, United States", "title": "Information Specialist"}, {"company_name": "Market Basket", "dates_employed": "Jun 2016\u2013Jul 2019", "employment_duration": "3 yrs 2 mos", "location": "Tewksbury, Massachusetts, United States", "title": "Grocery Associate"}], "education": [{"institution": "University of Massachusetts Lowell", "degree_details": {"field_of_study": "Marketing", "dates_attended_or_expected_graduation": null, "degree_name": null}}], "employee_name": "TMvgzCX+9L9PCnZVND4=*5z7RpLk/HYhBWUlqbyOgdw==*Y5KL+lNL4BQ0YAL+8bAQww==*xPJNPiUgPslRCFsbqjXH1A=="}, {"experience": [{"company_name": "Clinc, Inc.", "dates_employed": "Sep 2018\u2013Present", "employment_duration": "3 yrs 9 mos", "location": null, "title": "Vice President, Customer Success"}, {"company_name": "University of Michigan Business Engagement Center", "dates_employed": "Jan 2018\u2013Sep 2018", "employment_duration": "9 mos", "location": "Ann Arbor, Michigan", "title": "Director"}, {"company_name": "University of Michigan", "dates_employed": "Jun 2012\u2013Dec 2017", "employment_duration": "5 yrs 7 mos", "location": "Ann Arbor, Michigan", "title": "Associate Director, Tauber Institute for Global Operations"}, {"company_name": "Intel Corporation", "dates_employed": "Aug 2007\u2013May 2012", "employment_duration": "4 yrs 10 mos", "location": "Albuquerque, New Mexico Area", "title": "Capital Program Manager"}, {"company_name": "Intel Corporation", "dates_employed": "Jul 2005\u2013Aug 2007", "employment_duration": "2 yrs 2 mos", "location": "Santa Clara, California", "title": "Development IE Capital and Transfer"}], "education": [{"institution": "University of Southern California", "degree_details": {"degree_name": "M.S.", "field_of_study": "Engineering Management", "dates_attended_or_expected_graduation": "2004 \u2013 2006"}}, {"institution": "University of Michigan", "degree_details": {"degree_name": "BS", "field_of_study": "Industrial and Operations Engineering", "dates_attended_or_expected_graduation": "1996 \u2013 2000"}}], "employee_name": "d7dHvTAATjly6w88Dd8=*JyqKdBvRcxJZ3tV1RpMB0Q==*25bVnACka5DlgoeGk2CTiA==*c7RTPg7JHt202Op78ORcog=="}, {"experience": [{"company_name": "EasyTensor", "dates_employed": "Aug 2020\u2013Present", "employment_duration": "1 yr 10 mos", "location": null, "title": "Founder"}, {"company_name": "Clinc, Inc.", "dates_employed": "Oct 2017\u2013Present", "employment_duration": "4 yrs 8 mos", "location": "Ann Arbor, Michigan", "title": "Software Engineer, Solutions Architect, Team Lead"}, {"company_name": "Cognitran", "dates_employed": "Mar 2017\u2013Oct 2017", "employment_duration": "8 mos", "location": "Greater Detroit Area", "title": "Software Engineer"}, {"company_name": "Kalamazoo College", "dates_employed": "Jan 2015\u2013Mar 2017", "employment_duration": "2 yrs 3 mos", "location": "Kalamazoo, Michigan Area", "title": "Teaching Assistant"}, {"company_name": "University of Colorado Colorado Springs", "dates_employed": "Jun 2016\u2013Aug 2016", "employment_duration": "3 mos", "location": "Colorado Springs", "title": "REU Machine Learning Research Intern"}], "education": [{"institution": "Kalamazoo College", "degree_details": {"degree_name": "Bachelor\u2019s Degree", "field_of_study": "Computer Science", "dates_attended_or_expected_graduation": "2013 \u2013 2017"}}, {"institution": "Udacity", "degree_details": {"degree_name": "Machine Learning Engineer Nanodegree", "field_of_study": "Machine Learning", "dates_attended_or_expected_graduation": "2016 \u2013 2016"}}, {"institution": "South Lyon East High School", "degree_details": {"degree_name": "High school diploma", "field_of_study": "Biology, General", "dates_attended_or_expected_graduation": "2011 \u2013 2013"}}], "employee_name": "GezPftzO9uL7gA+Rb7Dgfg==*vVwXvGmHurbMWCk53eOyWg==*L/4A0yvNzvh5Rju7B1lmFw==*nW1V5S9uNfx7JJHSdsYgew=="}, {"experience": [{"company_name": "Clinc, Inc.", "dates_employed": "Jun 2019\u2013Present", "employment_duration": "3 yrs", "location": "Ann Arbor, Michigan, United States", "title": "Senior Site Reliability and Infrastructure Engineer"}, {"company_name": "Trove AI", "dates_employed": "May 2016\u2013May 2019", "employment_duration": "3 yrs 1 mo", "location": "Ann Arbor, MI", "title": "Site Reliability and Software Engineer"}, {"company_name": "University of Michigan", "dates_employed": "Aug 2017\u2013May 2018", "employment_duration": "10 mos", "location": "Ann Arbor, MI", "title": "Resident Advisor"}, {"company_name": "Companion LLC", "dates_employed": "Sep 2015\u2013Apr 2018", "employment_duration": "2 yrs 8 mos", "location": "Ann Arbor, MI", "title": "Network Administrator"}], "education": [{"institution": "University of Michigan", "degree_details": {"degree_name": "Doctor of Pharmacy - PharmD", "field_of_study": "Pharmacy", "dates_attended_or_expected_graduation": "2018 \u2013 2022"}}, {"institution": "University of Michigan", "degree_details": {"degree_name": "Bachelor of Science - BS", "field_of_study": "Pharmaceutical Sciences", "dates_attended_or_expected_graduation": "2015 \u2013 2018"}}, {"institution": "International Academy of Macomb", "degree_details": {"dates_attended_or_expected_graduation": "2011 \u2013 2015", "degree_name": null, "field_of_study": null}}], "employee_name": "zDkpIV+7CxPb1sVs*5y0M2WrOMDFKzFm27rb/jA==*PohB6j+R8zlH1rbj8W3/HA==*QBP7ZLCM4NKzxkCzDQxFaw=="}, {"experience": [{"company_name": "Clinc, Inc.", "dates_employed": "Jun 2020\u2013Present", "employment_duration": "2 yrs", "location": "Ann Arbor, Michigan, United States", "title": "Senior Project Manager"}, {"company_name": "Clinc, Inc.", "dates_employed": "Jan 2019\u2013Jun 2020", "employment_duration": "1 yr 6 mos", "location": "Ann Arbor, Michigan", "title": "Project Manager"}, {"company_name": "Deloitte", "dates_employed": "Aug 2017\u2013Jul 2018", "employment_duration": "1 yr", "location": "Greater Chicago Area", "title": "Senior Consultant"}, {"company_name": "Deloitte", "dates_employed": "Aug 2015\u2013Aug 2017", "employment_duration": "2 yrs 1 mo", "location": "Greater Chicago Area", "title": "Advisory Consultant"}, {"company_name": "Illinois Business Consulting", "dates_employed": "Sep 2014\u2013May 2015", "employment_duration": "9 mos", "location": "Urbana-Champaign, Illinois Area", "title": "Consultant"}], "education": [{"institution": "University of Illinois Urbana-Champaign", "degree_details": {"degree_name": "Master of Science (M.S.)", "field_of_study": "Technology Management", "dates_attended_or_expected_graduation": "2014 \u2013 2015"}}, {"institution": "University of Illinois Urbana-Champaign", "degree_details": {"degree_name": "Bachelor of Science (B.S.)", "field_of_study": "Advertising", "dates_attended_or_expected_graduation": "2009 \u2013 2012"}}], "employee_name": "kfkyEwLXhDCzV+NSxLSI95Ab*SJzTD3EuamNDB1LEIThshg==*HUIheBoBtzxtc7ao8oZy3w==*NbMCy96SXPe+8ejFQDdGnA=="}, {"experience": [{"company_name": "Clinc, Inc.", "dates_employed": "2019\u2013Present", "employment_duration": "3 yrs", "location": "Beijing, China", "title": "Team Lead of The Beijing Office"}, {"company_name": "Entrepreneur First", "dates_employed": "2017\u20132018", "employment_duration": "1 yr", "location": "Singapore", "title": "Fellow at Entrepreneur First"}, {"company_name": "vebits", "dates_employed": "2017\u20132018", "employment_duration": "1 yr", "location": "Central Singapore", "title": "Former Co Founder & CTO"}, {"company_name": "Alibaba Group", "dates_employed": "2014\u20132017", "employment_duration": "3 yrs", "location": "Beijing City, China", "title": "System Engineer (Big data)"}, {"company_name": "IBM China", "dates_employed": "2013\u20132014", "employment_duration": "1 yr", "location": "Beijing City, China", "title": "Software Developer"}], "education": [{"institution": "South China Normal University", "degree_details": {"degree_name": "Master\u2019s Degree", "field_of_study": "Computer Science", "dates_attended_or_expected_graduation": null}}], "employee_name": "+Gwrd4aHHnrHsg==*OOMfVkoGdQeTpFLirV3E0Q==*5RACexGLcHAPPz4PNfK5rQ==*MsNUkVgAVGxEsUTfkmmAug=="}, {"experience": [{"company_name": "Clinc, Inc.", "dates_employed": "Nov 2021\u2013Present", "employment_duration": "7 mos", "location": null, "title": "Engineering Manager"}, {"company_name": "Clinc, Inc.", "dates_employed": "Apr 2019\u2013Present", "employment_duration": "3 yrs 2 mos", "location": "Ann Arbor", "title": "Technical Project Manager"}, {"company_name": "Clinc, Inc.", "dates_employed": "Apr 2017\u2013Apr 2019", "employment_duration": "2 yrs 1 mo", "location": "Ann Arbor", "title": "Software Engineer"}, {"company_name": "United States Air Force", "dates_employed": "Jul 2005\u2013Mar 2010", "employment_duration": "4 yrs 9 mos", "location": "Cochem, Germany", "title": "Security Forces"}], "education": [{"institution": "University of Michigan College of Literature, Science, and the Arts", "degree_details": {"degree_name": "Bachelor\u2019s Degree", "field_of_study": "Computer Science", "dates_attended_or_expected_graduation": "2014 \u2013 2018"}}], "employee_name": "RskKxIXH2wIjrg==*5PiooCCtA8+4Oa2p5gN+Yw==*itGlIs2nZ3ubFN+08N4TlQ==*CBs9BbaKZLCHC5XnxM3Y+A=="}, {"experience": [{"company_name": "Clinc, Inc.", "dates_employed": "May 2022\u2013Present", "employment_duration": "1 mo", "location": "Ann Arbor, Michigan, United States", "title": "Senior Core AI Software Engineer"}, {"company_name": "Clinc, Inc.", "dates_employed": "Aug 2021\u2013May 2022", "employment_duration": "10 mos", "location": "Ann Arbor, Michigan, United States", "title": "Core AI Software Engineer"}, {"company_name": "Volkswagen of America, Inc", "dates_employed": "Feb 2020\u2013Aug 2021", "employment_duration": "1 yr 7 mos", "location": "Auburn Hills, Michigan", "title": "Artificial Intelligence Engineer"}, {"company_name": "Volkswagen of America, Inc", "dates_employed": "Sep 2019\u2013Jan 2020", "employment_duration": "5 mos", "location": "Greater Detroit Area", "title": "Artificial Intelligence Engineer"}, {"company_name": "Alumni Association of the University of Michigan", "dates_employed": "May 2015\u2013Aug 2019", "employment_duration": "4 yrs 4 mos", "location": null, "title": "Lead Lifeguard"}], "education": [{"institution": "University of Michigan", "degree_details": {"degree_name": "Bachelor of Arts - BA", "field_of_study": "Economics", "dates_attended_or_expected_graduation": "2015 \u2013 2019"}}, {"institution": "Hillsdale High School", "degree_details": {"dates_attended_or_expected_graduation": "2011 \u2013 2015", "degree_name": null, "field_of_study": null}}], "employee_name": "FpMzPMjFEMo+ew==*WdZMYeI1LjYV6kcoQOaAUg==*A6soqj9YCwszO7R2vrXqdw==*Rb7LujkukIO2mFVgNuHkYw=="}, {"experience": [{"company_name": "Clinc, Inc.", "dates_employed": "Nov 2020\u2013Present", "employment_duration": "1 yr 7 mos", "location": null, "title": "Controller"}, {"company_name": "Mayflower Wind", "dates_employed": "Oct 2019\u2013Nov 2020", "employment_duration": "1 yr 2 mos", "location": "Cambridge, MA", "title": "Assistant Controller"}, {"company_name": "Akili Interactive", "dates_employed": "Sep 2018\u2013Sep 2019", "employment_duration": "1 yr 1 mo", "location": "Boston, MA", "title": "Finance Accounting Consultant"}, {"company_name": "Starting11 - A Finance Department for Entrepreneurs", "dates_employed": "Oct 2014\u2013Aug 2016", "employment_duration": "1 yr 11 mos", "location": "Portsmount, NH", "title": "Finance Accounting Consultant"}, {"company_name": "Demandware", "dates_employed": "Oct 2007\u2013Jul 2011", "employment_duration": "3 yrs 10 mos", "location": "Burlington, MA", "title": "Finance Accounting Consultant"}], "education": [{"institution": "University of Connecticut", "degree_details": {"degree_name": "BS", "field_of_study": "ACCOUNTING", "dates_attended_or_expected_graduation": "1992 \u2013 1996"}}], "employee_name": "ZQUAKHbmYZkOQM3EDppbpvUBvvSBAUiUvmuafg==*3F1TJTSBevr1aF03R2lR2A==*58Q5SeXQh6Pq34WcLAAKkg==*8UIjx9DPPRUUHLBS79FSYA=="}, {"experience": [{"company_name": "Clinc, Inc.", "dates_employed": "Jan 2020\u2013Present", "employment_duration": "2 yrs 5 mos", "location": "Austin, Texas, United States", "title": "Senior Software Engineer"}, {"company_name": "The University of Texas at San Antonio", "dates_employed": "Aug 2018\u2013Jan 2020", "employment_duration": "1 yr 6 mos", "location": "San Antonio, Texas Area", "title": "Computer Science Instructor"}, {"company_name": "The University of Texas at San Antonio", "dates_employed": "Aug 2017\u2013Aug 2018", "employment_duration": "1 yr 1 mo", "location": "San Antonio, Texas Area", "title": "Teacher Assistant for Data Mining"}, {"company_name": "The University of Texas at San Antonio", "dates_employed": "Aug 2016\u2013Aug 2017", "employment_duration": "1 yr 1 mo", "location": "San Antonio, Texas Area", "title": "Teacher Assistant for Advanced/Enterprise Software Engineering"}, {"company_name": "The University of Texas at San Antonio", "dates_employed": "Aug 2014\u2013Aug 2016", "employment_duration": "2 yrs 1 mo", "location": "San Antonio, Texas Area", "title": "Teacher Assistant for Data Structures"}], "education": [{"institution": "The University of Texas at San Antonio", "degree_details": {"degree_name": "Master's degree", "field_of_study": "Computer Science", "dates_attended_or_expected_graduation": "2014 \u2013 2019"}}, {"institution": "Texas State University", "degree_details": {"degree_name": "Post-Baccalaureate Certificate", "field_of_study": "Computer Science", "dates_attended_or_expected_graduation": "2013 \u2013 2014"}}, {"institution": "Northeastern State University", "degree_details": {"degree_name": "Bachelor Degree in Communication", "field_of_study": "Speech Communication", "dates_attended_or_expected_graduation": "2001 \u2013 2004"}}], "employee_name": "9yQKHB9TmPscE10=*BjYmcdRMY7nVKtTDbXKZeA==*RObP1ua4SXoqO/gWEJD+UA==*K2oue+TELK3YoOo2k9gDLw=="}, {"experience": [{"company_name": "Clinc, Inc.", "dates_employed": "Aug 2021\u2013Present", "employment_duration": "10 mos", "location": "United States", "title": "Client Integrations Engineer"}, {"company_name": "Missouri Employers Mutual", "dates_employed": "Jun 2016\u2013Aug 2021", "employment_duration": "5 yrs 3 mos", "location": "Columbia, Missouri", "title": "Software Engineer II"}, {"company_name": "Columbia College", "dates_employed": "Sep 2015\u2013May 2016", "employment_duration": "9 mos", "location": "Columbia, Missouri", "title": "Software Developer"}, {"company_name": "Atos", "dates_employed": "Sep 2014\u2013Sep 2015", "employment_duration": "1 yr 1 mo", "location": "Columbia, Missouri", "title": "Systems Technician"}, {"company_name": "Xerox Business Services", "dates_employed": "Sep 2013\u2013Sep 2014", "employment_duration": "1 yr 1 mo", "location": null, "title": "Systems Technician"}], "education": [{"institution": "Columbia College", "degree_details": {"degree_name": "Bachelor of Science (B.S.)", "field_of_study": "Computer and Information Sciences and Support Services", "dates_attended_or_expected_graduation": "2011 \u2013 2015"}}], "employee_name": "ADVO57IV8ppmniE=*nx5KGREY+VGH/84Ai2YFcQ==*jOPhL2TcVzZVlXoSmxAzjA==*ixMnf/UM8tsmYcd+8e0yCw=="}, {"experience": [{"company_name": "Insight Partners", "dates_employed": "Jun 2020\u2013Present", "employment_duration": "2 yrs", "location": null, "title": "Managing Director"}, {"company_name": "Clinc, Inc.", "dates_employed": "Mar 2020\u2013Present", "employment_duration": "2 yrs 3 mos", "location": null, "title": "Board Member"}, {"company_name": "VNDLY Inc", "dates_employed": "Apr 2020\u2013Present", "employment_duration": "2 yrs 2 mos", "location": null, "title": "Board Observer"}, {"company_name": "Elo7", "dates_employed": "Jul 2020\u2013Jun 2021", "employment_duration": "1 yr", "location": null, "title": "Board Member"}, {"company_name": "CloudPassage", "dates_employed": "Dec 2018\u2013May 2021", "employment_duration": "2 yrs 6 mos", "location": null, "title": "Board Member"}], "education": [{"institution": "Harvard University", "degree_details": {"degree_name": "BA", "dates_attended_or_expected_graduation": null, "field_of_study": null}}, {"institution": "INSEAD", "degree_details": {"degree_name": "MBA", "dates_attended_or_expected_graduation": null, "field_of_study": null}}], "employee_name": "0MVr35BRAw==*RT+4SGGxPGbXYuXxB/puzw==*H0RQ/FCiWeZf8ctQzVuFkQ==*NmY5NGI/OOd7B8xORlaJsw=="}, {"experience": [{"company_name": "Clinc, Inc.", "dates_employed": "Dec 2020\u2013Present", "employment_duration": "1 yr 6 mos", "location": "San Jose, California, United States", "title": "Software Quality Assurance Engineer Lead"}, {"company_name": "CIeNET Technologies", "dates_employed": "Mar 2020\u2013Nov 2020", "employment_duration": "9 mos", "location": "Warren, Michigan, United States", "title": "Infotainment Software QA Engineer"}, {"company_name": "Kevadiya, Inc. USA", "dates_employed": "May 2019\u2013Dec 2019", "employment_duration": "8 mos", "location": "Greater Detroit Area", "title": "QA Automation Intern"}, {"company_name": "Oakland University", "dates_employed": "Oct 2018\u2013May 2019", "employment_duration": "8 mos", "location": "Greater Detroit Area", "title": "OU Helpdesk Technician/ Lab Monitor"}, {"company_name": "Siemens PLM Software", "dates_employed": "Jan 2014\u2013Nov 2017", "employment_duration": "3 yrs 11 mos", "location": "Pune Area, India", "title": "Software QA Automation Engineer"}], "education": [{"institution": "Oakland University", "degree_details": {"degree_name": "Master of Science - MS", "field_of_study": "Software Engineering and Information Technology", "dates_attended_or_expected_graduation": "2018 \u2013 2020"}}, {"institution": "Savitribai Phule Pune University", "degree_details": {"degree_name": "Bachelor of Engineering (BE)", "field_of_study": "Computer Engineering", "dates_attended_or_expected_graduation": "2010 \u2013 2013"}}, {"institution": "Doctor Babasaheb Ambedkar Technological University", "degree_details": {"degree_name": "High School Diploma", "field_of_study": "Computer Engineering", "dates_attended_or_expected_graduation": "2007 \u2013 2010"}}], "employee_name": "JyercNgC+VA/RhQsuw==*sUV1DC3C2/lCmBrYkPzjaQ==*+yJoVNitG1kJm/bT7q80sA==*sPSI8z7/cZwqTZ3LfYII+A=="}, {"experience": [{"company_name": "Clinc, Inc.", "dates_employed": "Feb 2022\u2013Present", "employment_duration": "4 mos", "location": "Remote", "title": "AI Software Engineer II"}, {"company_name": "Blueforce Development Corp.", "dates_employed": "May 2021\u2013Feb 2022", "employment_duration": "10 mos", "location": "Newburyport, Massachusetts, United States", "title": "Software Engineer"}, {"company_name": "Code in Place", "dates_employed": "Apr 2021\u2013Feb 2022", "employment_duration": "11 mos", "location": "Remote", "title": "Section Leader"}, {"company_name": "To Dine For", "dates_employed": "Feb 2020\u2013Feb 2022", "employment_duration": "2 yrs 1 mo", "location": "Hull, MA", "title": "E-Commerce Development"}, {"company_name": "University of Massachusetts Boston", "dates_employed": "Sep 2018\u2013May 2021", "employment_duration": "2 yrs 9 mos", "location": null, "title": "Mobile Application Development"}], "education": [{"institution": "UMass Boston", "degree_details": {"degree_name": "Bachelor of Arts - BA", "field_of_study": "Computer Science", "dates_attended_or_expected_graduation": "2019 \u2013 2021"}}, {"institution": "West Los Angeles College", "degree_details": {"field_of_study": "Computer Science", "dates_attended_or_expected_graduation": "2018 \u2013 2019", "degree_name": null}}], "employee_name": "sjnXCL1JwwjHAxeK*WqjgyOcITvh0MJRiNkqXTQ==*45xcjQiAZWUnPPSY0l0l3Q==*2HX9SgJVmoF9xantBFICrg=="}, {"experience": [{"company_name": "clinc", "dates_employed": "Jan 2016\u2013Present", "employment_duration": "6 yrs 5 mos", "location": "Ann Arbor, MI", "title": "Operations Manager"}, {"company_name": "Wayne State University", "dates_employed": "Aug 2009\u2013May 2015", "employment_duration": "5 yrs 10 mos", "location": "Detroit, MI", "title": "Graduate Teaching Assistant"}], "education": [{"institution": "Carnegie Mellon University", "degree_details": {"degree_name": "Bachelor's degree", "field_of_study": "Physical Science", "dates_attended_or_expected_graduation": "1997 \u2013 2003"}}, {"institution": "Cranbrook Academy of Art", "degree_details": {"dates_attended_or_expected_graduation": null, "degree_name": null, "field_of_study": null}}], "employee_name": "g4w9Hww1QYn40kxiTG0=*njpvpRm3zqbdIjFYXl2O5A==*mLdpD24sZC5dCGUoyYjlyQ==*BKlPZnWGW1X6qf/4exE1HQ=="}, {"experience": [{"company_name": "Clinc, Inc.", "dates_employed": "Nov 2021\u2013Present", "employment_duration": "7 mos", "location": "Remote", "title": "Senior Software Engineer"}, {"company_name": "Clinc, Inc.", "dates_employed": "Jul 2019\u2013Feb 2021", "employment_duration": "1 yr 8 mos", "location": "Ann Arbor", "title": "Senior Software Engineer"}, {"company_name": "Target", "dates_employed": "Jul 2017\u2013Jul 2019", "employment_duration": "2 yrs 1 mo", "location": "Minneapolis, MN", "title": "Software Engineer"}, {"company_name": "Michigan Technological University", "dates_employed": "Apr 2015\u2013Apr 2017", "employment_duration": "2 yrs 1 mo", "location": "Houghton, MI", "title": "Learning Center Tutor"}, {"company_name": "Target", "dates_employed": "Jun 2016\u2013Aug 2016", "employment_duration": "3 mos", "location": "Greater Minneapolis-St. Paul Area", "title": "Software Engineering Intern"}], "education": [{"institution": "Michigan Technological University", "degree_details": {"degree_name": "Bachelor of Science - Double Major", "field_of_study": "Computer Science, Mathematics", "dates_attended_or_expected_graduation": "2013 \u2013 2017"}}], "employee_name": "BeUvPyyzLCu6ngUknA==*A2Drq+xOENQXjm1MGL57/Q==*JWgY6VCddFsHhzDN+Nprmg==*lCH1LePmJ247Gr2HC8QbSg=="}, {"experience": [{"company_name": "Clinc, Inc.", "dates_employed": "May 2022\u2013Present", "employment_duration": "1 mo", "location": "Remote", "title": "Software Engineer III"}, {"company_name": "Haverford College", "dates_employed": "Mar 2021\u2013Mar 2022", "employment_duration": "1 yr 1 mo", "location": "Haverford, Pennsylvania, United States", "title": "Lead Software Engineer"}, {"company_name": "Lockheed Martin", "dates_employed": "Oct 2017\u2013Feb 2021", "employment_duration": "3 yrs 5 mos", "location": "Moorestown, New Jersey, United States", "title": "Software Engineer"}, {"company_name": "EPI Enterprise, LLC", "dates_employed": "May 2013\u2013Sep 2017", "employment_duration": "4 yrs 5 mos", "location": "Manalapan, New Jersey", "title": "Software Developer"}], "education": [{"institution": "Rowan University", "degree_details": {"degree_name": "Bachelor of Science (B.S.)", "field_of_study": "Computer Science", "dates_attended_or_expected_graduation": "2012 \u2013 2015"}}], "employee_name": "FOztwBfOfd0Ek5O1R1XF*/QYm6BoY3Br/GPtSGEF18A==*FojBwPBSo4pTb4b0IiPfcA==*ORwDOVPdUYs2ZVt7TwYIZQ=="}, {"experience": [{"company_name": "Clinc, Inc.", "dates_employed": "Jul 2016\u2013Present", "employment_duration": "5 yrs 11 mos", "location": "Ann Arbor", "title": "Senior Software Engineer"}], "education": [{"institution": "University of Michigan", "degree_details": {"degree_name": "CS", "field_of_study": "Engineering", "dates_attended_or_expected_graduation": "2009 \u2013 2015"}}], "employee_name": "RwzW30ls6HMFMLU=*cLEQTNgZSDB+jlLi/fLjgA==*RWxm4ZRheJY97D5U9IxQqQ==*oHEeo8GZ9LzbEjnxQAtiiQ=="}, {"experience": [{"company_name": "Clinc, Inc.", "dates_employed": "Feb 2019\u2013Present", "employment_duration": "3 yrs 4 mos", "location": "Ann Arbor", "title": "Software Engineer"}, {"company_name": "Clinc, Inc.", "dates_employed": "May 2018\u2013Dec 2018", "employment_duration": "8 mos", "location": "Ann Arbor, MI", "title": "Software Engineering Intern"}, {"company_name": "ATTO Research", "dates_employed": "Jun 2016\u2013Aug 2016", "employment_duration": "3 mos", "location": "Seoul, South Korea", "title": "Research Intern"}], "education": [{"institution": "University of Michigan", "degree_details": {"degree_name": "Bachelor\u2019s Degree", "field_of_study": "Computer Science", "dates_attended_or_expected_graduation": "2014 \u2013 2018"}}], "employee_name": "Scz1z9dSHOg=*rhQvzr1Zm8Yem3deS0DlDw==*UmeAsakjCWMSKj7Wy0l4jA==*k5INAObaO+TknWCMoviIAg=="}, {"experience": [{"company_name": "Clinc, Inc.", "dates_employed": "Apr 2018\u2013Present", "employment_duration": "4 yrs 2 mos", "location": "Ann Arbor, Michigan, United States", "title": "Senior Software Engineer"}, {"company_name": "CPR Cell Phone Repair", "dates_employed": "2015\u20132016", "employment_duration": "1 yr", "location": "Kalamazoo, Michigan, United States", "title": "Manager"}, {"company_name": "Floydware LLC", "dates_employed": "2010\u20132013", "employment_duration": "3 yrs", "location": null, "title": "Junior Software Engineer"}], "education": [{"institution": "Kalamazoo College", "degree_details": {"degree_name": "Computer Science", "field_of_study": "Computer Science", "dates_attended_or_expected_graduation": "2014 \u2013 2018"}}], "employee_name": "AQt2JAAqd/mHyQ==*qr4ixK9eb7LdeKQ1E0ZosA==*XAXXPvrEhEbAp2WICa11sQ==*CJ0JEy0uE4c4dRxYV7K1eA=="}, {"experience": [{"company_name": "Clinc, Inc.", "dates_employed": "Feb 2022\u2013Present", "employment_duration": "4 mos", "location": null, "title": "AI Software Engineer"}, {"company_name": "Corvus Insurance", "dates_employed": "Feb 2021\u2013Aug 2021", "employment_duration": "7 mos", "location": "Boston, Massachusetts, United States", "title": "Data Scientist Intern, MIT Capstone Project"}, {"company_name": "Burning Glass Technologies", "dates_employed": "Sep 2020\u2013Dec 2020", "employment_duration": "4 mos", "location": "Greater Boston", "title": "MIT Analytics Lab Team Member"}], "education": [{"institution": "Massachusetts Institute of Technology", "degree_details": {"degree_name": "Master of Business Analytics - MBAn", "dates_attended_or_expected_graduation": "2020 \u2013 2021", "field_of_study": null}}, {"institution": "University of Connecticut", "degree_details": {"degree_name": "Bachelor of Science - BS", "field_of_study": "Data Science & Applied Mathematical Sciences", "dates_attended_or_expected_graduation": "2016 \u2013 2020"}}], "employee_name": "yxmv4dKIaLGs7e8rWA==*hxd1gCyjYvdD4Sx6i6dtEQ==*JQ6dSBy+z0uvFLVoQI0iRQ==*6JqEnbcIfl/nxUyz3QJxag=="}, {"experience": [{"company_name": "Clinc", "dates_employed": "2019\u2013Present", "employment_duration": "3 yrs", "location": null, "title": "AI Engineer (NLP)"}, {"company_name": "General Assembly", "dates_employed": "Apr 2018\u2013Present", "employment_duration": "4 yrs 2 mos", "location": "Washington, DC", "title": "Data Science Associate Instructor"}, {"company_name": "General Assembly", "dates_employed": "Jan 2018\u2013Present", "employment_duration": "4 yrs 5 mos", "location": "Washington D.C. Metro Area", "title": "Data Science Immersive"}, {"company_name": "US Environmental Protection Agency (EPA)", "dates_employed": "May 2015\u20132015", "employment_duration": "less than a year", "location": null, "title": "Research Assistant"}, {"company_name": "Doctor Computer", "dates_employed": "Jan 2015\u20132015", "employment_duration": "less than a year", "location": null, "title": "IT Consultant"}], "education": [{"institution": "University of Maryland", "degree_details": {"degree_name": "Masters of Professional Studies", "field_of_study": "Economics", "dates_attended_or_expected_graduation": "2014 \u2013 2016"}}, {"institution": "Frostburg State University", "degree_details": {"degree_name": "Bachelor's", "field_of_study": "Mathematics", "dates_attended_or_expected_graduation": "2011 \u2013 2013"}}], "employee_name": "2Fc6o+humJXigPCq9oA=*oqE7DCSFWHmkJGj88mhJKA==*M17K1WHabJrNb6gaizKQbQ==*F1MOdczjhggQWIKQ7dsWhg=="}, {"experience": [{"company_name": "Microsoft", "dates_employed": "Jun 2021\u2013Present", "employment_duration": "1 yr", "location": "Beijing, China", "title": "Software Engineer"}, {"company_name": "Clinc, Inc.", "dates_employed": "Jan 2019\u2013Present", "employment_duration": "3 yrs 5 mos", "location": "Beijing City, China", "title": "Software Engineer III"}, {"company_name": "Yotta Games", "dates_employed": "Nov 2018\u2013Jan 2019", "employment_duration": "3 mos", "location": "Shanghai City, China", "title": "Software Engineer"}, {"company_name": "DAY TRADE DIAMONDS INC", "dates_employed": "May 2017\u2013Jul 2017", "employment_duration": "3 mos", "location": "United States", "title": "Intern"}], "education": [{"institution": "University of Florida", "degree_details": {"degree_name": "Master's degree", "field_of_study": "Computer Science", "dates_attended_or_expected_graduation": "2016 \u2013 2018"}}, {"institution": "Xi'an Jiaotong University", "degree_details": {"degree_name": "Bachelor's degree", "field_of_study": "Electrical Engineering", "dates_attended_or_expected_graduation": "2012 \u2013 2016"}}, {"institution": "Udacity", "degree_details": {"degree_name": "Udacity full stack Web Develop nanoprogram", "field_of_study": "Full stack", "dates_attended_or_expected_graduation": "2018 \u2013 2018"}}], "employee_name": "jApNXzbf6Q11SA==*tSMf6O9J6Uafl5n8wlXzew==*NV/bVxQZvOBolAAgoSTQHw==*YIkfZmclBYnrZK6sVQAblA=="}, {"experience": null, "education": null, "employee_name": "rOwhSarMKSvoI4ed3Pvs*uRfamC4ZKhRysTto/UMUiA==*Kw3ADSX7S3LAaq3qUrJ+GA==*Bf9ItzoIyVnRRIBdfaXc7g=="}, {"experience": null, "education": null, "employee_name": "qkl/kr12/vCcBNzT9wet*QL4ye45NtEI1SYXjaIXYYw==*r9nhHthEd8AVoUh5Y+Sr3Q==*rPFMUI3halvQmnxb3KufQw=="}, {"experience": null, "education": null, "employee_name": "8E51mDsaQ2repyRBJh8x*DHrEi40MYW7IZh1TF1f3Ig==*8ZNME1eYN4+mfqLOlPwrmQ==*rQs95Fl4DI/eFOSW8yW9ag=="}, {"experience": null, "education": null, "employee_name": "Pl3fd10M0Oe6mJOJxnGq*IsrFsVIeCwk2AnrsCjvnAA==*4fjkTNAVa7ECtjUgXYG24g==*UBzKKaU7U2SR1Fr4YC11MA=="}, {"experience": null, "education": null, "employee_name": "NK2coD5Xq5Y9wQWlYqFn*ZN89i9oDlodny0KYkzxsTw==*JZe7VK1yxSLxlmQlJuPpMg==*avGhvOtXazUAWWXhbzDiSg=="}]