[{"experience": [{"company_name": "Neota Logic Inc", "dates_employed": "Jan 2022\u2013Present", "employment_duration": "5 mos", "location": null, "title": "Chief Commercial Officer (CCO)"}, {"company_name": "Neota Logic Inc", "dates_employed": "Feb 2019\u2013Jan 2022", "employment_duration": "3 yrs", "location": "New York, New York", "title": "Global Vice President, Markets & Growth"}, {"company_name": "Neota Logic Inc", "dates_employed": "Nov 2017\u2013Feb 2019", "employment_duration": "1 yr 4 mos", "location": "Melbourne, Australia", "title": "Director, Client Solutions and Engagement, Asia Pacific"}, {"company_name": "Neota Logic Inc", "dates_employed": "Feb 2017\u2013Nov 2017", "employment_duration": "10 mos", "location": "Sydney, Australia", "title": "Manager, Client Solutions, Asia Pacific"}, {"company_name": "KPMG", "dates_employed": "Mar 2015\u2013Feb 2017", "employment_duration": "2 yrs", "location": "Melbourne, Australia", "title": "Senior Consultant, Advisory"}], "education": [{"institution": "The College of Law Australia", "degree_details": {"degree_name": "Graduate Diploma of Legal Practice", "dates_attended_or_expected_graduation": null, "field_of_study": null}}, {"institution": "Deakin University", "degree_details": {"field_of_study": "Bachelor of Laws (LL.B.), (Honours)", "dates_attended_or_expected_graduation": null, "degree_name": null}}, {"institution": "Deakin University", "degree_details": {"field_of_study": "Bachelor of Commerce (B.Com.), (Distinction)", "dates_attended_or_expected_graduation": null, "degree_name": null}}], "employee_name": "jOBdrapt4slTL0Y=*vq4riKEmsPfPaiN8y6vUUQ==*TiKKeYk6UUdoE/RVUc1P5g==*qS5dX9CdE3PnjPbvqPICEg=="}, {"experience": [{"company_name": "ALTA - Australian Legal Technology Association", "dates_employed": "Nov 2019\u2013Present", "employment_duration": "2 yrs 7 mos", "location": "Melbourne, Victoria, Australia", "title": "President"}, {"company_name": "Neota Logic Inc", "dates_employed": "Apr 2015\u2013Present", "employment_duration": "7 yrs 2 mos", "location": "Melbourne, Australia", "title": "Managing Director, Asia Pacific"}, {"company_name": "Chrystie Street Group Pty Ltd", "dates_employed": "Aug 2011\u2013Jun 2018", "employment_duration": "6 yrs 11 mos", "location": "Melbourne, Victoria, Australia", "title": "Co-Founder & Chief Executive Officer"}, {"company_name": "Australia Post", "dates_employed": "Dec 2011\u2013Apr 2015", "employment_duration": "3 yrs 5 mos", "location": "Melbourne, Australia", "title": "Group Manager, Provider Product - Australia Post Digital Mailbox"}, {"company_name": "Epiq Systems", "dates_employed": "Apr 2008\u2013Jun 2011", "employment_duration": "3 yrs 3 mos", "location": "London, United Kingdom", "title": "International Client Services Director"}], "education": [{"institution": "Monash University", "degree_details": {"degree_name": "Bachelor of Computer Science", "field_of_study": "Computer Science", "dates_attended_or_expected_graduation": "1996 \u2013 1999"}}], "employee_name": "Xb2Yz1oJjgfsyQNdbVYIog==*68YkO1vbC83+WaRoLEWsXw==*g5orLxfifLCnwJmNsLu83Q==*uQwBOm3HrNDedgT2zH3vQA=="}, {"experience": [{"company_name": "Neota Logic Inc", "dates_employed": "Sep 2018\u2013Present", "employment_duration": "3 yrs 9 mos", "location": null, "title": "Chief Executive Officer"}, {"company_name": "ComplianceHR", "dates_employed": "Sep 2018\u2013Present", "employment_duration": "3 yrs 9 mos", "location": null, "title": "Board Member"}, {"company_name": "Deeloh Technologies, LLC", "dates_employed": "Mar 2017\u2013Present", "employment_duration": "5 yrs 3 mos", "location": null, "title": "Board Member"}, {"company_name": "Salesforce", "dates_employed": "May 2017\u2013Oct 2018", "employment_duration": "1 yr 6 mos", "location": null, "title": "Advisory Board Member - Cloud Services"}, {"company_name": "Thomson Reuters", "dates_employed": "Sep 2015\u2013Aug 2018", "employment_duration": "3 yrs", "location": "Greater Los Angeles Area", "title": "Global Head of Customer Experience"}], "education": [{"institution": "The London School of Economics and Political Science (LSE)", "degree_details": {"degree_name": "Master of Science (MSc)", "field_of_study": "Accounting and Finance", "dates_attended_or_expected_graduation": "1992 \u2013 1993"}}, {"institution": "Esade", "degree_details": {"degree_name": "Master of Business Administration (MBA)", "dates_attended_or_expected_graduation": "1984 \u2013 1989", "field_of_study": null}}], "employee_name": "LaJUrOSQ/5b90AQ=*QFSxAyI1/nzTaK6xsB9qCQ==*lgrazalStblbHnqLkfPPZA==*8cy64+rntGaM51wTUQ8nfg=="}, {"experience": [{"company_name": "Neota Logic Inc", "dates_employed": "2011\u2013Present", "employment_duration": "11 yrs", "location": null, "title": "Co-Founder & Chief Strategy Officer"}, {"company_name": "College of Law Practice Management", "dates_employed": "Oct 2020\u2013Present", "employment_duration": "1 yr 8 mos", "location": null, "title": "President"}, {"company_name": "College of Law Practice Management", "dates_employed": "2013\u2013Present", "employment_duration": "9 yrs", "location": null, "title": "Fellow"}, {"company_name": "Pro Bono Net", "dates_employed": "2000\u20132020", "employment_duration": "20 yrs", "location": null, "title": "Director"}, {"company_name": "Kraft Kennedy", "dates_employed": "Jan 2010\u2013Dec 2010", "employment_duration": "12 mos", "location": null, "title": "Consultant"}], "education": [{"institution": "University of Chicago Law School", "degree_details": {"degree_name": "J.D.", "field_of_study": "law", "dates_attended_or_expected_graduation": "1974"}}, {"institution": "Reed College", "degree_details": {"degree_name": "B.A.", "dates_attended_or_expected_graduation": "1969", "field_of_study": null}}], "employee_name": "Wupg1Amq9+XFk6o1yQ==*I+z+24ckaZ97kHigxP1h0w==*JUjgW46h0LkfWeQBHsJ2tw==*ShNh5XUD7Q094L20IOOpQw=="}, {"experience": [{"company_name": "King & Wood Mallesons", "dates_employed": "Jul 2015\u2013Present", "employment_duration": "6 yrs 11 mos", "location": null, "title": "Executive Director Innovation"}, {"company_name": "MIT Center for Information Systems Research (CISR) Data Research Advisory Board", "dates_employed": "Jan 2020\u2013Present", "employment_duration": "2 yrs 5 mos", "location": null, "title": "Board Member"}, {"company_name": "Neota Logic Inc", "dates_employed": "Mar 2020\u2013Present", "employment_duration": "2 yrs 3 mos", "location": "Melbourne, Victoria, Australia", "title": "APAC Client Advisory Board Member"}, {"company_name": "The College of Law Australia", "dates_employed": "Sep 2018\u2013Sep 2021", "employment_duration": "3 yrs 1 mo", "location": "Sydney, Australia", "title": "Teaching Fellow"}, {"company_name": "The College of Law Australia", "dates_employed": "Mar 2018\u2013Sep 2021", "employment_duration": "3 yrs 7 mos", "location": "Sydney, Australia", "title": "Program Advisory Board Member"}], "education": [{"institution": "MIT Sloan School of Management", "degree_details": {"degree_name": "Data Monetization Strategy: Creating Value Through Data", "field_of_study": "Data Strategy", "dates_attended_or_expected_graduation": "2021 \u2013 2021"}}, {"institution": "MIT Sloan School of Management", "degree_details": {"degree_name": "Organizational Design for Digital Transformation", "field_of_study": "Organizational Leadership", "dates_attended_or_expected_graduation": "2020 \u2013 2020"}}, {"institution": "Harvard Law School", "degree_details": {"degree_name": "Innovation Leadership Colloquium", "dates_attended_or_expected_graduation": "2019 \u2013 2019", "field_of_study": null}}], "employee_name": "+67dXjwF2X1QikSZP1z+AA==*SEweltxtLTMXccc7V8aE2g==*cGnvrTswoB5TFFWSsGYwYw==*UaN47E6vAy8zgF86ty3pSA=="}, {"experience": [{"company_name": "Neota Logic Inc", "dates_employed": "Sep 2014\u2013Present", "employment_duration": "7 yrs 9 mos", "location": null, "title": "Chief Technology Officer | Chief Information Security Officer"}, {"company_name": "Epiq", "dates_employed": "Nov 2005\u2013Mar 2014", "employment_duration": "8 yrs 5 mos", "location": null, "title": "Senior Software Architect"}, {"company_name": "Nmatrix Inc", "dates_employed": "Oct 1996\u2013Oct 2005", "employment_duration": "9 yrs 1 mo", "location": null, "title": "Senior Software Engineer"}, {"company_name": "Philips", "dates_employed": "2004\u20132005", "employment_duration": "1 yr", "location": null, "title": "Senior Software Architect"}], "education": [{"institution": "University of California, Berkeley", "degree_details": {"degree_name": "Master of Science - MS", "field_of_study": "Computer Science", "dates_attended_or_expected_graduation": "2000"}}, {"institution": "Hofstra University", "degree_details": {"degree_name": "Bachelor's degree", "field_of_study": "Mathematics and Computer Science", "dates_attended_or_expected_graduation": "1989"}}], "employee_name": "7KSfRjZTM6ClnEpbWN2K*JW4PIms4MqB/eGMDz7abnw==*1KNS2Q4Zl11ntYWcJLNHGA==*Y/TX9MlDEKYeKnvEK+l8JQ=="}, {"experience": [{"company_name": "Neota Logic Inc", "dates_employed": "2010\u2013Present", "employment_duration": "12 yrs", "location": "New York, NY", "title": "Co-Founder and Director of Technology Solutions"}, {"company_name": "Jnana Technologies", "dates_employed": "Jan 1995\u2013Nov 2010", "employment_duration": "15 yrs 11 mos", "location": null, "title": "CEO"}, {"company_name": "Kirkpatrick & Lockhart", "dates_employed": "1993\u20131994", "employment_duration": "1 yr", "location": null, "title": "Partner"}, {"company_name": "Lord Day & Lord, Barrett Smith", "dates_employed": "1986\u20131993", "employment_duration": "7 yrs", "location": null, "title": "Partner"}], "education": [{"institution": "Yale Law School", "degree_details": {"degree_name": "JD", "field_of_study": "Law", "dates_attended_or_expected_graduation": "1975 \u2013 1978"}}, {"institution": "Princeton University", "degree_details": {"degree_name": "A.B.", "dates_attended_or_expected_graduation": "1971 \u2013 1975", "field_of_study": null}}], "employee_name": "V7Ca01ys0mYjx7g=*RuDjLHeydidopffSUUYwWw==*p9FCnrLKmyTAlxolAuJAQA==*t+uPrG0NJlXzPVqkhx1cVQ=="}, {"experience": [{"company_name": "Neota Logic Inc", "dates_employed": "Feb 2020\u2013Present", "employment_duration": "2 yrs 4 mos", "location": "Melbourne, Australia", "title": "VP, Markets & Growth APAC"}, {"company_name": "Lawyer By Day Podcast", "dates_employed": "Feb 2017\u2013Present", "employment_duration": "5 yrs 4 mos", "location": "Melbourne, Australia", "title": "Creator and Host"}, {"company_name": "Herbert Smith Freehills", "dates_employed": "Jan 2019\u2013Feb 2020", "employment_duration": "1 yr 2 mos", "location": "Melbourne, Australia", "title": "Legal Automation Consultant"}, {"company_name": "Justice Connect", "dates_employed": "Apr 2017\u2013Feb 2020", "employment_duration": "2 yrs 11 mos", "location": "Melbourne, Victoria, Australia", "title": "HSF Team Leader, Women's Homelessness Prevention Project"}, {"company_name": "Herbert Smith Freehills", "dates_employed": "Nov 2015\u2013Feb 2020", "employment_duration": "4 yrs 4 mos", "location": "Melbourne, Australia", "title": "Solicitor"}], "education": [{"institution": "University of Melbourne", "degree_details": {"degree_name": "Juris Doctor (J.D.)", "dates_attended_or_expected_graduation": "2012 \u2013 2014", "field_of_study": null}}, {"institution": "Fire Up Coaching", "degree_details": {"degree_name": "Diploma of Leadership, Coaching and Mentoring", "field_of_study": "Organizational Leadership", "dates_attended_or_expected_graduation": "2017 \u2013 2018"}}, {"institution": "Monash University", "degree_details": {"degree_name": "Master of International Relations", "field_of_study": "Fringe politics and extremist violence, Political Economy, IR theory, Sino-Iranian cooperation", "dates_attended_or_expected_graduation": "2008 \u2013 2011"}}], "employee_name": "QI2bvIF/tjHentrn*WVAJpS7A8TnSNPtoJwIh/Q==*i7kH5dezybScR70aQ3OvjA==*W4EUnCISDXRppMlXYgXpWg=="}, {"experience": [{"company_name": "Neota Logic Inc", "dates_employed": "Nov 2009\u2013Present", "employment_duration": "12 yrs 7 mos", "location": null, "title": "Chairman, Neota Logic"}], "education": [{"institution": "Monash University", "degree_details": {"degree_name": "Bachelor of Laws (LLB) & Bachelor of Economics", "dates_attended_or_expected_graduation": null, "field_of_study": null}}, {"institution": "_", "degree_details": {"dates_attended_or_expected_graduation": null, "degree_name": null, "field_of_study": null}}], "employee_name": "ALQzvHDsgjMW*CwA/Tx11ibM4meXvLoxwQQ==*Tszz9ONsyb2FC40KJTOclg==*vbAiZGiUu4jHZmWBM/gO8Q=="}, {"experience": [{"company_name": "Neota Logic Inc", "dates_employed": "Apr 2021\u2013Present", "employment_duration": "1 yr 2 mos", "location": "Greater Sacramento", "title": "Director, Markets and Growth"}, {"company_name": "nQ Zebraworks", "dates_employed": "Aug 2020\u2013Mar 2021", "employment_duration": "8 mos", "location": "Sacramento, California, United States", "title": "Director of Government and Corporate Sales"}, {"company_name": "Zebraworks", "dates_employed": "May 2020\u2013Aug 2020", "employment_duration": "4 mos", "location": "Greater Sacramento", "title": "Vice President Of Strategic Planning"}, {"company_name": "LegalStratus", "dates_employed": "Jan 2019\u2013Dec 2019", "employment_duration": "12 mos", "location": null, "title": "Director of Sales, Western Region"}, {"company_name": "Thomson Reuters", "dates_employed": "Jan 2001\u2013Dec 2018", "employment_duration": "18 yrs", "location": null, "title": "Government/Corporate Sales Manager"}], "education": [{"institution": "The University of New Mexico", "degree_details": {"degree_name": "Master of Arts (M.A.)", "field_of_study": "English", "dates_attended_or_expected_graduation": "1991 \u2013 1994"}}, {"institution": "New Mexico State University", "degree_details": {"degree_name": "Bachelor of Arts (B.A.)", "field_of_study": "English and Psychology", "dates_attended_or_expected_graduation": "1985 \u2013 1989"}}], "employee_name": "pjCpjgBablYPHPG2apNN*7bdECbWQY/cEPRBdU4Mn/A==*gxaU4hx9C1neL4xkZRQGnQ==*+/ScEKoUzG9YsvPhbjHepg=="}, {"experience": [{"company_name": "Neota Logic Inc", "dates_employed": "Jun 2010\u2013Present", "employment_duration": "12 yrs", "location": "New York City", "title": "VP of Education & Community Programs"}, {"company_name": "Georgetown University Law Center", "dates_employed": "2012\u2013Present", "employment_duration": "10 yrs", "location": null, "title": "Adjunct Professor of Law"}, {"company_name": "Cornell Law School", "dates_employed": "Jun 2018\u2013Present", "employment_duration": "4 yrs", "location": null, "title": "Adjunct Professor of Law"}, {"company_name": "EnQi", "dates_employed": "2005\u20132010", "employment_duration": "5 yrs", "location": "New York City", "title": "Director of Training & Customer Support"}, {"company_name": "Jnana Technologies", "dates_employed": "2000\u20132005", "employment_duration": "5 yrs", "location": "New York City", "title": "Communications Director, Knowledge Engineer"}], "education": [{"institution": "Duke University School of Law", "degree_details": {"degree_name": "JD", "dates_attended_or_expected_graduation": null, "field_of_study": null}}, {"institution": "Boston College", "degree_details": {"degree_name": "BA", "field_of_study": "Communications and Political Science", "dates_attended_or_expected_graduation": null}}], "employee_name": "QTnWvk1ZoghkgFf1Jg==*jPQKB5vsgFiag1FQKkC3xw==*FtE8L653+QXwmBiDDHXa+A==*Zaxbf7L4+XyjZx+wbgEHNQ=="}, {"experience": [{"company_name": "Neota Logic Inc", "dates_employed": "Jan 2021\u2013Present", "employment_duration": "1 yr 5 mos", "location": "New York, United States", "title": "Director, Markets and Growth"}, {"company_name": "Neota Logic Inc", "dates_employed": "Apr 2020\u2013Jan 2021", "employment_duration": "10 mos", "location": "New York, New York, United States", "title": "Client Success Manager"}, {"company_name": "Laureate Program in International Law", "dates_employed": "Jul 2017\u2013Aug 2019", "employment_duration": "2 yrs 2 mos", "location": "University Of Melbourne, Victoria, Australia", "title": "Program Fellow"}, {"company_name": "Melbourne Journal of International Law", "dates_employed": "Feb 2017\u2013Aug 2019", "employment_duration": "2 yrs 7 mos", "location": "Carlton, Victoria, Australia", "title": "Events Manager, GM"}, {"company_name": "MinterEllison", "dates_employed": "Jun 2019\u2013Jul 2019", "employment_duration": "2 mos", "location": "Melbourne, Australia", "title": "Vacation Clerk"}], "education": [{"institution": "New York University School of Law", "degree_details": {"degree_name": "Master of Laws - LL.M.", "dates_attended_or_expected_graduation": "2019 \u2013 2020", "field_of_study": null}}, {"institution": "University of Melbourne", "degree_details": {"degree_name": "Juris Doctor - J.D.", "dates_attended_or_expected_graduation": "2017 \u2013 2019", "field_of_study": null}}, {"institution": "Duke University", "degree_details": {"degree_name": "Bachelor\u2019s Degree", "field_of_study": "Arabic and Middle Eastern Studies, Political Science", "dates_attended_or_expected_graduation": "2012 \u2013 2016"}}], "employee_name": "kefyK8QuthM6SO2as4M=*uBse2LKu9bHjpT2/g6pFBQ==*hQ4fwveuGPdgcaMnxAYEBA==*AaXetqHcay6oxsXbZUv0MA=="}, {"experience": [{"company_name": "Neota", "dates_employed": "Jan 2020\u2013Present", "employment_duration": "2 yrs 5 mos", "location": "London, United Kingdom", "title": "Managing Director - Consulting & Engineering, EMEA"}, {"company_name": "Alacrity Law", "dates_employed": "Feb 2018\u2013Dec 2019", "employment_duration": "1 yr 11 mos", "location": "London, United Kingdom", "title": "Chief Commercial Officer"}, {"company_name": "LexStep.com", "dates_employed": "Jan 2017\u2013Feb 2018", "employment_duration": "1 yr 2 mos", "location": "London, United Kingdom", "title": "Head of UK Marketplace Operations"}, {"company_name": "Morgan, Lewis & Bockius LLP", "dates_employed": "Sep 2011\u2013Apr 2015", "employment_duration": "3 yrs 8 mos", "location": "London, United Kingdom", "title": "Senior Associate"}, {"company_name": "Orrick, Herrington & Sutcliffe LLP", "dates_employed": "Sep 2007\u2013Aug 2011", "employment_duration": "4 yrs", "location": null, "title": "Associate"}], "education": [{"institution": "Nottingham Law School", "degree_details": {"degree_name": "Legal Practice Course", "dates_attended_or_expected_graduation": null, "field_of_study": null}}, {"institution": "The University of Sheffield", "degree_details": {"degree_name": "Bachelor of Laws - LLB", "dates_attended_or_expected_graduation": null, "field_of_study": null}}], "employee_name": "lpWgVKl9gSvTGP8=*U2lusNpTkunuPyY331IlFQ==*chE7vtHHAOv8dbwjJf1s2A==*BfaamDi2PPwz2CWIhpSYCg=="}, {"experience": [{"company_name": "Neota", "dates_employed": "Feb 2022\u2013Present", "employment_duration": "4 mos", "location": "Remote", "title": "Senior Director, Client Solutions and Consulting"}, {"company_name": "Neota Logic Inc", "dates_employed": "Sep 2019\u2013Feb 2022", "employment_duration": "2 yrs 6 mos", "location": "London, United Kingdom", "title": "Director, Markets & Growth EMEA"}, {"company_name": "Neota Logic Inc", "dates_employed": "May 2019\u2013Sep 2019", "employment_duration": "5 mos", "location": "London, United Kingdom", "title": "Client Solutions & Engagement"}, {"company_name": "Man Group", "dates_employed": "Sep 2018\u2013May 2019", "employment_duration": "9 mos", "location": "London, United Kingdom", "title": "Legal Counsel"}, {"company_name": "Herbert Smith Freehills", "dates_employed": "Sep 2016\u2013May 2019", "employment_duration": "2 yrs 9 mos", "location": "London", "title": "Associate, Corporate"}], "education": [{"institution": "BPP Law School", "degree_details": {"degree_name": "LPC", "field_of_study": "Law", "dates_attended_or_expected_graduation": null}}, {"institution": "The London School of Economics and Political Science (LSE)", "degree_details": {"degree_name": "LLB", "field_of_study": "Law", "dates_attended_or_expected_graduation": null}}], "employee_name": "xkIr0Twg/rWP*l+naFt/s/o+cUvYK5HYpew==*f2/UaWCzuiBS9/+RdlZQ3Q==*kEsqmKKb1E80RxgmDVJsNQ=="}, {"experience": [{"company_name": "Neota Logic Inc", "dates_employed": "May 2019\u2013Present", "employment_duration": "3 yrs 1 mo", "location": "Greater New York City Area", "title": "CFO"}, {"company_name": "ComplianceHR", "dates_employed": "Jun 2019\u2013Present", "employment_duration": "3 yrs", "location": "New York, United States", "title": "CFO"}, {"company_name": "Christian Lahoude Studio", "dates_employed": "Dec 2018\u2013Apr 2019", "employment_duration": "5 mos", "location": "Greater New York City Area", "title": "CFO and Head of Operation"}, {"company_name": "Northwestern Mutual", "dates_employed": "Mar 2017\u2013Oct 2018", "employment_duration": "1 yr 8 mos", "location": "Greater New York City Area", "title": "Financial Advisor"}, {"company_name": "Bertelsmann SE & Co. KGaA", "dates_employed": "Sep 2015\u2013Feb 2017", "employment_duration": "1 yr 6 mos", "location": "Asheville & NYC", "title": "CFO & Treasurer"}], "education": [{"institution": "Universit\u00e9 Panth\u00e9on Assas (Paris II)", "degree_details": {"degree_name": "Master 2 Finance (P)", "field_of_study": "Accounting and Finance", "dates_attended_or_expected_graduation": "1992 \u2013 1994"}}, {"institution": "University of Paris II - Pantheon/Assas", "degree_details": {"degree_name": "Master's degree", "field_of_study": "Accounting and Finance", "dates_attended_or_expected_graduation": "1989 \u2013 1992"}}], "employee_name": "0VrZMCET0pf/*sHpdZkmQ8PnTPXXZsh2eIA==*84QXrrldkevAQExOBR4D2g==*sf/GdrlVo66bV4MbjwOdgA=="}, {"experience": [{"company_name": "Neota Logic Inc", "dates_employed": "Feb 2021\u2013Present", "employment_duration": "1 yr 4 mos", "location": "New York City Metropolitan Area", "title": "Business Development Manager, North America"}, {"company_name": "Emplify", "dates_employed": "Nov 2020\u2013Jan 2021", "employment_duration": "3 mos", "location": "Fishers, Indiana, United States", "title": "Business Development Specialist"}, {"company_name": "ABILITY Network", "dates_employed": "Nov 2019\u2013Sep 2020", "employment_duration": "11 mos", "location": "Tampa/St. Petersburg, Florida Area", "title": "Sr. SaaS Account Executive, New Business Development"}, {"company_name": "LeadingResponse", "dates_employed": "Oct 2018\u2013Sep 2019", "employment_duration": "1 yr", "location": "Tampa/St. Petersburg, Florida Area", "title": "Digital And Direct Marketing Consultant"}, {"company_name": "OpenText", "dates_employed": "Jan 2016\u2013Aug 2018", "employment_duration": "2 yrs 8 mos", "location": "Tampa/St. Petersburg, Florida Area", "title": "Enterprise Software Sales Executive"}], "education": [{"institution": "Stony Brook University", "degree_details": {"degree_name": "Bachelor of Arts", "field_of_study": "European History", "dates_attended_or_expected_graduation": null}}], "employee_name": "KtKJzseQwKRsog==*XICwU3ZOE+RxXLpVmBUGsg==*D+HYpbiSAYRAZhaGKG3ClA==*fQMyZ3eHG5NOQOWkOvf++w=="}, {"experience": [{"company_name": "Neota Logic Inc", "dates_employed": "Oct 2021\u2013Present", "employment_duration": "8 mos", "location": "Remote", "title": "Global Markets and Growth"}, {"company_name": "Revolutionary Integration Group Inc.", "dates_employed": "Nov 2020\u2013Oct 2021", "employment_duration": "1 yr", "location": "United States", "title": "VP, Financial Markets"}, {"company_name": "Munich Re (Group) / Roanoke Trade", "dates_employed": "Sep 2018\u2013Jun 2020", "employment_duration": "1 yr 10 mos", "location": "Virginia Beach, VA / Remote", "title": "Head of Business Development, Travel and Entertainment"}, {"company_name": "UnitedHealth Group", "dates_employed": "Jun 2016\u2013Sep 2018", "employment_duration": "2 yrs 4 mos", "location": "Richmond, Virginia Area", "title": "Strategic Client Executive - Global Insurance"}, {"company_name": "Robertson Taylor", "dates_employed": "Jul 2014\u2013Jan 2016", "employment_duration": "1 yr 7 mos", "location": "Richmond, Virginia Area", "title": "EVP, Sales / Strategy"}], "education": [{"institution": "University of Mary Washington", "degree_details": {"degree_name": "Bachelor\u2019s Degree", "field_of_study": "Economics / Business", "dates_attended_or_expected_graduation": "1988 \u2013 1992"}}], "employee_name": "so2cq4zVu9sKZW8=*qNDRIaHM5h9VapDsqotSnQ==*jjf/fwbUmQa5x2J+O6viHw==*PQBktGpae0U7YWwa2buOQQ=="}, {"experience": [{"company_name": "Neota Logic Inc", "dates_employed": "Aug 2021\u2013Present", "employment_duration": "10 mos", "location": "New York, United States", "title": "Product Manager"}, {"company_name": "Neota Logic Inc", "dates_employed": "Feb 2020\u2013Aug 2021", "employment_duration": "1 yr 7 mos", "location": "New York", "title": "Senior Solutions Architect"}, {"company_name": "Neota Logic Inc", "dates_employed": "Mar 2017\u2013Feb 2020", "employment_duration": "3 yrs", "location": "Melbourne, Australia", "title": "Solutions Architect"}, {"company_name": "Trinity College, the University of Melbourne", "dates_employed": "Apr 2017\u2013Oct 2019", "employment_duration": "2 yrs 7 mos", "location": "Melbourne, Australia", "title": "LSAT Tutor"}, {"company_name": "King & Wood Mallesons", "dates_employed": "Dec 2016\u2013Mar 2017", "employment_duration": "4 mos", "location": "Melbourne, Australia", "title": "Knowledge Analyst"}], "education": [{"institution": "University of Melbourne", "degree_details": {"degree_name": "Juris Doctor", "field_of_study": "Law", "dates_attended_or_expected_graduation": "2014 \u2013 2016"}}, {"institution": "University of Melbourne", "degree_details": {"degree_name": "Bachelor of Arts (BA)", "field_of_study": "Criminology & Creative Writing", "dates_attended_or_expected_graduation": "2011 \u2013 2013"}}], "employee_name": "knOpu1KKD9nt2iTXjX+C2HE=*ooy4rQATAZTVSDvkvLXyQA==*7V05WFCZneSzpN6AHFyNwg==*lLz1Cc3wipvsBRUdgcWYRw=="}, {"experience": [{"company_name": "Neota Logic Inc", "dates_employed": "Mar 2018\u2013Present", "employment_duration": "4 yrs 3 mos", "location": "Greater New York City Area", "title": "Manager, Legal Affairs"}, {"company_name": "RightsNOW", "dates_employed": "Feb 2018\u2013Present", "employment_duration": "4 yrs 4 mos", "location": "Greater New York City Area", "title": "Co-Founder"}, {"company_name": "Cornell Tech", "dates_employed": "Aug 2018\u2013Dec 2018", "employment_duration": "5 mos", "location": "Greater New York City Area", "title": "Adjunct Professor"}, {"company_name": "Neota Logic Inc", "dates_employed": "Oct 2017\u2013Mar 2018", "employment_duration": "6 mos", "location": "Greater New York City Area", "title": "Senior Director, Education & Community Programs"}, {"company_name": "Patrimoine canadien -- Canadian Heritage", "dates_employed": "Jan 2016\u2013Jun 2016", "employment_duration": "6 mos", "location": "Ottawa, Canada Area", "title": "Analyst"}], "education": [{"institution": "Cornell Law School", "degree_details": {"degree_name": "Master of Law, Technology and Entrepreneurship (LLM)", "dates_attended_or_expected_graduation": "2016 \u2013 2017", "field_of_study": null}}, {"institution": "York University - Osgoode Hall Law School", "degree_details": {"degree_name": "Juris Doctor (JD)", "dates_attended_or_expected_graduation": "2013", "field_of_study": null}}, {"institution": "Stanford Law School", "degree_details": {"degree_name": "Visiting Researcher, CodeX: Stanford Center of Legal Informatics", "dates_attended_or_expected_graduation": "2012", "field_of_study": null}}], "employee_name": "Og+j+Ke/l4OmqWmzYAC5BWjnsQ==*dAms8HxxK79rV/SZFeLxyw==*LJ1jqZAGxjU0IJRlYes4Lg==*gxx9aSxVuHNmV3S8yRw4QA=="}, {"experience": [{"company_name": "Neota", "dates_employed": "Jan 2022\u2013Present", "employment_duration": "5 mos", "location": null, "title": "Global Marketing Executive"}, {"company_name": "Bleached Club", "dates_employed": "Sep 2020\u2013Present", "employment_duration": "1 yr 9 mos", "location": "London, England, United Kingdom", "title": "Co-founder and Marketing Director"}, {"company_name": "Neota", "dates_employed": "Jan 2021\u2013Jan 2022", "employment_duration": "1 yr 1 mo", "location": null, "title": "Global Marketing Assistant"}, {"company_name": "RPC- law firm", "dates_employed": "Jun 2021\u2013Jul 2021", "employment_duration": "2 mos", "location": null, "title": "Summer Vacation Scheme"}, {"company_name": "Harts Group", "dates_employed": "Nov 2019\u2013Jan 2021", "employment_duration": "1 yr 3 mos", "location": "London, England, United Kingdom", "title": "Restaurant Host"}], "education": [{"institution": "UCL", "degree_details": {"degree_name": "Bachelor of Laws - LLB", "field_of_study": "Law", "dates_attended_or_expected_graduation": "2017 \u2013 2020"}}, {"institution": "Magdalen College School, Oxford", "degree_details": {"degree_name": "GCSEs and A Levels", "dates_attended_or_expected_graduation": "2010 \u2013 2017", "field_of_study": null}}], "employee_name": "ztToIHRVJ5drZfWjgBZG*pbQRYq2uglndM5tUc2HfzA==*L3dpLQOuy+UMc5EbJQY8kw==*MCmqz8QK4ueXtXkQI7IeeQ=="}, {"experience": [{"company_name": "Neota Logic Inc", "dates_employed": "Sep 2018\u2013Present", "employment_duration": "3 yrs 9 mos", "location": "London, United Kingdom", "title": "Head of Customer Success, EMEA"}, {"company_name": "Intapp", "dates_employed": "Apr 2017\u2013Aug 2018", "employment_duration": "1 yr 5 mos", "location": "London, United Kingdom", "title": "Customer Success Director"}, {"company_name": "BigHand Ltd", "dates_employed": "Apr 2010\u2013Mar 2017", "employment_duration": "7 yrs", "location": "London, United Kingdom", "title": "Account Director, UK Healthcare"}, {"company_name": "BigHand Ltd", "dates_employed": "Apr 2009\u2013Mar 2010", "employment_duration": "1 yr", "location": "London, United Kingdom", "title": "Technical Director"}, {"company_name": "BigHand Ltd", "dates_employed": "Jan 2006\u2013Mar 2009", "employment_duration": "3 yrs 3 mos", "location": "London, United Kingdom", "title": "UK Implementations Manager"}], "education": [{"institution": "University of Portsmouth", "degree_details": {"degree_name": "B.Eng", "field_of_study": "Engineering Design and Advanced Materials", "dates_attended_or_expected_graduation": "1994 \u2013 1996"}}, {"institution": "University of Portsmouth", "degree_details": {"degree_name": "BTEC HND", "field_of_study": "Engineering Mechanical / Manufacture", "dates_attended_or_expected_graduation": "1992 \u2013 1994"}}], "employee_name": "Dr4vaO7N+SReCBIFqmnJ*w4XMbpuJ/gyOfQFk18gdFQ==*Kr3DIQfBxXGyeQEJJEZ+Kg==*z4P15v/mPGU8mcghPty2Yg=="}, {"experience": [{"company_name": "Neota Logic Inc", "dates_employed": "2015\u2013Present", "employment_duration": "7 yrs", "location": null, "title": "Chief Administrative Officer"}], "education": null, "employee_name": "osEjnqv3PnGRQ8g=*zxz/7RS+q3X15PIdH3LC4A==*b04P9B4qLL49tr2TgcXzYQ==*JuZytsbztuLub5HuTjif9Q=="}, {"experience": [{"company_name": "Neota Logic Inc", "dates_employed": "Jan 2020\u2013Present", "employment_duration": "2 yrs 5 mos", "location": null, "title": "Director, Client Solutions and Engagement"}, {"company_name": "Neota Logic Inc", "dates_employed": "Feb 2019\u2013Jan 2020", "employment_duration": "1 yr", "location": "Greater New York City Area", "title": "Client Success Manager"}, {"company_name": "Fragomen", "dates_employed": "Jul 2017\u2013Feb 2019", "employment_duration": "1 yr 8 mos", "location": "Matawan, NJ", "title": "Analytics Engineer"}, {"company_name": "Fragomen", "dates_employed": "Aug 2016\u2013Jul 2017", "employment_duration": "1 yr", "location": "Greater New York City Area", "title": "Worldwide Standards & Knowledge Manager"}, {"company_name": "Fragomen Worldwide", "dates_employed": "Jun 2014\u2013Aug 2016", "employment_duration": "2 yrs 3 mos", "location": "Fragomen, Del Rey, Bernsen, and Loewy", "title": "Global Client Services Advisor"}], "education": [{"institution": "Rowan University", "degree_details": {"degree_name": "Bachelor's degree", "field_of_study": "Health and Exercise Science", "dates_attended_or_expected_graduation": "2003 \u2013 2007"}}], "employee_name": "UR0oirronoSZvW27NQUlKg==*Ov4+bHe/jrpvNNo8yyolaw==*KPPebrP0BzJTCCyRX/6f1w==*rjbOsyxJI4Nhc6+RZBYHeg=="}, {"experience": [{"company_name": "Neota Logic Inc", "dates_employed": "Apr 2016\u2013Present", "employment_duration": "6 yrs 2 mos", "location": "Melbourne, Australia", "title": "Chief Integration Officer"}, {"company_name": "QuestMetrics", "dates_employed": "Feb 2015\u2013Apr 2016", "employment_duration": "1 yr 3 mos", "location": "Melbourne, Australia", "title": "CTO"}, {"company_name": "Australian Unity", "dates_employed": "Sep 2013\u2013Feb 2015", "employment_duration": "1 yr 6 mos", "location": "Melbourne, Australia", "title": "Software Development Manager"}, {"company_name": "Enghouse Interactive", "dates_employed": "Jun 2004\u2013Sep 2013", "employment_duration": "9 yrs 4 mos", "location": "Boston/Zagreb/Melbourne", "title": "Product Development Manager"}, {"company_name": "Symbian", "dates_employed": "Nov 2001\u2013Jun 2004", "employment_duration": "2 yrs 8 mos", "location": "London, United Kingdom", "title": "Software Development Team Lead"}], "education": [{"institution": "University of Melbourne", "degree_details": {"degree_name": "Doctor of Philosophy (PhD)", "field_of_study": "Computer Science", "dates_attended_or_expected_graduation": "1995 \u2013 1997"}}, {"institution": "University of Melbourne", "degree_details": {"degree_name": "Bachelor\u2019s Degree", "field_of_study": "Computer Science", "dates_attended_or_expected_graduation": "1991 \u2013 1994"}}, {"institution": "Monash Secondary College", "degree_details": {"degree_name": "High School", "dates_attended_or_expected_graduation": "1989 \u2013 1990", "field_of_study": null}}], "employee_name": "dSqmd1iiy4ab896e7UKB*Vmhnz4Y8QeWI+AEMNEh0aQ==*oiLqhZYd/9IwyfdB5GVLnQ==*L4JptBrYjhEDEhIjbs+Agg=="}, {"experience": [{"company_name": "Neota Logic Inc", "dates_employed": "Mar 2020\u2013Present", "employment_duration": "2 yrs 3 mos", "location": "New York, New York", "title": "Accountant"}, {"company_name": "EZ TAX 360,LLC", "dates_employed": "Jan 2018\u2013Mar 2020", "employment_duration": "2 yrs 3 mos", "location": "New York, New York", "title": "Accountant"}, {"company_name": "Cintra Software and Services", "dates_employed": "Jun 2017\u2013Feb 2018", "employment_duration": "9 mos", "location": "Greater New York City Area", "title": "Accounting Assistant"}, {"company_name": "N & F Global Corporation", "dates_employed": "Jan 2013\u2013Jan 2016", "employment_duration": "3 yrs 1 mo", "location": "New York", "title": "Operations Manager"}, {"company_name": "It\u2019s Always Christmas in NY Inc.", "dates_employed": "Sep 2009\u2013Dec 2012", "employment_duration": "3 yrs 4 mos", "location": "Greater New York City Area", "title": "Store Manager"}], "education": [{"institution": "Keller Graduate School of Management of DeVry University", "degree_details": {"degree_name": "Master of Business Administration (MBA)", "field_of_study": "Accounting", "dates_attended_or_expected_graduation": "2016 \u2013 2020"}}, {"institution": "Baruch College", "degree_details": {"degree_name": "Bachelor of Business Administration (BBA)", "field_of_study": "Economics", "dates_attended_or_expected_graduation": "2010 \u2013 2014"}}, {"institution": "Kingsborough Community College", "degree_details": {"degree_name": "Associate's degree", "field_of_study": "Computer Information Systems", "dates_attended_or_expected_graduation": "2007 \u2013 2009"}}], "employee_name": "k54v5B1QmsqIcaGv7NvM*XOe1ZJoam1b3XL3br3VCtg==*iqV4vvJe124hS08Edt9j9A==*/7eFTmuegOr17gOsYfaQ4w=="}, {"experience": [{"company_name": "Neota Logic Inc", "dates_employed": "Aug 2020\u2013Present", "employment_duration": "1 yr 10 mos", "location": null, "title": "Frontend Developer"}, {"company_name": "BSC PRAHA", "dates_employed": "2016\u2013Jul 2020", "employment_duration": "4 yrs", "location": null, "title": "Frontend Developer"}, {"company_name": "Betsys", "dates_employed": "2012\u2013Dec 2015", "employment_duration": "3 yrs", "location": null, "title": "PHP, Javascript developer"}, {"company_name": "Mediawork group s.r.o.", "dates_employed": "2011\u20132013", "employment_duration": "2 yrs", "location": null, "title": "PHP, Javascript developer"}, {"company_name": "3sixty.eu", "dates_employed": "2011\u20132011", "employment_duration": "less than a year", "location": null, "title": "PHP developer"}], "education": [{"institution": "Czech Technical University in Prague", "degree_details": {"degree_name": "Bachelor's degree", "field_of_study": "Computer Software Technology/Technician", "dates_attended_or_expected_graduation": "2010 \u2013 2013"}}], "employee_name": "FEOJCmiJXyVN1dgxD8s=*E0hDockQ2qM2mPq4ucqSaQ==*1pEJvS6SopcdewYpSSY11w==*keP7H76SvCDhAEGrZi6Z/g=="}, {"experience": [{"company_name": "Greendot", "dates_employed": "Jul 2021\u2013Present", "employment_duration": "11 mos", "location": "Prague, Czechia", "title": "Senior Web Developer"}, {"company_name": "Neota", "dates_employed": "Feb 2022\u2013Present", "employment_duration": "4 mos", "location": "Prague, Czechia", "title": "Senior Frontend Developer"}, {"company_name": "GuideVision - ServiceNow Elite Partner, an Infosys company", "dates_employed": "Sep 2021\u2013Jan 2022", "employment_duration": "5 mos", "location": null, "title": "ServiceNow Service Portal Lector"}, {"company_name": "GuideVision - ServiceNow Elite Partner", "dates_employed": "Apr 2020\u2013Jan 2022", "employment_duration": "1 yr 10 mos", "location": "Hlavn\u00ed m\u011bsto Praha, \u010cesk\u00e1 republika", "title": "ServiceNow Consultant"}, {"company_name": "Greyson", "dates_employed": "Feb 2020\u2013Apr 2020", "employment_duration": "3 mos", "location": "Prague, Czech Republic", "title": "Frontend Developer"}], "education": [{"institution": "Unicorn University", "degree_details": {"degree_name": "Bachelor's degree", "field_of_study": "Software Development", "dates_attended_or_expected_graduation": "2021 \u2013 2024"}}, {"institution": "Faculty of Electrical Engineering, Czech Technical University in Prague", "degree_details": {"degree_name": "Bachelor's degree (unfinished)", "field_of_study": "Software engineering", "dates_attended_or_expected_graduation": "2016 \u2013 2019"}}, {"institution": "St\u0159edn\u00ed pr\u016fmyslova \u0161kola Panska", "degree_details": {"field_of_study": "Globaln\u00ed s\u00ed\u0165ov\u00e9 technologie", "dates_attended_or_expected_graduation": "2012 \u2013 2016", "degree_name": null}}], "employee_name": "q35aMVjDklUnW3LW5A==*MEGFOYAs0j1Gm3k4hNsMUQ==*amvdJAIY3afWuQ3IOAVWqQ==*FR4UDA4DaCSrhTw5ooOV0A=="}, {"experience": [{"company_name": "Neota Logic Inc", "dates_employed": "Aug 2020\u2013Present", "employment_duration": "1 yr 10 mos", "location": null, "title": "Senior Web Developer"}, {"company_name": "Five", "dates_employed": "Jun 2019\u2013Jul 2020", "employment_duration": "1 yr 2 mos", "location": "City of Zagreb, City of Zagreb, Croatia", "title": "Erecruit VMS Frontend Lead"}, {"company_name": "Five", "dates_employed": "Nov 2017\u2013Jun 2019", "employment_duration": "1 yr 8 mos", "location": null, "title": "React.js developer"}, {"company_name": "Five Minutes", "dates_employed": "Jun 2014\u2013Apr 2018", "employment_duration": "3 yrs 11 mos", "location": null, "title": "Napster team lead for Windows (C#)"}, {"company_name": "Infoart d.o.o.", "dates_employed": "Aug 2011\u2013May 2014", "employment_duration": "2 yrs 10 mos", "location": "Zagreb", "title": "C# Developer"}], "education": [{"institution": "FER", "degree_details": {"degree_name": "Master of Science in Information and Communication Technology", "dates_attended_or_expected_graduation": null, "field_of_study": null}}, {"institution": "FER", "degree_details": {"degree_name": "univ. bacc.", "field_of_study": "Computer science", "dates_attended_or_expected_graduation": "2004 \u2013 2008"}}], "employee_name": "y40OMUnG2bz21g6DEA==*s/Kd3zf6hmG9554SR5/IrQ==*IbeC9YQ+RT6o9FzV6XDNAw==*8pJNOsxfPZZzNnGbcAkhig=="}, {"experience": [{"company_name": "Neota Logic Inc", "dates_employed": "Jan 2019\u2013Present", "employment_duration": "3 yrs 5 mos", "location": null, "title": "Lead Architect"}, {"company_name": "Neota Logic Inc", "dates_employed": "Jan 2018\u2013Present", "employment_duration": "4 yrs 5 mos", "location": null, "title": "Senior Software Architect"}, {"company_name": "Neota Logic Inc", "dates_employed": "Jun 2014\u2013Present", "employment_duration": "8 yrs", "location": "Greater New York City Area", "title": "Senior Software Engineer"}, {"company_name": "Stony Brook University", "dates_employed": "2010\u2013May 2014", "employment_duration": "4 yrs", "location": "Stony Brook, NY", "title": "Research Assistant"}, {"company_name": "LogicBlox", "dates_employed": "May 2013\u2013Aug 2013", "employment_duration": "4 mos", "location": "Atlanta, GA", "title": "Software Engineer Intern"}], "education": [{"institution": "Stony Brook University", "degree_details": {"degree_name": "Doctor of Philosophy (Ph.D.)", "field_of_study": "Computer Science (Programming Languages, Logic, Compilers, Type Theory)", "dates_attended_or_expected_graduation": "2009 \u2013 2014"}}, {"institution": "Ethniko Metsovio Polytechnico", "degree_details": {"degree_name": "MEng", "field_of_study": "Electrical and Computer Engineering", "dates_attended_or_expected_graduation": "2004 \u2013 2009"}}, {"institution": "SpiderNet Internet Services", "degree_details": {"dates_attended_or_expected_graduation": null, "degree_name": null, "field_of_study": null}}], "employee_name": "WYeNZV//uwOj7oqnLgeFKbsp4IXGf7zT0A==*8ngBtSv9/JUk4/jgwHnXKA==*jwt9UrJnvOmPMP37nKNPjg==*cBgZAHkqDSVZdEjmg2UX3Q=="}, {"experience": [{"company_name": "Neota Logic Inc", "dates_employed": "Aug 2019\u2013Present", "employment_duration": "2 yrs 10 mos", "location": "New York, New York", "title": "A/R Specialist"}, {"company_name": "Deep Distributors of Greater NY", "dates_employed": "Nov 2013\u2013Oct 2017", "employment_duration": "4 yrs", "location": null, "title": "Accountant"}, {"company_name": "M. A. Mahmood CPA PC", "dates_employed": "Feb 2010\u2013Oct 2013", "employment_duration": "3 yrs 9 mos", "location": "Greater New York City Area", "title": "Senior Accountant"}, {"company_name": "ACNielsen", "dates_employed": "Jun 2005\u2013Sep 2008", "employment_duration": "3 yrs 4 mos", "location": null, "title": "Senior Research Executive"}], "education": [{"institution": "University of New Haven", "degree_details": {"degree_name": "Master of Business Administration", "field_of_study": "Accounting", "dates_attended_or_expected_graduation": "2008 \u2013 2010"}}, {"institution": "Institute of Business Administration", "degree_details": {"degree_name": "Masters of Business Administration", "field_of_study": "Marketing and MIS", "dates_attended_or_expected_graduation": "2001 \u2013 2004"}}], "employee_name": "NZlfHRQwaUOBvc3gDQ==*VWNzbI6Qj3N+mYUevAOfxA==*gK0I7ZOuLszmGehNT9V1UQ==*mhHz26cCslFE8inAoUq1qA=="}, {"experience": [{"company_name": "Neota Logic Inc", "dates_employed": null, "employment_duration": null, "location": null, "title": "Vice President Of Business Development"}], "education": null, "employee_name": "3d++pL3zq4NGFRvk*F5gUSQHNWCdn2GSSfHhbtA==*019UCOywDGEupLv1a9dfsg==*zQL6gen/z6TDqkWe0WY4QA=="}, {"experience": [{"company_name": "Neota Logic Inc", "dates_employed": "Dec 2020\u2013Present", "employment_duration": "1 yr 6 mos", "location": null, "title": "Software Engineer"}, {"company_name": "Amphinicy Technologies", "dates_employed": "Feb 2016\u2013Nov 2020", "employment_duration": "4 yrs 10 mos", "location": null, "title": "Senior Software Engineer"}, {"company_name": "Amphinicy Technologies", "dates_employed": "Aug 2013\u2013Jan 2016", "employment_duration": "2 yrs 6 mos", "location": null, "title": "Software Engineer"}, {"company_name": "iSTUDIO Ltd.", "dates_employed": "Jun 2010\u2013Jul 2013", "employment_duration": "3 yrs 2 mos", "location": null, "title": "Software engineer"}], "education": [{"institution": "Fakultet elektrotehnike i ra\u010dunarstva", "degree_details": {"degree_name": "M.Sc.", "field_of_study": "Computer Engineering", "dates_attended_or_expected_graduation": "2008 \u2013 2010"}}, {"institution": "Fakultet elektrotehnike i ra\u010dunarstva", "degree_details": {"degree_name": "B.Sc.", "field_of_study": "Computer Engineering", "dates_attended_or_expected_graduation": "2005 \u2013 2008"}}], "employee_name": "2rBpte2SKQ==*nFT++hWGriipXTcPcDj34w==*S7zfjM9zLt9SXKwVErilKw==*UZ2vxWn54KXh+t6OPLxbIA=="}, {"experience": null, "education": null, "employee_name": "UspcDlK7g/cPgj8UBHsd*dju/+NrBfEmVXqitgFiISg==*QLMN6+2DHLVVzDBN9kt55w==*JE2mmyFOgw3KDbMAxS86pw=="}, {"experience": [{"company_name": "Neota Logic Inc", "dates_employed": "Mar 2021\u2013Present", "employment_duration": "1 yr 3 mos", "location": null, "title": "QA Tester"}, {"company_name": "Fiserv", "dates_employed": "Mar 2018\u2013Mar 2021", "employment_duration": "3 yrs 1 mo", "location": "Noida Area, India", "title": "Quality Assurance Engineer"}, {"company_name": "Aon Hewitt", "dates_employed": "Jan 2014\u2013Feb 2018", "employment_duration": "4 yrs 2 mos", "location": "Noida Area, India", "title": "Setup Configuration Analyst"}], "education": [{"institution": "DRONACHARYA COLLEGE OF ENGINEERING", "degree_details": {"dates_attended_or_expected_graduation": "2009 \u2013 2013", "degree_name": null, "field_of_study": null}}], "employee_name": "gkOJKutsvZa19w==*KKTcC3wlu04RXOP+tYYYdQ==*UX0Gd0s2VSIBufPalD97zw==*hIcSdO3r8NSK1jvme2AAlg=="}, {"experience": null, "education": null, "employee_name": "LYpsfF64hsMjSUXYen1V*p2qT+25KK0OBF4PUCQsq1Q==*lxR8dZKyV9n4PP7sTn1nYQ==*pATR6lcuZ+YCKWFhQwhoUg=="}, {"experience": [{"company_name": "Neota Logic Inc", "dates_employed": "Jun 2020\u2013Present", "employment_duration": "2 yrs", "location": "Melbourne, Victoria, Australia", "title": "UX/UI Designer"}, {"company_name": "Kennedy Design", "dates_employed": "Jan 2020\u2013Present", "employment_duration": "2 yrs 5 mos", "location": "Melbourne, Victoria, Australia", "title": "Communications Designer"}, {"company_name": "Brandbuild Pty Ltd", "dates_employed": "Jul 2018\u2013Jan 2020", "employment_duration": "1 yr 7 mos", "location": "Melbourne, Australia", "title": "Designer"}], "education": [{"institution": "Swinburne University of Technology", "degree_details": {"degree_name": "Bachelor's degree", "field_of_study": "Communication Design (Honours)", "dates_attended_or_expected_graduation": "2016 \u2013 2019"}}, {"institution": "La Trobe University", "degree_details": {"degree_name": "Bachelor of Economics", "dates_attended_or_expected_graduation": "2012 \u2013 2016", "field_of_study": null}}], "employee_name": "tArsux43rqe+5WqN5p4=*qxSV9mTSFBh0dM9+CZ3npw==*bkvpT7rX1D4TSQ05a5NXXg==*lfjnNKXyAdIrxeZ/x2fwSQ=="}, {"experience": null, "education": null, "employee_name": "nJ/RGe4M9MiatI23kTN2*wFmkStWg6/N3FsyvJ/A1Dg==*AvgbzjLGIZS4SuCRITZMaQ==*p5uATObjBDJPKPMFwNHR/g=="}, {"experience": [{"company_name": "neota corp", "dates_employed": null, "employment_duration": null, "location": null, "title": "programmer (learning)"}], "education": [{"institution": "university of Calgary", "degree_details": {"dates_attended_or_expected_graduation": "2011 \u2013 2015", "degree_name": null, "field_of_study": null}}], "employee_name": "9PW6qMmhK0KOiWP2oA==*PVqCNRJSX+gsD5+XuKryGQ==*43VihS2zjRh3V/HEdjGElg==*EBQa6dwmbMqZgpzMsbViUQ=="}, {"experience": null, "education": null, "employee_name": "oFa+ZuXwyTg79vTpXOdf*eTl/hXWWybckZYumGMdhuQ==*h/6aAJ5BbrmC8V/VGE6JQw==*52lKed9H4HOYfNliGM5ojA=="}, {"experience": null, "education": null, "employee_name": "LRHKIsy0r3aVpA3O+ETG*Pew7AAXK4fj+4EXeEhRtCA==*esP2sVSDWKUSv334ZAFdQA==*hSRj8O7Xi0K/HZenDKSgMQ=="}, {"experience": [{"company_name": "Neota Logic Inc", "dates_employed": "Nov 2020\u2013Present", "employment_duration": "1 yr 7 mos", "location": "London, England, United Kingdom", "title": "Business Development - EMEA"}, {"company_name": "Thomson Reuters", "dates_employed": "Jun 2018\u2013Nov 2020", "employment_duration": "2 yrs 6 mos", "location": "London, United Kingdom", "title": "Business Development"}, {"company_name": "Anaqua", "dates_employed": "May 2016\u2013May 2018", "employment_duration": "2 yrs 1 mo", "location": "London, United Kingdom", "title": "Sales Development Representative"}, {"company_name": "Tikit", "dates_employed": "Apr 2011\u2013May 2016", "employment_duration": "5 yrs 2 mos", "location": "London, United Kingdom", "title": "Sales Consultant"}, {"company_name": "G3 Telecommunications", "dates_employed": "Jun 2010\u2013Apr 2011", "employment_duration": "11 mos", "location": null, "title": "Telephone Account Manager"}], "education": null, "employee_name": "2DMwTL0tbypWOA==*mYXJSkTZtBm7ztQI+9vV5Q==*E+J1zQeVDsem3fkVO42msw==*wTGXJexHGP8ZL2z9P5plRg=="}, {"experience": [{"company_name": "Neota Logic Inc", "dates_employed": "Oct 2020\u2013Present", "employment_duration": "1 yr 8 mos", "location": "Melbourne, Victoria, Australia", "title": "Solutions Architect"}, {"company_name": "Hall & Wilcox", "dates_employed": "May 2018\u2013Oct 2020", "employment_duration": "2 yrs 6 mos", "location": "Melbourne, Australia", "title": "Workflow Developer/Analyst"}, {"company_name": "Hall & Wilcox", "dates_employed": "Nov 2016\u2013May 2018", "employment_duration": "1 yr 7 mos", "location": "Melbourne, Australia", "title": "IT Analyst"}, {"company_name": "Hall & Wilcox", "dates_employed": "May 2015\u2013Nov 2016", "employment_duration": "1 yr 7 mos", "location": null, "title": "Desktop Support Technician"}, {"company_name": "Russell Kennedy Lawyers", "dates_employed": "Feb 2015\u2013May 2015", "employment_duration": "4 mos", "location": null, "title": "Service Clerk"}], "education": [{"institution": "Deakin University", "degree_details": {"dates_attended_or_expected_graduation": null, "degree_name": null, "field_of_study": null}}], "employee_name": "cidnV8HAStHBo04NpMw=*p0MUCIipZzs7rxDHI+S0pA==*kfJEM6ylFZzM6Mt8f1nmSg==*Be6jqKMUgJRVYVGWkOKGaw=="}, {"experience": [{"company_name": "Neota Logic Inc", "dates_employed": "Aug 2019\u2013Present", "employment_duration": "2 yrs 10 mos", "location": "Melbourne, Australia", "title": "Head of Customer Success APAC"}, {"company_name": "PMD", "dates_employed": "Apr 2017\u2013Jul 2019", "employment_duration": "2 yrs 4 mos", "location": "Melbourne, Australia", "title": "Strategy, Planning and Project Management"}, {"company_name": "Fresho", "dates_employed": "Feb 2016\u2013Mar 2017", "employment_duration": "1 yr 2 mos", "location": "Melbourne, Australia", "title": "CTO"}, {"company_name": "PMD", "dates_employed": "Jul 2015\u2013Mar 2016", "employment_duration": "9 mos", "location": "Melbourne, Australia", "title": "Principal Consultant"}, {"company_name": "Acrodata", "dates_employed": "Mar 2011\u2013Jun 2015", "employment_duration": "4 yrs 4 mos", "location": "Tasmania, Australia", "title": "Manager Advisory Services"}], "education": [{"institution": "University of Melbourne", "degree_details": {"degree_name": "BA (Hons)", "dates_attended_or_expected_graduation": "1993 \u2013 1997", "field_of_study": null}}, {"institution": "Melbourne High School", "degree_details": {"dates_attended_or_expected_graduation": "1989 \u2013 1992", "degree_name": null, "field_of_study": null}}], "employee_name": "s8xzW1/7FXINpm8=*JXQa8ekvXAE71yqCQUod3Q==*GwCKjL6IftYeE5oLFKQDlA==*04AANzIekKMCcvp0kssvfA=="}, {"experience": [{"company_name": "Neota Logic Inc", "dates_employed": "Feb 2017\u2013Present", "employment_duration": "5 yrs 4 mos", "location": "Melbourne, Australia", "title": "Director, Consulting and Solutions - Asia Pacific"}, {"company_name": "Neota Logic Inc", "dates_employed": "Jan 2016\u2013Feb 2017", "employment_duration": "1 yr 2 mos", "location": "Melbourne, Australia", "title": "Solutions Architect"}, {"company_name": "Victoria Legal Aid", "dates_employed": "Jan 2016\u2013Aug 2016", "employment_duration": "8 mos", "location": "Melbourne, Australia", "title": "Intern (Family Law)"}, {"company_name": "The University of Melbourne", "dates_employed": "Dec 2015\u2013Mar 2016", "employment_duration": "4 mos", "location": "Melbourne, Australia", "title": "Research Assistant"}, {"company_name": "ACSO", "dates_employed": "Aug 2015\u2013Mar 2016", "employment_duration": "8 mos", "location": "Melbourne, Australia", "title": "Client Reception Officer"}], "education": [{"institution": "The College of Law Australia", "degree_details": {"degree_name": "Graduate Diploma of Legal Studies (GDLP)", "field_of_study": "Family Law, Criminal Law", "dates_attended_or_expected_graduation": "2017 \u2013 2018"}}, {"institution": "University of Melbourne", "degree_details": {"degree_name": "Juris Doctor (J.D.)", "field_of_study": "Law", "dates_attended_or_expected_graduation": "2013 \u2013 2016"}}, {"institution": "KU Leuven", "degree_details": {"degree_name": "Masters of Law (Exchange Program)", "dates_attended_or_expected_graduation": "2015 \u2013 2015", "field_of_study": null}}], "employee_name": "Ed/tjL78nclogVBSpuuZ2EQ=*LCtvHOrXDKs4ZddgfJAZjg==*sMpaluIcpRqiu1AyfYjD9w==*y4XHvGXlJyPpdqpmyltWzg=="}, {"experience": [{"company_name": "Neota Logic Inc", "dates_employed": "Mar 2020\u2013Present", "employment_duration": "2 yrs 3 mos", "location": "New York, United States", "title": "Senior Solutions Architect"}, {"company_name": "Neota Logic Inc", "dates_employed": "Jun 2019\u2013Mar 2020", "employment_duration": "10 mos", "location": null, "title": "Support Technician"}, {"company_name": "Agio (Formerly Intersection)", "dates_employed": "Mar 2018\u2013Jun 2019", "employment_duration": "1 yr 4 mos", "location": "New York City", "title": "Systems Analyst"}, {"company_name": "Apple", "dates_employed": "Jan 2017\u2013Mar 2018", "employment_duration": "1 yr 3 mos", "location": "Manhattan, New York", "title": "Support Lead"}, {"company_name": "Apple", "dates_employed": "Jul 2014\u2013Mar 2018", "employment_duration": "3 yrs 9 mos", "location": "Manhattan, New York", "title": "Genius"}], "education": [{"institution": "Swarthmore College", "degree_details": {"degree_name": "Bachelor of Arts (B.A.)", "field_of_study": "Art History, Criticism and Conservation", "dates_attended_or_expected_graduation": "2009 \u2013 2013"}}], "employee_name": "3Iy6lIaNhTqo9xAWpA==*8BfAyGEtr9t8PSuX5uh8zw==*U5aPWw7TV1myh8UBRXdVKw==*JRGDdlassKKEuakG16m4NA=="}, {"experience": [{"company_name": "Neota", "dates_employed": "Apr 2022\u2013Present", "employment_duration": "2 mos", "location": "Melbourne, Victoria, Australia", "title": "Solutions Architect"}, {"company_name": "Certane", "dates_employed": "May 2021\u2013Apr 2022", "employment_duration": "1 yr", "location": "Melbourne, Victoria, Australia", "title": "Strategy & Innovation Lead"}, {"company_name": "Certane", "dates_employed": "Jul 2020\u2013Apr 2021", "employment_duration": "10 mos", "location": "Melbourne, Victoria, Australia", "title": "Senior Strategic Advisor"}, {"company_name": "Certane", "dates_employed": "Jul 2019\u2013Dec 2020", "employment_duration": "1 yr 6 mos", "location": "Melbourne, Victoria, Australia", "title": "Legal Counsel"}, {"company_name": "Arnold Bloch Leibler", "dates_employed": "Feb 2018\u2013Jul 2019", "employment_duration": "1 yr 6 mos", "location": "Melbourne, Australia", "title": "Lawyer"}], "education": [{"institution": "Monash University", "degree_details": {"degree_name": "Master of Computer Science", "field_of_study": "Artificial Intelligence", "dates_attended_or_expected_graduation": "2021 \u2013 2023"}}, {"institution": "University of Melbourne", "degree_details": {"degree_name": "Doctor of Law - JD", "dates_attended_or_expected_graduation": "2014 \u2013 2016", "field_of_study": null}}, {"institution": "Melbourne Business School", "degree_details": {"degree_name": "Bachelor of Commerce", "field_of_study": "Finance, Economics", "dates_attended_or_expected_graduation": "2011 \u2013 2013"}}], "employee_name": "GmjMZy3QRpBrbDmL3Q==*gViF2O6ZkJ4V5K1ic1NduQ==*noiyPEqgo5/54FP4p0zHiw==*Rtd6i/Mje992UOjPjHf0mw=="}, {"experience": [{"company_name": "Neota Logic Inc", "dates_employed": "Aug 2020\u2013Present", "employment_duration": "1 yr 10 mos", "location": "New York, New York, United States", "title": "Technical Customer Success Manager/Solutions Architect"}, {"company_name": "American Civil Liberties Union of Massachusetts", "dates_employed": "Dec 2019\u2013Feb 2020", "employment_duration": "3 mos", "location": "Boston, Massachusetts, United States", "title": "Legal Intern"}, {"company_name": "New York State Office of the Attorney General, Labor Bureau", "dates_employed": "Jun 2019\u2013Aug 2019", "employment_duration": "3 mos", "location": "New York, New York, United States", "title": "Legal Intern"}, {"company_name": "Northeastern University School of Law", "dates_employed": "Aug 2018\u2013May 2019", "employment_duration": "10 mos", "location": "Boston, Massachusetts, United States", "title": "Teaching Assistant, Legal Skills in Social Context"}, {"company_name": "U.S. District Court for the District of Massachusett", "dates_employed": "Nov 2018\u2013Feb 2019", "employment_duration": "4 mos", "location": "Boston, Massachusetts, United States", "title": "Legal Intern for Judge Donald L. Cabell"}], "education": [{"institution": "Northeastern University School of Law", "degree_details": {"degree_name": "Doctor of Law - JD", "field_of_study": "Law", "dates_attended_or_expected_graduation": "2017 \u2013 2020"}}, {"institution": "Hampshire College", "degree_details": {"degree_name": "BA", "field_of_study": "Journalism", "dates_attended_or_expected_graduation": "2007 \u2013 2011"}}], "employee_name": "6kNpQ7QgPeQQqw==*eP2rgwt6qvS2SDCkO2NqVw==*DtysqnHYKERbUMPGME6JHg==*+l3ow+8mE+H6mGmxTpTPAA=="}, {"experience": [{"company_name": "Neota Logic Inc", "dates_employed": "Oct 2019\u2013Present", "employment_duration": "2 yrs 8 mos", "location": "Greater New York City Area", "title": "Education & Community Programs Architect"}, {"company_name": "Ankura", "dates_employed": "Feb 2017\u2013Jul 2018", "employment_duration": "1 yr 6 mos", "location": "Washington D.C. Metro Area", "title": "Associate"}, {"company_name": "Pasternak & Fidis, P.C.", "dates_employed": "Feb 2016\u2013Jul 2016", "employment_duration": "6 mos", "location": "Bethesda, Maryland", "title": "Legal Assistant"}, {"company_name": "Levine & Blit", "dates_employed": "Sep 2015\u2013Nov 2015", "employment_duration": "3 mos", "location": "New York, United States", "title": "Legal Intern"}, {"company_name": "Winkler Partners", "dates_employed": "Jan 2015\u2013Jun 2015", "employment_duration": "6 mos", "location": "Taipei City, Taiwan", "title": "Legal Intern"}], "education": [{"institution": "University of Oxford", "degree_details": {"degree_name": "Study Abroad", "field_of_study": "Human Rights Law", "dates_attended_or_expected_graduation": "2019 \u2013 2019"}}, {"institution": "The George Washington University Law School", "degree_details": {"degree_name": "Master of Laws - LLM", "field_of_study": "International and Comparative Law", "dates_attended_or_expected_graduation": "2018 \u2013 2019"}}, {"institution": "The Hague Academy of International Law", "degree_details": {"field_of_study": "Public and Private International Law", "dates_attended_or_expected_graduation": "2018 \u2013 2018", "degree_name": null}}], "employee_name": "PF7XXcXd3gw=*H0aMSlyo3IkyXzgrr1G+Hg==*dQRdbdXmsMehARB/ouWJaA==*0ZWG/TDQO1d4ZXRrT/P5Kg=="}, {"experience": [{"company_name": "Neota Logic Inc", "dates_employed": "Dec 2021\u2013Present", "employment_duration": "6 mos", "location": null, "title": "Presales Engineer"}, {"company_name": "Womble Bond Dickinson (US) LLP", "dates_employed": "Jun 2019\u2013Dec 2021", "employment_duration": "2 yrs 7 mos", "location": null, "title": "Knowledge Management Solutions Analyst"}, {"company_name": "Womble Bond Dickinson (US) LLP", "dates_employed": "Jul 2016\u2013Jun 2019", "employment_duration": "3 yrs", "location": null, "title": "Marketing and Client Resources Manager"}, {"company_name": "RoadRUNNER Motorcycle Touring and Travel Magazine", "dates_employed": "Jul 2008\u2013Jul 2016", "employment_duration": "8 yrs 1 mo", "location": null, "title": "Sales Manager and Tourism Marketing Director"}, {"company_name": "Citadel Management", "dates_employed": "2006\u20132008", "employment_duration": "2 yrs", "location": null, "title": "Marketing Assistant"}], "education": [{"institution": "North Carolina State University", "degree_details": {"degree_name": "Master of Arts (M.A.)", "field_of_study": "Parks, Recreation and Tourism Management, Emphasis in Tourism Marketing", "dates_attended_or_expected_graduation": "2012 \u2013 2014"}}, {"institution": "Salem College", "degree_details": {"degree_name": "BA", "field_of_study": "Communication Studies, Emphasis in Marketing", "dates_attended_or_expected_graduation": "2001 \u2013 2005"}}], "employee_name": "0tvUcI5bKA0Vkg==*CYYqsQ37Ul3L0JEyD02f+w==*YAjN1eqdd/qFr/bAWdgAYA==*vT3J4RJBJK0TqyQeNGb2jw=="}, {"experience": [{"company_name": "Neota", "dates_employed": "Jan 2020\u2013Present", "employment_duration": "2 yrs 5 mos", "location": "London, United Kingdom", "title": "Solutions Architect"}, {"company_name": "Instinctive BI", "dates_employed": "Apr 2018\u2013Jan 2020", "employment_duration": "1 yr 10 mos", "location": "London, United Kingdom", "title": "Senior Technical Specialist"}, {"company_name": "SAS", "dates_employed": "Jan 2016\u2013Apr 2018", "employment_duration": "2 yrs 4 mos", "location": "London, United Kingdom", "title": "Premium Support Consultant"}, {"company_name": "Direct Line Group", "dates_employed": "Apr 2014\u2013Jan 2016", "employment_duration": "1 yr 10 mos", "location": "Bromley, United Kingdom", "title": "Implementation Lead"}, {"company_name": "Capgemini UK Plc", "dates_employed": "Sep 2010\u2013Mar 2014", "employment_duration": "3 yrs 7 mos", "location": "London, United Kingdom", "title": "Senior Application Analyst"}], "education": [{"institution": "University of Sunderland", "degree_details": {"degree_name": "Bachelor's degree", "field_of_study": "Computer Science", "dates_attended_or_expected_graduation": null}}], "employee_name": "KsrFwALKxabnVts=*ATqAHiI0jw+fzkWEe8gO8w==*icqp646PMgTyEWjIOirSYA==*uEjgHJfPI3PQIE0fjucizw=="}, {"experience": [{"company_name": "Neota Logic Inc", "dates_employed": "Jan 2014\u2013Present", "employment_duration": "8 yrs 5 mos", "location": "New York, NY", "title": "Director Business Development"}, {"company_name": "Pitney Bowes Management Services (now Novitex)", "dates_employed": "Jul 2012\u2013Oct 2013", "employment_duration": "1 yr 4 mos", "location": "Greater New York City Area", "title": "Senior Legal Solutions Consultant"}, {"company_name": "RR Donnelley, Global Services", "dates_employed": "May 2009\u2013Apr 2012", "employment_duration": "3 yrs", "location": null, "title": "Director, Legal Services, New York"}, {"company_name": "Access Litigation", "dates_employed": "Sep 2007\u2013Apr 2009", "employment_duration": "1 yr 8 mos", "location": null, "title": "Business Development Director, NY"}, {"company_name": "LDSI", "dates_employed": "2007\u20132008", "employment_duration": "1 yr", "location": null, "title": "Business Development and Operations"}], "education": null, "employee_name": "hvwPGYMxG2+BJ72QShDCIO/CRg==*tvZLwEdCrLm5bk0QZ50HqA==*yeFnPClKG/2bVvdXgBD5Kw==*AP/Wpp8Lh0hUvX6gbPMuqg=="}, {"experience": [{"company_name": "Neota Logic Inc", "dates_employed": "Apr 2019\u2013Present", "employment_duration": "3 yrs 2 mos", "location": "Melbourne, London, NYC", "title": "Global UX Lead"}, {"company_name": "Australia Post", "dates_employed": "Jul 2017\u2013Apr 2019", "employment_duration": "1 yr 10 mos", "location": null, "title": "Team Lead UX"}, {"company_name": "Australia Post", "dates_employed": "Feb 2014\u2013Jul 2017", "employment_duration": "3 yrs 6 mos", "location": "Melbourne, Australia", "title": "Senior Product Designer - Trusted Solutions Centre"}, {"company_name": "Perform Group", "dates_employed": "Feb 2012\u2013Jan 2014", "employment_duration": "2 yrs", "location": "Melbourne, Australia", "title": "UX Specialist"}, {"company_name": "Sportal Australia", "dates_employed": "Sep 2001\u2013Jan 2012", "employment_duration": "10 yrs 5 mos", "location": null, "title": "Joiner & Creative Director"}], "education": [{"institution": "Victoria University", "degree_details": {"field_of_study": "Graphic Design", "dates_attended_or_expected_graduation": "1986 \u2013 1987", "degree_name": null}}, {"institution": "News Limited", "degree_details": {"degree_name": "Cadetship", "field_of_study": "Graphic Design", "dates_attended_or_expected_graduation": "1988 \u2013 1989"}}], "employee_name": "cN1TxOIpFeju*tvdRw916gWH5QL52PkxsTA==*A2EbWSYkzKPuY3r0UfNE/w==*BEzJJGlBEYUSole6bGmMSQ=="}, {"experience": [{"company_name": "Neota Logic Inc", "dates_employed": "Jul 2019\u2013Present", "employment_duration": "2 yrs 11 mos", "location": "Greater New York City Area", "title": "Client Success Manager"}, {"company_name": "UNiDAYS", "dates_employed": "Nov 2016\u2013Nov 2018", "employment_duration": "2 yrs 1 mo", "location": "Greater New York City Area", "title": "Customer Support Executive"}, {"company_name": "Granite Telecommunications", "dates_employed": "Dec 2015\u2013Oct 2016", "employment_duration": "11 mos", "location": "Quincy, MA", "title": "Customer Service Manager"}, {"company_name": "Granite Telecommunications", "dates_employed": "Jul 2013\u2013Dec 2015", "employment_duration": "2 yrs 6 mos", "location": "150 Newport Avenue Ext. Quincy, MA 02171", "title": "Customer Care Supervisor"}, {"company_name": "Granite Telecommunications", "dates_employed": "Jun 2011\u2013Jul 2013", "employment_duration": "2 yrs 2 mos", "location": "Quincy, MA", "title": "Customer Service Rep Level II"}], "education": [{"institution": "University of New Hampshire", "degree_details": {"degree_name": "Bachelor of Arts (B.A.)", "field_of_study": "English", "dates_attended_or_expected_graduation": "2006 \u2013 2010"}}, {"institution": "Weymouth High School", "degree_details": {"dates_attended_or_expected_graduation": "2002 \u2013 2006", "degree_name": null, "field_of_study": null}}], "employee_name": "eyKoIh5bF6QxzQ==*Iclbb50JWHqq55TAw0rcfg==*HG/KcmStX1jdI7kx+Q9vhA==*ydA4ESWkRfryuNQNSgB7Aw=="}, {"experience": [{"company_name": "Neota Logic Inc", "dates_employed": "Jan 2020\u2013Present", "employment_duration": "2 yrs 5 mos", "location": "New York, United States", "title": "Legal Solutions Architect (SaaS)"}, {"company_name": "Neota Logic Inc", "dates_employed": "Mar 2019\u2013Jun 2019", "employment_duration": "4 mos", "location": "Melbourne, Australia", "title": "Law Apps - Aboriginal and Torres Strait Islander Women's Legal Service NQ"}, {"company_name": "MILLBURN INVESTMENTS LIMITED", "dates_employed": "Mar 2019\u2013May 2019", "employment_duration": "3 mos", "location": "Melbourne, Australia", "title": "Legal Assistant"}, {"company_name": "ContractProbe", "dates_employed": "Jun 2018\u2013Jul 2018", "employment_duration": "2 mos", "location": "Melbourne, Australia", "title": "Legal Consultant"}, {"company_name": "Diaspora Action Australia", "dates_employed": "Nov 2017\u2013Jun 2018", "employment_duration": "8 mos", "location": "Melbourne, Australia", "title": "Volunteer Administrative Assistant"}], "education": [{"institution": "University of Melbourne", "degree_details": {"degree_name": "Doctor of Law (J.D.)", "dates_attended_or_expected_graduation": "2017 \u2013 2019", "field_of_study": null}}, {"institution": "Rutgers University", "degree_details": {"degree_name": "Bachelor's degree", "field_of_study": "Communication Major and Africana Studies Minor", "dates_attended_or_expected_graduation": "2009 \u2013 2013"}}, {"institution": "University of Cape Town", "degree_details": {"degree_name": "Communications", "dates_attended_or_expected_graduation": "2012 \u2013 2012", "field_of_study": null}}], "employee_name": "weImUFdoqo7+*ClLdARdlr3x6J3ECF2YevQ==*drrr0cf5g3f4UpTG8MPmpg==*vAl5s9/XtaNT5VEcF92iTA=="}, {"experience": [{"company_name": "Neota Logic Inc", "dates_employed": "May 2017\u2013Present", "employment_duration": "5 yrs 1 mo", "location": "London, United Kingdom", "title": "Senior Solutions Engineer"}, {"company_name": "University of Liverpool", "dates_employed": "Sep 2014\u2013Dec 2017", "employment_duration": "3 yrs 4 mos", "location": "Liverpool, United Kingdom", "title": "Graduate Teaching Assistant"}, {"company_name": "Universidade de S\u00e3o Paulo", "dates_employed": "Nov 2013\u2013Aug 2014", "employment_duration": "10 mos", "location": "S\u00e3o Paulo Area, Brazil", "title": "Researcher"}, {"company_name": "Max Planck Institute", "dates_employed": "Sep 2013\u2013Dec 2013", "employment_duration": "4 mos", "location": "Hamburg Area, Germany", "title": "Researcher"}], "education": [{"institution": "University of Liverpool", "degree_details": {"degree_name": "Doctor of Philosophy (Ph.D.)", "field_of_study": "Computer Science", "dates_attended_or_expected_graduation": "2014 \u2013 2019"}}, {"institution": "Ludwig-Maximilians-Universit\u00e4t M\u00fcnchen", "degree_details": {"degree_name": "Doctor of Philosophy (PhD)", "field_of_study": "Law", "dates_attended_or_expected_graduation": "2009 \u2013 2011"}}, {"institution": "Universidade S\u00e3o Judas Tadeu", "degree_details": {"degree_name": "Bachelor's degree", "field_of_study": "Computer Science", "dates_attended_or_expected_graduation": "2012 \u2013 2013"}}], "employee_name": "BxxGBAiFy/A75e8=*DC6PTlqy5lllvRnkOzL49Q==*qfgMZnsPlqor/swdQln51Q==*NqisRjci7Gjc9tu4U2a2lA=="}, {"experience": [{"company_name": "Neota Logic", "dates_employed": "May 2015\u2013Present", "employment_duration": "7 yrs 1 mo", "location": "Greater New York City Area", "title": "Senior Software Engineer"}, {"company_name": "Epiq Systems", "dates_employed": "May 2006\u2013May 2015", "employment_duration": "9 yrs 1 mo", "location": null, "title": "Senior Software Engineer"}, {"company_name": "The ACM SCENE (Association of Computing Machinery Student Chapter Event NorthEast)", "dates_employed": "2005\u20132005", "employment_duration": "less than a year", "location": null, "title": "Co-host"}], "education": [{"institution": "Stony Brook University", "degree_details": {"degree_name": "PhD", "field_of_study": "Applied math (Operations research)", "dates_attended_or_expected_graduation": "2008 \u2013 2014"}}, {"institution": "Columbia Engineering", "degree_details": {"degree_name": "MS", "field_of_study": "Computer science (security track)", "dates_attended_or_expected_graduation": "2005 \u2013 2007"}}, {"institution": "Ursinus College", "degree_details": {"degree_name": "BS", "field_of_study": "Computer Science & Math (double major)", "dates_attended_or_expected_graduation": "2001 \u2013 2005"}}], "employee_name": "rL2ktjfCq58TbHPeFb0VZWPK*jlBi3spppEQLR13ejYwaQA==*RoMbfDACFQyGZTtd9aDONg==*C7RAZWbiC4K8ZCR2jlZo+w=="}, {"experience": [{"company_name": "Neota Logic Inc", "dates_employed": "Sep 2019\u2013Present", "employment_duration": "2 yrs 9 mos", "location": null, "title": "Senior Software Engineer"}, {"company_name": "BSC PRAHA", "dates_employed": "Mar 2015\u2013Sep 2019", "employment_duration": "4 yrs 7 mos", "location": "Prague, The Capital, Czech Republic", "title": "Senior Frontend Developer"}, {"company_name": "Fundbase", "dates_employed": "Mar 2017\u2013May 2017", "employment_duration": "3 mos", "location": "Switzerland", "title": "Mobile Application Developer"}, {"company_name": "OpenWise Solutions s.r.o.", "dates_employed": "2016\u20132017", "employment_duration": "1 yr", "location": "Prague, The Capital, Czech Republic", "title": "Senior Frontend Developer"}, {"company_name": "Blueberry.cz Apps s.r.o.", "dates_employed": "Oct 2014\u2013May 2015", "employment_duration": "8 mos", "location": null, "title": "Senior Javascript Developer"}], "education": null, "employee_name": "qrEYfLRxq6trwF4vPw==*FihfCTC9ZGUE0T39aPOVFA==*vr2Sxp8SYxVGZOw06MGNVQ==*MPpmL5dmeET8flJkliaP+Q=="}, {"experience": [{"company_name": "Neota Logic Inc", "dates_employed": "Feb 2018\u2013Present", "employment_duration": "4 yrs 4 mos", "location": "New York", "title": "QA Analyst"}, {"company_name": "HCL Technologies", "dates_employed": "Jun 2013\u2013Oct 2016", "employment_duration": "3 yrs 5 mos", "location": "Noida Area, India", "title": "Software Test Engineer"}], "education": [{"institution": "NJIT Ying Wu College Of Computing", "degree_details": {"degree_name": "Master's degree", "field_of_study": "Computer Science", "dates_attended_or_expected_graduation": "2020 \u2013 2022"}}, {"institution": "Banasthali Vidyapith", "degree_details": {"degree_name": "Bachelor of Technology (B.Tech.)", "field_of_study": "Computer Science", "dates_attended_or_expected_graduation": "2008 \u2013 2012"}}], "employee_name": "1RuPrej/aaNXbTz7NA==*6k0qe/uB85AytphGVkYhdQ==*FvNRP1affg66lWTzc/+++g==*r03qwHrt4cT97fgqXvsXnw=="}, {"experience": [{"company_name": "Neota Logic Inc", "dates_employed": "Nov 2010\u2013Present", "employment_duration": "11 yrs 7 mos", "location": null, "title": "Information Technology"}], "education": null, "employee_name": "E0qQKlMiEYwQs1M=*D23tVnGYsLSPE52tZ2FBBQ==*NUvQQHf5uTj/RWz7JUBj5Q==*0hPvz2YsXODXhEV9GwAxTw=="}, {"experience": [{"company_name": "Neota", "dates_employed": "Oct 2020\u2013Present", "employment_duration": "1 yr 8 mos", "location": "Melbourne, Victoria, Australia", "title": "UX Designer"}, {"company_name": "Caramel Creative", "dates_employed": "Feb 2019\u2013Aug 2019", "employment_duration": "7 mos", "location": null, "title": "Design Intern"}, {"company_name": "UC Media", "dates_employed": "Feb 2017\u2013Jan 2019", "employment_duration": "2 yrs", "location": "Mulgrave", "title": "Communication Designer"}], "education": [{"institution": "Swinburne University of Technology", "degree_details": {"degree_name": "Bachelor of Design (Communication Design) (Honours)", "dates_attended_or_expected_graduation": "2016 \u2013 2019", "field_of_study": null}}, {"institution": "Northumbria University", "degree_details": {"degree_name": "Graphic Design", "field_of_study": "Branding", "dates_attended_or_expected_graduation": "2017 \u2013 2017"}}, {"institution": "Monash University", "degree_details": {"degree_name": "Bachelor of Biomedical Science", "field_of_study": "Physiology, General", "dates_attended_or_expected_graduation": "2013 \u2013 2015"}}], "employee_name": "Z8MvIOhupvxy*91WdVLC7qowtGRnNto31gQ==*ffF+zWwsG10dNFBKl44dcQ==*I718XFWxc5zpcg2VnOlZeQ=="}, {"experience": [{"company_name": "Neota Logic Inc", "dates_employed": "Sep 2020\u2013Present", "employment_duration": "1 yr 9 mos", "location": "New York, United States", "title": "Software Quality Assurance Analyst"}, {"company_name": "Crossover for Work", "dates_employed": "Mar 2018\u2013Sep 2020", "employment_duration": "2 yrs 7 mos", "location": null, "title": "Software Quality Assurance Analyst"}, {"company_name": "Landis+Gyr", "dates_employed": "Mar 2016\u2013Sep 2018", "employment_duration": "2 yrs 7 mos", "location": "Noida Area, India", "title": "Senior Engineer SQA"}, {"company_name": "HCL Technologies", "dates_employed": "Jul 2013\u2013Feb 2016", "employment_duration": "2 yrs 8 mos", "location": "Noida Area, India", "title": "Software Engineer"}, {"company_name": "CRIS", "dates_employed": "Jul 2011\u2013Dec 2011", "employment_duration": "6 mos", "location": "New Delhi Area, India", "title": "Intern"}], "education": [{"institution": "Banasthali Vidyapith", "degree_details": {"degree_name": "B.Tech", "field_of_study": "computer science", "dates_attended_or_expected_graduation": "2008 \u2013 2011"}}, {"institution": "bal bharti", "degree_details": {"degree_name": "10th", "dates_attended_or_expected_graduation": "2000 \u2013 2006", "field_of_study": null}}], "employee_name": "Mn5RI6UtOzhcE2Nv*MYtnSFFfoDxHEKYFgQ0spg==*k4n95FRhFBa+dGq6QNOujw==*Zsuu2IkqFPoZyeev1EBYkg=="}, {"experience": [{"company_name": "Neota Logic Inc", "dates_employed": "Sep 2021\u2013Present", "employment_duration": "9 mos", "location": "Melbourne, Victoria, Australia", "title": "Technical Writer"}, {"company_name": "Crown Resorts", "dates_employed": "Mar 2020\u2013Sep 2021", "employment_duration": "1 yr 7 mos", "location": "Victoria, Australia", "title": "Casino Dealer"}, {"company_name": "UFS Transport", "dates_employed": "Mar 2018\u2013Feb 2020", "employment_duration": "2 yrs", "location": "Melbourne, Australia", "title": "Sales Manager"}, {"company_name": "UFS Transport", "dates_employed": "Sep 2016\u2013Mar 2018", "employment_duration": "1 yr 7 mos", "location": "Melbourne, Victoria, Australia", "title": "Business Development Manager"}, {"company_name": "CONSTANT & CO (ACCOUNTANCY SERVICES) LTD", "dates_employed": "May 2016\u2013Jul 2016", "employment_duration": "3 mos", "location": "Thomastown", "title": "IT Support Technician"}], "education": [{"institution": "La Trobe University", "degree_details": {"degree_name": "Bachelor of Laws (Graduate Entry) - LLB", "field_of_study": "Intellectual Property Law and Risk Analysis", "dates_attended_or_expected_graduation": "2016 \u2013 2020"}}, {"institution": "La Trobe University", "degree_details": {"degree_name": "Bachelor of Biomedical Sciences", "field_of_study": "Analytical Chemistry, Data Analysis, Logic and Reasoning", "dates_attended_or_expected_graduation": "2011 \u2013 2013"}}, {"institution": "Zero To Mastery Academy", "degree_details": {"field_of_study": "Python Development", "dates_attended_or_expected_graduation": "2021 \u2013 2021", "degree_name": null}}], "employee_name": "T6gC3eXlRqpFAJ4T07QLLGpnAw==*b4TqJK6VMS74XeZSqmoRCw==*9+mxIp4Mx9Vnqyuq3+aLyA==*OXq3FR10rgHm/8z6mYPePw=="}, {"experience": [{"company_name": "Neota Logic Inc", "dates_employed": "2012\u2013Present", "employment_duration": "10 yrs", "location": "Greater New York City Area", "title": "QA Analyst"}, {"company_name": "GE Capital", "dates_employed": "Jun 2009\u2013Sep 2011", "employment_duration": "2 yrs 4 mos", "location": "Merrick, NY", "title": "Lead QA Analyst"}, {"company_name": "Catholic Healthcare Services of Long Island", "dates_employed": "Oct 1988\u2013Jan 2005", "employment_duration": "16 yrs 4 mos", "location": null, "title": "IT Director of Client Services"}, {"company_name": "Nursing Sisters Home Care", "dates_employed": "Nov 1988\u20132004", "employment_duration": "16 yrs", "location": null, "title": "Director of IT"}, {"company_name": "NAARDEN International", "dates_employed": "1982\u20131985", "employment_duration": "3 yrs", "location": null, "title": "IT Operations Supervisor"}], "education": [{"institution": "Queens College", "degree_details": {"degree_name": "BS", "field_of_study": "Computer Science", "dates_attended_or_expected_graduation": "1982 \u2013 1984"}}, {"institution": "LaGuardia Community College", "degree_details": {"degree_name": "Associates", "field_of_study": "Data Processing", "dates_attended_or_expected_graduation": "1979 \u2013 1981"}}], "employee_name": "Xnbgxox4zrtS0TSw/Q==*z8nCxwLv2OBHK102t0jM0w==*EHxBPWhKaFGxaiFPYuAYjw==*Ln3qVWysYOSXthcMUeMg+A=="}, {"experience": [{"company_name": "Neota Logic Inc", "dates_employed": "Oct 2010\u2013Present", "employment_duration": "11 yrs 8 mos", "location": "Greater New York City Area", "title": "Client Systems Architect"}], "education": [{"institution": "University of Illinois Urbana-Champaign", "degree_details": {"degree_name": "Master's degree", "field_of_study": "Computer Science", "dates_attended_or_expected_graduation": "1981 \u2013 1985"}}], "employee_name": "tv2xeb4+MEvq7GU=*/eNFdbuY2zPMqyp1IIbEyQ==*R9dpc0mb2g5g/TNRIDnLqA==*hT/xK2OGwiz9F/eGwaABsg=="}, {"experience": [{"company_name": "Neota Logic Inc", "dates_employed": "May 2021\u2013Present", "employment_duration": "1 yr 1 mo", "location": null, "title": "QA Analyst"}, {"company_name": "CGI", "dates_employed": "Oct 2018\u2013Apr 2021", "employment_duration": "2 yrs 7 mos", "location": "India", "title": "Software Engineer"}, {"company_name": "CGI", "dates_employed": "May 2016\u2013Sep 2018", "employment_duration": "2 yrs 5 mos", "location": "India", "title": "Associate Software Engineer"}, {"company_name": "Hewlett Packard Enterprise", "dates_employed": "May 2015\u2013Apr 2016", "employment_duration": "1 yr", "location": "Bengaluru, Karnataka, India", "title": "Analyst"}], "education": [{"institution": "Vignan's Institute of Technology and Aeronautical Engineering", "degree_details": {"degree_name": "Bachelor of Technology (B.Tech.)", "field_of_study": "Computer Science", "dates_attended_or_expected_graduation": "2010 \u2013 2014"}}], "employee_name": "C43mOvWOWK2dvLBZ5ASkuUkvEA==*NZVjewjaUp1EtTWt06ErsA==*YMRqqr4+FyPbJPMFhEc0wA==*dCh45ZUvt98MA46NRc9AWw=="}]