[{"experience": [{"company_name": "3TS Capital Partners", "dates_employed": "Oct 2016\u2013Present", "employment_duration": "5 yrs 8 mos", "location": "Washington D.C. Metro Area", "title": "Partner"}, {"company_name": "Piano", "dates_employed": "Oct 2016\u2013Present", "employment_duration": "5 yrs 8 mos", "location": null, "title": "Board Member"}, {"company_name": "Homecare.com", "dates_employed": "Jan 2018\u2013Present", "employment_duration": "4 yrs 5 mos", "location": null, "title": "Board Member"}, {"company_name": "Entelo", "dates_employed": "Aug 2019\u2013Present", "employment_duration": "2 yrs 10 mos", "location": null, "title": "Board Member"}, {"company_name": "SafeSize", "dates_employed": "Jun 2020\u2013Present", "employment_duration": "2 yrs", "location": null, "title": "Board Member"}], "education": [{"institution": "Virginia Tech", "degree_details": {"degree_name": "BS Finance", "dates_attended_or_expected_graduation": "1991 \u2013 1995", "field_of_study": null}}], "employee_name": "pHU8x0VuoEozSTU=*XvFHDy0yiGjr9OF8X750aw==*1Xda+aROoFPPMAWIhoCfaQ==*1ymAV4ZV39rhMlSkdW/cRQ=="}, {"experience": [{"company_name": "Sweatcoin", "dates_employed": "Jan 2015\u2013Present", "employment_duration": "7 yrs 5 mos", "location": "London, United Kingdom", "title": "Cofounder, CEO"}, {"company_name": "Talent Equity Ventures", "dates_employed": "Dec 2011\u2013Present", "employment_duration": "10 yrs 6 mos", "location": "London, United Kingdom", "title": "Founder, Managing Partner"}, {"company_name": "SmartUp.io", "dates_employed": "Sep 2015\u2013Present", "employment_duration": "6 yrs 9 mos", "location": "London, United Kingdom", "title": "Investor"}, {"company_name": "Entelo", "dates_employed": "Aug 2013\u2013Present", "employment_duration": "8 yrs 10 mos", "location": "San Francisco Bay Area", "title": "Investor"}, {"company_name": "RolePoint", "dates_employed": "Dec 2012\u2013Present", "employment_duration": "9 yrs 6 mos", "location": "San Francisco Bay Area/London, UK", "title": "Investor"}], "education": [{"institution": "Stanford University Graduate School of Business", "degree_details": {"degree_name": "Executive Program", "dates_attended_or_expected_graduation": null, "field_of_study": null}}, {"institution": "University of California, Berkeley, Haas School of Business", "degree_details": {"degree_name": "Executive Program", "dates_attended_or_expected_graduation": null, "field_of_study": null}}, {"institution": "London Business School", "degree_details": {"degree_name": "MBA", "dates_attended_or_expected_graduation": null, "field_of_study": null}}], "employee_name": "OW0K7pZXI8LN/ObJ+IMB*SZZofhxsJxxvkgOJMFGDVw==*y2NBXi+WSr3AMaiv9bgLEg==*wOmpjFQu3bOfFnFLvJElfQ=="}, {"experience": [{"company_name": "Entelo", "dates_employed": "May 2020\u2013Present", "employment_duration": "2 yrs 1 mo", "location": null, "title": "Chief Executive Officer"}, {"company_name": "Jobvite", "dates_employed": "May 2017\u2013Apr 2020", "employment_duration": "3 yrs", "location": "San Mateo, CA", "title": "Chief Product Officer"}, {"company_name": "Jobvite", "dates_employed": "May 2015\u2013Apr 2017", "employment_duration": "2 yrs", "location": "San Mateo, CA", "title": "Vice President Strategic Operations"}, {"company_name": "Jobvite", "dates_employed": "Jun 2013\u2013Apr 2015", "employment_duration": "1 yr 11 mos", "location": "San Mateo, CA", "title": "Strategy Consultant"}, {"company_name": "RiseSmart", "dates_employed": "Jun 2013\u2013Dec 2013", "employment_duration": "7 mos", "location": "San Jose, CA", "title": "Strategy Consultant"}], "education": [{"institution": "University of California, Berkeley", "degree_details": {"degree_name": "BA", "field_of_study": "Physics", "dates_attended_or_expected_graduation": "1990 \u2013 1995"}}, {"institution": "University of California, Berkeley", "degree_details": {"degree_name": "BA", "field_of_study": "Economics", "dates_attended_or_expected_graduation": "1990 \u2013 1995"}}], "employee_name": "BY0aq9IZZ2AaIiU=*YRNUXRBwCEWwf/kOK9eCMQ==*+P17GwSyImDBiQK9Ua+OkA==*ClTwIUwa20do9v6pPNITCQ=="}, {"experience": [{"company_name": "Entelo", "dates_employed": "Nov 2021\u2013Present", "employment_duration": "7 mos", "location": "San Francisco Bay Area", "title": "Head Of Sales"}, {"company_name": "HireVue", "dates_employed": "Feb 2021\u2013Dec 2021", "employment_duration": "11 mos", "location": null, "title": "Regional Vice President of Sales"}, {"company_name": "HireVue", "dates_employed": "Nov 2017\u2013Feb 2021", "employment_duration": "3 yrs 4 mos", "location": "San Francisco Bay Area", "title": "Strategic Sales Manager"}, {"company_name": "FUEL CYCLE", "dates_employed": "Feb 2017\u2013Oct 2017", "employment_duration": "9 mos", "location": "San Francisco Bay Area", "title": "Director of Sales"}, {"company_name": "Jobvite", "dates_employed": "Nov 2015\u2013Feb 2017", "employment_duration": "1 yr 4 mos", "location": "San Francisco Bay Area", "title": "Regional Sales Manager"}], "education": [{"institution": "UC San Diego", "degree_details": {"dates_attended_or_expected_graduation": "1990 \u2013 1994", "degree_name": null, "field_of_study": null}}], "employee_name": "xGyFAYOXZTm1xhe2*Ot2222LxXiXnR479vJz9QA==*Or4pLIif/MNGba9tCC9sQA==*zetUHhxs/8JC0Gf49kIrQw=="}, {"experience": [{"company_name": "Entelo", "dates_employed": "Mar 2022\u2013Present", "employment_duration": "3 mos", "location": "San Francisco Bay Area", "title": "Senior Director of Diversity and Inclusion"}, {"company_name": "Amazon", "dates_employed": "Jun 2019\u2013Mar 2022", "employment_duration": "2 yrs 10 mos", "location": null, "title": "Diversity L&D Leader | Change Agent"}, {"company_name": "Amazon", "dates_employed": "Mar 2019\u2013Feb 2022", "employment_duration": "3 yrs", "location": "California & Seattle, WA, reside @ a secret bunker in Las Vegas, Nevada", "title": "Lead Diversity Program Mgr, DEI Change Agent"}, {"company_name": "Amazon Web Services, AWS", "dates_employed": "Jun 2016\u2013Aug 2020", "employment_duration": "4 yrs 3 mos", "location": "Seattle, Washington", "title": "Lead Sourcing Recruiter/Diversity Trainer CDR."}, {"company_name": "CommVault Systems", "dates_employed": "May 2014\u2013Mar 2016", "employment_duration": "1 yr 11 mos", "location": "Corporate office located in New Jersey", "title": "Principal Recruiter / Global Program Manager"}], "education": [{"institution": "Florida State University", "degree_details": {"degree_name": "Bachelor's degree", "field_of_study": "Political Science and Government", "dates_attended_or_expected_graduation": null}}], "employee_name": "i+OYHt8hc7z1LA7XQQ==*WwRfM6i5fKKJn2xFotWiqQ==*Wfg1y+i3BiwdruojCThWBw==*oQx+B+/W1dJfwWSp6IjuGQ=="}, {"experience": [{"company_name": "Entelo", "dates_employed": "Apr 2022\u2013Present", "employment_duration": "2 mos", "location": "United States", "title": "Chief Technology Officer"}, {"company_name": "Jobvite", "dates_employed": "2016\u2013Present", "employment_duration": "6 yrs", "location": null, "title": "Chief Architect"}, {"company_name": "Jobvite", "dates_employed": "Jul 2019\u2013Apr 2022", "employment_duration": "2 yrs 10 mos", "location": "San Francisco Bay Area", "title": "Vice President Of Engineering"}, {"company_name": "Jobvite", "dates_employed": "Dec 2013\u20132016", "employment_duration": "3 yrs", "location": null, "title": "Senior Architect"}, {"company_name": "Aptean", "dates_employed": "Sep 2010\u2013Dec 2013", "employment_duration": "3 yrs 4 mos", "location": "san mateo, ca", "title": "Director of Architecture and Operations"}], "education": [{"institution": "University of Washington", "degree_details": {"degree_name": "Bachelor of Science, Aeronautics & Astronautics Engineering", "field_of_study": "Software Simulation, Conceptual Vehicle Design", "dates_attended_or_expected_graduation": "1986 \u2013 1989"}}, {"institution": "Portland Community College", "degree_details": {"field_of_study": "General Studies", "dates_attended_or_expected_graduation": "1982 \u2013 1984", "degree_name": null}}], "employee_name": "bI1zo3auFDhBag==*JWRAZvMIJjlVIwl7o6YPKg==*0ywhNIEEEZ5q8s1buog//w==*8KTT11cXqTP0lassYoa6kw=="}, {"experience": [{"company_name": "Entelo", "dates_employed": "Aug 2019\u2013Present", "employment_duration": "2 yrs 10 mos", "location": null, "title": "Director Of Infrastructure"}, {"company_name": "ConveyIQ", "dates_employed": "Sep 2017\u2013Aug 2019", "employment_duration": "2 yrs", "location": "Serbia", "title": "Director of DevOps"}, {"company_name": "Take the Interview, Inc.", "dates_employed": "Sep 2014\u2013Aug 2017", "employment_duration": "3 yrs", "location": null, "title": "Head of DevOps"}, {"company_name": "Hypo Group Alpe Adria - Zajednicki Informacioni Sistem Doo", "dates_employed": "Apr 2011\u2013Sep 2014", "employment_duration": "3 yrs 6 mos", "location": null, "title": "IT Infrastructure Architect"}, {"company_name": "ProCredit Bank", "dates_employed": "2005\u2013Apr 2011", "employment_duration": "6 yrs", "location": null, "title": "Servers Unit Supervisor"}], "education": [{"institution": "Singidunum", "degree_details": {"field_of_study": "Informatics and Computing", "dates_attended_or_expected_graduation": "2006 \u2013 2010", "degree_name": null}}, {"institution": "Sveta Djordjevic", "degree_details": {"dates_attended_or_expected_graduation": "1994 \u2013 1996", "degree_name": null, "field_of_study": null}}], "employee_name": "Jq0qItJ74Ts7hw==*MHuMtVrv+2T9VtR71rJyEg==*L20faaEFEypzztFGndt/4g==*pVLVI1I17jJ5QQmkL+zkWg=="}, {"experience": [{"company_name": "Entelo", "dates_employed": "May 2021\u2013Present", "employment_duration": "1 yr 1 mo", "location": "Indianapolis, Indiana, United States", "title": "Sales Operations Manager"}, {"company_name": "Baker Hill", "dates_employed": "Aug 2018\u2013May 2021", "employment_duration": "2 yrs 10 mos", "location": "Carmel, Indiana", "title": "Sales Operations Manager"}, {"company_name": "Duo Security", "dates_employed": "Mar 2016\u2013Aug 2018", "employment_duration": "2 yrs 6 mos", "location": "Indianapolis, Indiana Area", "title": "Sales Operations Analyst"}, {"company_name": "Angie's List", "dates_employed": "Apr 2014\u2013Mar 2016", "employment_duration": "2 yrs", "location": "Indianapolis, Indiana Area", "title": "Senior Business Analyst"}, {"company_name": "Experian", "dates_employed": "Sep 2013\u2013Apr 2014", "employment_duration": "8 mos", "location": null, "title": "Client Implementation Business Analyst"}], "education": [{"institution": "Ball State University - Miller College of Business", "degree_details": {"degree_name": "Bachelor's degree", "field_of_study": "Information Systems", "dates_attended_or_expected_graduation": "2004 \u2013 2008"}}], "employee_name": "6q4PB/vPEeJitQ==*FgxGjJrFJGkHWYXOh3zllw==*YS5deObK6dPWP2epoW5N2Q==*Gt6m0FR392nK1bOaKSaNcA=="}, {"experience": [{"company_name": "Entelo", "dates_employed": "Feb 2022\u2013Present", "employment_duration": "4 mos", "location": null, "title": "Account Executive"}, {"company_name": "Entelo", "dates_employed": "May 2021\u2013Mar 2022", "employment_duration": "11 mos", "location": null, "title": "Team Lead \u2013 Enterprise Sales Development"}, {"company_name": "Entelo", "dates_employed": "Oct 2019\u2013Apr 2021", "employment_duration": "1 yr 7 mos", "location": "San Francisco", "title": "Enterprise Sales Development Representative"}, {"company_name": "Entelo", "dates_employed": "Mar 2019\u2013Oct 2019", "employment_duration": "8 mos", "location": "San Francisco", "title": "Sales Development Representative"}, {"company_name": "Half Moon Bay Golf Links", "dates_employed": "Sep 2014\u2013Sep 2018", "employment_duration": "4 yrs 1 mo", "location": "Half Moon Bay, California, United States", "title": "Outdoor Operations/Bartender/Server"}], "education": [{"institution": "University of San Francisco School of Management", "degree_details": {"degree_name": "Bachelor of Science Business Administration", "dates_attended_or_expected_graduation": "2016 \u2013 2018", "field_of_study": null}}, {"institution": "College of San Mateo", "degree_details": {"degree_name": "Associate of Science - AS", "field_of_study": "Business Administration and Management, General", "dates_attended_or_expected_graduation": null}}, {"institution": "Junipero Serra High School, San Mateo, California", "degree_details": {"dates_attended_or_expected_graduation": null, "degree_name": null, "field_of_study": null}}], "employee_name": "KFNSVZm/Qm+iofu+9+IvnXVHu+OA3P4=*4wb/DhFHH2u2UzuXOGyaTQ==*wnohyZzc76aPyrSlTVxnlA==*vpjRqJ+QTNrWnpPNZiEvag=="}, {"experience": [{"company_name": "Entelo", "dates_employed": "Feb 2021\u2013Present", "employment_duration": "1 yr 4 mos", "location": null, "title": "Strategic Services Team Lead"}, {"company_name": "Entelo", "dates_employed": "Sep 2020\u2013Feb 2021", "employment_duration": "6 mos", "location": "Portland, Oregon, United States", "title": "Strategic Services Consultant"}, {"company_name": "Jobvite", "dates_employed": "Feb 2019\u2013Sep 2020", "employment_duration": "1 yr 8 mos", "location": "Portland, Oregon Area", "title": "Senior Professional Sevices Consultant"}, {"company_name": "Jobvite", "dates_employed": "Feb 2017\u2013Feb 2019", "employment_duration": "2 yrs 1 mo", "location": "Portland, Oregon Area", "title": "Professional Sevices Consultant"}, {"company_name": "Farmers Insurance", "dates_employed": "Nov 2012\u2013Feb 2017", "employment_duration": "4 yrs 4 mos", "location": "Portland, Oregon Area", "title": "Talent Acquisition Executive and Agency Development Manager - District 22"}], "education": [{"institution": "Southern New Hampshire University", "degree_details": {"degree_name": "Bachelor's Degree", "field_of_study": "Business Studies in Marketing", "dates_attended_or_expected_graduation": "2015 \u2013 2018"}}, {"institution": "Portland State University", "degree_details": {"dates_attended_or_expected_graduation": "2002 \u2013 2004", "degree_name": null, "field_of_study": null}}, {"institution": "Oregon State University", "degree_details": {"dates_attended_or_expected_graduation": "2000 \u2013 2002", "degree_name": null, "field_of_study": null}}], "employee_name": "nzqAEQZmso5HqaCgqR450RxfsuM=*Zm2vBxX+N8tF0UyKuFGsfw==*nStv+li2Yv+iHUrndSXa2g==*nOflWKBsF+kilrZgU6mbtg=="}, {"experience": [{"company_name": "Entelo", "dates_employed": "Aug 2021\u2013Present", "employment_duration": "10 mos", "location": "San Francisco Bay Area", "title": "Vice President | Customer Success | Operations | Revenue Retention | SaaS | Service Delivery"}, {"company_name": "Jobvite", "dates_employed": "Dec 2020\u2013Aug 2021", "employment_duration": "9 mos", "location": "San Francisco Bay Area", "title": "Senior Director | Customer Success | Operations | Revenue Retention | SaaS | Service Delivery"}, {"company_name": "Jobvite", "dates_employed": "Jun 2015\u2013Dec 2020", "employment_duration": "5 yrs 7 mos", "location": "San Francisco Bay Area", "title": "Director | Customer Success | Operations | Onboard | SaaS | Service Delivery"}, {"company_name": "Oracle", "dates_employed": "Nov 2011\u2013Jun 2015", "employment_duration": "3 yrs 8 mos", "location": null, "title": "Project Manager"}, {"company_name": "IBM", "dates_employed": "Apr 2010\u2013May 2011", "employment_duration": "1 yr 2 mos", "location": null, "title": "Engagement Manager"}], "education": [{"institution": "K1 Investment Management", "degree_details": {"degree_name": "Advanced Management Program", "dates_attended_or_expected_graduation": "2020 \u2013 2020", "field_of_study": null}}, {"institution": "Keller Graduate School of Management of DeVry University", "degree_details": {"degree_name": "Masters", "field_of_study": "Project Management", "dates_attended_or_expected_graduation": "2003 \u2013 2004"}}, {"institution": "State University of New York College at Old Westbury", "degree_details": {"degree_name": "Bachelor of Science - BS", "field_of_study": "Management Information Systems and Services", "dates_attended_or_expected_graduation": "1997 \u2013 2001"}}], "employee_name": "VALJlsfTe4NtqhE9*oA4H+t0LvIB9WD1jYAKRHQ==*jK8jT4ay2JylUVmHOthRUg==*Fh0gNUzUls5OREIsdUYBhA=="}, {"experience": [{"company_name": "Entelo", "dates_employed": "Jul 2020\u2013Present", "employment_duration": "1 yr 11 mos", "location": null, "title": "VP of Customer Success"}, {"company_name": "Jobvite", "dates_employed": "Oct 2015\u2013Jul 2020", "employment_duration": "4 yrs 10 mos", "location": "Indianapolis, Indiana Area", "title": "Sr. Director of Professional Services"}, {"company_name": "Jobvite", "dates_employed": "Dec 2014\u2013Oct 2015", "employment_duration": "11 mos", "location": "San Francisco Bay Area", "title": "Director of Professional Services"}, {"company_name": "Salesforce", "dates_employed": "Jun 2013\u2013Dec 2014", "employment_duration": "1 yr 7 mos", "location": "Indianapolis, Indiana Area", "title": "Head of Global Sourcing"}, {"company_name": "Salesforce", "dates_employed": "Oct 2012\u2013Jun 2013", "employment_duration": "9 mos", "location": "Indianapolis, Indiana, United States", "title": "Manager of Outbound Sourcing (Global)"}], "education": [{"institution": "DePauw University", "degree_details": {"degree_name": "Bachelor's degree", "field_of_study": "English Literature (British and Commonwealth)", "dates_attended_or_expected_graduation": "1997 \u2013 2001"}}, {"institution": "Ben Davis High School", "degree_details": {"degree_name": "Honors", "field_of_study": "English Literature (British and Commonwealth)", "dates_attended_or_expected_graduation": "1995 \u2013 1997"}}], "employee_name": "UJvcrsQyNQjCAoHfCQ==*n+zZ9syrxUcjp4tg4dnRmw==*gOciSumiTmik6+zIJYUcvw==*gBANFRPgjW9cTfb14GtuVQ=="}, {"experience": [{"company_name": "Entelo", "dates_employed": "2020\u2013Present", "employment_duration": "2 yrs", "location": "San Francisco Bay Area", "title": "VP, Finance"}, {"company_name": "Ladder Life", "dates_employed": "2018\u20132020", "employment_duration": "2 yrs", "location": "San Francisco Bay Area", "title": "VP, Business Operations"}, {"company_name": "Pensa, Inc.", "dates_employed": "2017\u20132018", "employment_duration": "1 yr", "location": "Mountain View, CA", "title": "VP, Finance and Operations"}, {"company_name": "Dell", "dates_employed": "2015\u20132016", "employment_duration": "1 yr", "location": "Santa Clara, CA", "title": "Director, Strategy and Business Operations, Dell Software Group"}, {"company_name": "Dell", "dates_employed": "2011\u20132015", "employment_duration": "4 yrs", "location": "Mountain View, CA", "title": "Director of Strategy and Business Operations, Dell KACE"}], "education": [{"institution": "Stanford University Graduate School of Business", "degree_details": {"degree_name": "Master of Business Administration (M.B.A.)", "dates_attended_or_expected_graduation": null, "field_of_study": null}}, {"institution": "Yale University", "degree_details": {"degree_name": "BS", "field_of_study": "Applied Mathematics/Operations Research", "dates_attended_or_expected_graduation": null}}, {"institution": "Marlborough School", "degree_details": {"dates_attended_or_expected_graduation": null, "degree_name": null, "field_of_study": null}}], "employee_name": "s43TJUg9nXbMtf6v*e2hahIXyjnWRaJ9a7Sb1Bw==*4Ki3zWK8mair8q7iXJg6GA==*OGg/n7it8cuwPr0hHslUxw=="}, {"experience": [{"company_name": "Entelo", "dates_employed": "Feb 2022\u2013Present", "employment_duration": "4 mos", "location": "Belgrade, Serbia", "title": "Global Talent Acquisition Manager"}, {"company_name": "Sustainable HR Solutions", "dates_employed": "Mar 2021\u2013Present", "employment_duration": "1 yr 3 mos", "location": "Belgrade, Serbia", "title": "Owner and HR Consultant"}, {"company_name": "Logispin Group", "dates_employed": "Feb 2018\u2013Feb 2022", "employment_duration": "4 yrs 1 mo", "location": "Belgrade, Serbia", "title": "Talent Acquisition Specialist"}, {"company_name": "NCR Corporation", "dates_employed": "Jul 2016\u2013Jun 2017", "employment_duration": "1 yr", "location": "Belgrade", "title": "TA Conversions Team Lead for EMEA & NAMER"}, {"company_name": "NCR Corporation", "dates_employed": "Apr 2015\u2013Jul 2016", "employment_duration": "1 yr 4 mos", "location": "Serbia", "title": "Talent Acquisition Consultant EMEA"}], "education": [{"institution": "Faculty of Economics, Finance and Administration - FEFA", "degree_details": {"degree_name": "Master's degree", "field_of_study": "Economics", "dates_attended_or_expected_graduation": "2014 \u2013 2017"}}, {"institution": "Faculty of Economics, Finance and Administration - FEFA", "degree_details": {"degree_name": "Bachelor's degree", "field_of_study": "Economics", "dates_attended_or_expected_graduation": "2011 \u2013 2014"}}], "employee_name": "Y7I8+o0INq0O1lrOw1KZhoU=*HIjq5DM6fmmUn+n83QXN3g==*pTrbkKcFuP4O1w4hakm+ag==*S9I//3BWCTwiyjvVhUAQuA=="}, {"experience": [{"company_name": "Entelo", "dates_employed": "Nov 2020\u2013Present", "employment_duration": "1 yr 7 mos", "location": "Belgrade, Serbia", "title": "HR Manager"}, {"company_name": "Freelance recruiter", "dates_employed": "Nov 2018\u2013Present", "employment_duration": "3 yrs 7 mos", "location": "Belgrade", "title": "Business Owner"}, {"company_name": "Arbor Education", "dates_employed": "Dec 2018\u2013Sep 2020", "employment_duration": "1 yr 10 mos", "location": "Serbia", "title": "HR and Recruitment Specialist"}, {"company_name": "Arbor Education Partners", "dates_employed": "Sep 2018\u2013Dec 2018", "employment_duration": "4 mos", "location": "Belgrade", "title": "HR Assistant & Office Manager"}, {"company_name": "Coca-Cola Hellenic Bottling Company", "dates_employed": "Jan 2017\u2013Apr 2018", "employment_duration": "1 yr 4 mos", "location": null, "title": "People Development Coordinator"}], "education": [{"institution": "Faculty of Organizational Sciences", "degree_details": {"degree_name": "Graduate Engineer of Organizational Sciences", "field_of_study": "Management", "dates_attended_or_expected_graduation": "2012 \u2013 2016"}}], "employee_name": "gGebGwr9Wm0N+3E30h2V*WTC+VRGijbJjsmzWSD/VjA==*xJkpNQZ1rjxiun4U2M4TSQ==*YBIHeOdvuA2bIM/rrs62UA=="}, {"experience": [{"company_name": "Entelo", "dates_employed": "Feb 2020\u2013Present", "employment_duration": "2 yrs 4 mos", "location": "Greater New York City Area", "title": "Senior Account Executive"}, {"company_name": "Entelo", "dates_employed": "Sep 2019\u2013Feb 2020", "employment_duration": "6 mos", "location": "New York", "title": "Account Executive"}, {"company_name": "The Muse", "dates_employed": "Aug 2019\u2013Sep 2019", "employment_duration": "2 mos", "location": "Greater New York City Area", "title": "Senior Account Executive"}, {"company_name": "TheMuse.com", "dates_employed": "Sep 2018\u2013Aug 2019", "employment_duration": "1 yr", "location": "Greater New York City Area", "title": "Account Executive"}, {"company_name": "ContentWriters", "dates_employed": "May 2015\u2013Aug 2018", "employment_duration": "3 yrs 4 mos", "location": "Greater New York City Area", "title": "Director of Sales & Content Strategy"}], "education": [{"institution": "Seton Hall University", "degree_details": {"degree_name": "Bachelor of Science - Stillman School of Business", "field_of_study": "Business Marketing", "dates_attended_or_expected_graduation": "2003 \u2013 2007"}}], "employee_name": "QArK7cq0vGEUCqz2OjY=*Jhuvna7RI6tuctn3W18YTQ==*5Ql/qGobr+lBnBgVOwh6ww==*lT8aoNQ9jYd7ZLx0Vd5CWg=="}, {"experience": [{"company_name": "Entelo", "dates_employed": "Sep 2021\u2013Present", "employment_duration": "9 mos", "location": null, "title": "Director of Product Management"}, {"company_name": "Zinier", "dates_employed": "Nov 2020\u2013Sep 2021", "employment_duration": "11 mos", "location": "Bangalore Urban, Karnataka, India", "title": "Senior Product Manager"}, {"company_name": "Jobvite", "dates_employed": "May 2017\u2013Oct 2020", "employment_duration": "3 yrs 6 mos", "location": "Bengaluru Area, India", "title": "Senior Product Manager"}, {"company_name": "HireCraft Software Pvt Ltd", "dates_employed": "Apr 2016\u2013Apr 2017", "employment_duration": "1 yr 1 mo", "location": "Bengaluru Area, India", "title": "Solution Architect"}, {"company_name": "HireCraft Software Pvt Ltd", "dates_employed": "May 2014\u2013Apr 2016", "employment_duration": "2 yrs", "location": "Bengaluru Area, India", "title": "Project Manager"}], "education": [{"institution": "Bangalore University", "degree_details": {"degree_name": "Master of Computer Applications - MCA", "field_of_study": "Computer Science", "dates_attended_or_expected_graduation": "2007 \u2013 2010"}}, {"institution": "Gujarat University", "degree_details": {"degree_name": "Bachelors Of Computer Applications", "field_of_study": "Computer Applications", "dates_attended_or_expected_graduation": "2004 \u2013 2007"}}], "employee_name": "oxWF8mX+fIWWmM0=*ir94j02hodkQ5r8r5TwQ9Q==*ZKtNGJZWfAzQoT6otJHd2A==*vmrV21gaXryZJXSNV2Mzfw=="}, {"experience": [{"company_name": "Entelo", "dates_employed": "Feb 2021\u2013Present", "employment_duration": "1 yr 4 mos", "location": null, "title": "Director of People Operations"}, {"company_name": "Emarsys", "dates_employed": "Apr 2019\u2013Feb 2021", "employment_duration": "1 yr 11 mos", "location": null, "title": "Senior People Business Partner"}, {"company_name": "Emarsys", "dates_employed": "Oct 2016\u2013Apr 2019", "employment_duration": "2 yrs 7 mos", "location": "Indianapolis, Indiana Area", "title": "Human Resources Manager"}, {"company_name": "Emarsys", "dates_employed": "Jun 2015\u2013Oct 2016", "employment_duration": "1 yr 5 mos", "location": "Indianapolis, Indiana Area", "title": "Office Manager, Americas"}, {"company_name": "Salesforce", "dates_employed": "Feb 2015\u2013May 2015", "employment_duration": "4 mos", "location": null, "title": "Success Manager"}], "education": [{"institution": "Marian University Indianapolis", "degree_details": {"degree_name": "Bachelor's Degree", "field_of_study": "Business Management", "dates_attended_or_expected_graduation": "2009 \u2013 2013"}}, {"institution": "Marian University Indianapolis", "degree_details": {"degree_name": "Bachelor of Business Administration (BBA)", "dates_attended_or_expected_graduation": null, "field_of_study": null}}], "employee_name": "aEMMvQMk6YVishbdzg==*m5EOhLq0zgOzjnqyrtQbGw==*JCj+hvvWIrYFNMuX+Wx0nw==*jBkj5HoQrNob7OgHC4BM0Q=="}, {"experience": [{"company_name": "Entelo", "dates_employed": "Oct 2021\u2013Present", "employment_duration": "8 mos", "location": null, "title": "Enterprise Customer Success Manager"}, {"company_name": "Entelo", "dates_employed": "Jul 2019\u2013Present", "employment_duration": "2 yrs 11 mos", "location": "San Francisco Bay Area", "title": "Senior Customer Success Manager"}, {"company_name": "Entelo", "dates_employed": "Dec 2018\u2013Present", "employment_duration": "3 yrs 6 mos", "location": "San Francisco Bay Area", "title": "Customer Success Manager"}, {"company_name": "Modio Health", "dates_employed": "Jan 2018\u2013Jan 2019", "employment_duration": "1 yr 1 mo", "location": "San Francisco Bay Area", "title": "Senior Customer Success Manager"}, {"company_name": "eFolder", "dates_employed": "Apr 2017\u2013Jan 2018", "employment_duration": "10 mos", "location": "San Francisco Bay Area", "title": "Partner Success Specialist, Escalations"}], "education": [{"institution": "San Francisco State University", "degree_details": {"degree_name": "Bachelor of Science - BS", "field_of_study": "International Business", "dates_attended_or_expected_graduation": "2001 \u2013 2006"}}], "employee_name": "t7jYJYpbUDOWp9hVnyniqD6D5fEJGV0=*Ydr8GimAt3llUqzno0SrcQ==*vEWuUODDRSV42N0GGoZEzg==*eBPgSI5Htb+d33j6N8PBTw=="}, {"experience": [{"company_name": "Entelo", "dates_employed": "May 2021\u2013Present", "employment_duration": "1 yr 1 mo", "location": "Shingle Springs, California, United States", "title": "Global Head of Strategic Accounts & Customer Enablement"}, {"company_name": "Jobvite", "dates_employed": "Feb 2018\u2013May 2021", "employment_duration": "3 yrs 4 mos", "location": "San Mateo, California", "title": "Director Talent Acquisition Strategic Consulting Services"}, {"company_name": "Talent Function Group, LLC", "dates_employed": "Aug 2011\u2013Feb 2018", "employment_duration": "6 yrs 7 mos", "location": "Nationwide", "title": "Senior Consultant, Talent Acquisition Technologies & Process"}, {"company_name": "Brocade", "dates_employed": "Nov 2009\u2013Jul 2011", "employment_duration": "1 yr 9 mos", "location": "San Francisco Bay Area", "title": "Senior Manager, Candidate Generation & Recruitment Branding"}, {"company_name": "Sun Microsystems", "dates_employed": "Jul 2008\u2013Nov 2009", "employment_duration": "1 yr 5 mos", "location": "San Francisco Bay Area", "title": "Senior Manager, Global Recruiting Systems & Operations"}], "education": [{"institution": "San Jose State University", "degree_details": {"degree_name": "MBA", "field_of_study": "Business", "dates_attended_or_expected_graduation": "1999 \u2013 2001"}}], "employee_name": "4McMn1BEOyVeo2FBT+xYpQ==*2w+B70TM0ZcMBPNLx9AGGQ==*/FXMcoDBOyCfNKmv1haZ0w==*OcReYA2AJ5AkxP92/n5ymw=="}, {"experience": [{"company_name": "Entelo", "dates_employed": "Jul 2018\u2013Present", "employment_duration": "3 yrs 11 mos", "location": "San Francisco Bay Area", "title": "Information Technology Security Manager"}, {"company_name": "Langtech", "dates_employed": "Jul 2014\u2013Jun 2018", "employment_duration": "4 yrs", "location": "San Francisco Bay Area", "title": "IT Solutions Specialist"}, {"company_name": "Advantage Enterprises", "dates_employed": "Jan 2005\u2013Jun 2014", "employment_duration": "9 yrs 6 mos", "location": null, "title": "Operations Supervisor"}], "education": null, "employee_name": "CdLiftR5ndYy*qvX3nbo21uaw4rX5wI25ng==*sR0v+9nVRFrwkQEWx5kzTg==*7dVUScVMBgT/wrgeBm7Y7g=="}, {"experience": [{"company_name": "Entelo", "dates_employed": "Apr 2021\u2013Present", "employment_duration": "1 yr 2 mos", "location": null, "title": "Account Manager/Customer Success Manager"}, {"company_name": "Shyft", "dates_employed": "Oct 2019\u2013Apr 2021", "employment_duration": "1 yr 7 mos", "location": "Serbia", "title": "Supplier Network Manager"}, {"company_name": "Shyft", "dates_employed": "Nov 2018\u2013Oct 2019", "employment_duration": "1 yr", "location": "Belgrade, Serbia", "title": "Customer Experience Manager"}, {"company_name": "Movers Development", "dates_employed": "Feb 2018\u2013Nov 2018", "employment_duration": "10 mos", "location": null, "title": "Account Executive"}, {"company_name": "Crater", "dates_employed": "Jan 2017\u2013Jan 2018", "employment_duration": "1 yr 1 mo", "location": "Serbia", "title": "Video Survey Consultant"}], "education": [{"institution": "Faculty of Philology at Belgrade University", "degree_details": {"field_of_study": "Japanese Language, Literature and Culture", "dates_attended_or_expected_graduation": "2013 \u2013 2017", "degree_name": null}}], "employee_name": "H4GbS3FPnHU3v2AaY+yWwM0=*KiDqxCoMq67isa0osmPLWg==*bmgZvEWfZyCvovI375rZLA==*S1uKIV9a/Dhr2naNDc21vQ=="}, {"experience": [{"company_name": "Entelo", "dates_employed": "Aug 2019\u2013Present", "employment_duration": "2 yrs 10 mos", "location": "Serbia", "title": "Senior Frontend Architect"}, {"company_name": "ConveyIQ by Entelo", "dates_employed": "Oct 2017\u2013Present", "employment_duration": "4 yrs 8 mos", "location": "Serbia", "title": "Software Architect"}, {"company_name": "Braintribe", "dates_employed": "Feb 2017\u2013Oct 2017", "employment_duration": "9 mos", "location": "Belgrade", "title": "Senior Software Engineer"}, {"company_name": "Work & Co", "dates_employed": "Aug 2016\u2013Feb 2017", "employment_duration": "7 mos", "location": "Serbia", "title": "Senior Developer"}, {"company_name": "Humanity.com, Inc.", "dates_employed": "Mar 2016\u2013Jul 2016", "employment_duration": "5 mos", "location": "Serbia", "title": "Technical Lead"}], "education": [{"institution": "University of Belgrade School of Electrical Engineering", "degree_details": {"degree_name": "Master\u2019s Degree", "field_of_study": "Computer Software Engineering", "dates_attended_or_expected_graduation": "2016 \u2013 2018"}}, {"institution": "University of Belgrade School of Electrical Engineering", "degree_details": {"degree_name": "Engineer\u2019s Degree", "field_of_study": "Computer Science", "dates_attended_or_expected_graduation": "2008 \u2013 2016"}}, {"institution": "Technical school Uzice", "degree_details": {"degree_name": "Electronics Technician", "dates_attended_or_expected_graduation": "2004 \u2013 2008", "field_of_study": null}}], "employee_name": "V9bDLKwuKHRhdTtwV5Q=*tgU1XZ+r3uCgpHrq9FAicQ==*ueXw5tqfaMzFJlyPjrOv+g==*mh96utnVV0ARiYKnvApRdg=="}, {"experience": [{"company_name": "Entelo", "dates_employed": "Sep 2021\u2013Present", "employment_duration": "9 mos", "location": "Belgrade, Serbia", "title": "Digital Marketing Developer"}, {"company_name": "YourBow", "dates_employed": "Oct 2019\u2013Sep 2021", "employment_duration": "2 yrs", "location": null, "title": "Email Marketing Manager"}, {"company_name": "YourBow", "dates_employed": "Aug 2019\u2013Apr 2020", "employment_duration": "9 mos", "location": null, "title": "Advertising Operations Manager"}, {"company_name": "5CA", "dates_employed": "Feb 2019\u2013Jul 2019", "employment_duration": "6 mos", "location": null, "title": "Technical Support Agent"}, {"company_name": "Belgrade Hangover Project", "dates_employed": "May 2018\u2013Sep 2018", "employment_duration": "5 mos", "location": "Belgrade", "title": "Front-End Developer & Content Writer"}], "education": [{"institution": "The School of Electrical and Computer Engineering of Applied Studies", "degree_details": {"degree_name": "Master's degree", "field_of_study": "Electrical Engineering and Computer Science", "dates_attended_or_expected_graduation": "2021"}}, {"institution": "The School of Electrical and Computer Engineering of Applied Studies", "degree_details": {"degree_name": "Bachelor's degree", "field_of_study": "Electronic Business", "dates_attended_or_expected_graduation": "2015 \u2013 2018"}}], "employee_name": "2rgkWrrTGM7G8L5EZCPlTFU=*7SzwBqKMn7LKO4MQNotNIw==*8+f7h8IJ6n3NMk73z1uuyQ==*Tg3Nil7fGd9sagazoAJvtQ=="}, {"experience": [{"company_name": "HiHo Cheeseburger", "dates_employed": "Mar 2017\u2013Present", "employment_duration": "5 yrs 3 mos", "location": "Greater Los Angeles Area", "title": "Co-Owner, Operating Partner"}, {"company_name": "The Kampachi Company", "dates_employed": "Oct 2017\u2013Present", "employment_duration": "4 yrs 8 mos", "location": "La Paz, Mexico", "title": "Member Board Of Directors"}, {"company_name": "Entelo", "dates_employed": "Dec 2016\u2013Present", "employment_duration": "5 yrs 6 mos", "location": "San Francisco Bay Area", "title": "Advisor"}, {"company_name": "Gild, Inc.", "dates_employed": "Oct 2011\u2013Oct 2016", "employment_duration": "5 yrs 1 mo", "location": "San Francisco Bay Area", "title": "Co-founder and CEO"}, {"company_name": "PAC Labs", "dates_employed": "Jul 2007\u2013Oct 2011", "employment_duration": "4 yrs 4 mos", "location": "San Francisco Bay Area", "title": "CEO"}], "education": [{"institution": "Massachusetts Institute of Technology", "degree_details": {"degree_name": "BS", "field_of_study": "Electrical Engineering", "dates_attended_or_expected_graduation": "1984 \u2013 1987"}}], "employee_name": "RhH2CCbUliXkQKfFbA==*/WkhXfbmTKhH92BS6jfb4A==*RgkVQ3f2rjhNnhXRpCoxCg==*uSllKsl/kPQpIH+xK0SmAg=="}, {"experience": [{"company_name": "Entelo", "dates_employed": "Sep 2019\u2013Present", "employment_duration": "2 yrs 9 mos", "location": "Greater New York City Area", "title": "Global Account Manager"}, {"company_name": "Entelo", "dates_employed": "Nov 2018\u2013Sep 2019", "employment_duration": "11 mos", "location": "Greater New York City Area", "title": "Senior Enterprise Account Manager"}, {"company_name": "WayUp", "dates_employed": "May 2018\u2013Oct 2018", "employment_duration": "6 mos", "location": "Greater New York City Area", "title": "Senior Enterprise Account Executive"}, {"company_name": "WayUp", "dates_employed": "Jun 2017\u2013May 2018", "employment_duration": "1 yr", "location": "Greater New York City Area", "title": "Enterprise Account Executive"}, {"company_name": "Doximity", "dates_employed": "Sep 2016\u2013Jun 2017", "employment_duration": "10 mos", "location": "Greater New York City Area", "title": "Director of Sales (IC), Talent Solutions"}], "education": [{"institution": "James Madison University", "degree_details": {"degree_name": "BS", "field_of_study": "Technical & Scientific Communication", "dates_attended_or_expected_graduation": "2004 \u2013 2008"}}], "employee_name": "6YDkCWkL/2pQtJUgKw==*/VTN5nvZdvTmEh02/G2CtA==*7VP3gqqo469Qttn9Bh6DKg==*kA6wTJE/ilmLP2hBw5wZJQ=="}, {"experience": [{"company_name": "Entelo", "dates_employed": "Oct 2021\u2013Present", "employment_duration": "8 mos", "location": "Belgrade, Serbia", "title": "Human Resources Assistant"}, {"company_name": "Key Solutions Consulting", "dates_employed": "Aug 2021\u2013Aug 2021", "employment_duration": "1 mo", "location": "Belgrade, Serbia", "title": "Human Resources Project Officer"}, {"company_name": "Engoo", "dates_employed": "Sep 2018\u2013Apr 2021", "employment_duration": "2 yrs 8 mos", "location": null, "title": "English Tutor"}], "education": [{"institution": "Faculty of Media and Communications", "degree_details": {"degree_name": "Bachelor's degree", "field_of_study": "Psychology", "dates_attended_or_expected_graduation": "2017 \u2013 2021"}}], "employee_name": "gI5Gn/P1bp6Qf13JhwW9l9Q=*P00wcpzJ3jVNuR5QSOXF1A==*GYsZUDbOTeseMDcuX3TtJg==*XBaoJhd2l7jg06WuvhbY8w=="}, {"experience": [{"company_name": "Entelo", "dates_employed": "Aug 2019\u2013Present", "employment_duration": "2 yrs 10 mos", "location": null, "title": "Customer Support Specialist"}, {"company_name": "Phuture Collective", "dates_employed": "Aug 2018\u2013Present", "employment_duration": "3 yrs 10 mos", "location": "Remote", "title": "Administrator"}, {"company_name": "Support.com", "dates_employed": "Dec 2017\u2013Dec 2018", "employment_duration": "1 yr 1 mo", "location": null, "title": "Technical Trainer"}, {"company_name": "Support.com", "dates_employed": "Apr 2017\u2013Dec 2017", "employment_duration": "9 mos", "location": "Remote", "title": "Remote Services Technician"}], "education": [{"institution": "White House High School", "degree_details": {"degree_name": "High School Diploma", "dates_attended_or_expected_graduation": "2010 \u2013 2014", "field_of_study": null}}], "employee_name": "SgooQwOoNQeyQIS2k45Ztw==*IxcNZFSEiZdLUrpT7I69Rg==*fqfP4lphnizrKe5vspwBxw==*XzMML/c2GiyJ0SYaQp+l9g=="}, {"experience": [{"company_name": "Entelo", "dates_employed": "Aug 2018\u2013Present", "employment_duration": "3 yrs 10 mos", "location": null, "title": "DevOps"}, {"company_name": "Take the Interview, Inc.", "dates_employed": "Oct 2016\u2013Present", "employment_duration": "5 yrs 8 mos", "location": "Belgrade", "title": "DevOps"}, {"company_name": "HATech LLC", "dates_employed": "Apr 2016\u2013Oct 2016", "employment_duration": "7 mos", "location": null, "title": "Cloud Engineer"}, {"company_name": "DNS Europe", "dates_employed": "May 2008\u2013Apr 2016", "employment_duration": "8 yrs", "location": null, "title": "Senior System Engineer, OPS manager, RnD team member"}, {"company_name": "EUnet", "dates_employed": "May 2008\u2013Apr 2016", "employment_duration": "8 yrs", "location": "Belgrade", "title": "Senior System Engineer, OPS Manager, RnD team member"}], "education": [{"institution": "University of Belgrade", "degree_details": {"degree_name": "Bachelor of Science (BS)", "dates_attended_or_expected_graduation": "1996 \u2013 2001", "field_of_study": null}}, {"institution": "ETS Nikola Tesla", "degree_details": {"dates_attended_or_expected_graduation": "1989 \u2013 1992", "degree_name": null, "field_of_study": null}}], "employee_name": "foxdWpHyqSevxmNE6mIF1ZK6*zcaODPLE6HssG0gS6E0Vng==*QvNc+woAjL69UNQ0Pe+w4Q==*v5RMJ5G6ZGF+vDXwOlfEog=="}, {"experience": [{"company_name": "Entelo", "dates_employed": "Dec 2021\u2013Present", "employment_duration": "6 mos", "location": null, "title": "Software Developer"}, {"company_name": "Flow and Form", "dates_employed": "Aug 2020\u2013Nov 2021", "employment_duration": "1 yr 4 mos", "location": null, "title": "Software Developer"}, {"company_name": "redPanda Software", "dates_employed": "May 2019\u2013Mar 2020", "employment_duration": "11 mos", "location": null, "title": "Software Developer"}, {"company_name": "Klika", "dates_employed": "Dec 2016\u2013Apr 2019", "employment_duration": "2 yrs 5 mos", "location": "Sarajevo", "title": "Software Developer"}, {"company_name": "Walter BIM Solutions", "dates_employed": "Jun 2014\u2013Nov 2016", "employment_duration": "2 yrs 6 mos", "location": "Sarajevo", "title": "Software Developer"}], "education": [{"institution": "University of East Sarajevo", "degree_details": {"degree_name": "Bachelor of Science in Electrical Engineering and Computing", "field_of_study": "Computer Science and Informatics", "dates_attended_or_expected_graduation": "2009 \u2013 2014"}}], "employee_name": "28Y9YVYYTBedEnEBMhFd*B9v/ZqWjkzjjHp1SuwSIRg==*GhZjiBpNqnBoI6au4OTPFw==*PrKpWkUG2bPSbvmDNAvWbw=="}, {"experience": [{"company_name": "Bynder l Webdam", "dates_employed": "Jan 2017\u2013Present", "employment_duration": "5 yrs 5 mos", "location": "San Francisco Bay Area", "title": "Enterprise Account Executive"}, {"company_name": "Entelo", "dates_employed": "Aug 2015\u2013Jan 2017", "employment_duration": "1 yr 6 mos", "location": "San Francisco Bay Area", "title": "Senior Account Executive"}, {"company_name": "Lattice Engines", "dates_employed": "Apr 2014\u2013Aug 2015", "employment_duration": "1 yr 5 mos", "location": "San Mateo, CA", "title": "Customer Executive"}, {"company_name": "Glassdoor", "dates_employed": "Jun 2013\u2013Mar 2014", "employment_duration": "10 mos", "location": "San Francisco Bay Area", "title": "Account Executive"}, {"company_name": "LoopNet", "dates_employed": "Jan 2012\u2013May 2013", "employment_duration": "1 yr 5 mos", "location": "San Francisco Bay Area", "title": "Territory Manager"}], "education": [{"institution": "University of California, Berkeley", "degree_details": {"degree_name": "B.S.", "field_of_study": "Environmental Economics", "dates_attended_or_expected_graduation": "2005 \u2013 2009"}}, {"institution": "Junipero Serra", "degree_details": {"dates_attended_or_expected_graduation": null, "degree_name": null, "field_of_study": null}}], "employee_name": "IV/p87mng7GPGQ==*lJCCt20BOTGOwSf2Y+q1hg==*CrOiuhkdbpidHv4o4W+LXg==*B0E7vDM2AUXINeytvIp+hQ=="}, {"experience": [{"company_name": "Entelo", "dates_employed": "Jan 2021\u2013Present", "employment_duration": "1 yr 5 mos", "location": "Los Angeles, California, United States", "title": "Strategic Services Consultant"}, {"company_name": "Jobvite", "dates_employed": "Feb 2017\u2013Jan 2021", "employment_duration": "4 yrs", "location": "Greater Los Angeles Area", "title": "Sr. Professional Services Consultant/ Engagement Manager"}, {"company_name": "Jobvite", "dates_employed": "Jun 2016\u2013Feb 2017", "employment_duration": "9 mos", "location": null, "title": "Professional Services Consultant"}, {"company_name": "TMP Worldwide", "dates_employed": "Mar 2014\u2013Jun 2016", "employment_duration": "2 yrs 4 mos", "location": "Greater Los Angeles Area", "title": "Account Director"}, {"company_name": "TMP Worldwide Advertising & Communications", "dates_employed": "Jun 2011\u2013Mar 2014", "employment_duration": "2 yrs 10 mos", "location": "Greater Los Angeles Area", "title": "Project Manager"}], "education": [{"institution": "University of California, Riverside", "degree_details": {"degree_name": "Bachelors of Science", "field_of_study": "Business Administration", "dates_attended_or_expected_graduation": "2001 \u2013 2005"}}], "employee_name": "Svvwu2EB8SFemmx/Ivo=*ejL4D6R6t7QKc+SIqK0arQ==*ekYMzcY+9MxqrZqZr91Wlg==*CleJCeiE+c8mvUGejXg9Gw=="}, {"experience": [{"company_name": "Entelo", "dates_employed": "Dec 2021\u2013Present", "employment_duration": "6 mos", "location": "Belgrade, Serbia", "title": "Junior Customer Support Specialist"}, {"company_name": "Academy \u201cDositej\u201d", "dates_employed": "Jan 2018\u2013Nov 2021", "employment_duration": "3 yrs 11 mos", "location": "Belgrade, Serbia", "title": "Office Manager"}, {"company_name": "Academy \u201cDositej\u201d", "dates_employed": "Jan 2016\u2013Dec 2018", "employment_duration": "3 yrs", "location": "Belgrade, Serbia", "title": "Office Assistant"}, {"company_name": "Academy \u201cDositej\u201d", "dates_employed": "Oct 2015\u2013Jun 2018", "employment_duration": "2 yrs 9 mos", "location": "Belgrade, Serbia", "title": "Professor"}, {"company_name": "BTL agencija d.o.o.", "dates_employed": "Jan 2012\u2013May 2018", "employment_duration": "6 yrs 5 mos", "location": "Belgrade, Serbia", "title": "Team Supervisor"}], "education": [{"institution": "Faculty of Organizational Sciences, Belgrade University", "degree_details": {"degree_name": "Master's degree", "field_of_study": "Quality Engineering", "dates_attended_or_expected_graduation": "2013 \u2013 2014"}}, {"institution": "Faculty of Organizational Sciences, Belgrade University", "degree_details": {"degree_name": "Bachelor's degree", "field_of_study": "Management and organization", "dates_attended_or_expected_graduation": "2009 \u2013 2013"}}, {"institution": "Economic \u2013trade school \u201cPaja Marganovi\u0107\"", "degree_details": {"field_of_study": "Economics and finance", "dates_attended_or_expected_graduation": "2005 \u2013 2009", "degree_name": null}}], "employee_name": "3H2n5ecSgojdGuyUghHqRQ==*uW7QeBsdKu1cZdg2QgTvHA==*RJdn5iifvHXfdJqBPYOMGg==*OLAkPzJ8+GQtI96FYq93ww=="}, {"experience": [{"company_name": "Entelo", "dates_employed": "Dec 2021\u2013Present", "employment_duration": "6 mos", "location": null, "title": "Customer Support Specialist"}, {"company_name": "Infinity", "dates_employed": "2020\u20132021", "employment_duration": "1 yr", "location": null, "title": "Customer Success Agent"}, {"company_name": "Shyft", "dates_employed": "2020\u2013Jun 2020", "employment_duration": "less than a year", "location": "Belgrade, Centralna Srbija, Serbia", "title": "Survey Team Trainer"}, {"company_name": "Shyft", "dates_employed": "2019\u20132020", "employment_duration": "1 yr", "location": "Belgrade, Serbia", "title": "Video surveyor"}, {"company_name": "Centar Za Nove Edukacije", "dates_employed": "2017\u20132018", "employment_duration": "1 yr", "location": "Belgrade", "title": "Happiness Manager"}], "education": [{"institution": "University of Novi Sad", "degree_details": {"degree_name": "Business Psychology", "field_of_study": "Industrial and Organizational Psychology", "dates_attended_or_expected_graduation": null}}], "employee_name": "jPd8Z9C9WUUDEXOBy8ra*hws9xlvfOexjL2ENAFTn0Q==*dXlqetWXiRZ8z8x+U4Xxcg==*DvsR5d/lDjePT5WYJP+jrw=="}, {"experience": [{"company_name": "Entelo", "dates_employed": "Aug 2019\u2013Present", "employment_duration": "2 yrs 10 mos", "location": "Belgrade, Serbia", "title": "Frontend Developer"}, {"company_name": "ConveyIQ", "dates_employed": "Nov 2018\u2013Present", "employment_duration": "3 yrs 7 mos", "location": "Serbia", "title": "Frontend Developer"}, {"company_name": "Levi9 Technology Services", "dates_employed": "Nov 2016\u2013Nov 2018", "employment_duration": "2 yrs 1 mo", "location": "Serbia", "title": "Javascript Developer"}, {"company_name": "Degordian", "dates_employed": "Oct 2014\u2013Nov 2016", "employment_duration": "2 yrs 2 mos", "location": "Serbia", "title": "Software Developer"}, {"company_name": "Belgrade Business International Case Competition", "dates_employed": "Sep 2013\u2013May 2014", "employment_duration": "9 mos", "location": "Belgrade", "title": "IT/Multimedia"}], "education": [{"institution": "Faculty of Organisational sciences", "degree_details": {"degree_name": "Bachelor's degree", "field_of_study": "Information Systems and Technology", "dates_attended_or_expected_graduation": "2010 \u2013 2016"}}, {"institution": "Grammar school \"Bora Stankovic\" Vranje", "degree_details": {"degree_name": "Associate's degree", "field_of_study": "Web Design, Programming, Mathematics, etc.", "dates_attended_or_expected_graduation": "2006 \u2013 2010"}}], "employee_name": "LsZxq/9FGFqWghbXow==*jm0SSBu20X4UYsKIfOCneA==*v2+WD0LUWmJT1tUIesEclA==*ZbkL2q8EOUhe0R9CCw/HXA=="}, {"experience": [{"company_name": "Entelo", "dates_employed": "Aug 2019\u2013Present", "employment_duration": "2 yrs 10 mos", "location": "Belgrade", "title": "Software Engineer"}, {"company_name": "ConveyIQ by Entelo", "dates_employed": "Jan 2015\u2013Present", "employment_duration": "7 yrs 5 mos", "location": "Serbia", "title": "Software Engineer"}, {"company_name": "Portal Srpskifudbal.rs", "dates_employed": "Sep 2010\u2013Dec 2014", "employment_duration": "4 yrs 4 mos", "location": "Belgrade", "title": "Co Founder & Lead Developer"}, {"company_name": "Creative Media Art", "dates_employed": "Apr 2012\u2013May 2014", "employment_duration": "2 yrs 2 mos", "location": "Serbia", "title": "Web Developer"}], "education": [{"institution": "University of Belgrade", "degree_details": {"dates_attended_or_expected_graduation": "2003 \u2013 2011", "degree_name": null, "field_of_study": null}}], "employee_name": "+m+v60ocwgDKz97tcEPw2Q==*5WpSN//sOSOU7aJJ6LXTfA==*WoKkJR4iNtpFXH1Ts7fHBg==*XibTwsTAYPbWztzmTgH0Yw=="}, {"experience": [{"company_name": "Entelo", "dates_employed": "Aug 2019\u2013Present", "employment_duration": "2 yrs 10 mos", "location": null, "title": "Senior Frontend Developer"}, {"company_name": "ConveyIQ by Entelo", "dates_employed": "Oct 2018\u2013Present", "employment_duration": "3 yrs 8 mos", "location": null, "title": "Senior Frontend Developer"}, {"company_name": "Arbor Education", "dates_employed": "Dec 2016\u2013Sep 2018", "employment_duration": "1 yr 10 mos", "location": null, "title": "JavaScript Engineer"}, {"company_name": "Quantox Technology", "dates_employed": "Mar 2016\u2013Dec 2016", "employment_duration": "10 mos", "location": null, "title": "Front End Developer"}, {"company_name": "Cosmic Development", "dates_employed": "Nov 2014\u2013Mar 2016", "employment_duration": "1 yr 5 mos", "location": null, "title": "Front End Web Developer"}], "education": [{"institution": "The University of Belgrade Faculty of Electrical Engineering", "degree_details": {"degree_name": "Master's Degree", "field_of_study": "Computer Systems Networking and Telecommunications", "dates_attended_or_expected_graduation": "2012"}}, {"institution": "The University of Belgrade Faculty of Electrical Engineering", "degree_details": {"degree_name": "Bachelor's Degree", "field_of_study": "Computer Systems Networking and Telecommunications", "dates_attended_or_expected_graduation": "2007 \u2013 2012"}}, {"institution": "Electrotechnical High-School \"Nikola Tesla\"", "degree_details": {"degree_name": "Electronics technician", "field_of_study": "Electronics", "dates_attended_or_expected_graduation": "2002 \u2013 2006"}}], "employee_name": "ZYzS3/OSda2XiBwFgo7+jnU=*On4fwZot8uFHxS9jZ2gybQ==*v9K/6pQMI7KUMPDFD8E3+A==*G3EhEDPTF1G0ucyMbiUyEw=="}, {"experience": [{"company_name": "Entelo", "dates_employed": "Jul 2018\u2013Present", "employment_duration": "3 yrs 11 mos", "location": null, "title": "Software Engineer"}, {"company_name": "DEVTECH", "dates_employed": "Aug 2017\u2013Jun 2018", "employment_duration": "11 mos", "location": "Serbia", "title": "Software Developer"}, {"company_name": "Interana", "dates_employed": "Dec 2014\u2013Dec 2016", "employment_duration": "2 yrs 1 mo", "location": "San Francisco Bay Area", "title": "Software Developer"}, {"company_name": "Globra", "dates_employed": "Oct 2012\u2013Oct 2014", "employment_duration": "2 yrs 1 mo", "location": null, "title": "Software Developer"}, {"company_name": "Megatrend University", "dates_employed": "Mar 2012\u2013Oct 2012", "employment_duration": "8 mos", "location": null, "title": "Software Developer"}], "education": [{"institution": "School of Electrical Engineering and Computer Science Applied Studies", "degree_details": {"degree_name": "Bachelor of Science", "field_of_study": "Computer Science", "dates_attended_or_expected_graduation": "2008 \u2013 2012"}}], "employee_name": "455HAI1das8Jf/w=*OInZ8g5VV7I7jjU0T5lq0g==*z1Kb3tApRu8q+YytUg9mFA==*o6eUUpqdA3+FitaT87nFlQ=="}, {"experience": [{"company_name": "Entelo", "dates_employed": "Dec 2021\u2013Present", "employment_duration": "6 mos", "location": null, "title": "Software Engineer"}, {"company_name": "Golux Technologies", "dates_employed": "May 2017\u2013Nov 2021", "employment_duration": "4 yrs 7 mos", "location": null, "title": "Back End Developer"}], "education": [{"institution": "Visoka \u0161kola strukovnih studija za informacione tehnologije - ITS (Information Tehnology School)", "degree_details": {"dates_attended_or_expected_graduation": "2017 \u2013 2020", "degree_name": null, "field_of_study": null}}], "employee_name": "HyMc2yQB8U2iAvhg*cdTL9F5lrBzlmb6zax58hw==*e8yu/jj+ve4L3JQRIF75bg==*/NSJySklXCamD6ouSopspg=="}, {"experience": [{"company_name": "Entelo", "dates_employed": "Jun 2017\u2013Present", "employment_duration": "5 yrs", "location": "San Francisco, California", "title": "Enterprise Customer Success Executive"}, {"company_name": "SocialChorus", "dates_employed": "Jun 2016\u2013Jun 2017", "employment_duration": "1 yr 1 mo", "location": "San Francisco Bay Area", "title": "Customer Success Director"}, {"company_name": "SocialChorus", "dates_employed": "Oct 2014\u2013Jun 2016", "employment_duration": "1 yr 9 mos", "location": "San Francisco Bay Area", "title": "Senior Customer Success Manager"}, {"company_name": "Glassdoor.com", "dates_employed": "Aug 2012\u2013Sep 2014", "employment_duration": "2 yrs 2 mos", "location": "Sausalito,CA", "title": "Enterprise Customer Success Manager"}, {"company_name": "TripAdvisor", "dates_employed": "Jul 2008\u2013May 2012", "employment_duration": "3 yrs 11 mos", "location": "Boston, MA", "title": "Partnerships, Sales & Customer Support"}], "education": [{"institution": "Boston University", "degree_details": {"degree_name": "Bachelor of Science (BS)", "field_of_study": "Psychology, Business", "dates_attended_or_expected_graduation": null}}, {"institution": "Greenwich Academy", "degree_details": {"dates_attended_or_expected_graduation": null, "degree_name": null, "field_of_study": null}}], "employee_name": "H4RSsHnUbaRmbVEMLJay0gp6Cikc*2g6+rHoR6Ba6BDNLBaSg0Q==*8XwtkL3ry+VI5ylpucss5g==*kEfkN3icaHS3vSXjEOm+aw=="}, {"experience": [{"company_name": "KeyPoint Credit Union", "dates_employed": "Jan 2018\u2013Present", "employment_duration": "4 yrs 5 mos", "location": null, "title": "Executive Compensation Consultant"}, {"company_name": "Silicon Valley Demolition, Inc.", "dates_employed": "May 2019\u2013Present", "employment_duration": "3 yrs 1 mo", "location": null, "title": "Executive Compensation Consultant"}, {"company_name": "Eyenuk, Inc.", "dates_employed": "Feb 2019\u2013Present", "employment_duration": "3 yrs 4 mos", "location": null, "title": "Executive Compensation Consultant"}, {"company_name": "Entelo", "dates_employed": "Mar 2017\u2013Present", "employment_duration": "5 yrs 3 mos", "location": null, "title": "Executive Compensation Consultant"}, {"company_name": "University of California, Santa Cruz", "dates_employed": "Apr 2017\u2013Present", "employment_duration": "5 yrs 2 mos", "location": null, "title": "Compensation Consultant"}], "education": [{"institution": "Cal State East Bay- College of Business & Economics", "degree_details": {"degree_name": "BS", "field_of_study": "Business Administration", "dates_attended_or_expected_graduation": "1971 \u2013 1973"}}], "employee_name": "+3dWkVRWsXIixw==*xsP3eR2O5YQDgyA3qJghBw==*CT00S/9ABWFQnZC/jeIyFA==*k24Hb0R4dwACVGgnp6Y1SQ=="}, {"experience": [{"company_name": "Entelo", "dates_employed": "Jun 2016\u2013Present", "employment_duration": "6 yrs", "location": null, "title": "Curator (Contract)"}, {"company_name": "Sylvan Learning", "dates_employed": "Feb 2014\u2013Present", "employment_duration": "8 yrs 4 mos", "location": null, "title": "Tutor"}, {"company_name": "Mathnasium - The Math Learning Center", "dates_employed": "Oct 2013\u2013Feb 2014", "employment_duration": "5 mos", "location": "Union City, CA", "title": "Math Tutor"}, {"company_name": "Rahima Foundation", "dates_employed": "Jul 2006\u2013May 2012", "employment_duration": "5 yrs 11 mos", "location": "Santa Clara, CA", "title": "Office Manager"}], "education": [{"institution": "California State University, Fresno", "degree_details": {"degree_name": "Bachelor of Science (B.S.)", "field_of_study": "Mathematics and Computer Science", "dates_attended_or_expected_graduation": null}}], "employee_name": "KBf9vZDxw/A+wq3TsE4kKw==*nao0cWqU65mbATeQ/RcMCg==*l2imUBW+hvvInSNB7oLTAg==*WyKaexCy0SPhJnCECJ+g2A=="}, {"experience": null, "education": null, "employee_name": "grUwUZ8HYWdxRdIy5CjC*evl8QQ+td6ZpVZi8W6pECA==*Yr4E6T7Hhlct43hG44PECg==*fOAtV3dUIzpDw0SQE7K8GA=="}, {"experience": null, "education": null, "employee_name": "oWCTC9X5r1bmVZ5ozeTJ*1V9GEbGKVkxKIgLhIduQ8A==*59QGNelBc7YPtHoZnl9+KA==*fqSOUPVuRJVDi3h88aBzEQ=="}, {"experience": null, "education": null, "employee_name": "ODQ9l/93a/lvQwORqPt+*/mDFann7kKveQijKg7172Q==*dPdejXiz5/SgxfQ1i3952g==*P/LwVuAtjDIvbQlPvb5x9A=="}, {"experience": null, "education": null, "employee_name": "6PH9QCNh/3ZODBk69bqe*wEaBsFnEzDMtMYLBmPhzlQ==*e+/NOU28FIU6QSyl+Tyh2A==*eOAMMkKEhpBMfy57SDtl6g=="}, {"experience": null, "education": null, "employee_name": "nNlJ5NKWiBUY1JG+OzkN*RKsZ1AQOV8hQsutbHEkCUA==*EFrcG18Q5h+7MiexhJ0hGA==*4w828auQRu9UsuO242njhw=="}, {"experience": null, "education": null, "employee_name": "HlcYImtWEejjZ5z1y2Ta*XGNwruBYyNcKC00M8Or4/A==*fUft1SskfMTFoumD6XieMA==*7gmASgUSRJJhV1c6z09hMA=="}, {"experience": [{"company_name": "Entelo", "dates_employed": "Oct 2016\u2013Present", "employment_duration": "5 yrs 8 mos", "location": "San Francisco", "title": "Sr. Director of Engineering"}, {"company_name": "AdRoll", "dates_employed": "Jul 2014\u2013Sep 2016", "employment_duration": "2 yrs 3 mos", "location": "San Francisco Bay Area", "title": "Engineering Manager"}, {"company_name": "SocialPandas", "dates_employed": "May 2013\u2013May 2014", "employment_duration": "1 yr 1 mo", "location": "San Francisco Bay Area", "title": "Founding Employee, Engineer"}, {"company_name": "Full&By, 3Click", "dates_employed": "May 2010\u2013Apr 2013", "employment_duration": "3 yrs", "location": "San Francisco Bay Area", "title": "Director of Engineering"}, {"company_name": "Discovery Mining (acquired by Autonomy, then HP)", "dates_employed": "2008\u20132010", "employment_duration": "2 yrs", "location": null, "title": "Senior Software Engineer"}], "education": [{"institution": "University of California, Berkeley", "degree_details": {"degree_name": "Certificate Program in Leadership and Management", "field_of_study": "Business", "dates_attended_or_expected_graduation": "2011 \u2013 2014"}}, {"institution": "UC San Diego", "degree_details": {"degree_name": "Master's Degree", "field_of_study": "Applied Physics", "dates_attended_or_expected_graduation": "1997 \u2013 2000"}}, {"institution": "University of California, Berkeley", "degree_details": {"degree_name": "Bachelor's Degree", "field_of_study": "electrical engineering, computer science, physics, Japanese", "dates_attended_or_expected_graduation": "1992 \u2013 1996"}}], "employee_name": "6Kr/OdLjx32D4bwDiA==*Bi624hBQ5BFDUDrVk7EGyg==*k1OAG9MXIlTEQcRonwgNHA==*sawe9z6jv/DtQno2DDl/xg=="}, {"experience": [{"company_name": "NewCompanyInHealthTech", "dates_employed": "Feb 2022\u2013Present", "employment_duration": "4 mos", "location": "Austin, Texas Metropolitan Area", "title": "Founder, CEO"}, {"company_name": "Entelo", "dates_employed": "Mar 2011\u2013Present", "employment_duration": "11 yrs 3 mos", "location": "San Francisco Bay Area", "title": "Founder, Board Member"}, {"company_name": "Hanu Health", "dates_employed": "Aug 2021\u2013Present", "employment_duration": "10 mos", "location": "Encinitas, California, United States", "title": "Executive Chairman"}, {"company_name": "Wild Health", "dates_employed": "May 2021\u2013Present", "employment_duration": "1 yr 1 mo", "location": "Lexington, Kentucky, United States", "title": "Member, Board Of Directors"}, {"company_name": "Udemy", "dates_employed": "Oct 2010\u2013Present", "employment_duration": "11 yrs 8 mos", "location": null, "title": "Member, Board of Advisors"}], "education": [{"institution": "UCLA Anderson School of Management", "degree_details": {"degree_name": "MBA", "dates_attended_or_expected_graduation": "2003 \u2013 2006", "field_of_study": null}}, {"institution": "University of Minnesota", "degree_details": {"degree_name": "BSB", "field_of_study": "Finance, Management Information Systems", "dates_attended_or_expected_graduation": "1994 \u2013 1998"}}], "employee_name": "WzJfnU6s1fJwIMo=*9EHkBkpmdn2fDuOi4b2Qxw==*etIql+IQzpW4Qr3BJUp6Nw==*sKycgr7ohBBYM2+FwKM9Pg=="}, {"experience": [{"company_name": "Entelo", "dates_employed": "Jun 2018\u2013Present", "employment_duration": "4 yrs", "location": "San Francisco Bay Area", "title": "Data Scientist"}, {"company_name": "Entelo", "dates_employed": "Dec 2017\u2013Jan 2018", "employment_duration": "2 mos", "location": "San Francisco Bay Area", "title": "Data Science Intern"}, {"company_name": "Tenna", "dates_employed": "Sep 2017\u2013Dec 2017", "employment_duration": "4 mos", "location": "Edison, NJ", "title": "Data Analyst & Automation Programmer Intern"}, {"company_name": "BuildSourced", "dates_employed": "Jul 2017\u2013Aug 2017", "employment_duration": "2 mos", "location": "Edison, NJ", "title": "Data Science Intern"}, {"company_name": "Rutgers New Brunswick Computing Services", "dates_employed": "Apr 2015\u2013Jan 2017", "employment_duration": "1 yr 10 mos", "location": "Hill Center, Rutgers University- New Brunswick", "title": "Level 1 Consultant"}], "education": [{"institution": "Rutgers University\u2013New Brunswick", "degree_details": {"degree_name": "Bachelor of Science - BS", "field_of_study": "Computer Science", "dates_attended_or_expected_graduation": null}}, {"institution": "Columbia University in the City of New York", "degree_details": {"degree_name": "Summer classes", "dates_attended_or_expected_graduation": null, "field_of_study": null}}], "employee_name": "4Gzi3jHKajk=*FB0U9Z+JXBtnfhEKHmP3gA==*TXKLJkY2bln164ItcHr+bQ==*r6owienZyTrKh1UHNA0KrQ=="}, {"experience": [{"company_name": "U.S. Venture Partners", "dates_employed": "Mar 2012\u2013Present", "employment_duration": "10 yrs 3 mos", "location": null, "title": "General Partner"}, {"company_name": "Primary.com", "dates_employed": "May 2016\u2013Present", "employment_duration": "6 yrs 1 mo", "location": "New York, NY", "title": "Board Member"}, {"company_name": "stensul", "dates_employed": "Oct 2020\u2013Present", "employment_duration": "1 yr 8 mos", "location": null, "title": "Board Member"}, {"company_name": "Oliver Space", "dates_employed": "Nov 2020\u2013Present", "employment_duration": "1 yr 7 mos", "location": null, "title": "Board Member"}, {"company_name": "TaskHuman", "dates_employed": "Apr 2021\u2013Present", "employment_duration": "1 yr 2 mos", "location": null, "title": "Board Member"}], "education": [{"institution": "Harvard Business School", "degree_details": {"degree_name": "Master of Business Administration (with Distinction)", "dates_attended_or_expected_graduation": "2002 \u2013 2004", "field_of_study": null}}, {"institution": "University of California, Berkeley", "degree_details": {"degree_name": "MS", "field_of_study": "Computer Science", "dates_attended_or_expected_graduation": "1994 \u2013 1996"}}, {"institution": "University of California, Davis", "degree_details": {"degree_name": "BS", "field_of_study": "Computer Science and Engineering (with Highest Honors)", "dates_attended_or_expected_graduation": "1989 \u2013 1994"}}], "employee_name": "/aszW/Xl9VNKCg==*uSYfV3kHG3sqofeYSvo4Bg==*JyAndFcKd86le0C5+/8FHQ==*rm9hcvA3bPFKEkf3ojapcw=="}, {"experience": [{"company_name": "Entelo", "dates_employed": "Apr 2021\u2013Present", "employment_duration": "1 yr 2 mos", "location": "Denver, Colorado, United States", "title": "Senior Enterprise Account Executive"}, {"company_name": "Jobvite", "dates_employed": "Oct 2019\u2013Apr 2021", "employment_duration": "1 yr 7 mos", "location": "United States", "title": "Sr. Manager, Solution Engineering"}, {"company_name": "Jobvite", "dates_employed": "Oct 2014\u2013Oct 2019", "employment_duration": "5 yrs 1 mo", "location": "Greater Denver Area", "title": "Senior Solutions Consultant"}, {"company_name": "nowHIRE", "dates_employed": "May 2010\u2013Oct 2014", "employment_duration": "4 yrs 6 mos", "location": null, "title": "Senior Business Development Executive"}, {"company_name": "Ceridian Corporation", "dates_employed": "Oct 1999\u2013Apr 2010", "employment_duration": "10 yrs 7 mos", "location": null, "title": "National Product Specialist"}], "education": [{"institution": "Metropolitan State University of Denver", "degree_details": {"degree_name": "BS", "field_of_study": "Marketing", "dates_attended_or_expected_graduation": "1988 \u2013 1993"}}, {"institution": "Fort Lewis College", "degree_details": {"degree_name": "BS", "field_of_study": "Accounting", "dates_attended_or_expected_graduation": "1986 \u2013 1988"}}, {"institution": "JK Mullen", "degree_details": {"dates_attended_or_expected_graduation": "1982 \u2013 1986", "degree_name": null, "field_of_study": null}}], "employee_name": "DOmOItnvv21FUg==*HCsDP3/qfq0AWgNLOkM6eg==*hGVNDv6RkP9ARU2p8v38DA==*skcWENLMXUd/Cpp208DOXw=="}, {"experience": [{"company_name": "Entelo", "dates_employed": "Feb 2020\u2013Present", "employment_duration": "2 yrs 4 mos", "location": null, "title": "Account Manager/Customer Success Manager"}, {"company_name": "Shyft", "dates_employed": "Jul 2018\u2013Feb 2020", "employment_duration": "1 yr 8 mos", "location": "Belgrade, Serbia", "title": "Key Account Manager"}, {"company_name": "Shyft", "dates_employed": "Apr 2017\u2013Jul 2018", "employment_duration": "1 yr 4 mos", "location": null, "title": "Account Manager"}, {"company_name": "Shyft", "dates_employed": "Dec 2016\u2013Apr 2017", "employment_duration": "5 mos", "location": null, "title": "Customer Experience Representative"}, {"company_name": "Freelance", "dates_employed": "2014\u20132016", "employment_duration": "2 yrs", "location": null, "title": "Independent Translator"}], "education": [{"institution": "University of Belgrade", "degree_details": {"field_of_study": "French Language and Literature", "dates_attended_or_expected_graduation": null, "degree_name": null}}, {"institution": "Third Belgrade Grammar School", "degree_details": {"field_of_study": "Natural Sciences and Mathematics", "dates_attended_or_expected_graduation": null, "degree_name": null}}], "employee_name": "dN0as5WlT+izHdpK4lTd3g==*hs0x/826RF7CDJrKsm2TjA==*6OmUNMUUDNGRkxdDMM1ong==*kDJK289zxl8GvLelEk+dYA=="}, {"experience": [{"company_name": "Entelo", "dates_employed": "Mar 2021\u2013Present", "employment_duration": "1 yr 3 mos", "location": "Texas, United States", "title": "Director of Sales"}, {"company_name": "Fountain", "dates_employed": "Nov 2020\u2013Mar 2021", "employment_duration": "5 mos", "location": "South Central/West Region, United States", "title": "Strategic Account Executive"}, {"company_name": "iCIMS", "dates_employed": "Jan 2020\u2013Nov 2020", "employment_duration": "11 mos", "location": "Dallas/Mississippi", "title": "Senior Product Executive"}, {"company_name": "iCIMS", "dates_employed": "Dec 2019\u2013Nov 2020", "employment_duration": "1 yr", "location": "Dallas/Mississippi", "title": "Senior Product Executive"}, {"company_name": "Jobvite", "dates_employed": "Nov 2015\u2013Dec 2019", "employment_duration": "4 yrs 2 mos", "location": "Texas Region", "title": "Enterprise Sales Manager"}], "education": [{"institution": "Domincan College", "degree_details": {"field_of_study": "Music", "dates_attended_or_expected_graduation": "1988 \u2013 1990", "degree_name": null}}], "employee_name": "tW7nl1G4kJLl7zgno5gQ*X0/WquOsxbyn0q030sadzw==*mBT5BzrGSVlfeQ8rRte8DQ==*dWNQ5ydgkB1oSrrLqrMK4A=="}, {"experience": [{"company_name": "Entelo", "dates_employed": "Aug 2021\u2013Present", "employment_duration": "10 mos", "location": null, "title": "Enterprise Customer Success Manager"}, {"company_name": "Walton Management Services, Inc.", "dates_employed": "Jan 2020\u2013Jul 2021", "employment_duration": "1 yr 7 mos", "location": null, "title": "Product Strategist"}, {"company_name": "Walton Management Services, Inc.", "dates_employed": "Aug 2017\u2013Jan 2020", "employment_duration": "2 yrs 6 mos", "location": "Indianapolis, Indiana", "title": "Director Of Client Services"}, {"company_name": "Walton Management Services, Inc.", "dates_employed": "Jun 2016\u2013Aug 2017", "employment_duration": "1 yr 3 mos", "location": null, "title": "Senior Account Executive"}, {"company_name": "First Advantage", "dates_employed": "Oct 2015\u2013May 2016", "employment_duration": "8 mos", "location": "Indianapolis, Indiana Area", "title": "Senior Account Consultant"}], "education": [{"institution": "Indiana Institute of Technology", "degree_details": {"degree_name": "Master of Business Administration (MBA)", "field_of_study": "Human Resources Management", "dates_attended_or_expected_graduation": "2010 \u2013 2014"}}, {"institution": "Indiana University Bloomington", "degree_details": {"degree_name": "Bachelor of Arts and Humanities", "field_of_study": "Spanish & English", "dates_attended_or_expected_graduation": "1999 \u2013 2001"}}], "employee_name": "QyxY4mLi+kJL3pzExeWR*RpqkNgtzpq6fjN+hQ+D28g==*YonoAZ4Xo1lm7iC7HsJj7g==*8Iac0pYL7fADpV0vVe/ifQ=="}, {"experience": [{"company_name": "Entelo", "dates_employed": "Feb 2021\u2013Present", "employment_duration": "1 yr 4 mos", "location": "San Francisco Bay Area", "title": "Enterprise Account Manager"}, {"company_name": "Concentric Sky", "dates_employed": "Jun 2020\u2013Mar 2021", "employment_duration": "10 mos", "location": "Livermore, California, United States", "title": "Technical Account Manager, Badgr"}, {"company_name": "Handshake", "dates_employed": "Jul 2019\u2013Feb 2020", "employment_duration": "8 mos", "location": "San Francisco Bay Area", "title": "Senior Account Manager"}, {"company_name": "Jobvite", "dates_employed": "Jun 2015\u2013Jul 2019", "employment_duration": "4 yrs 2 mos", "location": "San Mateo, California", "title": "Relationship Manager"}, {"company_name": "ADP", "dates_employed": "Jan 2014\u2013Jun 2015", "employment_duration": "1 yr 6 mos", "location": "Pleasanton, CA", "title": "Major Account District Manager"}], "education": [{"institution": "University of Oregon - Charles H. Lundquist College of Business", "degree_details": {"degree_name": "B.S.", "field_of_study": "Business Administration - Entrepreneurship", "dates_attended_or_expected_graduation": "2007 \u2013 2009"}}, {"institution": "Ohlone College", "degree_details": {"dates_attended_or_expected_graduation": "2004 \u2013 2007", "degree_name": null, "field_of_study": null}}], "employee_name": "YABKhjQsPnM=*QOTTG/BRiJ40OsXUT9mnhA==*NZBahHjXyPOmDg1RK1SB2w==*mamzWg+iC8BZbsBuhI+e0w=="}, {"experience": [{"company_name": "Entelo", "dates_employed": "Sep 2021\u2013Present", "employment_duration": "9 mos", "location": "San Francisco Bay Area", "title": "Marketing Coordinator"}, {"company_name": "Entelo", "dates_employed": "May 2018\u2013Present", "employment_duration": "4 yrs 1 mo", "location": "San Francisco Bay Area", "title": "Executive Assistant"}, {"company_name": "Entelo", "dates_employed": "Aug 2016\u2013May 2018", "employment_duration": "1 yr 10 mos", "location": "San Francisco Bay Area", "title": "Administrative Assistant"}, {"company_name": "Rebel Entertainment Partners", "dates_employed": "Mar 2014\u2013Aug 2016", "employment_duration": "2 yrs 6 mos", "location": "Greater Los Angeles Area", "title": "Executive Assistant"}, {"company_name": "Rebel Entertainment Partners", "dates_employed": "Jul 2013\u2013Mar 2014", "employment_duration": "9 mos", "location": "Greater Los Angeles Area", "title": "Administrative Assistant"}], "education": [{"institution": "San Diego State University", "degree_details": {"field_of_study": "Entrepreneurship/Entrepreneurial Studies", "dates_attended_or_expected_graduation": "2008 \u2013 2013", "degree_name": null}}], "employee_name": "VWpmtL0NJuU4/d7m1B3uuYNVRw==*HrdKdNF4kpegaRlUdiCdJg==*497NjnkQUbaQsBfNTmMfiw==*8Rnqx2QOzQlu1IqfKW1+hg=="}, {"experience": [{"company_name": "Entelo", "dates_employed": "Nov 2019\u2013Present", "employment_duration": "2 yrs 7 mos", "location": null, "title": "DevOps Engineer"}, {"company_name": "Levi9 Technology Services", "dates_employed": "Oct 2017\u2013Nov 2019", "employment_duration": "2 yrs 2 mos", "location": null, "title": "DevOps Engineer"}, {"company_name": "Investintech", "dates_employed": "Aug 2012\u2013Oct 2017", "employment_duration": "5 yrs 3 mos", "location": null, "title": "System Administrator"}, {"company_name": "Verat", "dates_employed": "Sep 2006\u2013Aug 2012", "employment_duration": "6 yrs", "location": "Belgrade, Serbia", "title": "System Administrator"}], "education": [{"institution": "Faculty of Organisational Sciences, University of Belgrade", "degree_details": {"degree_name": "Master's degree", "field_of_study": "Information systems and technologies", "dates_attended_or_expected_graduation": "2015 \u2013 2017"}}, {"institution": "Faculty of Security Studies, University of Belgrade", "degree_details": {"degree_name": "Bachelor's degree", "field_of_study": "Security", "dates_attended_or_expected_graduation": "2000 \u2013 2006"}}], "employee_name": "sRNEXdhkfWVGAyKGJA==*toFYeYNtzZKED7wQ6B51Eg==*LF80bR0z1Ta/casd+tl1xQ==*VdOiVV4bcHznIaPGoVkE1A=="}, {"experience": [{"company_name": "Entelo", "dates_employed": "Aug 2019\u2013Present", "employment_duration": "2 yrs 10 mos", "location": null, "title": "Senior Software Architect"}, {"company_name": "ConveyIQ by Entelo", "dates_employed": "Mar 2017\u2013Aug 2019", "employment_duration": "2 yrs 6 mos", "location": null, "title": "Senior Software Architect"}, {"company_name": "Comtrade Group", "dates_employed": "Jun 2015\u2013Mar 2017", "employment_duration": "1 yr 10 mos", "location": "Belgrade, Serbia", "title": "Software Architect / Team Lead"}, {"company_name": "Comtrade Group", "dates_employed": "Mar 2014\u2013Jun 2015", "employment_duration": "1 yr 4 mos", "location": "Belgrade, Serbia", "title": "Senior Software Engineer"}, {"company_name": "ZASLON TELECOM d.o.o.", "dates_employed": "Jun 2007\u2013Mar 2014", "employment_duration": "6 yrs 10 mos", "location": "Ljubljana, Slovenia", "title": "Chief Development Officer"}], "education": null, "employee_name": "+dgyyczwZsR5zHZ2wUlRgg==*3GoVkp5sBrwpubWBTq1tiw==*UACxiTxSBKEjP3WGqo8UJw==*6ZAS6ElZ/zqnnkKKo6MGKA=="}, {"experience": [{"company_name": "Entelo", "dates_employed": "Apr 2021\u2013Present", "employment_duration": "1 yr 2 mos", "location": "Redwood City, California, United States", "title": "Enterprise Accounts Director"}, {"company_name": "iCIMS", "dates_employed": "Nov 2019\u2013Apr 2021", "employment_duration": "1 yr 6 mos", "location": null, "title": "Enterprise Product Executive at iCIMS"}, {"company_name": "Skillsoft", "dates_employed": "May 2018\u2013Oct 2019", "employment_duration": "1 yr 6 mos", "location": null, "title": "Enterprise Customer Sales Director"}, {"company_name": "Jobvite", "dates_employed": "Mar 2014\u2013Mar 2018", "employment_duration": "4 yrs 1 mo", "location": "San Mateo", "title": "Enterprise Relationship Sales Manager"}, {"company_name": "Indeed.com", "dates_employed": "Sep 2011\u2013Mar 2014", "employment_duration": "2 yrs 7 mos", "location": "Mountain View", "title": "Sales Professional"}], "education": [{"institution": "Towson University", "degree_details": {"degree_name": "Bachelor of Science (BS)", "field_of_study": "English Language and Literature, General", "dates_attended_or_expected_graduation": null}}, {"institution": "Bachelor's Degree", "degree_details": {"degree_name": "BS", "field_of_study": "English", "dates_attended_or_expected_graduation": "1998 \u2013 2002"}}], "employee_name": "EMUG+MiuBmR5A+JV7GIVcw==*aV09u9k1MpszGjGdlsSmMA==*9l0P/vnAKE6FGHrS+enmCw==*j9bk5XlGfAfoTk2/gzpzmQ=="}, {"experience": [{"company_name": "Entelo", "dates_employed": "Nov 2020\u2013Present", "employment_duration": "1 yr 7 mos", "location": null, "title": "Director of Customer Success"}, {"company_name": "California State University - East Bay", "dates_employed": "Jan 2021\u2013Present", "employment_duration": "1 yr 5 mos", "location": null, "title": "Advisory Board Member, Customer Experience Certificate Program"}, {"company_name": "Customer Experience at San Francisco State University", "dates_employed": "Jul 2020\u2013Jan 2021", "employment_duration": "7 mos", "location": null, "title": "Member Of The Board Of Advisors"}, {"company_name": "Jobvite", "dates_employed": "Jul 2019\u2013Nov 2020", "employment_duration": "1 yr 5 mos", "location": "Remote", "title": "Senior Manager of Customer Success"}, {"company_name": "Jobvite", "dates_employed": "Aug 2018\u2013Jul 2019", "employment_duration": "1 yr", "location": null, "title": "Manager of Customer Success"}], "education": [{"institution": "Menlo College", "degree_details": {"degree_name": "Bachelor\u2019s Degree", "field_of_study": "Business Management", "dates_attended_or_expected_graduation": null}}, {"institution": "UCL", "degree_details": {"degree_name": "Study Abroad Semester", "dates_attended_or_expected_graduation": null, "field_of_study": null}}], "employee_name": "2B9bnk4S3BVlUy8=*nAweUIkjowkz4SXNhPsfUA==*RQ8j8VTWoPRUnRZVglisUg==*J+u00BQfAMi98MOSgViAmw=="}, {"experience": [{"company_name": "Entelo", "dates_employed": "Aug 2019\u2013Present", "employment_duration": "2 yrs 10 mos", "location": null, "title": "Product Manager"}, {"company_name": "ConveyIQ by Entelo", "dates_employed": "Jan 2018\u2013Present", "employment_duration": "4 yrs 5 mos", "location": "Serbia", "title": "Product Manager"}, {"company_name": "ConveyIQ by Entelo", "dates_employed": "Apr 2016\u2013Jan 2018", "employment_duration": "1 yr 10 mos", "location": "Serbia", "title": "Software QA Engineer"}, {"company_name": "Rhea Software (Usablenet)", "dates_employed": "Mar 2014\u2013Apr 2016", "employment_duration": "2 yrs 2 mos", "location": "Belgrade, Serbia", "title": "Quality Assurance Engineer"}, {"company_name": "Vittor Italian Agency", "dates_employed": "Nov 2012\u2013Jun 2013", "employment_duration": "8 mos", "location": "Belgrade, Serbia", "title": "Office Manager and CEO assistant - representative for the territory of Balkans."}], "education": [{"institution": "Faculty of Applied Arts", "degree_details": {"degree_name": "Bachelor of Interior and Furniture design", "dates_attended_or_expected_graduation": "2008 \u2013 2012", "field_of_study": null}}], "employee_name": "77Zl01VjN3fqGQ==*UyXRUIs1qrnjJrjpY8YnxA==*GtyqRh+rRajpgoziMDSdIw==*xF3pwl8CWGUPkZ9gQCJ3lg=="}, {"experience": [{"company_name": "Entelo", "dates_employed": "Mar 2019\u2013Present", "employment_duration": "3 yrs 3 mos", "location": "San Francisco Bay Area", "title": "Customer Success Manager"}, {"company_name": "GoodTime.io", "dates_employed": "Jul 2017\u2013Jan 2018", "employment_duration": "7 mos", "location": "San Francisco, CA", "title": "Customer Success Manager"}, {"company_name": "Indeed.com", "dates_employed": "Jun 2016\u2013Jul 2017", "employment_duration": "1 yr 2 mos", "location": "San Mateo, CA", "title": "Account Manager"}, {"company_name": "NatureBox", "dates_employed": "Feb 2015\u2013May 2016", "employment_duration": "1 yr 4 mos", "location": "Redwood City, CA", "title": "Senior Corporate Account Manager"}, {"company_name": "NatureBox", "dates_employed": "Oct 2014\u2013Feb 2015", "employment_duration": "5 mos", "location": "San Carlos, CA", "title": "Corporate Account Manager"}], "education": [{"institution": "University of San Francisco", "degree_details": {"degree_name": "Bachelor of Science (BS)", "field_of_study": "Business Administration and Management, General", "dates_attended_or_expected_graduation": null}}], "employee_name": "1JUg52ta20B2vu2HNV0=*GQNeZ5u0qo9yYXR8KGURXQ==*cEq+2XGLCrrx5q2qweQFiA==*ejeW/6Z1nPSn48Ajamb/nw=="}, {"experience": [{"company_name": "Entelo", "dates_employed": "Jan 2020\u2013Present", "employment_duration": "2 yrs 5 mos", "location": "Belgrade, Serbia", "title": "DevOps Engineer"}, {"company_name": "ConveyIQ by Entelo", "dates_employed": "Jan 2020\u2013Present", "employment_duration": "2 yrs 5 mos", "location": null, "title": "DevOps Engineer"}, {"company_name": "eFront", "dates_employed": "Nov 2018\u2013Jan 2020", "employment_duration": "1 yr 3 mos", "location": "Belgrade", "title": "Senior DevOps Engineer"}, {"company_name": "Z\u00fchlke Group", "dates_employed": "Dec 2017\u2013Nov 2018", "employment_duration": "1 yr", "location": "Belgrade, Serbia", "title": "DevOps Engineer"}, {"company_name": "Banca Intesa Beograd", "dates_employed": "Aug 2017\u2013Dec 2017", "employment_duration": "5 mos", "location": "Belgrade", "title": "System Architect"}], "education": [{"institution": "ETS Nikola Tesla", "degree_details": {"dates_attended_or_expected_graduation": null, "degree_name": null, "field_of_study": null}}, {"institution": "Filoloski fakultet Beograd", "degree_details": {"field_of_study": "Opsta knjizevnost i teorija knjizevnosti", "dates_attended_or_expected_graduation": null, "degree_name": null}}], "employee_name": "kmilnJ0Po7Iq0GPcqQsm*5RRXQkT97KNaJqLjCVCPIA==*a3HGPUrdWv0jL85b73Bsqw==*o3G6CGd00aobOQGSl3rv9Q=="}, {"experience": [{"company_name": "Entelo", "dates_employed": "Jun 2021\u2013Present", "employment_duration": "1 yr", "location": "Berlin, Maryland, United States", "title": "Enterprise Account Executive"}, {"company_name": "Caroo (formerly SnackNation)", "dates_employed": "Jan 2021\u2013Jun 2021", "employment_duration": "6 mos", "location": "Berlin, Maryland, United States", "title": "Enterprise Account Executive"}, {"company_name": "People First", "dates_employed": "Apr 2019\u2013Jan 2021", "employment_duration": "1 yr 10 mos", "location": "Berlin, MD", "title": "Culture and Engagement Evangelist"}, {"company_name": "Jobvite", "dates_employed": "Jul 2017\u2013Mar 2019", "employment_duration": "1 yr 9 mos", "location": "Baltimore, Maryland Area", "title": "Regional Sales Manager"}, {"company_name": "neonworks", "dates_employed": "Jun 2016\u2013Mar 2017", "employment_duration": "10 mos", "location": "Greater Philadelphia Area", "title": "Senior Account Executive"}], "education": [{"institution": "University of Maryland", "degree_details": {"degree_name": "BS", "field_of_study": "Political Science", "dates_attended_or_expected_graduation": "1987 \u2013 1992"}}, {"institution": "Henderson", "degree_details": {"dates_attended_or_expected_graduation": null, "degree_name": null, "field_of_study": null}}, {"institution": "University of Maryland", "degree_details": {"degree_name": "Bachelor's degree", "dates_attended_or_expected_graduation": null, "field_of_study": null}}], "employee_name": "zcxHPA5ev75HcATc*Ej6V8D4NHvffcY7WmZGeLg==*hsXRZAxpoMYY4aAUEJtFPA==*NTCdUA6TFVQv0VlWD/qq9Q=="}, {"experience": [{"company_name": "Entelo", "dates_employed": "Aug 2019\u2013Present", "employment_duration": "2 yrs 10 mos", "location": "Belgrade, Serbia", "title": "Senior QA Engineer Lead"}, {"company_name": "ConveyIQ by Entelo", "dates_employed": "Apr 2016\u2013Present", "employment_duration": "6 yrs 2 mos", "location": "Belgrade, Serbia", "title": "Software QA Engineer"}, {"company_name": "Usablenet", "dates_employed": "Jul 2012\u2013Apr 2016", "employment_duration": "3 yrs 10 mos", "location": "Belgrade", "title": "Quality Assurance Tester"}, {"company_name": "Usablenet", "dates_employed": "Jun 2013\u2013Apr 2015", "employment_duration": "1 yr 11 mos", "location": "Belgrade", "title": "Quality Assurance Team Lead"}, {"company_name": "VISER", "dates_employed": "Sep 2009\u2013Dec 2012", "employment_duration": "3 yrs 4 mos", "location": "Belgrade", "title": "Teaching assistant"}], "education": [{"institution": "University of Belgrade, School of electrical and computer engineering of applied studies", "degree_details": {"degree_name": "Bachelors Degree in Computer Science or Electrical Engineering", "field_of_study": "Information Technology", "dates_attended_or_expected_graduation": "2006 \u2013 2009"}}, {"institution": "University of Belgrade, Faculty of Mathematics", "degree_details": {"degree_name": "not graduated", "field_of_study": "Mathematics", "dates_attended_or_expected_graduation": "2001 \u2013 2005"}}, {"institution": "School of Electrical Engineering \"Rade Kon\u010dar\"", "degree_details": {"degree_name": "Electronic engineering technician", "field_of_study": "Information Technology", "dates_attended_or_expected_graduation": "1996 \u2013 2000"}}], "employee_name": "kgnBxF6VYoXd1JWSB64=*vwNT7ErI+oBP7cYR1M4MpA==*1IkH4vMSqBY0GaSRf8Q9Zg==*zQzcSJsjCaj1Zwkc2d6/kw=="}, {"experience": [{"company_name": "Entelo", "dates_employed": "Oct 2021\u2013Present", "employment_duration": "8 mos", "location": null, "title": "Enterprise Sales Development Representative"}, {"company_name": "Fairmont Grand Del Mar", "dates_employed": "Feb 2019\u2013Oct 2021", "employment_duration": "2 yrs 9 mos", "location": "San Diego County, California, United States", "title": "Guest Services Supervisor"}, {"company_name": "Kona Kai Resort and Spa", "dates_employed": "Aug 2018\u2013Mar 2019", "employment_duration": "8 mos", "location": "United States", "title": "Guest Services Supervisor"}, {"company_name": "The Ritz-Carlton Hotel Company, L.L.C.", "dates_employed": "Jun 2013\u2013Nov 2018", "employment_duration": "5 yrs 6 mos", "location": "Half Moon Bay", "title": "Doorman"}], "education": [{"institution": "Ca\u00f1ada College", "degree_details": {"dates_attended_or_expected_graduation": "2015 \u2013 2019", "degree_name": null, "field_of_study": null}}, {"institution": "Ca\u00f1ada College", "degree_details": {"field_of_study": "Business Administration and Management, General", "dates_attended_or_expected_graduation": null, "degree_name": null}}], "employee_name": "ZJpjaSVD6CExecYTfhCj*DLq+9g8ACrJ4bdC8IOMtFg==*l5SJ5FjYoQ96B4shce6EBg==*BVa6juba+LxVDGWKWgNYBg=="}, {"experience": [{"company_name": "Entelo", "dates_employed": "Feb 2021\u2013Present", "employment_duration": "1 yr 4 mos", "location": "Indianapolis, Indiana, United States", "title": "Enterprise Customer Success Manager"}, {"company_name": "Jobvite", "dates_employed": "Nov 2018\u2013Jan 2021", "employment_duration": "2 yrs 3 mos", "location": "Indianapolis, Indiana, United States", "title": "Customer Success Manager"}, {"company_name": "hc1.com", "dates_employed": "Sep 2016\u2013Aug 2018", "employment_duration": "2 yrs", "location": "Indianapolis, Indiana Area", "title": "Director of Client Engagement"}, {"company_name": "hc1.com", "dates_employed": "Jul 2012\u2013Sep 2016", "employment_duration": "4 yrs 3 mos", "location": "Indianapolis, Indiana Area", "title": "Project Leader"}, {"company_name": "AIT Laboratories", "dates_employed": "Oct 2011\u2013Apr 2012", "employment_duration": "7 mos", "location": null, "title": "Team Member, Public Policy"}], "education": [{"institution": "Western Governors University", "degree_details": {"degree_name": "Master of Business Administration (M.B.A.)", "field_of_study": "Business Administration and Management, General", "dates_attended_or_expected_graduation": "2016 \u2013 2018"}}, {"institution": "Indiana University\u2013Purdue University Indianapolis", "degree_details": {"degree_name": "BS", "field_of_study": "Marketing Management", "dates_attended_or_expected_graduation": "1999 \u2013 2004"}}], "employee_name": "vVBS4Hly3Z+CrSuDrK4GwA==*yPurkp07WOb3D39ETWDeYA==*FjZht0MehPhjh4SgnLscUg==*LRSlFCcvxTxLcsAA/4gzvA=="}, {"experience": [{"company_name": "Entelo", "dates_employed": "Nov 2019\u2013Present", "employment_duration": "2 yrs 7 mos", "location": "San Francisco Bay Area", "title": "Accounting Manager"}, {"company_name": "Sherpa CRM", "dates_employed": "Jun 2018\u2013Nov 2019", "employment_duration": "1 yr 6 mos", "location": "Greater St. Louis Area", "title": "Controller"}, {"company_name": "Emerson Automation Solutions", "dates_employed": "Jul 2017\u2013Jun 2018", "employment_duration": "1 yr", "location": "Greater St. Louis Area", "title": "Financial Analyst II"}, {"company_name": "Emerson", "dates_employed": "Jun 2013\u2013Jul 2017", "employment_duration": "4 yrs 2 mos", "location": null, "title": "Senior Internal Auditor"}, {"company_name": "MGM", "dates_employed": "May 2012\u2013Aug 2012", "employment_duration": "4 mos", "location": null, "title": "Internal Audit Intern"}], "education": [{"institution": "University of Dayton", "degree_details": {"degree_name": "Master of Business Administration (MBA)", "field_of_study": "Accounting", "dates_attended_or_expected_graduation": "2012 \u2013 2013"}}, {"institution": "University of Dayton", "degree_details": {"degree_name": "Bachelor of Science (BS)", "field_of_study": "Accounting", "dates_attended_or_expected_graduation": "2008 \u2013 2013"}}], "employee_name": "w0cgd57R7GxBYaQ=*lrUAVx462lGwhcWgfOZN1w==*0YRuD7tFeWYrBKP1I09Ujg==*5XDvSaih2G0B5yslBkZnvw=="}, {"experience": [{"company_name": "Entelo", "dates_employed": "Jul 2021\u2013Present", "employment_duration": "11 mos", "location": "Belgrade, Grad Beograd, Serbia", "title": "Data and Reporting Analyst"}, {"company_name": "QuantLabs d.o.o.", "dates_employed": "Oct 2020\u2013Jul 2021", "employment_duration": "10 mos", "location": "Belgrade, Serbia", "title": "Business Intelligence Analyst"}, {"company_name": "EyeSee", "dates_employed": "Oct 2018\u2013Oct 2020", "employment_duration": "2 yrs 1 mo", "location": "Belgrade", "title": "Junior Data Scientist"}, {"company_name": "SOFA, Student and Youth Sports Activities", "dates_employed": "May 2015\u2013Jan 2017", "employment_duration": "1 yr 9 mos", "location": "Belgrade", "title": "Corporate Relations Manager"}, {"company_name": "Savez studenata Fakulteta organizacionih nauka", "dates_employed": "Nov 2014\u2013Jan 2017", "employment_duration": "2 yrs 3 mos", "location": null, "title": "Corporate Relations Manager"}], "education": [{"institution": "Faculty of Organizational Sciences", "degree_details": {"degree_name": "Master of Science - MS", "field_of_study": "Business Intelligence", "dates_attended_or_expected_graduation": "2019 \u2013 2021"}}, {"institution": "Faculty of Organizational Sciences", "degree_details": {"degree_name": "Bachelor of Business Administration (B.B.A.)", "field_of_study": "Business Administration, Management and Operations", "dates_attended_or_expected_graduation": "2012 \u2013 2018"}}], "employee_name": "9bnqt15jfkzrT7vF648ZEUI7Ok48*4HWgSsVLVjxTLsQsHGfB4Q==*cyHO+tMLeWNaPdcjZY328A==*i0Rscm954qLiw3GQs+8GUQ=="}, {"experience": [{"company_name": "Entelo", "dates_employed": "Aug 2019\u2013Present", "employment_duration": "2 yrs 10 mos", "location": "Belgrade, Serbia", "title": "Senior Software Engineer"}, {"company_name": "ConveyIQ by Entelo", "dates_employed": "Jan 2015\u2013Present", "employment_duration": "7 yrs 5 mos", "location": "Belgrade, Serbia", "title": "Senior Software Engineer"}, {"company_name": "Zoran Anti\u0107 PR Ra\u010dunarsko programiranje SOFT PARK Ni\u0161", "dates_employed": "May 2013\u2013Jan 2015", "employment_duration": "1 yr 9 mos", "location": "Ni\u0161, Serbia", "title": "Android Developer"}, {"company_name": "Mlekara AD", "dates_employed": "Mar 1997\u2013Jul 2010", "employment_duration": "13 yrs 5 mos", "location": "Subotica, Serbia", "title": "Regional Manager"}, {"company_name": "Advanced Internet Solutions Ltd.", "dates_employed": "Feb 2001\u2013Feb 2002", "employment_duration": "1 yr 1 mo", "location": "Dublin, Ireland", "title": "J2EE Developer"}], "education": [{"institution": "Zero To Mastery Academy", "degree_details": {"dates_attended_or_expected_graduation": "2021", "degree_name": null, "field_of_study": null}}, {"institution": "Gimnazija \"Bora Stankovi\u0107\"", "degree_details": {"field_of_study": "Mathematics and Computer Science", "dates_attended_or_expected_graduation": "1982 \u2013 1986", "degree_name": null}}], "employee_name": "Vb+JiU/SJKGqj+9i*s2y7i+ppjfhO6VR44IZQYw==*y1kmBCRgO28ljvBuAlUHog==*2u97BFooKxEdcsUEhhoCYg=="}, {"experience": [{"company_name": "Entelo", "dates_employed": "Dec 2021\u2013Present", "employment_duration": "6 mos", "location": "Belgrade, Serbia", "title": "Ops Engineer"}, {"company_name": "SBB Serbia BroadBand", "dates_employed": "Jun 2018\u2013Dec 2021", "employment_duration": "3 yrs 7 mos", "location": "Belgrade, Serbia", "title": "Lead linux system administrator"}, {"company_name": "SBB Serbia BroadBand", "dates_employed": "Nov 2015\u2013Jun 2018", "employment_duration": "2 yrs 8 mos", "location": "Belgrade, Serbia", "title": "Linux System Administrator"}, {"company_name": "PRODYNA", "dates_employed": "Nov 2014\u2013Nov 2015", "employment_duration": "1 yr 1 mo", "location": "Belgrade, Serbia", "title": "IT Consultant"}, {"company_name": "YUnet International - EUnet", "dates_employed": "Nov 2013\u2013Nov 2014", "employment_duration": "1 yr 1 mo", "location": "Belgrade, Serbia", "title": "Hosting support engineer"}], "education": null, "employee_name": "j7CVebogrAb2T9RB75gSf9WR*J/3O3NnN+zwHFY69GDX4pg==*9uS4RWNwuCf0yzS+3B+5Cg==*Zdh4fclfAlgqjgXmAXYZrQ=="}]