[{"experience": [{"company_name": "Albert\u2122", "dates_employed": "2012\u2013Present", "employment_duration": "10 yrs", "location": "Greater New York City Area", "title": "CTO"}, {"company_name": "SundaySky", "dates_employed": "2009\u20132012", "employment_duration": "3 yrs", "location": "Greater New York City Area", "title": "Head of Innovation"}, {"company_name": "Glydo", "dates_employed": "2008\u20132010", "employment_duration": "2 yrs", "location": null, "title": "Co-Founder"}, {"company_name": "Onset Technology", "dates_employed": "2006\u20132007", "employment_duration": "1 yr", "location": null, "title": "VP R&D"}, {"company_name": "MessageVine", "dates_employed": "2003\u20132006", "employment_duration": "3 yrs", "location": null, "title": "VP R&D"}], "education": [{"institution": "The Hebrew University of Jerusalem", "degree_details": {"degree_name": "M.Sc.", "field_of_study": "Computer Science", "dates_attended_or_expected_graduation": "2002 \u2013 2004"}}, {"institution": "Tel Aviv University", "degree_details": {"degree_name": "B.Sc.", "field_of_study": "Mathematics and Computer Science", "dates_attended_or_expected_graduation": "1996 \u2013 1999"}}, {"institution": "Indiana University - Kelley School of Business", "degree_details": {"degree_name": "MBA", "dates_attended_or_expected_graduation": null, "field_of_study": null}}], "employee_name": "r3k1m5Ke1Psn2M8=*Wl/EJ/Qo30zu97B0gE9byg==*kHM9Ped1UW6F8ZysRV3bZg==*dfR9vSZg4vkQEc0X7HbAKw=="}, {"experience": [{"company_name": "Albert", "dates_employed": "Oct 2010\u2013Present", "employment_duration": "11 yrs 8 mos", "location": "Greater New York City Area", "title": "Founder and CEO"}, {"company_name": "Adgorithms", "dates_employed": "Jun 2010\u2013Present", "employment_duration": "12 yrs", "location": null, "title": "CEO and Founder"}, {"company_name": "Nexttoo", "dates_employed": "Aug 2012\u2013Present", "employment_duration": "9 yrs 10 mos", "location": null, "title": "CEO and Founder"}, {"company_name": "Online365 Ltd.", "dates_employed": "Jun 2009\u2013Jun 2010", "employment_duration": "1 yr 1 mo", "location": null, "title": "Head of Online Marketing"}, {"company_name": "SupersonicAds", "dates_employed": "2008\u20132009", "employment_duration": "1 yr", "location": null, "title": "Director of Business Development"}], "education": null, "employee_name": "/D3m72QwkfY=*7loNOBFkMh/VJ+A/j2lkSg==*8F5+0oxTAvWCqiNox6whHw==*fDMNKFVJuZdG/yaOPx2x9Q=="}, {"experience": [{"company_name": "CloudBit", "dates_employed": "Sep 2021\u2013Present", "employment_duration": "9 mos", "location": "Tel Aviv, Israel", "title": "Owner"}, {"company_name": "Efficient Frontier", "dates_employed": "Sep 2021\u2013Present", "employment_duration": "9 mos", "location": null, "title": "DevOps Consultant"}, {"company_name": "Albert\u2122", "dates_employed": "Aug 2016\u2013Present", "employment_duration": "5 yrs 10 mos", "location": "Tel Aviv Area, Israel", "title": "DevOps Expert"}, {"company_name": "Deep Instinct", "dates_employed": "Mar 2020\u2013Sep 2021", "employment_duration": "1 yr 7 mos", "location": "Tel Aviv, Israel", "title": "DevOps Consultant"}, {"company_name": "AllAspect", "dates_employed": "Aug 2016\u2013Jan 2018", "employment_duration": "1 yr 6 mos", "location": null, "title": "DevOps Consultant"}], "education": null, "employee_name": "ouurQig1o5xLqvJWRQ==*8juBUDIbmuJXeuUvVimWRQ==*6vDSO3qiKsI1rw6pMVUl2w==*BDywyv/e0hUxq5iy54hnEg=="}, {"experience": [{"company_name": "Albert", "dates_employed": "Sep 2015\u2013Present", "employment_duration": "6 yrs 9 mos", "location": null, "title": "General Manager"}, {"company_name": "Adgorithms", "dates_employed": "Feb 2013\u2013Present", "employment_duration": "9 yrs 4 mos", "location": null, "title": "COO"}, {"company_name": "Adgorithms", "dates_employed": "Sep 2012\u2013Feb 2013", "employment_duration": "6 mos", "location": null, "title": "Big Data Project manager"}], "education": [{"institution": "Bar Ilan University", "degree_details": {"degree_name": "Master of Arts (MA)", "field_of_study": "Organizational Sociology", "dates_attended_or_expected_graduation": "2011 \u2013 2012"}}, {"institution": "Tel Aviv University", "degree_details": {"degree_name": "Bachelor of Arts (BA)", "field_of_study": "Far east studies", "dates_attended_or_expected_graduation": "2006 \u2013 2009"}}], "employee_name": "vDwTl8Uwuos=*t+Sih7T5mP37IoMLO4RZfg==*yZrp/3W6cUZNeHGtOubbCQ==*we8Z2zf3oUHCoXytjq5qig=="}, {"experience": [{"company_name": "Virtuous Operations", "dates_employed": "Aug 2021\u2013Present", "employment_duration": "10 mos", "location": "New York City Metropolitan Area", "title": "Head Of Partnerships"}, {"company_name": "Albert", "dates_employed": "May 2016\u2013Present", "employment_duration": "6 yrs 1 mo", "location": "Greater New York City Area", "title": "Senior Director Strategic Partnerships"}, {"company_name": "Albert Technologies", "dates_employed": "2018\u2013Aug 2021", "employment_duration": "3 yrs", "location": "Greater New York City Area", "title": "Vice President Sales at Albert"}, {"company_name": "Yashi (acquired by Nexstar Broadcasting Group)", "dates_employed": "Apr 2015\u2013May 2016", "employment_duration": "1 yr 2 mos", "location": "Greater New York City Area", "title": "Senior Director, Sales"}, {"company_name": "OwnerIQ", "dates_employed": "Dec 2013\u2013Mar 2015", "employment_duration": "1 yr 4 mos", "location": "Greater New York City Area", "title": "Vice President, CPG Sales"}], "education": [{"institution": "Duke University", "degree_details": {"field_of_study": "Economics/Spanish", "dates_attended_or_expected_graduation": null, "degree_name": null}}], "employee_name": "MKSqgNvHE3BYhoRWGgMy*ctXZj8yOyM+ZdvvqOR/X9w==*ZWkaxTXMVimacEHhBg1P/A==*cQsejM9FNhcQ1n+omn7lqw=="}, {"experience": [{"company_name": "Albert", "dates_employed": "Apr 2017\u2013Present", "employment_duration": "5 yrs 2 mos", "location": "Israel", "title": "CFO"}, {"company_name": "Radware", "dates_employed": "2011\u2013Mar 2017", "employment_duration": "6 yrs", "location": null, "title": "VP Finance"}, {"company_name": "Radware", "dates_employed": "2006\u20132011", "employment_duration": "5 yrs", "location": null, "title": "Director of Finance"}, {"company_name": "Radware", "dates_employed": "2000\u20132006", "employment_duration": "6 yrs", "location": null, "title": "Controller"}, {"company_name": "KPMG", "dates_employed": "Jun 1998\u2013May 2000", "employment_duration": "2 yrs", "location": null, "title": "Manager"}], "education": [{"institution": "The Hebrew University of Jerusalem", "degree_details": {"degree_name": "BA", "field_of_study": "Accounting & Economics", "dates_attended_or_expected_graduation": "1993 \u2013 1997"}}], "employee_name": "uBHcDhXqE4uiU0+R*aLprWPDGWZ/GFjC+YU2O9w==*0RXbKmGmlfIGbQEpVW5sTw==*lVupW6zCI/1ZUWE/Vl3AnA=="}, {"experience": [{"company_name": "Albert: Artificial Intelligence Marketing", "dates_employed": "Aug 2020\u2013Present", "employment_duration": "1 yr 10 mos", "location": "New York, New York, United States", "title": "Account Director"}, {"company_name": "Albert", "dates_employed": "Mar 2019\u2013Aug 2020", "employment_duration": "1 yr 6 mos", "location": "New York, New York", "title": "Account Manager"}, {"company_name": "MediaCom", "dates_employed": "Apr 2017\u2013Mar 2019", "employment_duration": "2 yrs", "location": "New York, New York", "title": "Media Supervisor"}, {"company_name": "Carat USA", "dates_employed": "May 2015\u2013Apr 2017", "employment_duration": "2 yrs", "location": "New York, NY", "title": "Associate, Planner"}, {"company_name": "Pedone", "dates_employed": "Jun 2014\u2013May 2015", "employment_duration": "1 yr", "location": "New York, New York", "title": "Assistant Media Planner"}], "education": [{"institution": "Penn State University", "degree_details": {"degree_name": "Mathematics", "field_of_study": "Systems Analysis", "dates_attended_or_expected_graduation": "2009 \u2013 2013"}}], "employee_name": "I5pwlA31HRvUVPbpfVW3*PvPjiVwhHlRKjnrHDtceGg==*Kwe3zlIvCs42h4H1gvQyRQ==*yqMJBPzzQf4W78NjdS8fyQ=="}, {"experience": [{"company_name": "Albert\u2122", "dates_employed": "Sep 2019\u2013Present", "employment_duration": "2 yrs 9 mos", "location": "Israel", "title": "VP Product Solutions"}, {"company_name": "Albert\u2122", "dates_employed": "Jan 2014\u2013Present", "employment_duration": "8 yrs 5 mos", "location": "Israel", "title": "Head of Product"}, {"company_name": "Nexttoo", "dates_employed": "Jan 2013\u2013Jan 2014", "employment_duration": "1 yr 1 mo", "location": "Israel", "title": "Co Founder"}, {"company_name": "Albert\u2122", "dates_employed": "May 2012\u2013Jan 2014", "employment_duration": "1 yr 9 mos", "location": "Israel", "title": "Head of Optimization"}, {"company_name": "Albert\u2122", "dates_employed": "Sep 2011\u2013May 2012", "employment_duration": "9 mos", "location": "Israel", "title": "Senior Account Manager"}], "education": [{"institution": "The College of Management Academic Studies", "degree_details": {"degree_name": "BA", "field_of_study": "Business & Marketing", "dates_attended_or_expected_graduation": "2005 \u2013 2008"}}], "employee_name": "sfBarGTXyd7gYFw/*WHLpvJsP1mt84fVpGfniSQ==*kHSS9ZO9AB4DJHKmq0N+7Q==*5Y1ghDGm8dr211n9pFt+ow=="}, {"experience": [{"company_name": "Albert: Artificial Intelligence Marketing", "dates_employed": "Mar 2019\u2013Present", "employment_duration": "3 yrs 3 mos", "location": null, "title": "Head of performance at Albert\u2122"}, {"company_name": "Albert\u2122", "dates_employed": "Sep 2017\u2013Mar 2019", "employment_duration": "1 yr 7 mos", "location": null, "title": "Head of Data & Business Analyst"}, {"company_name": "AllAspect", "dates_employed": "Aug 2016\u2013Sep 2017", "employment_duration": "1 yr 2 mos", "location": null, "title": "Head of programmatic"}, {"company_name": "Adgorithms LTD", "dates_employed": "May 2014\u2013Aug 2016", "employment_duration": "2 yrs 4 mos", "location": null, "title": "Data Researcher"}, {"company_name": "Adgorithms LTD", "dates_employed": "Sep 2012\u2013May 2014", "employment_duration": "1 yr 9 mos", "location": "Tel-Aviv", "title": "Media Buyer"}], "education": [{"institution": "The College of Management Academic Studies", "degree_details": {"degree_name": "Media and Managment", "dates_attended_or_expected_graduation": "2009 \u2013 2011", "field_of_study": null}}], "employee_name": "IF2kW3pZ6OlRVg==*H8CLueScReCrJ52Sf+5PZw==*ZBgQ87UwEVt4X7Do/Qiopg==*OnB18N5+jxERhxWQHSp5zA=="}, {"experience": [{"company_name": "Albert: Artificial Intelligence Marketing", "dates_employed": "Oct 2019\u2013Present", "employment_duration": "2 yrs 8 mos", "location": "Tel Aviv Area, Israel", "title": "VP R&D"}, {"company_name": "Albert\u2122", "dates_employed": "Jan 2015\u2013Oct 2019", "employment_duration": "4 yrs 10 mos", "location": "Tel Aviv Area, Israel", "title": "Principal Architect"}, {"company_name": "KwazyLABS", "dates_employed": "Jan 2013\u2013Dec 2014", "employment_duration": "2 yrs", "location": null, "title": "Co-Founder, VP Product & Technology"}, {"company_name": "Kwazi (later - KwazyLABS)", "dates_employed": "Oct 2010\u2013Dec 2012", "employment_duration": "2 yrs 3 mos", "location": null, "title": "Co-Founder"}, {"company_name": "Incapsula - Cloud Security and Acceleration", "dates_employed": "Oct 2009\u2013Oct 2010", "employment_duration": "1 yr 1 mo", "location": null, "title": "Software Engineer & UX Consultant"}], "education": null, "employee_name": "61h1zdZrlPY1j2Q=*xfSbIE37brx906SAc/xFBw==*Xn7t33Zc6iGPWT1TFRzUsw==*o0bYThBw8/qKkxJm+gUQGA=="}, {"experience": [{"company_name": "Albert: Artificial Intelligence Marketing", "dates_employed": "Jan 2019\u2013Present", "employment_duration": "3 yrs 5 mos", "location": null, "title": "Senior Strategic Account Director at Albert\u2122"}, {"company_name": "Albert\u2122", "dates_employed": "Jul 2017\u2013Jan 2019", "employment_duration": "1 yr 7 mos", "location": "Tel Aviv Area, Israel", "title": "Technical Account Managers Team"}, {"company_name": "AllAspect", "dates_employed": "Apr 2016\u2013Sep 2017", "employment_duration": "1 yr 6 mos", "location": "Israel", "title": "Head of Partner Development at AllAspect"}, {"company_name": "Adgorithms", "dates_employed": "Jan 2016\u2013Apr 2016", "employment_duration": "4 mos", "location": "Israel", "title": "Head of Partner Development"}, {"company_name": "Adgorithms", "dates_employed": "2013\u2013Jan 2016", "employment_duration": "3 yrs", "location": "Israel", "title": "Media Buying Team Leader"}], "education": [{"institution": "The College of Management Academic Studies", "degree_details": {"degree_name": "Bachelor's degree", "field_of_study": "Communication and Management", "dates_attended_or_expected_graduation": "2008 \u2013 2011"}}], "employee_name": "szZNQk63g9lKx9gj*HG6C8fRv9TmsOZM251BHNQ==*9iX7enCyeDLb2M7Ioe3ySw==*EiaYgfsrB0JNVPwRqEKNHQ=="}, {"experience": [{"company_name": "Albert: Artificial Intelligence Marketing", "dates_employed": "Jun 2017\u2013Present", "employment_duration": "5 yrs", "location": "Tel aviv", "title": "R&D Support Manager"}, {"company_name": "FLIR Systems", "dates_employed": "Feb 2015\u2013Jun 2017", "employment_duration": "2 yrs 5 mos", "location": "Rosh HaAyin, HaMerkaz (Central) District, Israel", "title": "Tier 4 Support Team Leader"}, {"company_name": "DVTEL is now FLIR", "dates_employed": "Jul 2012\u2013Feb 2015", "employment_duration": "2 yrs 8 mos", "location": "Rosh HaAyin, HaMerkaz (Central) District, Israel", "title": "Tier 4 Support Engineer"}, {"company_name": "DVTEL is now FLIR", "dates_employed": "Jan 2011\u2013Jun 2012", "employment_duration": "1 yr 6 mos", "location": null, "title": "Performance Test Engineer"}, {"company_name": "T-Mobile", "dates_employed": "2008\u20132010", "employment_duration": "2 yrs", "location": "Be'er Sheva, HaDarom (South) District, Israel", "title": "QA Engineer"}], "education": [{"institution": "Ben-Gurion University of the Negev", "degree_details": {"degree_name": "Bachelor of Science (BSc)", "field_of_study": "information systems engineering", "dates_attended_or_expected_graduation": "2006 \u2013 2010"}}], "employee_name": "cseHIvI2Ssbw+t2h*8kH/hERHVDfp4yZQ4WUCYw==*RU76lOb1Hep2vzwcTWynwA==*4EX1z6Pu0lsZIFGxXfIIaA=="}, {"experience": [{"company_name": "Albert: Artificial Intelligence Marketing", "dates_employed": "Feb 2019\u2013Present", "employment_duration": "3 yrs 4 mos", "location": null, "title": "Professional Services Team Lead"}, {"company_name": "Albert", "dates_employed": "Jan 2017\u2013Feb 2019", "employment_duration": "2 yrs 2 mos", "location": "Tel Aviv Area, Israel", "title": "Professional Services Consultant"}, {"company_name": "Albert: Artificial Intelligence Marketing", "dates_employed": "Mar 2016\u2013Jan 2017", "employment_duration": "11 mos", "location": null, "title": "Account Manager"}, {"company_name": "NG Group Global Consulting Solutions", "dates_employed": "Feb 2014\u2013Jun 2015", "employment_duration": "1 yr 5 mos", "location": null, "title": "Global Network & Marketing Coordinator"}], "education": [{"institution": "Reichman University (IDC Herzliya)", "degree_details": {"degree_name": "Master of Arts - MA", "field_of_study": "Organizational Behavior & Development", "dates_attended_or_expected_graduation": "2013 \u2013 2015"}}, {"institution": "Reichman University (IDC Herzliya)", "degree_details": {"degree_name": "Bachelor of Arts", "field_of_study": "Psychology", "dates_attended_or_expected_graduation": "2009 \u2013 2012"}}], "employee_name": "6NPnblchIHxN*o82A5iotS6+gRq2wGCfgUg==*nP0g+TKGGcKd8/9vqXmQ5A==*OB6vU7u3CWHOO44LWU1XPA=="}, {"experience": [{"company_name": "Albert: Artificial Intelligence Marketing", "dates_employed": "2019\u2013Present", "employment_duration": "3 yrs", "location": null, "title": "Optimization Analyst Lead"}, {"company_name": "Albert: Artificial Intelligence Marketing", "dates_employed": "2017\u20132019", "employment_duration": "2 yrs", "location": null, "title": "Data Research Analyst"}, {"company_name": "888holdings", "dates_employed": "2015\u20132017", "employment_duration": "2 yrs", "location": null, "title": "Webmaster"}, {"company_name": "888holdings", "dates_employed": "2012\u20132014", "employment_duration": "2 yrs", "location": null, "title": "Webmaster"}, {"company_name": "888holdings", "dates_employed": "2010\u20132012", "employment_duration": "2 yrs", "location": null, "title": "Technical Marketing Specialist"}], "education": [{"institution": "The Academic College of Tel-Aviv, Yaffo", "degree_details": {"degree_name": "Bachelor of Science in Information Systems", "dates_attended_or_expected_graduation": "2015 \u2013 2018", "field_of_study": null}}], "employee_name": "S8dQhbnPT+BjsJlx*NeQH+EbuKnBAS/qRtUh7bg==*y4IM37evkfgUG7ZhahVNUg==*8t2TuIdQ0dZkh9nGrpvTPQ=="}, {"experience": [{"company_name": "Futurotec", "dates_employed": "Nov 2020\u2013Present", "employment_duration": "1 yr 7 mos", "location": null, "title": "Mana\u017eer prodeje"}, {"company_name": "BMC Villa", "dates_employed": "2008\u2013Present", "employment_duration": "14 yrs", "location": "Mallorca", "title": "Senior Real Estate Manager"}, {"company_name": "BMC - Blue Mountain Development", "dates_employed": "Feb 2010\u2013Present", "employment_duration": "12 yrs 4 mos", "location": "Mallorca", "title": "Vedouc\u00ed mana\u017eer t\u00fdmu"}, {"company_name": "BMC Villa", "dates_employed": "Feb 2009\u2013Present", "employment_duration": "13 yrs 4 mos", "location": "Palma de Mallorca", "title": "Man\u017eer"}, {"company_name": "Albert\u2122", "dates_employed": "2010\u2013Present", "employment_duration": "12 yrs", "location": null, "title": "\u010c\u00e1ste\u010dn\u00fd d\u016fchodce"}], "education": [{"institution": "Stredn\u00e1 priemyseln\u00e1 \u0161kola strojn\u00edcka Ko\u0161ice", "degree_details": {"field_of_study": "Stroj\u00edrensk\u00e1 v\u00fdroba", "dates_attended_or_expected_graduation": "1961 \u2013 1965", "degree_name": null}}, {"institution": "Czech Technical University in Prague", "degree_details": {"dates_attended_or_expected_graduation": null, "degree_name": null, "field_of_study": null}}], "employee_name": "QWAzva0YrFYZauV3*9wEKniFUKmEze2GEIO8mTA==*SbbwKHdoviBn5hIT2oh4vg==*ScaWHcVkRGfVHt/Bc+dLbA=="}, {"experience": [{"company_name": "Albert\u2122", "dates_employed": "Feb 2019\u2013Present", "employment_duration": "3 yrs 4 mos", "location": "Tel Aviv, Israel", "title": "Operations Lead - Onboarding Team"}, {"company_name": "Albert: Artificial Intelligence Marketing", "dates_employed": "Feb 2017\u2013Jan 2019", "employment_duration": "2 yrs", "location": "Tel Aviv, Israel", "title": "Senior Account Manager"}, {"company_name": "Albert: Artificial Intelligence Marketing", "dates_employed": "Feb 2015\u2013Jan 2017", "employment_duration": "2 yrs", "location": "Tel Aviv, Israel", "title": "Account Manager"}, {"company_name": "Routledge Press for the UCLA Center for Middle East Development.", "dates_employed": "Apr 2012\u2013Oct 2012", "employment_duration": "7 mos", "location": "Isra\u00ebl", "title": "Researcher and Writer - Middle East specialization"}], "education": [{"institution": "Reichman University (IDC Herzliya)", "degree_details": {"degree_name": "Master of Arts (M.A.)", "field_of_study": "Diplomacy and Conflict Studies", "dates_attended_or_expected_graduation": "2011 \u2013 2013"}}, {"institution": "TBS Education", "degree_details": {"degree_name": "Bachelor of Business Administration (B.B.A.)", "field_of_study": "International Business", "dates_attended_or_expected_graduation": "2008 \u2013 2011"}}, {"institution": "Universidad de Ciencias Empresariales y Sociales", "degree_details": {"degree_name": "Bachelor's degree", "field_of_study": "Business Administration and Management, General", "dates_attended_or_expected_graduation": "2009 \u2013 2010"}}], "employee_name": "Ubfg4caFCyqO2VYafQQ=*SWUC5kAMUP4m2z1pkD7CKA==*ven9jX7xL83hqnwvv3eulQ==*m8tk0vfsWDfJSqqY/OgjOg=="}, {"experience": [{"company_name": "Albert", "dates_employed": "Feb 2015\u2013Present", "employment_duration": "7 yrs 4 mos", "location": "Tel Aviv Area, Israel", "title": "Senior Software Developer"}, {"company_name": "KwazyLABS", "dates_employed": "May 2011\u2013Dec 2014", "employment_duration": "3 yrs 8 mos", "location": "Ramat Gan, Tel Aviv, Israel", "title": "Co-Founder & Software engineer"}, {"company_name": "SundaySky", "dates_employed": "Jul 2007\u2013Mar 2011", "employment_duration": "3 yrs 9 mos", "location": null, "title": "Java Programmer"}, {"company_name": "Hattrick", "dates_employed": "Feb 2003\u2013Dec 2010", "employment_duration": "7 yrs 11 mos", "location": null, "title": "Team manager, Ramat-Gan Jazz"}, {"company_name": "EWave", "dates_employed": "Nov 2002\u2013Jun 2007", "employment_duration": "4 yrs 8 mos", "location": null, "title": "Senior Java Team Leader"}], "education": [{"institution": "Tel Aviv University", "degree_details": {"degree_name": "bsc", "field_of_study": "Computer Science & Geophysics and Planetary Science", "dates_attended_or_expected_graduation": "2001 \u2013 2006"}}], "employee_name": "i7vZim4vmGx6udLMpQ==*Ql883NSKGzbAvhQna2a7Yg==*dZ2iJi3Tc9svf6KR+peDdQ==*TJVE/k3Llr2S52/XYr6VIw=="}, {"experience": [{"company_name": "Albert: Artificial Intelligence Marketing", "dates_employed": "Aug 2020\u2013Present", "employment_duration": "1 yr 10 mos", "location": "New York City Metropolitan Area", "title": "Director of Solutions Consulting"}, {"company_name": "Albert\u2122", "dates_employed": "Apr 2017\u2013Aug 2020", "employment_duration": "3 yrs 5 mos", "location": "Greater New York City Area", "title": "Sr. Professional Services"}, {"company_name": "Tracx", "dates_employed": "Nov 2015\u2013Apr 2018", "employment_duration": "2 yrs 6 mos", "location": null, "title": "Sr. Professional Services Consultant"}, {"company_name": "Tracx", "dates_employed": "Mar 2015\u2013Nov 2015", "employment_duration": "9 mos", "location": "Greater New York City Area", "title": "Sr. Solutions Engineer"}, {"company_name": "Tracx", "dates_employed": "Aug 2014\u2013Mar 2015", "employment_duration": "8 mos", "location": null, "title": "Solutions Engineer"}], "education": [{"institution": "Fordham University", "degree_details": {"degree_name": "Bachelor of Arts", "field_of_study": "Mathematics", "dates_attended_or_expected_graduation": "2007 \u2013 2011"}}], "employee_name": "iZEVaGgwp8mA4CIXVxe1*7kqcpJUMR14bMSoRq+utjQ==*Ov5bGSRJmQLJ8lZhpRyFbw==*QB9M/FtPFEy09nHqLmzQSg=="}, {"experience": [{"company_name": "Professional Web Creations", "dates_employed": "1997\u2013Present", "employment_duration": "25 yrs", "location": null, "title": "Creative Director"}, {"company_name": "Tiffy: Development of Artificial Intelligence Software and Web Applications", "dates_employed": "Jan 1996\u2013Present", "employment_duration": "26 yrs 5 mos", "location": "Johannesburg Area, South Africa", "title": "Global Managing Director"}], "education": null, "employee_name": "1h3Znxvkkth46w==*rgJ7NuFxX+gAhpQRnyLiTg==*Cde0f/aSmSuwPI1iK5IPvw==*9k1zs7Nm6wu9tEu04Z3t8Q=="}, {"experience": [{"company_name": "Albert: Artificial Intelligence Marketing", "dates_employed": "Oct 2019\u2013Present", "employment_duration": "2 yrs 8 mos", "location": "Tel Aviv Area, Israel", "title": "Optimization analyst"}, {"company_name": "King Engine Bearings", "dates_employed": "Aug 2016\u2013Nov 2016", "employment_duration": "4 mos", "location": "Kiryat Gat, HaDarom (South) District, Israel", "title": "Information Technology Specialist"}, {"company_name": "King Engine Bearings", "dates_employed": "Mar 2015\u2013Oct 2015", "employment_duration": "8 mos", "location": "Kiryat Gat, HaDarom (South) District, Israel", "title": "Import Export Coordinator"}, {"company_name": "King Engine Bearings", "dates_employed": "Sep 2014\u2013Feb 2015", "employment_duration": "6 mos", "location": "Kiryat Gat, HaDarom (South) District, Israel", "title": "QA Coordinator"}, {"company_name": "IDF - Israel Defense Forces", "dates_employed": "Dec 2010\u2013Jan 2014", "employment_duration": "3 yrs 2 mos", "location": null, "title": "Lieutenant"}], "education": [{"institution": "Ben-Gurion University of the Negev", "degree_details": {"degree_name": "Bachelor of Science - BSc", "field_of_study": "Engineering/Industrial Management", "dates_attended_or_expected_graduation": "2015 \u2013 2019"}}], "employee_name": "moQx7tkGS/rCFqA=*HKdD+fkIg9HA5ka1fkhj9Q==*5H4GTUx9skzhSpRx0BcgPw==*eDSGnktTnTlIgDTVlwzOvQ=="}, {"experience": [{"company_name": "Albert: Artificial Intelligence Marketing", "dates_employed": "Mar 2019\u2013Present", "employment_duration": "3 yrs 3 mos", "location": "Tel Aviv Area, Israel", "title": "Optimization Analyst"}, {"company_name": "Tel Aviv University", "dates_employed": "Oct 2017\u2013Sep 2018", "employment_duration": "1 yr", "location": "Israel", "title": "Teaching Assistant"}, {"company_name": "Hila Project - alternative high school", "dates_employed": "May 2016\u2013Aug 2017", "employment_duration": "1 yr 4 mos", "location": "Ramat Gan, Israel", "title": "Youth Promotion worker"}, {"company_name": "Shalvata Hospital", "dates_employed": "Aug 2014\u2013Aug 2015", "employment_duration": "1 yr 1 mo", "location": "Hod Hasharon, Israel", "title": "Research Laboratory Manager"}, {"company_name": "Ben-Gurion University of the Negev", "dates_employed": "2013\u20132014", "employment_duration": "1 yr", "location": "Israel", "title": "Program Coordinator of \"Da Vinci\" excellence program for youth"}], "education": [{"institution": "Tel Aviv University", "degree_details": {"degree_name": "Master of Social Work - MSW", "dates_attended_or_expected_graduation": "2015 \u2013 2018", "field_of_study": null}}, {"institution": "she codes;", "degree_details": {"field_of_study": "Python track", "dates_attended_or_expected_graduation": "2018 \u2013 2019", "degree_name": null}}, {"institution": "Ben-Gurion University of the Negev", "degree_details": {"degree_name": "Bachelor of Arts - BA", "field_of_study": "Psychology and Managment", "dates_attended_or_expected_graduation": "2011 \u2013 2014"}}], "employee_name": "DzelnZdei2iXtrg=*u6p7WtkGiW7bs24vkO+wAw==*AaHh2m7FLUMHlKTR3tPaUw==*i1TPDDEguqKi6qmBhbwBUg=="}, {"experience": [{"company_name": "Albert", "dates_employed": "Jan 2017\u2013Present", "employment_duration": "5 yrs 5 mos", "location": "Israel", "title": "Office Manager"}, {"company_name": "myThings", "dates_employed": "Sep 2016\u2013Jan 2017", "employment_duration": "5 mos", "location": "Tel Aviv Area, Israel", "title": "Office Manager"}, {"company_name": "Capital Market", "dates_employed": "Jan 2015\u2013Dec 2016", "employment_duration": "2 yrs", "location": "Tel Aviv", "title": "Human Resources"}, {"company_name": "Cellcom", "dates_employed": "2013\u20132015", "employment_duration": "2 yrs", "location": null, "title": "Human Resources"}], "education": [{"institution": "Ruppin Academic Center", "degree_details": {"degree_name": "Bachelor of Arts (B.A.)", "field_of_study": "Behavioral Sciences", "dates_attended_or_expected_graduation": "2009 \u2013 2013"}}], "employee_name": "cddhR3blqqXCY1i8*pJoHH12CNM+JldSBLUgxOg==*k9voFjr9uaPMq4o/XIH+Mg==*8fk1FZaPAVRKO+lW0aW3Pg=="}, {"experience": [{"company_name": "with", "dates_employed": "Jan 2022\u2013Present", "employment_duration": "5 mos", "location": "Tel Aviv, Israel", "title": "QA Engineer"}, {"company_name": "Albert\u2122", "dates_employed": "Jan 2017\u2013Present", "employment_duration": "5 yrs 5 mos", "location": null, "title": "QA Engineer"}, {"company_name": "D+H", "dates_employed": "2014\u20132016", "employment_duration": "2 yrs", "location": null, "title": "QA Engineer"}, {"company_name": "HP", "dates_employed": "2012\u20132013", "employment_duration": "1 yr", "location": null, "title": "QA Engineer"}], "education": [{"institution": "The Academic College of Tel-Aviv, Yaffo", "degree_details": {"degree_name": "Bachelor of Arts (B.A.)", "field_of_study": "Information Technology", "dates_attended_or_expected_graduation": "2008 \u2013 2012"}}], "employee_name": "O8dAP/wRPrxrf5ByPMOE*6YwTimNNlmw3tzwboLMMpQ==*2X4vySEA5MeHgyF1iKRsew==*5SwBytWkPDW1OzmVVOF22Q=="}, {"experience": [{"company_name": "Adgorithms LTD", "dates_employed": "Nov 2011\u2013Present", "employment_duration": "10 yrs 7 mos", "location": null, "title": "Account Manager"}], "education": null, "employee_name": "w3/Eb677qwQ1q7d5YLEA*7HQueocw1v1aEMOpakvw0Q==*qtZ3ZBI8bAVoSfa5Jw6RIA==*SD/bhOLgvDJLHRwL8TyfEw=="}, {"experience": [{"company_name": "Albert: Artificial Intelligence Marketing", "dates_employed": "Sep 2019\u2013Present", "employment_duration": "2 yrs 9 mos", "location": "Greater New York City Area", "title": "Recruting Specialist"}, {"company_name": "Albert", "dates_employed": "Aug 2013\u2013Sep 2015", "employment_duration": "2 yrs 2 mos", "location": null, "title": "Head of HR and Finance"}, {"company_name": "Albert: Artificial Intelligence Marketing", "dates_employed": "Aug 2010\u2013Aug 2013", "employment_duration": "3 yrs 1 mo", "location": null, "title": "Head of HR"}, {"company_name": "Online365 Ltd.", "dates_employed": "Mar 2008\u2013Nov 2009", "employment_duration": "1 yr 9 mos", "location": null, "title": "HR Generalist"}], "education": [{"institution": "Bar-Ilan University", "degree_details": {"degree_name": "Master's degree", "field_of_study": "Industrial and Organizational Psychology", "dates_attended_or_expected_graduation": "2009 \u2013 2011"}}, {"institution": "Bar-Ilan University", "degree_details": {"degree_name": "Bachelor's degree", "field_of_study": "Psychology", "dates_attended_or_expected_graduation": "2005 \u2013 2008"}}], "employee_name": "88YeOLV+4N05DJ3m*wZYjZ4tm8G+BKY5mWFLgVA==*kk5HPnDHgUaBcjrQ9fzGpw==*LRQcYJbF8cujD4rld9nlPA=="}]