[{"experience": [{"company_name": "Serviceaide, Inc", "dates_employed": "Jun 2019\u2013Present", "employment_duration": "3 yrs", "location": null, "title": "Chief Marketing Officer"}, {"company_name": "The Maribal Group", "dates_employed": "Sep 2018\u2013Jul 2019", "employment_duration": "11 mos", "location": "San Francisco Bay Area", "title": "President"}, {"company_name": "TE Connectivity", "dates_employed": "May 2014\u2013Aug 2018", "employment_duration": "4 yrs 4 mos", "location": "Menlo Park, CA", "title": "CMO, Communications Solutions Division"}, {"company_name": "Intel Corporation", "dates_employed": "Oct 2013\u2013May 2014", "employment_duration": "8 mos", "location": null, "title": "VP Incubation Team"}, {"company_name": "Intel", "dates_employed": "2009\u20132013", "employment_duration": "4 yrs", "location": null, "title": "VP Global Marketing Strategy"}], "education": [{"institution": "Gettysburg College", "degree_details": {"degree_name": "BA - double major", "field_of_study": "Business Administration and Political Science", "dates_attended_or_expected_graduation": null}}], "employee_name": "KlM23zwL2k5o5Qad*gVMEzpZFE2EHH8G5nt/asA==*H4yWQslcLOUB672ItW9TOA==*2QPdtq2OcmK7Bf0dvDy87g=="}, {"experience": [{"company_name": "ServiceAide, Inc", "dates_employed": "Jun 2016\u2013Present", "employment_duration": "6 yrs", "location": "San Francisco Bay Area; Hyderabad India; Brazil; EMEA; Asia Pac", "title": "Founder and CEO"}, {"company_name": "Forbes Technology Council", "dates_employed": "Jan 2020\u2013Present", "employment_duration": "2 yrs 5 mos", "location": null, "title": "Official Member"}, {"company_name": "WGSigma Systems, Inc.", "dates_employed": "Apr 2013\u2013Oct 2016", "employment_duration": "3 yrs 7 mos", "location": "San Jose, CA", "title": "Founder and CEO"}, {"company_name": "SUMMUS Software (Now Symphony Summit)", "dates_employed": "Apr 2010\u2013Jan 2013", "employment_duration": "2 yrs 10 mos", "location": "Fremont, CA", "title": "Founder and CEO"}, {"company_name": "FatWire Software", "dates_employed": "Feb 2009\u2013Aug 2011", "employment_duration": "2 yrs 7 mos", "location": null, "title": "Independent Board Member"}], "education": [{"institution": "Columbia University in the City of New York", "degree_details": {"degree_name": "BS; MS", "field_of_study": "Computer Science", "dates_attended_or_expected_graduation": "1977 \u2013 1984"}}], "employee_name": "4yEjPpG1Q4k=*9t46bhfP2d+9g+LXrwrR8g==*uC76T6LFlSzpV62uB72mWg==*hbIom/TEzw6Yvuu+v9gb5Q=="}, {"experience": [{"company_name": "Almaden AI", "dates_employed": "Oct 2021\u2013Present", "employment_duration": "8 mos", "location": "Menlo Park, California, United States", "title": "Chief Executive Officer"}, {"company_name": "ServiceAide, Inc", "dates_employed": "Jan 2016\u2013Present", "employment_duration": "6 yrs 5 mos", "location": "San Francisco Bay Area", "title": "Chief Revenue Officer"}, {"company_name": "Nuage Systems", "dates_employed": "May 2011\u2013Dec 2014", "employment_duration": "3 yrs 8 mos", "location": "China", "title": "CEO"}, {"company_name": "Hong Kong CSL Limited", "dates_employed": "Aug 2010\u2013Apr 2011", "employment_duration": "9 mos", "location": "Hong Kong", "title": "EVP, Corporate & Business Market"}, {"company_name": "Magnet Systems, Inc.", "dates_employed": "Feb 2009\u2013Aug 2010", "employment_duration": "1 yr 7 mos", "location": "San Francisco Bay Area", "title": "Product and International Operations"}], "education": [{"institution": "The London School of Economics and Political Science (LSE)", "degree_details": {"degree_name": "Bachelor's degree", "field_of_study": "Computer Science", "dates_attended_or_expected_graduation": "1988 \u2013 1991"}}, {"institution": "SKEMA Business School", "degree_details": {"degree_name": "M.Sc.", "field_of_study": "Software Engineering", "dates_attended_or_expected_graduation": "1991 \u2013 1992"}}, {"institution": "INSEAD", "degree_details": {"degree_name": "Management course", "field_of_study": "International Executive Program", "dates_attended_or_expected_graduation": "2002 \u2013 2002"}}], "employee_name": "w3MlUh/o*iI9Xi8u93uxB/+BBFBKl5A==*kTDq1+WovImPzVzPJNbAyg==*iZvkXhACyJcArSUzqKRhsA=="}, {"experience": [{"company_name": "Serviceaide, Inc", "dates_employed": "Jul 2021\u2013Present", "employment_duration": "11 mos", "location": "Tampa, Florida, United States", "title": "Senior Vice President and GM North America"}, {"company_name": "SunView Software, Inc.", "dates_employed": "Aug 2018\u2013Present", "employment_duration": "3 yrs 10 mos", "location": "Tampa/St. Petersburg, Florida Area", "title": "Senior Vice President and GM Sales, Marketing and Services"}, {"company_name": "Serviceaide GmbH", "dates_employed": "Mar 2022\u2013Present", "employment_duration": "3 mos", "location": "Munich, Bavaria, Germany", "title": "Managing Director, Geschaeftsfuehrer"}, {"company_name": "SunView Software GmbH", "dates_employed": "Mar 2019\u2013Present", "employment_duration": "3 yrs 3 mos", "location": "Frankfurt Am Main Area, Germany", "title": "Managing Director, Geschaeftsfuehrer"}, {"company_name": "Board Experience", "dates_employed": "2004\u2013Present", "employment_duration": "18 yrs", "location": "USA, Germany, Spain, Ireland, Taiwan", "title": "Board of Directors"}], "education": [{"institution": "Technische Universit\u00e4t Darmstadt", "degree_details": {"degree_name": "Master of Electrical Engineering", "field_of_study": "Electrical Engineering and Control Systems Design", "dates_attended_or_expected_graduation": "1982 \u2013 1988"}}, {"institution": "Fujitsu University, Japan", "degree_details": {"field_of_study": "Senior Leadership Development Program", "dates_attended_or_expected_graduation": null, "degree_name": null}}, {"institution": "Hewlett Packard Education, USA", "degree_details": {"field_of_study": "Global Management Development Program", "dates_attended_or_expected_graduation": null, "degree_name": null}}], "employee_name": "oF2U0GGzoABhgaGBYaci*HXjsJ53pahizJ/cVg7DvSA==*EcDtR5hDKHdHdatQXXVxHA==*lVEqK8/TIBjyLX5egR5mEA=="}, {"experience": [{"company_name": "ServiceAide, Inc", "dates_employed": "Jun 2016\u2013Present", "employment_duration": "6 yrs", "location": "San Jose", "title": "CTO"}, {"company_name": "SERVICEAIDE SERVICE MANAGEMENT PRIVATE LIMITED", "dates_employed": "Oct 2016\u2013Present", "employment_duration": "5 yrs 8 mos", "location": "Hyderabad Area, India", "title": "Board Member"}, {"company_name": "WGSigma Systems, Inc.", "dates_employed": "Mar 2013\u2013Present", "employment_duration": "9 yrs 3 mos", "location": "San Jose", "title": "Co-founder and CTO"}, {"company_name": "Cal.net", "dates_employed": "Apr 2012\u2013Present", "employment_duration": "10 yrs 2 mos", "location": null, "title": "Member of the Board"}, {"company_name": "Huawei Technologies", "dates_employed": "Mar 2014\u2013Oct 2014", "employment_duration": "8 mos", "location": "Shenzhen PR China", "title": "Big Data Strategy Consultant"}], "education": [{"institution": "University of Tennessee, Knoxville", "degree_details": {"degree_name": "MS", "field_of_study": "Computer Science", "dates_attended_or_expected_graduation": "1981 \u2013 1983"}}], "employee_name": "JcDEevYaYHEtsw==*LMtH9dmSDh4BTk0P5QjMrw==*9Jd0oEROjrXjDKoeUwWCrg==*zEj0GENRx7AqEV0ibbkTLg=="}, {"experience": [{"company_name": "Arrowroot Capital", "dates_employed": "Mar 2015\u2013Present", "employment_duration": "7 yrs 3 mos", "location": "Santa Monica, CA", "title": "Principal"}, {"company_name": "Ayla Networks", "dates_employed": "Oct 2021\u2013Present", "employment_duration": "8 mos", "location": null, "title": "Board Member"}, {"company_name": "mParticle", "dates_employed": "Feb 2020\u2013Present", "employment_duration": "2 yrs 4 mos", "location": null, "title": "Board Member"}, {"company_name": "MedNet Solutions", "dates_employed": "Dec 2016\u2013Present", "employment_duration": "5 yrs 6 mos", "location": null, "title": "Board Member"}, {"company_name": "ServiceAide, Inc", "dates_employed": "Nov 2016\u2013Present", "employment_duration": "5 yrs 7 mos", "location": null, "title": "Board Observer"}], "education": [{"institution": "University of California, Berkeley, Haas School of Business", "degree_details": {"degree_name": "Bachelor of Science (B.S.)", "field_of_study": "Business Administration", "dates_attended_or_expected_graduation": null}}], "employee_name": "Pd7ti9JeQBNR*DW512i++SG1rk0Vo5eZ/uQ==*MvaDpIQpgt1Ag5z8vJM8YA==*8pk90X76s3x5XcisXXqY9w=="}, {"experience": [{"company_name": "ServiceAide, Inc", "dates_employed": "Oct 2016\u2013Present", "employment_duration": "5 yrs 8 mos", "location": "Hyderabad", "title": "VP Engineering and Managing Director @ ServiceAide"}, {"company_name": "CA Technologies", "dates_employed": "Nov 2013\u2013Sep 2016", "employment_duration": "2 yrs 11 mos", "location": "Hyder\u0101b\u0101d Area, India", "title": "Sr Directior Software Engineering"}, {"company_name": "CA", "dates_employed": "Mar 2009\u2013Nov 2013", "employment_duration": "4 yrs 9 mos", "location": "Hyderabad Area, India", "title": "Sr Director, Software Engg"}, {"company_name": "Convergys", "dates_employed": "Feb 1998\u2013Mar 2009", "employment_duration": "11 yrs 2 mos", "location": null, "title": "Director , Product Development"}, {"company_name": "Compuware", "dates_employed": "Mar 1996\u2013Feb 1998", "employment_duration": "2 yrs", "location": "Cincinnati, Ohio Area", "title": "Consultant"}], "education": [{"institution": "PSG College of Technology", "degree_details": {"degree_name": "M.E/M.Tech", "field_of_study": "CAD/CAM/CIM", "dates_attended_or_expected_graduation": "1991 \u2013 1993"}}, {"institution": "V R S College of Engineering, India", "degree_details": {"degree_name": "Bachelor of Technology (B.Tech.)", "field_of_study": "Mech", "dates_attended_or_expected_graduation": null}}], "employee_name": "PJ70JP4+d5URs3hpBiY=*MkfpWsc0AHkIHZ4/4bNBRQ==*3R8KKdlzVPBWmI/lbFT3xg==*lnkpL6NiBc03MjHiLQOrvQ=="}, {"experience": [{"company_name": "Serviceaide, Inc", "dates_employed": "Apr 2021\u2013Present", "employment_duration": "1 yr 2 mos", "location": "Hyderabad, Telangana, India", "title": "Senior Manager, Software Engineering"}, {"company_name": "Serviceaide, Inc", "dates_employed": "Oct 2017\u2013Apr 2021", "employment_duration": "3 yrs 7 mos", "location": "Hyderabad Area, India", "title": "Manager Software Engineering"}, {"company_name": "Serviceaide, Inc", "dates_employed": "Aug 2017\u2013Oct 2017", "employment_duration": "3 mos", "location": "Hyderabad", "title": "Principal Software Engineer"}, {"company_name": "CA Technologies", "dates_employed": "Feb 2008\u2013Jul 2017", "employment_duration": "9 yrs 6 mos", "location": "Vadodara Area, India", "title": "Principal Software Engineer (ESTG)"}, {"company_name": "Realsoft Technologies", "dates_employed": "Sep 2007\u2013Feb 2008", "employment_duration": "6 mos", "location": "Vadodara Area, India", "title": "Module Lead"}], "education": [{"institution": "Software Engineering Jobs", "degree_details": {"degree_name": "Master of Computer Applications - MCA", "field_of_study": "Computer Science", "dates_attended_or_expected_graduation": "1999 \u2013 2002"}}, {"institution": "Maharaja S", "degree_details": {"degree_name": "Bachelor of Science", "field_of_study": "Mathematics", "dates_attended_or_expected_graduation": "1998 \u2013 2001"}}, {"institution": "Sardar Vinay Mandir", "degree_details": {"dates_attended_or_expected_graduation": null, "degree_name": null, "field_of_study": null}}], "employee_name": "AIQHH48pIz1YdxcWZNA=*5RyIq0M+AYuWF3f7TFSkxA==*kmwwU4GzQsY3U5XpmMm5oQ==*KmLORf0xy6LOqCld/167NQ=="}, {"experience": [{"company_name": "Serviceaide, Inc", "dates_employed": "Aug 2021\u2013Present", "employment_duration": "10 mos", "location": "Tampa, Florida, United States", "title": "Director of Engineering"}, {"company_name": "Sunview Software", "dates_employed": "Feb 2004\u2013Aug 2021", "employment_duration": "17 yrs 7 mos", "location": null, "title": "Senior Software Engineer"}], "education": null, "employee_name": "5VaUMnlI15A43BOa6AMd*MWT2LckzIR9Zmh8h52bOMQ==*F1ppnGEgV+UXIhuxEVS04w==*276kTk8ucr5m1x6/rjux3g=="}, {"experience": [{"company_name": "Serviceaide, Inc", "dates_employed": "Mar 2020\u2013Present", "employment_duration": "2 yrs 3 mos", "location": "Tampa, Florida, United States", "title": "Digital Marketing Manager / Web Developer"}, {"company_name": "Vertical Orbit", "dates_employed": "Jan 2007\u2013Present", "employment_duration": "15 yrs 5 mos", "location": "Tampa/St. Petersburg, Florida Area", "title": "Digital Marketing Best Practices & Optimizations"}, {"company_name": "The Food Group", "dates_employed": "Aug 2018\u2013Mar 2020", "employment_duration": "1 yr 8 mos", "location": "Tampa/St. Petersburg, Florida Area", "title": "Digital Marketing & Websites Manager"}, {"company_name": "Nortrax", "dates_employed": "Jun 2012\u2013Aug 2018", "employment_duration": "6 yrs 3 mos", "location": "Tampa, Florida", "title": "Digital Marketing / Web Developer"}, {"company_name": "Pilot Bank", "dates_employed": "Apr 2006\u2013Jan 2012", "employment_duration": "5 yrs 10 mos", "location": "Pilot Bank, Tampa Fl", "title": "IT Systems Administration / Web Developer"}], "education": [{"institution": "Remington College-Tampa Campus", "degree_details": {"degree_name": "Bachelor's degree", "field_of_study": "Electrical and Electronics Engineering", "dates_attended_or_expected_graduation": null}}], "employee_name": "deHzm1uH9mB3UB0T*txoSltkwYLBpym+gut11tg==*UlXFhZTHUI5KXugsOVcbCg==*DxVApDQJDWBF9nZf6BgsKA=="}, {"experience": [{"company_name": "Arrowroot Capital", "dates_employed": "Jun 2014\u2013Present", "employment_duration": "8 yrs", "location": "Santa Monica, CA", "title": "Founding General Partner"}, {"company_name": "Clickatell", "dates_employed": "Feb 2022\u2013Present", "employment_duration": "4 mos", "location": "South Africa", "title": "Investor"}, {"company_name": "Protecht", "dates_employed": "Feb 2022\u2013Present", "employment_duration": "4 mos", "location": "Sydney, New South Wales, Australia", "title": "Investor"}, {"company_name": "Appvance.ai", "dates_employed": "Dec 2021\u2013Present", "employment_duration": "6 mos", "location": "Santa Clara, California, United States", "title": "Board Member"}, {"company_name": "Engage3", "dates_employed": "Nov 2021\u2013Present", "employment_duration": "7 mos", "location": "Davis, California, United States", "title": "Investor"}], "education": [{"institution": "The Wharton School", "degree_details": {"degree_name": "Master of Business Administration (MBA)", "field_of_study": "Finance, General", "dates_attended_or_expected_graduation": "2011 \u2013 2013"}}, {"institution": "The Lauder Institute - University of Pennsylvania", "degree_details": {"degree_name": "Master of Arts (M.A.)", "field_of_study": "International/Global Studies", "dates_attended_or_expected_graduation": "2011 \u2013 2013"}}, {"institution": "University of Southern California", "degree_details": {"degree_name": "B,S.", "field_of_study": "Corporate Finance and International Business", "dates_attended_or_expected_graduation": "2002 \u2013 2006"}}], "employee_name": "pYzEJwQbpk7S5rmrSRg=*kuvshFsYbnHT02KO3CESbQ==*S4sWrIF05dNdbL0CAbYlgw==*9KsMEHfVLeVlXf1demIhfg=="}, {"experience": [{"company_name": "Serviceaide, Inc", "dates_employed": "Apr 2020\u2013Present", "employment_duration": "2 yrs 2 mos", "location": "S\u00e3o Paulo, S\u00e3o Paulo", "title": "Vice President Latin America"}, {"company_name": "ServiceAide, Inc", "dates_employed": "Jan 2017\u2013Mar 2020", "employment_duration": "3 yrs 3 mos", "location": "S\u00e3o Paulo Area, Brazil", "title": "Managing Director - Latin America"}, {"company_name": "CA Technologies", "dates_employed": "Oct 2011\u2013Dec 2016", "employment_duration": "5 yrs 3 mos", "location": "Latin America", "title": "Partner Technical Architect"}, {"company_name": "CA Technologies", "dates_employed": "Oct 2011\u2013Mar 2016", "employment_duration": "4 yrs 6 mos", "location": "Latin America", "title": "Principal Consultant, Technical Sales"}, {"company_name": "Axios Systems", "dates_employed": "Nov 2010\u2013Oct 2011", "employment_duration": "1 yr", "location": "Brazil", "title": "Business Solution Consultant"}], "education": [{"institution": "Universidade Estadual Paulista J\u00falio de Mesquita Filho", "degree_details": {"degree_name": "Bachelor's", "field_of_study": "Information Systems", "dates_attended_or_expected_graduation": "1998 \u2013 2002"}}, {"institution": "Col\u00e9gio T\u00e9cnico Industrial \"Prof. Isaac Portal Roldan\" - UNESP", "degree_details": {"degree_name": "Technical", "field_of_study": "Electronics", "dates_attended_or_expected_graduation": "1992 \u2013 1994"}}], "employee_name": "cPgDIAh3FpQAZy+3FYid*MWUVK5syPR+v4zXUA82bBA==*ocwWAJ1HvOle4iftEJ+T1A==*KRNDG/OeI43Hn+yge/Enxg=="}, {"experience": [{"company_name": "Serviceaide, Inc", "dates_employed": "Nov 2020\u2013Present", "employment_duration": "1 yr 7 mos", "location": "Sj\u00e6lland, Danmark", "title": "Director Of Development"}, {"company_name": "Wendia", "dates_employed": "Jan 2007\u2013Present", "employment_duration": "15 yrs 5 mos", "location": null, "title": "Director of Development"}, {"company_name": "Wendia", "dates_employed": "Sep 1999\u2013Dec 2006", "employment_duration": "7 yrs 4 mos", "location": null, "title": "Senior Developer"}, {"company_name": "SoftBASE", "dates_employed": "Jan 1995\u2013Aug 1999", "employment_duration": "4 yrs 8 mos", "location": null, "title": "Technical Manager"}], "education": [{"institution": "Roskilde Handelsskole", "degree_details": {"dates_attended_or_expected_graduation": "1992 \u2013 1994", "degree_name": null, "field_of_study": null}}], "employee_name": "VGYux7DZssDBuaQ2wzOXE/K4R4k=*H2DZ1Qr23po0Iy+sNNSyAA==*U3fM1HI5UVv1QLeTcsHWoQ==*zbMTRXSg0EeHNH9CB+FllA=="}, {"experience": [{"company_name": "Serviceaide, Inc", "dates_employed": "Dec 2021\u2013Present", "employment_duration": "6 mos", "location": "Mango, Florida, United States", "title": "Digital Marketing Associate"}, {"company_name": "RHINO.LGBT", "dates_employed": "May 2019\u2013Dec 2021", "employment_duration": "2 yrs 8 mos", "location": "Clearwater, FL", "title": "Vice President Marketing"}, {"company_name": "RhinoFit Inc", "dates_employed": "Sep 2016\u2013Dec 2021", "employment_duration": "5 yrs 4 mos", "location": "Clearwater, FL", "title": "Tech Analyst"}], "education": [{"institution": "St. Petersburg College", "degree_details": {"dates_attended_or_expected_graduation": "2013 \u2013 2015", "degree_name": null, "field_of_study": null}}], "employee_name": "ezBwWM3G9HW6ja0OnyM=*cSd5fIKe9CThfjSEaIrB8A==*1tQeW9BV6cHCPXo47wdaig==*dz1iwAnkRMHffu+L1tk7LQ=="}, {"experience": [{"company_name": "Serviceaide, Inc", "dates_employed": "2020\u2013Present", "employment_duration": "2 yrs", "location": null, "title": "Manager - Quality Assurance"}, {"company_name": "Veriato", "dates_employed": "2014\u20132019", "employment_duration": "5 yrs", "location": null, "title": "Manager - Quality Assurance and Release Management"}, {"company_name": "Systems In Motion", "dates_employed": "2013\u20132014", "employment_duration": "1 yr", "location": null, "title": "Manager - Quality Assurance"}, {"company_name": "Compuware", "dates_employed": "2001\u20132013", "employment_duration": "12 yrs", "location": "Greater Detroit Area", "title": "Systems Designer/Developer-Distributed"}, {"company_name": "IBM Global Services", "dates_employed": "2000\u20132001", "employment_duration": "1 yr", "location": null, "title": "Programmer Analyst"}], "education": [{"institution": "Vellore Institute of Technology", "degree_details": {"degree_name": "Bachelor's degree", "field_of_study": "Electronics and Communications Engineering", "dates_attended_or_expected_graduation": null}}], "employee_name": "5nf1YE5hCq/+GOf60A==*gLThL4HDy9fKkpqnz8pnbA==*38UQQNBawH3tKuNFDOt6QA==*/r58wNaR05FIXPTSbbmgGg=="}, {"experience": [{"company_name": "Laufmann Consulting Group", "dates_employed": "Jun 2012\u2013Present", "employment_duration": "10 yrs", "location": "Sammamish, WA", "title": "CEO"}, {"company_name": "none", "dates_employed": "Mar 2019\u2013Present", "employment_duration": "3 yrs 3 mos", "location": null, "title": "Retired"}, {"company_name": "ServiceAide, Inc", "dates_employed": "Nov 2016\u2013Present", "employment_duration": "5 yrs 7 mos", "location": null, "title": "Consultant"}, {"company_name": "LANDESK Software", "dates_employed": "Aug 2015\u2013Nov 2015", "employment_duration": "4 mos", "location": null, "title": "Sr Manager, Global Services"}, {"company_name": "Xtraction", "dates_employed": "Sep 2012\u2013Aug 2015", "employment_duration": "3 yrs", "location": null, "title": "VP Customer Services"}], "education": [{"institution": "Pacific Lutheran University", "degree_details": {"degree_name": "Bachelor of Science", "field_of_study": "Mathematics", "dates_attended_or_expected_graduation": "1974 \u2013 1978"}}], "employee_name": "Mz6+vLoAKcEWem2O*X9eWhnkFeBnQ5tXxCzcv9g==*NDuBZSMbsvNWpBDJxdePoQ==*YJcYQtRoDZXpXg4zqQTzpA=="}, {"experience": [{"company_name": "Serviceaide, Inc", "dates_employed": "Oct 2020\u2013Present", "employment_duration": "1 yr 8 mos", "location": "Tampa, Florida, United States", "title": "Human Resources Manager"}, {"company_name": "Plastipak Packaging, Inc.", "dates_employed": "Jan 2017\u2013Mar 2020", "employment_duration": "3 yrs 3 mos", "location": "Plant City, Florida", "title": "Human Resources Generalist"}, {"company_name": "Luxottica Retail", "dates_employed": "Feb 2011\u2013Jan 2017", "employment_duration": "6 yrs", "location": "Lockbourne, OH", "title": "Sr. Specialist, Human Resources"}, {"company_name": "Luxottica Retail", "dates_employed": "Nov 2006\u2013Feb 2011", "employment_duration": "4 yrs 4 mos", "location": "Lockbourne, OH", "title": "Human Resources Specialist"}, {"company_name": "Daifuku America", "dates_employed": "Nov 1999\u2013Feb 2006", "employment_duration": "6 yrs 4 mos", "location": null, "title": "Human Resource Coordinator"}], "education": [{"institution": "Franklin University", "degree_details": {"degree_name": "Bachelor\u2019s Degree", "field_of_study": "Dual Major, Business Administration & Human Resources", "dates_attended_or_expected_graduation": "2015"}}, {"institution": "Franklin University", "degree_details": {"degree_name": "Associate of Science - AS", "field_of_study": "Business Administration", "dates_attended_or_expected_graduation": "2012"}}], "employee_name": "e9keswDDiYn/DLihtA==*8kKr89LF1Ezw5C5m4Kio/w==*Yhmr0bga1zqk0iDSDPh5OQ==*gQLrp83MIq7bYbMX/StoCA=="}, {"experience": [{"company_name": "Serviceaide, Inc", "dates_employed": "Apr 2021\u2013Present", "employment_duration": "1 yr 2 mos", "location": "Hyderabad, Telangana, India", "title": "Senior Manager, Software Engineering"}, {"company_name": "Serviceaide, Inc", "dates_employed": "Oct 2017\u2013Apr 2021", "employment_duration": "3 yrs 7 mos", "location": null, "title": "Manager, Software Engineering"}, {"company_name": "ServiceAide, Inc", "dates_employed": "Oct 2016\u2013Sep 2017", "employment_duration": "1 yr", "location": null, "title": "Principal Software Engineer"}, {"company_name": "CA Technologies", "dates_employed": "Apr 2015\u2013Sep 2016", "employment_duration": "1 yr 6 mos", "location": null, "title": "Principal Software Engineer"}, {"company_name": "CA Technologies", "dates_employed": "2013\u2013Mar 2015", "employment_duration": "2 yrs", "location": null, "title": "Senior Software Engineer"}], "education": [{"institution": "Birla Institute of Technology and Science, Pilani", "degree_details": {"degree_name": "Bachelor of Engineering (B.E.)", "field_of_study": "Electrical and Electronics Engineering", "dates_attended_or_expected_graduation": "2003 \u2013 2008"}}, {"institution": "Birla Institute of Technology and Science, Pilani", "degree_details": {"degree_name": "Master of Science (M.Sc.)", "field_of_study": "Economics", "dates_attended_or_expected_graduation": "2003 \u2013 2008"}}], "employee_name": "py/3l9aKDTFu3MTqKPH8LvY=*MinlJf4Ak+shinjD04yUhg==*88wdAfwqWojVpkF5RPMh9g==*1JmUVy0Sak8KrWVe2b1Mfw=="}, {"experience": [{"company_name": "Serviceaide GmbH", "dates_employed": "Mar 2019\u2013Present", "employment_duration": "3 yrs 3 mos", "location": "Tampa, Florida -Frankfurt-Munich", "title": "EMEA Senior Partner Manager"}, {"company_name": "antares Informations-Systeme GmbH", "dates_employed": "May 2017\u2013Present", "employment_duration": "5 yrs 1 mo", "location": "Germany", "title": "Enterprise Account Manager"}, {"company_name": "Cisco", "dates_employed": "Aug 2018\u2013Nov 2018", "employment_duration": "4 mos", "location": "Frankfurt Am Main Area, Germany", "title": "Global Key Account Manager"}, {"company_name": "ADP Neu-Isenburg & Stuttgart", "dates_employed": "2014\u2013Apr 2017", "employment_duration": "3 yrs", "location": "Frankfurt & Stuttgart", "title": "Account Manager Major Accounts Territory"}, {"company_name": "SH | Consult", "dates_employed": "2003\u20132014", "employment_duration": "11 yrs", "location": "Frankfurt Area, Germany", "title": "Managing Director"}], "education": [{"institution": "University of South Florida", "degree_details": {"degree_name": "Executive MBA", "field_of_study": "Business for Mangers", "dates_attended_or_expected_graduation": "2021 \u2013 2023"}}, {"institution": "EBS Universit\u00e4t f\u00fcr Wirtschaft und Recht", "degree_details": {"degree_name": "Senior Business Coach", "field_of_study": "Coaching", "dates_attended_or_expected_graduation": "2008 \u2013 2012"}}, {"institution": "Baden-Wuerttemberg Cooperative State University (DHBW)", "degree_details": {"degree_name": "Dipl. Betriebswirt", "field_of_study": "Information Technology", "dates_attended_or_expected_graduation": "1987 \u2013 1990"}}], "employee_name": "LX9Y2a5ZMCr9uzBxsr4SZQ==*TtlPlHVNCJjcwY/Ch7zw4g==*OOqrSr0nbAdbki102p4y7g==*Xf++T55eFDic6xxTJZGmrw=="}, {"experience": [{"company_name": "Serviceaide, Inc", "dates_employed": "Nov 2020\u2013Present", "employment_duration": "1 yr 7 mos", "location": "Pleasant Grove, Utah, United States", "title": "VP of Global Solutions"}, {"company_name": "Wendia North America", "dates_employed": "Aug 2017\u2013Nov 2020", "employment_duration": "3 yrs 4 mos", "location": "Orem, Utah", "title": "CEO"}, {"company_name": "Wendia", "dates_employed": "Jan 2008\u2013Nov 2020", "employment_duration": "12 yrs 11 mos", "location": "Orem, Utah", "title": "CTO"}, {"company_name": "Stoneware Inc", "dates_employed": "Oct 2007\u2013Jan 2008", "employment_duration": "4 mos", "location": null, "title": "Senior Consulting Engineer"}, {"company_name": "TecServ, Inc.", "dates_employed": "Oct 2006\u2013Oct 2007", "employment_duration": "1 yr 1 mo", "location": null, "title": "Senior Consulting Engineer"}], "education": null, "employee_name": "w4fiw5hDvuaRoAVAlVM=*1TUEnztcvG+DLgOq0CXkxw==*qOrADXJeUo8tqSYpzwbNXQ==*109t9HKDqVWCegi/FrjiRQ=="}, {"experience": [{"company_name": "Serviceaide, Inc", "dates_employed": "Jan 2022\u2013Present", "employment_duration": "5 mos", "location": "Brazil", "title": "Business and Innovation Executive"}, {"company_name": "Fujitsu", "dates_employed": "Feb 2013\u2013Nov 2021", "employment_duration": "8 yrs 10 mos", "location": "S\u00e3o Paulo Area, Brazil", "title": "Business Executive and Innovation Evangelist"}, {"company_name": "CostaGuimar\u00e3es Consulting", "dates_employed": "2006\u2013Apr 2016", "employment_duration": "10 yrs", "location": "S\u00e3o Paulo Area, Brazil", "title": "Owner"}, {"company_name": "Altran", "dates_employed": "2012\u20132012", "employment_duration": "less than a year", "location": null, "title": "Business Development Director"}, {"company_name": "Red & White IT Solutions", "dates_employed": "2011\u20132011", "employment_duration": "less than a year", "location": "Brazil", "title": "Sales Director"}], "education": [{"institution": "Faculdade de Tecnologia de S\u00e3o Paulo - FATEC-SP", "degree_details": {"degree_name": "Bachelor's degree", "field_of_study": "Information Technology", "dates_attended_or_expected_graduation": "1992 \u2013 1997"}}, {"institution": "Universidade Anhembi Morumbi", "degree_details": {"degree_name": "Executive MBA", "field_of_study": "Trends and Innovations", "dates_attended_or_expected_graduation": "2021 \u2013 2022"}}, {"institution": "Instituto Federal de Educa\u00e7\u00e3o, Ci\u00eancia e Tecnologia de S\u00e3o Paulo - IFSP", "degree_details": {"degree_name": "Technical", "field_of_study": "Electronics", "dates_attended_or_expected_graduation": "1986 \u2013 1990"}}], "employee_name": "veoI01SHsdqL2FwAoX4ZBJUv+g==*i7l74gnjAGuOvkPCVodpfA==*sThj5o+MivXOaMpUAyT1QA==*q3TMsZcw8rRI8RyJmbQEEA=="}, {"experience": [{"company_name": "ServiceAide, Inc", "dates_employed": "Jun 2017\u2013Present", "employment_duration": "5 yrs", "location": "LATAM", "title": "Channel Manager LATAM"}, {"company_name": "Experis", "dates_employed": "Oct 2016\u2013May 2017", "employment_duration": "8 mos", "location": null, "title": "Project Manager"}, {"company_name": "CA Technologies", "dates_employed": "Apr 2012\u2013Dec 2015", "employment_duration": "3 yrs 9 mos", "location": "Per\u00fa", "title": "Presales Consultant"}, {"company_name": "Aranda Software Corp", "dates_employed": "Sep 2009\u2013Dec 2011", "employment_duration": "2 yrs 4 mos", "location": "Miraflores", "title": "Presales IT Management Solutions"}, {"company_name": "WWW.PERU.COM S.A.", "dates_employed": "Feb 2009\u2013Aug 2009", "employment_duration": "7 mos", "location": "Miraflores", "title": "Network Manager"}], "education": [{"institution": "ThePower Business School", "degree_details": {"degree_name": "ThePowerMBA con especializaci\u00f3n en Digital Marketing", "field_of_study": "Business and Digital Marketing Expert", "dates_attended_or_expected_graduation": "2020 \u2013 2021"}}, {"institution": "Universidad Nacional del Callao", "degree_details": {"degree_name": "Bachelor's degree", "field_of_study": "Ing. de Sistemas", "dates_attended_or_expected_graduation": "2004 \u2013 2011"}}, {"institution": "EXIN", "degree_details": {"field_of_study": "Foundation Certified in IT Service Management", "dates_attended_or_expected_graduation": "2010 \u2013 2010", "degree_name": null}}], "employee_name": "NMnOUkqtl+H8CDkKaqiMtHM=*cz+2AOgDr7mJ+PwnNRhv5A==*sq3eK/ryjQgcMKdliz/D+Q==*W+g9Ot4Go5sZ43I5xJOVpw=="}, {"experience": [{"company_name": "Red & White Developments Ltd.", "dates_employed": "May 2006\u2013Present", "employment_duration": "16 yrs 1 mo", "location": "Calgary, Canada Area", "title": "Chief Executive Officer"}, {"company_name": "Serviceaide, Inc", "dates_employed": "Jan 2011\u2013Present", "employment_duration": "11 yrs 5 mos", "location": null, "title": "Senior Business Development Specialist"}, {"company_name": "Canada Post / Postes Canada", "dates_employed": "Nov 2011\u2013Present", "employment_duration": "10 yrs 7 mos", "location": "Calgary, Canada Area", "title": "Mail Services"}, {"company_name": "TELUS", "dates_employed": "Dec 1996\u2013Oct 2004", "employment_duration": "7 yrs 11 mos", "location": "Calgary, Canada Area", "title": "Senior Account Manager"}, {"company_name": "SAP", "dates_employed": "1995\u20131996", "employment_duration": "1 yr", "location": "Calgary, Canada Area", "title": "Account Relationship Manager"}], "education": [{"institution": "AMVIC", "degree_details": {"degree_name": "Certificate", "field_of_study": "Specialized Sales, Merchandising and Marketing Operations, Automotive Industry", "dates_attended_or_expected_graduation": null}}, {"institution": "SAP Software", "degree_details": {"degree_name": "Programmer", "field_of_study": "Accounting and Finance", "dates_attended_or_expected_graduation": null}}, {"institution": "University of New Brunswick", "degree_details": {"degree_name": "Bachelor of Business Administration - BBA", "field_of_study": "Business Administration and Management, General", "dates_attended_or_expected_graduation": null}}], "employee_name": "SnNB7DcnAw==*VDGIhk4UbsdAhYLKLYzlCQ==*PPoZyLhampuTulNp1k2BaA==*q53g9ub6SRb1ev5gG+Zf4w=="}, {"experience": [{"company_name": "Serviceaide, Inc", "dates_employed": "Aug 2021\u2013Present", "employment_duration": "10 mos", "location": "S\u00e3o Paulo, Brazil", "title": "Information Technology Service Management Consultant"}, {"company_name": "Major Business Solutions", "dates_employed": "Mar 2020\u2013Aug 2021", "employment_duration": "1 yr 6 mos", "location": "S\u00e3o Paulo, Brazil", "title": "Information Technology Consultant"}, {"company_name": "Self-employed", "dates_employed": "Feb 2019\u2013Mar 2020", "employment_duration": "1 yr 2 mos", "location": null, "title": "IT Consultant"}, {"company_name": "Scua - governan\u00e7a e seguran\u00e7a de TI", "dates_employed": "Apr 2017\u2013Mar 2019", "employment_duration": "2 yrs", "location": "S\u00e3o Paulo Area, Brazil", "title": "Technical Support Consultant"}, {"company_name": "CTIS", "dates_employed": "Jul 2013\u2013Dec 2014", "employment_duration": "1 yr 6 mos", "location": "S\u00e3o Paulo Area, Brazil", "title": "Product Manager"}], "education": [{"institution": "Universidade Salvador", "degree_details": {"degree_name": "Bachelor's degree", "field_of_study": "Computer Science", "dates_attended_or_expected_graduation": "2003 \u2013 2005"}}, {"institution": "Unit", "degree_details": {"dates_attended_or_expected_graduation": null, "degree_name": null, "field_of_study": null}}], "employee_name": "b0Vh8zQLdGy88j0oz3Nt*gjrOqQbtVQte3zCNXRdNqg==*nzTGebJ/EZxJTqPbfdnOVA==*h+9oO3MOtQR7SylY0UrtuQ=="}, {"experience": [{"company_name": "Serviceaide, Inc", "dates_employed": "2012\u2013Present", "employment_duration": "10 yrs", "location": null, "title": "Machine Learning Software Architect"}, {"company_name": "Kelly Mitchell/AT&T Labs", "dates_employed": "2011\u20132012", "employment_duration": "1 yr", "location": null, "title": "Senior Software Consultant"}, {"company_name": "Ceelox Inc.", "dates_employed": "Jan 2005\u20132011", "employment_duration": "6 yrs", "location": null, "title": "Manager of core technology"}, {"company_name": "Capital One", "dates_employed": "1999\u20132004", "employment_duration": "5 yrs", "location": null, "title": "Developer"}, {"company_name": "Capital One Financial", "dates_employed": "1999\u20132004", "employment_duration": "5 yrs", "location": null, "title": "Software Developer"}], "education": null, "employee_name": "GnQlLmnsOIc=*uBcwoFPnjiHVgVgUxCr8Tw==*PTAz2kmnMvzVgqbhTRqlFA==*yM3UJKJEqGCcsAAffcx6kw=="}, {"experience": [{"company_name": "Serviceaide, Inc", "dates_employed": "Dec 2019\u2013Present", "employment_duration": "2 yrs 6 mos", "location": "S\u00e3o Paulo e Regi\u00e3o, Brasil", "title": "Senior Presales Consultant"}, {"company_name": "CA Technologies", "dates_employed": "Jul 2005\u2013Nov 2018", "employment_duration": "13 yrs 5 mos", "location": "Brazil", "title": "Pre-Sales Consultant"}, {"company_name": "HP", "dates_employed": "Dec 2000\u2013Jul 2005", "employment_duration": "4 yrs 8 mos", "location": "S\u00e3o Paulo Area, Brazil", "title": "IT Consultant"}, {"company_name": "Pr\u00f3 Recursos Humanos", "dates_employed": "Feb 1998\u2013Dec 2000", "employment_duration": "2 yrs 11 mos", "location": "Brazil", "title": "IT Consultant"}], "education": [{"institution": "FGV - Funda\u00e7\u00e3o Getulio Vargas", "degree_details": {"degree_name": "MBA TIGEN (Information Technology applied to the Strategic Management of Business): FGV dec/2006;", "field_of_study": "Information Systems Management", "dates_attended_or_expected_graduation": "2005 \u2013 2006"}}, {"institution": "Universidade Federal de Itajub\u00e1", "degree_details": {"degree_name": "Mechanical Engineering", "field_of_study": "Mechanical Engineering", "dates_attended_or_expected_graduation": "1990 \u2013 1997"}}], "employee_name": "cTqYGI5cSJPf6+rvAw4=*2Y8FYYEwPCL3r39cDGar7Q==*Qp5LMJ1dJjfjxXNQDHn+ZA==*nVttsUuU+SD87zrlTFg/+g=="}, {"experience": [{"company_name": "Serviceaide, Inc", "dates_employed": "Jan 2018\u2013Present", "employment_duration": "4 yrs 5 mos", "location": "New London/Norwich, Connecticut Area", "title": "Solutions Architect"}, {"company_name": "Self-employed", "dates_employed": "Jan 2017\u2013Jan 2018", "employment_duration": "1 yr 1 mo", "location": "New London/Norwich, Connecticut Area", "title": "ITSM Consultant"}, {"company_name": "Digital Celerity", "dates_employed": "Feb 2013\u2013Nov 2016", "employment_duration": "3 yrs 10 mos", "location": null, "title": "Senior Technical Consultant"}, {"company_name": "CSC", "dates_employed": "Nov 2003\u2013Feb 2013", "employment_duration": "9 yrs 4 mos", "location": null, "title": "Application Developer"}], "education": [{"institution": "Boston University", "degree_details": {"degree_name": "Bachelor's degree", "field_of_study": "Chemistry", "dates_attended_or_expected_graduation": "1996 \u2013 2000"}}], "employee_name": "sa6RaHirchxnFgbvjQ==*biARQYOAUT9fibVTwoIH0g==*77nefy9s0kdlLKZFbgpXWQ==*XF2Dqv+Rqfo3uQiA3sAfNA=="}, {"experience": [{"company_name": "Serviceaide, Inc", "dates_employed": "Jan 2022\u2013Present", "employment_duration": "5 mos", "location": "United States", "title": "Presales Consultant"}, {"company_name": "T3S Tecnolog\u00edas", "dates_employed": "Feb 2019\u2013Jan 2022", "employment_duration": "3 yrs", "location": "Mexico City Area, Mexico", "title": "Technology Specialist"}, {"company_name": "VMware", "dates_employed": "Jul 2014\u2013Feb 2019", "employment_duration": "4 yrs 8 mos", "location": "Mexico City Area, Mexico", "title": "Sr Consultant"}, {"company_name": "CA", "dates_employed": "Apr 2009\u2013Jun 2014", "employment_duration": "5 yrs 3 mos", "location": "Mexico City Area, Mexico", "title": "Sr Consultant"}, {"company_name": "Symantec", "dates_employed": "Jan 2007\u2013Mar 2009", "employment_duration": "2 yrs 3 mos", "location": null, "title": "Product Specialist"}], "education": [{"institution": "Universidad Aut\u00f3noma Metropolitana", "degree_details": {"dates_attended_or_expected_graduation": "1985 \u2013 1992", "degree_name": null, "field_of_study": null}}, {"institution": "C.E.C. y T. #1", "degree_details": {"degree_name": "Tecnico en Electr\u00f3nica", "dates_attended_or_expected_graduation": "1982 \u2013 1985", "field_of_study": null}}], "employee_name": "3vA11gT+zy+WSLocnWdWDg==*rE/GeGNk9oIXMoHi1HYJGA==*rmBimSIxsAsG5RI42uKVvw==*ktTOPi8wqM+zuSc1WkNMwQ=="}, {"experience": [{"company_name": "Serviceaide, Inc", "dates_employed": "Jul 2019\u2013Present", "employment_duration": "2 yrs 11 mos", "location": "Hyderabad, Telangana", "title": "Senior Software Engineer"}, {"company_name": "ServiceAide, Inc", "dates_employed": "Dec 2016\u2013Jul 2019", "employment_duration": "2 yrs 8 mos", "location": "Hyderabad Area, India", "title": "Software Engineer"}, {"company_name": "Invizo Technologies Pvt. Ltd. (Startup)", "dates_employed": "Jul 2015\u2013Dec 2016", "employment_duration": "1 yr 6 mos", "location": "Hyderabad", "title": "Senior Mobile App Developer"}, {"company_name": "ViduSoft Pvt. Ltd. (Startup)", "dates_employed": "Apr 2014\u2013Jul 2015", "employment_duration": "1 yr 4 mos", "location": "Hyderabad", "title": "Mobile App Developer"}, {"company_name": "MBN Systems Pvt. Ltd. (Startup)", "dates_employed": "Apr 2013\u2013Jul 2013", "employment_duration": "4 mos", "location": "Hyderabad", "title": "PHP WordPress Developer & Web Designer"}], "education": [{"institution": "RGUKT Basar", "degree_details": {"degree_name": "Bachelor of Technology (B.Tech.)", "field_of_study": "Computer Science and Engineering", "dates_attended_or_expected_graduation": "2010 \u2013 2014"}}, {"institution": "RGUKT Basar", "degree_details": {"degree_name": "Pre University Course", "field_of_study": "MBPC, IT", "dates_attended_or_expected_graduation": "2008 \u2013 2010"}}, {"institution": "ZPHS Basheerabad", "degree_details": {"degree_name": "SSC", "dates_attended_or_expected_graduation": "2007 \u2013 2008", "field_of_study": null}}], "employee_name": "wMbztFy7awe/vGugRA==*gt1Nf7Nww+f6R7Al75u3Ow==*Tx4/fOarxl2gZVEggsm6BA==*AGlV8EZsnhx23PfPIE3V5Q=="}, {"experience": [{"company_name": "None", "dates_employed": "Oct 2020\u2013Present", "employment_duration": "1 yr 8 mos", "location": "Beaverton, Oregon, United States", "title": "Retired"}, {"company_name": "Serviceaide, Inc", "dates_employed": "Feb 2019\u2013Present", "employment_duration": "3 yrs 4 mos", "location": "Portland, Oregon Area", "title": "Senior Director - Sales and Account Management"}, {"company_name": "Self", "dates_employed": "Mar 2018\u2013Jan 2019", "employment_duration": "11 mos", "location": null, "title": "Sabbatical"}, {"company_name": "Cherwell Software", "dates_employed": "Feb 2016\u2013Feb 2018", "employment_duration": "2 yrs 1 mo", "location": "Portland, Oregon Area", "title": "Territory Manager"}, {"company_name": "Blazent", "dates_employed": "Aug 2015\u2013Jan 2016", "employment_duration": "6 mos", "location": "Portland, Oregon Area", "title": "Sales Executive (Field Sales)"}], "education": [{"institution": "University of California, Santa Cruz", "degree_details": {"degree_name": "BS", "field_of_study": "Computer Science", "dates_attended_or_expected_graduation": "1982"}}, {"institution": "Whitefish Bay High", "degree_details": {"dates_attended_or_expected_graduation": null, "degree_name": null, "field_of_study": null}}], "employee_name": "OCeJSo2kdgeUcHM=*DhxFQDcqYiAwZG9S2wzqXQ==*OutN1yEpVOOWo5Cjo49Jkg==*4Zyb/KnqWoPKjuVQxh7Vpg=="}, {"experience": [{"company_name": "Serviceaide, Inc", "dates_employed": "Jul 2021\u2013Present", "employment_duration": "11 mos", "location": null, "title": "Service Project Manager"}, {"company_name": "IOXO", "dates_employed": "Oct 2019\u2013Nov 2020", "employment_duration": "1 yr 2 mos", "location": null, "title": "Vice President of Technical Sales and Customer Onboarding"}, {"company_name": "Dowdle", "dates_employed": "Nov 2016\u2013Sep 2019", "employment_duration": "2 yrs 11 mos", "location": "Lindon, Utah", "title": "Director Of Business Development"}, {"company_name": "UAMPS", "dates_employed": "Jun 2014\u2013Dec 2016", "employment_duration": "2 yrs 7 mos", "location": "Greater Salt Lake City Area", "title": "Senior System and Security Engineer"}, {"company_name": "Wendia", "dates_employed": "Feb 2011\u2013Jun 2014", "employment_duration": "3 yrs 5 mos", "location": null, "title": "Business Development Manager/Sales"}], "education": [{"institution": "Brigham Young University", "degree_details": {"dates_attended_or_expected_graduation": "1976 \u2013 1980", "degree_name": null, "field_of_study": null}}], "employee_name": "K1rfuJvkRg+CmlQCsw==*UEiSSf3Dbby3eZ3qujp/fw==*OmcYzro+J53/M/zh3J9DIg==*rZZNgIU4ZBCqllP+0r54xg=="}, {"experience": [{"company_name": "Serviceaide, Inc", "dates_employed": "Jan 2018\u2013Present", "employment_duration": "4 yrs 5 mos", "location": "Tampa/St. Petersburg, Florida Area", "title": "Technical Support Manager"}, {"company_name": "Theochem Laboratories", "dates_employed": "Sep 2010\u2013Jan 2018", "employment_duration": "7 yrs 5 mos", "location": "Tampa/St. Petersburg, Florida Area", "title": "Director of Supply Chain, Procurement and Planning"}, {"company_name": "Albertsons LLC", "dates_employed": "Feb 2007\u2013Jul 2010", "employment_duration": "3 yrs 6 mos", "location": "Plant City , Florida Area", "title": "Director of Procurement"}, {"company_name": "U.S. Foodservice", "dates_employed": "Apr 1993\u2013Jan 2007", "employment_duration": "13 yrs 10 mos", "location": "Lakeland, Florida Area", "title": "VP Purchasing, Merchandising and Logistic"}], "education": [{"institution": "Auburn University", "degree_details": {"degree_name": "Bachelor\u2019s Degree", "field_of_study": "Transportation and Physical Distribution", "dates_attended_or_expected_graduation": null}}], "employee_name": "VbQdRFCxinB0Pag8WKc=*uTxYyGQfKGOaMsJPxxHsbA==*2MpNxXIttjRIhIr8xU+HUg==*um/xW5QdWl8EI4AdrrVDUA=="}, {"experience": [{"company_name": "Serviceaide, Inc", "dates_employed": "Jun 2019\u2013Present", "employment_duration": "3 yrs", "location": "Tampa/St. Petersburg, Florida Area", "title": "AI Software Engineer"}, {"company_name": "University of South Florida", "dates_employed": "May 2017\u2013Aug 2017", "employment_duration": "4 mos", "location": "Tampa/St. Petersburg, Florida Area", "title": "Research Assistant"}], "education": [{"institution": "University of Florida", "degree_details": {"degree_name": "Master of Science - MS", "field_of_study": "Computer Science", "dates_attended_or_expected_graduation": "2017 \u2013 2019"}}, {"institution": "University of South Florida", "degree_details": {"degree_name": "Bachelor of Science - BS", "field_of_study": "Computer Science", "dates_attended_or_expected_graduation": "2014 \u2013 2017"}}, {"institution": "University of South Florida", "degree_details": {"degree_name": "Bachelor of Arts - BA", "field_of_study": "Mathematics", "dates_attended_or_expected_graduation": "2019 \u2013 2021"}}], "employee_name": "0us9cIiMk5lXQg==*pEPbSs558fn+AI9smRxllQ==*riP5xi5hRO0Wgsko0TlvRA==*n/3s3GEvzBFLOhwL4uSO+w=="}, {"experience": null, "education": null, "employee_name": "hfZgOukNNIfPP9rQOFVf*Mj5u+Ws3FUoIALiAb+zVAA==*76VuO2eeUV/Nyenfey+95Q==*ApGTX8757u0mvmoXOYHPww=="}, {"experience": [{"company_name": "Serviceaide, Inc", "dates_employed": "Jan 2021\u2013Present", "employment_duration": "1 yr 5 mos", "location": "USA", "title": "Senior Software Developer"}, {"company_name": "Wendia", "dates_employed": "Feb 1996\u2013Jan 2022", "employment_duration": "26 yrs", "location": null, "title": "Developer"}], "education": [{"institution": "Helsing\u00f8r Engineering", "degree_details": {"degree_name": "Engineer", "field_of_study": "Mechanical engineer", "dates_attended_or_expected_graduation": "1990 \u2013 1994"}}, {"institution": "Himmelev Gymnasium", "degree_details": {"field_of_study": "Matematik og Computervidenskab", "dates_attended_or_expected_graduation": "1983 \u2013 1986", "degree_name": null}}], "employee_name": "jV9saENKccBn*QG74KUyFieWmNFHyXOLOIg==*WHSIOsXPxMmgjiyuUdoO3g==*2TBvOrIdUXLt40ice4VQ7w=="}, {"experience": [{"company_name": "ServiceAide, Inc", "dates_employed": "Oct 2016\u2013Present", "employment_duration": "5 yrs 8 mos", "location": "China &JAPAC", "title": "Senior Director, Alliance and Channel"}, {"company_name": "ServiceAide, Inc", "dates_employed": "Oct 2016\u2013Present", "employment_duration": "5 yrs 8 mos", "location": "Beijing City, China", "title": "Senior Consultant & Alliance Director"}, {"company_name": "Oracle", "dates_employed": "2008\u2013Jun 2016", "employment_duration": "8 yrs", "location": "Beijing City, China", "title": "Senior Manager"}, {"company_name": "BEA Systems", "dates_employed": "2004\u20132006", "employment_duration": "2 yrs", "location": null, "title": "Senior Manager"}, {"company_name": "HP", "dates_employed": "1999\u20132005", "employment_duration": "6 yrs", "location": null, "title": "Sr. Consultant Software BU"}], "education": [{"institution": "Beijing Institute of Technology", "degree_details": {"dates_attended_or_expected_graduation": null, "degree_name": null, "field_of_study": null}}], "employee_name": "nnIqRxcgNkp7T+1iu4MH*bCQEFzb7X6+rUy91xtED3Q==*NHDDeQd0Rqnx+f6F5tpvKg==*RlCD8Wq/mPfSB8icYiPPCA=="}, {"experience": [{"company_name": "Serviceaide, Inc", "dates_employed": "Dec 2020\u2013Present", "employment_duration": "1 yr 6 mos", "location": null, "title": "Sr Field Engineer"}, {"company_name": "Wendia", "dates_employed": "Apr 2017\u2013Present", "employment_duration": "5 yrs 2 mos", "location": "Orem, UT", "title": "Senior Consulting Engineer"}, {"company_name": "Anthelio Healthcare Solutions", "dates_employed": "Sep 2014\u2013Apr 2017", "employment_duration": "2 yrs 8 mos", "location": null, "title": "Sr. Technical Analyst"}, {"company_name": "Anthelio Healthcare Solutions", "dates_employed": "Dec 2006\u2013Sep 2014", "employment_duration": "7 yrs 10 mos", "location": null, "title": "Technical Analyst"}, {"company_name": "PHNS", "dates_employed": "Jul 2004\u2013Dec 2006", "employment_duration": "2 yrs 6 mos", "location": null, "title": "Service Desk"}], "education": [{"institution": "University of Phoenix", "degree_details": {"degree_name": "Bachelor of Science - BS", "field_of_study": "Information Technology", "dates_attended_or_expected_graduation": "2018"}}], "employee_name": "QdgdqdMkCZuBJjuq*yClkRKC48VVdb6JFEbnklA==*Ll8Ct5tIDXpuIplhohRpfw==*Y3jlamnMBSAiiDjfT9GCug=="}, {"experience": [{"company_name": "Serviceaide, Inc", "dates_employed": "Jan 2017\u2013Present", "employment_duration": "5 yrs 5 mos", "location": "United States", "title": "Marketing Director"}, {"company_name": "ServiceAide, Inc", "dates_employed": "Jan 2016\u2013Present", "employment_duration": "6 yrs 5 mos", "location": null, "title": "Marketing"}, {"company_name": "Serviceaide, Inc", "dates_employed": "Jan 2008\u2013Present", "employment_duration": "14 yrs 5 mos", "location": null, "title": "Marketing Specialist"}], "education": null, "employee_name": "GKSs9UhEwQvBcquItxvmafJKRkGy40q1*6K6VWwlXFabuOMGFumO2lA==*/8VcrdJOWtX8+b8fXBrGHg==*YIXZceW5BkIGbIjCCg8e2A=="}, {"experience": [{"company_name": "Serviceaide, Inc", "dates_employed": "May 2018\u2013Present", "employment_duration": "4 yrs 1 mo", "location": "San Jose, California", "title": "Finance & Sales Operations"}, {"company_name": "Serviceaide, Inc", "dates_employed": "May 2017\u2013Aug 2017", "employment_duration": "4 mos", "location": "San Jose, CA", "title": "Finance Intern"}, {"company_name": "WGSigma Systems, Inc.", "dates_employed": "May 2016\u2013Aug 2016", "employment_duration": "4 mos", "location": "San Jose, CA", "title": "Finance Intern"}, {"company_name": "Keating Consulting Group", "dates_employed": "May 2014\u2013Aug 2015", "employment_duration": "1 yr 4 mos", "location": "San Mateo, CA", "title": "Finance & Accounting Intern"}], "education": [{"institution": "University of Illinois Urbana-Champaign", "degree_details": {"degree_name": "BS", "field_of_study": "Financial Planning", "dates_attended_or_expected_graduation": "2014 \u2013 2018"}}, {"institution": "The Harker School", "degree_details": {"degree_name": "High School", "dates_attended_or_expected_graduation": "2010 \u2013 2014", "field_of_study": null}}], "employee_name": "GuRSt3NzMe9M3l5NtfM=*8N1AMxQOufjJus8DUYtxCA==*nyoyoFUlYCJ2Hw+DSd1NuQ==*b5JqBT29jmn8S4rgxgkPlQ=="}, {"experience": [{"company_name": "Serviceaide, Inc", "dates_employed": "Apr 2020\u2013Present", "employment_duration": "2 yrs 2 mos", "location": "Hyderabad, Telangana, India", "title": "HR Business Partner"}, {"company_name": "U&Me Communication", "dates_employed": "Dec 2015\u2013Apr 2020", "employment_duration": "4 yrs 5 mos", "location": "Hyderabad Area, India", "title": "Sr. HR Executive"}, {"company_name": "U&Me Communication", "dates_employed": "Dec 2015\u2013Apr 2020", "employment_duration": "4 yrs 5 mos", "location": "Hyderabad Area, India", "title": "SR HR Executive"}], "education": [{"institution": "Ganapathy Engineering College", "degree_details": {"degree_name": "Master of Business Administration (MBA)", "field_of_study": "Human Resource", "dates_attended_or_expected_graduation": "2009 \u2013 2011"}}], "employee_name": "rc+xwia3F1ZZ5iAh7OxbqFQe*fVlXP+d0TlR5B8eioej5aQ==*hlaYa+vve7bhLSqpMQv36g==*f5T8TNYpC5gvEm/vKt2Adw=="}, {"experience": [{"company_name": "Serviceaide, Inc", "dates_employed": "Jan 2022\u2013Present", "employment_duration": "5 mos", "location": "Hyderabad, Telangana, India", "title": "Associate Software Engineer"}, {"company_name": "Kshema general Insurance Company", "dates_employed": "Oct 2021\u2013Jan 2022", "employment_duration": "4 mos", "location": "Hyderabad, Telangana, India", "title": "Student Internship"}, {"company_name": "Meghana Industries - India", "dates_employed": "May 2015\u2013Apr 2017", "employment_duration": "2 yrs", "location": "Hyderabad, Telangana, Indien", "title": "Management Trainee"}], "education": [{"institution": "Jawaharlal Nehru Technological University, Hyderabad", "degree_details": {"degree_name": "Master of Science in Information Technology", "field_of_study": "Computer Software Engineering", "dates_attended_or_expected_graduation": "2020 \u2013 2022"}}, {"institution": "Universit\u00e4t Rostock", "degree_details": {"degree_name": "Master of Science - MS", "field_of_study": "computational mechanical sciences and engineering", "dates_attended_or_expected_graduation": "2017 \u2013 2020"}}, {"institution": "Osmania University, Hyderabad", "degree_details": {"degree_name": "Bachelor of Engineering - BE", "field_of_study": "Mechanical engineering", "dates_attended_or_expected_graduation": "2011 \u2013 2015"}}], "employee_name": "BMhVmhZLURS9jhxCTQzoKiiG*31b0d2F9OKLZqdbD0wjMyA==*EOeRXQAqCwIMED2padQXwQ==*TxwPCXOMkJOvUKTXIiUSfQ=="}, {"experience": [{"company_name": "Serviceaide, Inc", "dates_employed": "May 2012\u2013Present", "employment_duration": "10 yrs 1 mo", "location": "Tampa/St. Petersburg, Florida Area", "title": "Senior Software Engineer"}, {"company_name": "SunView Software, Inc.", "dates_employed": "May 2015\u2013May 2019", "employment_duration": "4 yrs 1 mo", "location": "Tampa/St. Petersburg, Florida Area", "title": "Software Engineer"}, {"company_name": "SunView Software, Inc.", "dates_employed": "May 2012\u2013May 2015", "employment_duration": "3 yrs 1 mo", "location": null, "title": "Associate Software Engineer"}], "education": [{"institution": "University of Central Florida", "degree_details": {"degree_name": "Bachelor of Science (BS)", "field_of_study": "Computer Engineering", "dates_attended_or_expected_graduation": "2008 \u2013 2011"}}, {"institution": "University of Central Florida", "degree_details": {"degree_name": "Bachelor's degree", "field_of_study": "Electrical Engineering", "dates_attended_or_expected_graduation": "2008 \u2013 2011"}}], "employee_name": "Lf5gEhpl+yJ4laxjs7qd4g==*dKnIxnuQ7PYaXpRlB3LYEQ==*B9ZvdSmg5pvcfM0/zODIHw==*uHZvXpS3B5nvOL9VdqIz4A=="}, {"experience": [{"company_name": "Serviceaide, Inc", "dates_employed": "May 2020\u2013Present", "employment_duration": "2 yrs 1 mo", "location": null, "title": "Professional Services Consultant"}, {"company_name": "Vertafore", "dates_employed": "May 2019\u2013Oct 2019", "employment_duration": "6 mos", "location": null, "title": "Sr. Business Analyst"}, {"company_name": "Freedom Health & Optimum HealthCare", "dates_employed": "Oct 2018\u2013May 2019", "employment_duration": "8 mos", "location": null, "title": "Technology Project Leader"}, {"company_name": "Freedom Health & Optimum HealthCare", "dates_employed": "Sep 2017\u2013Apr 2018", "employment_duration": "8 mos", "location": null, "title": "Project & Business Analyst"}, {"company_name": "Xtime", "dates_employed": "May 2012\u2013Apr 2017", "employment_duration": "5 yrs", "location": null, "title": "Senior Consultant/Consultant"}], "education": [{"institution": "University of Phoenix", "degree_details": {"degree_name": "Master of Business Administration - MBA", "dates_attended_or_expected_graduation": "2010", "field_of_study": null}}, {"institution": "UCF College of Business", "degree_details": {"degree_name": "Bachelor of Science - BS", "field_of_study": "Finance, General", "dates_attended_or_expected_graduation": "2004"}}], "employee_name": "v6RV+mfJnUg=*XkrpEC4IVG6NBq53WPJjDA==*cd3vR+c96KnJK1CBTdZa8g==*jx3MoIgWa8MhmmYcujiRsA=="}, {"experience": [{"company_name": "Serviceaide, Inc", "dates_employed": "May 2022\u2013Present", "employment_duration": "1 mo", "location": "Hyderabad, Telangana, India", "title": "Software Engineer"}, {"company_name": "Cloud4C Services", "dates_employed": "Jun 2021\u2013Apr 2022", "employment_duration": "11 mos", "location": "Hyderabad, Telangana, India", "title": "Senior Engineer"}, {"company_name": "Cloud4C Services", "dates_employed": "Jun 2020\u2013May 2021", "employment_duration": "1 yr", "location": "Hyderabad, Telangana, India", "title": "L1 Engineer"}, {"company_name": "Cloud4C Services", "dates_employed": "Feb 2019\u2013May 2020", "employment_duration": "1 yr 4 mos", "location": "Hyderabad, Telangana, India", "title": "Associate Engineer"}], "education": [{"institution": "Maharaj Vijayaram Gajapathi Raj College of Engineering, Chintalavalasa, Vizianagaram-535005 (CC-33)", "degree_details": {"degree_name": "Bachelor of Technology - BTech", "field_of_study": "Computer Science", "dates_attended_or_expected_graduation": "2015 \u2013 2019"}}, {"institution": "Narayana Junior College - India", "degree_details": {"degree_name": "Intermediate", "field_of_study": "MPC", "dates_attended_or_expected_graduation": "2013 \u2013 2015"}}], "employee_name": "I/MvYUFcQLO1xJt1QDxZigvuv+mwNA==*+ENkSKFN9V7Bs+nMA4OKAw==*04CahxpvsUPJpAWik4jyig==*OahZ0kiSS+VCEtYxMQ1THw=="}, {"experience": [{"company_name": "Serviceaide, Inc", "dates_employed": "Apr 2018\u2013Present", "employment_duration": "4 yrs 2 mos", "location": "Hyderabad Area, India", "title": "Software Engineer"}, {"company_name": "Oracle", "dates_employed": "Jan 2016\u2013Mar 2018", "employment_duration": "2 yrs 3 mos", "location": "Hyderabad Area, India", "title": "Application Engineer"}, {"company_name": "Tata Consultancy Services", "dates_employed": "May 2013\u2013Dec 2015", "employment_duration": "2 yrs 8 mos", "location": "Hyderabad Area, India", "title": "System Engineer"}], "education": [{"institution": "Odisha University of Technology and Research", "degree_details": {"degree_name": "Bachelor of Technology - BTech", "field_of_study": "Computer Science", "dates_attended_or_expected_graduation": "2008 \u2013 2012"}}], "employee_name": "4uc3exw6/Y8AdutJn+g=*j9rlHJgUcNVKtKXcnkDHtg==*G3FttvCsUBo3u5O4zc4/Uw==*MLUdN18gf5nLmuFTpmenjw=="}, {"experience": [{"company_name": "Serviceaide, Inc", "dates_employed": "Sep 2018\u2013Present", "employment_duration": "3 yrs 9 mos", "location": null, "title": "Senior Support Engineer"}, {"company_name": "Mastercard", "dates_employed": "Jan 2017\u2013Present", "employment_duration": "5 yrs 5 mos", "location": "Vadodara Area, India", "title": "Senior Associate Engineer"}, {"company_name": "Atos", "dates_employed": "Jul 2011\u2013Jan 2017", "employment_duration": "5 yrs 7 mos", "location": "Vadodara Area, India", "title": "Senior System Analyst"}, {"company_name": "CA Technologies", "dates_employed": "Dec 2008\u2013Jul 2011", "employment_duration": "2 yrs 8 mos", "location": "Vadodara Area, India", "title": "Senior Support Engineer"}, {"company_name": "PCS Technology Ltd.", "dates_employed": "Jan 2008\u2013Nov 2008", "employment_duration": "11 mos", "location": "Vadodara Area, India", "title": "FMS Engineer"}], "education": [{"institution": "Sardar Patel University", "degree_details": {"degree_name": "Bachelors in Engineering", "field_of_study": "Information Technology", "dates_attended_or_expected_graduation": "2004 \u2013 2008"}}, {"institution": "Maharaja Sayajirao University of Baroda, Vadodara", "degree_details": {"degree_name": "Diploma", "field_of_study": "Information Technology", "dates_attended_or_expected_graduation": "2002 \u2013 2004"}}], "employee_name": "ItijFUwTUKnthCbo*wVT7HmcLo7UuA0yKPfTAUA==*Ssrvedf5T6t90WuFCT40+A==*Fcjw7bDojXklaheJng5hIQ=="}, {"experience": [{"company_name": "Serviceaide, Inc", "dates_employed": "Aug 2017\u2013Present", "employment_duration": "4 yrs 10 mos", "location": "Hyderabad Area, India", "title": "Principal Support Engineer"}, {"company_name": "CA Technologies", "dates_employed": "Apr 2011\u2013Jul 2017", "employment_duration": "6 yrs 4 mos", "location": "Hyderabad Area, India", "title": "Senior Support Engineer"}, {"company_name": "InteQ Corporation", "dates_employed": "Mar 2004\u2013Mar 2011", "employment_duration": "7 yrs 1 mo", "location": "Vadodara Area, India", "title": "L2 Incident Engineer"}], "education": null, "employee_name": "JXs+pVcmN+qhxNE=*cIrY1Gb+kdgS/Gr42FcvPg==*OHu7hXFQMy5kyH7m/AnFIw==*+fs3c51jzrDtHermYK4Nng=="}, {"experience": [{"company_name": "ServiceAide, Inc", "dates_employed": "Jun 2017\u2013Present", "employment_duration": "5 yrs", "location": "Hyderabad Area, India", "title": "QA Engineer"}, {"company_name": "Altiux Innovations", "dates_employed": "Oct 2016\u2013Apr 2017", "employment_duration": "7 mos", "location": "Bengaluru Area, India", "title": "Senior Test Engineer"}, {"company_name": "Infosys", "dates_employed": "Aug 2010\u2013May 2016", "employment_duration": "5 yrs 10 mos", "location": "Bengaluru Area, India", "title": "Technology Analyst"}], "education": [{"institution": "Vasavi college of engineering", "degree_details": {"degree_name": "B.E", "field_of_study": "Computer Science and Engineering", "dates_attended_or_expected_graduation": "2006 \u2013 2010"}}, {"institution": "Sri Chaitanya College of Education", "degree_details": {"dates_attended_or_expected_graduation": "2004 \u2013 2006", "degree_name": null, "field_of_study": null}}, {"institution": "St joseph's high school", "degree_details": {"dates_attended_or_expected_graduation": "1994 \u2013 2004", "degree_name": null, "field_of_study": null}}], "employee_name": "MfiChzna1zA/I/3+LtH3QoQ=*ZE2uG93tgtwTpqfJFUorbA==*SiKAJtey+4vdDLv5PCgNQg==*BUW33Ci+B4nGKfnPSd1diA=="}, {"experience": [{"company_name": "Serviceaide, Inc", "dates_employed": "Aug 2015\u2013Present", "employment_duration": "6 yrs 10 mos", "location": "Tampa/St. Petersburg, Florida Area", "title": "Professional Services Consultant"}], "education": [{"institution": "University of South Florida", "degree_details": {"degree_name": "Bachelor of Science (BS)", "field_of_study": "Management Information Systems, General", "dates_attended_or_expected_graduation": "2010 \u2013 2015"}}], "employee_name": "iP8ldJUFBn8ZG+ghEw==*7VUzzRoslVNPRRBsdNhQlA==*Rbl4O+Ng68rej504swj8KQ==*Djw2LY/CF0Tlg5JrurvNBQ=="}, {"experience": [{"company_name": "ServiceAide, Inc", "dates_employed": "Jan 2020\u2013Present", "employment_duration": "2 yrs 5 mos", "location": "Hyderabad Area, India", "title": "Director Product Services"}, {"company_name": "CA Technologies", "dates_employed": "Sep 2012\u2013Sep 2016", "employment_duration": "4 yrs 1 mo", "location": "Hyderabad Area, India", "title": "Principal Product Manager"}, {"company_name": "Nimsoft", "dates_employed": "Sep 2011\u2013Sep 2012", "employment_duration": "1 yr 1 mo", "location": "Hyderabad", "title": "Services Architect"}, {"company_name": "CA, Inc", "dates_employed": "Apr 2009\u2013Sep 2011", "employment_duration": "2 yrs 6 mos", "location": null, "title": "Services Architect"}, {"company_name": "CA Technologies", "dates_employed": "Oct 2006\u2013Mar 2009", "employment_duration": "2 yrs 6 mos", "location": null, "title": "Global Product Manager"}], "education": [{"institution": "Karnatak University", "degree_details": {"degree_name": "Electronics and Communications", "field_of_study": "Electronics and Communications", "dates_attended_or_expected_graduation": "1987 \u2013 1991"}}], "employee_name": "ufLDQFvPaJJ8y0uHQ1qDqg==*B5E5ZOHI/mF9yfdy5v00Cg==*ByVwjfo139oP5i9IewA/fw==*l/KgnY6bjkE3FS/QdwPErw=="}, {"experience": [{"company_name": "Serviceaide, Inc", "dates_employed": "Jan 2020\u2013Present", "employment_duration": "2 yrs 5 mos", "location": "Hyderabad Area, India", "title": "Technical Lead"}, {"company_name": "Serviceaide, Inc", "dates_employed": "Jan 2018\u2013Jan 2020", "employment_duration": "2 yrs 1 mo", "location": "Hyderabad Area, India", "title": "Senior Software Engineer"}, {"company_name": "OpenText", "dates_employed": "Nov 2016\u2013Jan 2018", "employment_duration": "1 yr 3 mos", "location": null, "title": "Staff Software Engineer"}, {"company_name": "FINDaDOCTOR", "dates_employed": "Apr 2016\u2013Nov 2016", "employment_duration": "8 mos", "location": "Hyderabad Area, India", "title": "Full Stack Developer"}, {"company_name": "CA Technologies", "dates_employed": "Jun 2011\u2013Feb 2016", "employment_duration": "4 yrs 9 mos", "location": "Hyderabad Area, India", "title": "Software Engineer"}], "education": [{"institution": "University of Hyderabad", "degree_details": {"degree_name": "Master of Technology (M.Tech.)", "field_of_study": "Computer Science", "dates_attended_or_expected_graduation": "2009 \u2013 2011"}}, {"institution": "S.R Engineering College", "degree_details": {"degree_name": "Bachelor of Technology (B.Tech.)", "field_of_study": "Computer Science", "dates_attended_or_expected_graduation": "2005 \u2013 2009"}}, {"institution": "Masters junior college", "degree_details": {"degree_name": "Intermediate", "field_of_study": "Maths,Physics and Chemistry", "dates_attended_or_expected_graduation": "2003 \u2013 2005"}}], "employee_name": "fIQwXsqpA0OW1Xk/wrM=*YDhCAr7QE3ahVgI+h2OeWA==*TH9kfN/wvX7joTajsuU8iw==*T0K5CzYccv0UH8aELUXiZA=="}, {"experience": [{"company_name": "Serviceaide, Inc", "dates_employed": "Jun 2021\u2013Present", "employment_duration": "1 yr", "location": "Tampa, Florida, United States", "title": "Sr. Sales Engineer"}, {"company_name": "Proforma", "dates_employed": "Apr 2015\u2013Jun 2021", "employment_duration": "6 yrs 3 mos", "location": "Tampa/St. Petersburg, Florida Area", "title": "Sr. Project Manager | Director of Ecommerce | Sr. Sales Engineer"}, {"company_name": "Jagged Peak", "dates_employed": "Apr 2010\u2013Apr 2015", "employment_duration": "5 yrs 1 mo", "location": "Tampa, FL", "title": "Sr. Account Executive | Sr. Project Manager"}, {"company_name": "Web Direct Brands, Inc.", "dates_employed": "2007\u20132010", "employment_duration": "3 yrs", "location": "Odessa, FL", "title": "IT Director"}, {"company_name": "Publix Super Market", "dates_employed": "2006\u20132007", "employment_duration": "1 yr", "location": "Lakeland, FL", "title": "Consultant / Application Support Analyst"}], "education": null, "employee_name": "6V9KNelWE9jkXpU=*xmMRy4e8kQQldQ2mBng1qw==*XBr3eZOD+h/iGWMHTQjhwg==*3aJDgNk0CMybUxW83dGlBA=="}, {"experience": [{"company_name": "Serviceaide, Inc", "dates_employed": "Sep 2019\u2013Present", "employment_duration": "2 yrs 9 mos", "location": "Phoenix, Arizona Area", "title": "North America Business Development"}, {"company_name": "Navigator Business Solutions", "dates_employed": "Oct 2017\u2013Sep 2019", "employment_duration": "2 yrs", "location": "Phoenix, Arizona Area", "title": "SAP BusinessOne Sales Executive"}, {"company_name": "Viridian Sciences | Cannabis Software", "dates_employed": "Oct 2017\u2013Sep 2019", "employment_duration": "2 yrs", "location": null, "title": "Sales Executive"}, {"company_name": "Revitas (now Model N)", "dates_employed": "Nov 2013\u2013Mar 2017", "employment_duration": "3 yrs 5 mos", "location": "Greater Philadelphia Area", "title": "Senior Director Commercial Business Development"}, {"company_name": "SAP", "dates_employed": "Sep 2011\u2013Oct 2013", "employment_duration": "2 yrs 2 mos", "location": "Scottsdale AZ", "title": "Enterprise Sales - Cloud"}], "education": null, "employee_name": "7BHz834eIkQXOq0xlIo=*Owhqg4TPVFai5Up0xnpi/A==*t3w7O3iCiG2D/s1XW8BYeQ==*7WTj6uZsZolgh0LmW9rtHA=="}, {"experience": [{"company_name": "CXera", "dates_employed": "Sep 2021\u2013Present", "employment_duration": "9 mos", "location": "United States", "title": "Member Board Of Directors"}, {"company_name": "smartQED", "dates_employed": "Apr 2019\u2013Present", "employment_duration": "3 yrs 2 mos", "location": "San Francisco Bay Area", "title": "Advisor"}, {"company_name": "ServiceAide, Inc", "dates_employed": "Nov 2016\u2013Present", "employment_duration": "5 yrs 7 mos", "location": "San Jose, California", "title": "Member Board Of Directors"}, {"company_name": "Scansite", "dates_employed": "Apr 2015\u2013Present", "employment_duration": "7 yrs 2 mos", "location": "Marin County, California", "title": "Member Board of Directors"}, {"company_name": "Tech Futures Group", "dates_employed": "Jun 2013\u2013Present", "employment_duration": "9 yrs", "location": "San Francisco Bay Area", "title": "EIR"}], "education": [{"institution": "The Wharton School", "degree_details": {"degree_name": "MBA", "field_of_study": "Marketing, Finance", "dates_attended_or_expected_graduation": "1981 \u2013 1983"}}, {"institution": "Northwestern University", "degree_details": {"degree_name": "BSIE", "field_of_study": "Industrial Engineering", "dates_attended_or_expected_graduation": "1975 \u2013 1979"}}, {"institution": "Northwestern University", "degree_details": {"degree_name": "BSEE", "field_of_study": "Electrical Engineering", "dates_attended_or_expected_graduation": "1975 \u2013 1979"}}], "employee_name": "zkD1a27PNuk=*SPaDc5ofIcZtaurqHVgxbA==*l6Kc+pa5dwLqwfP5WrrGcA==*aiND1en2ychzKiflHQgebg=="}, {"experience": [{"company_name": "Serviceaide, Inc", "dates_employed": "Jul 2020\u2013Present", "employment_duration": "1 yr 11 mos", "location": "S\u00e3o Paulo, Brasil", "title": "Channel Manager"}, {"company_name": "Gartner", "dates_employed": "Jun 2019\u2013May 2020", "employment_duration": "1 yr", "location": "S\u00e3o Paulo, Brasil", "title": "Sr Program Manager | Latin America Region"}, {"company_name": "Gartner", "dates_employed": "May 2017\u2013May 2019", "employment_duration": "2 yrs 1 mo", "location": "S\u00e3o Paulo Area, Brazil", "title": "Account Executive"}, {"company_name": "Spring Global", "dates_employed": "Dec 2016\u2013May 2017", "employment_duration": "6 mos", "location": "S\u00e3o Paulo e Regi\u00e3o, Brasil", "title": "Sales Manager"}, {"company_name": "Mintel", "dates_employed": "Jun 2014\u2013Jun 2016", "employment_duration": "2 yrs 1 mo", "location": "S\u00e3o Paulo e Regi\u00e3o, Brasil", "title": "Account Director"}], "education": [{"institution": "FGV - Funda\u00e7\u00e3o Getulio Vargas", "degree_details": {"degree_name": "MBA degree in Project Management", "field_of_study": "Gest\u00e3o de Projetos", "dates_attended_or_expected_graduation": "2014 \u2013 2015"}}, {"institution": "Centro Universit\u00e1rio Funda\u00e7\u00e3o Santo Andr\u00e9", "degree_details": {"degree_name": "Bachelor\u2019s degree", "field_of_study": "Business Administration, with a major in Marketing", "dates_attended_or_expected_graduation": "2005 \u2013 2008"}}], "employee_name": "/vk6RKzQWhXZj0SeUvc1*lzJuIRMJdZ4UQkSKBAVPvw==*xl04wgeeCr8RMtPavAK6NQ==*yoPRivANkVKjHu3vqoyT/w=="}, {"experience": [{"company_name": "Serviceaide", "dates_employed": "Nov 2020\u2013Present", "employment_duration": "1 yr 7 mos", "location": "Utah, United States", "title": "VP Global Partners and Alliances"}, {"company_name": "Wendia North America", "dates_employed": "Jan 2017\u2013Nov 2020", "employment_duration": "3 yrs 11 mos", "location": "Pleasant Grove, Utah, United States", "title": "Consulting Executive"}, {"company_name": "Pointway Inc", "dates_employed": "Apr 2015\u2013Nov 2016", "employment_duration": "1 yr 8 mos", "location": "Orem, Utah", "title": "CEO"}, {"company_name": "PurePredictive/CloudVu", "dates_employed": "Sep 2011\u2013Aug 2013", "employment_duration": "2 yrs", "location": "Sandy, Utah", "title": "CEO/President and Founder"}, {"company_name": "Quest Software", "dates_employed": "Jul 2005\u2013Apr 2008", "employment_duration": "2 yrs 10 mos", "location": "Aliso Viejo, California", "title": "VP Global Alliances/VP Sales and Business Development"}], "education": [{"institution": "Brigham Young University", "degree_details": {"field_of_study": "Communications/Film", "dates_attended_or_expected_graduation": "1980 \u2013 1985", "degree_name": null}}, {"institution": "James Lick High School", "degree_details": {"dates_attended_or_expected_graduation": "1975 \u2013 1979", "degree_name": null, "field_of_study": null}}], "employee_name": "ZCbVBgMlLPsPs4xVfSLv*hmjUDSwjHwXVkT3hezI9hw==*n1xrnEdXw0TKYEU2W2xdcw==*dPDRhSv0+8LdhilqpKkqeg=="}, {"experience": [{"company_name": "Serviceaide, Inc", "dates_employed": "Oct 2016\u2013Present", "employment_duration": "5 yrs 8 mos", "location": null, "title": "Senior Architect"}, {"company_name": "CA Technologies", "dates_employed": "Jan 2014\u2013Present", "employment_duration": "8 yrs 5 mos", "location": "Hyderabad Area, India", "title": "Principal Software Engineer"}, {"company_name": "CA Technologies", "dates_employed": "Jan 2011\u2013Present", "employment_duration": "11 yrs 5 mos", "location": "Vadodara Area, India", "title": "Manager - Software Engineering"}, {"company_name": "InteQ Corporation", "dates_employed": "Jan 2006\u2013Dec 2010", "employment_duration": "5 yrs", "location": "Vadodara Area, India", "title": "Lead Software Engineer - InfraDesk Development"}, {"company_name": "Vigor Soft Private Limited", "dates_employed": "Jan 2005\u2013Dec 2005", "employment_duration": "12 mos", "location": "India", "title": "Senior Software Engineer"}], "education": [{"institution": "National Institute of Information Technology", "degree_details": {"degree_name": "Honors Diploma in Systems Management", "field_of_study": "Computer Software Engineering", "dates_attended_or_expected_graduation": "1991 \u2013 1992"}}, {"institution": "Baroda High School", "degree_details": {"dates_attended_or_expected_graduation": null, "degree_name": null, "field_of_study": null}}], "employee_name": "nwg9NR7r4r6PO5o4/w==*lpwbamv7AAAa8A95d5QwGA==*Y4Jqx/ehLd0NtB7Mau4WTw==*y5dWfcT4tTnXGi5m9NDptw=="}, {"experience": [{"company_name": "Serviceaide, Inc", "dates_employed": "Jan 2020\u2013Present", "employment_duration": "2 yrs 5 mos", "location": "Hyderabad, Telangana, India", "title": "Consultant"}, {"company_name": "Arbiva Technologies Pvt. Ltd", "dates_employed": "Sep 2013\u2013Oct 2018", "employment_duration": "5 yrs 2 mos", "location": "Hyderabad, Telangana, India", "title": "Director"}, {"company_name": "Reliance Communications", "dates_employed": "Dec 2001\u2013Aug 2013", "employment_duration": "11 yrs 9 mos", "location": "Hyderabad, Telangana, India", "title": "Vice President - IT Engineering"}, {"company_name": "Satyam Computer Services Ltd.", "dates_employed": "Jun 1998\u2013Nov 2001", "employment_duration": "3 yrs 6 mos", "location": "Hyderabad, Telangana, India", "title": "Head of BSS Vertical"}, {"company_name": "Andhra Pradesh Technology Services (APTS)", "dates_employed": "Jun 1996\u2013May 1998", "employment_duration": "2 yrs", "location": "Hyderabad, Telangana, India", "title": "Senior Systems Analyst"}], "education": [{"institution": "Jawaharlal Nehru Technological University, Hyderabad", "degree_details": {"degree_name": "Master of Technology - MTech", "field_of_study": "Computer Science", "dates_attended_or_expected_graduation": "1996 \u2013 1998"}}, {"institution": "Acharya Nagarjuna University", "degree_details": {"degree_name": "Bachelor of Technology in Computer Science", "field_of_study": "Computer Science", "dates_attended_or_expected_graduation": "1986 \u2013 1990"}}, {"institution": "Indian Institute of Management Ahmedabad", "degree_details": {"degree_name": "Harnessing Intellectual Property for Strategic Competitive Advantage", "dates_attended_or_expected_graduation": null, "field_of_study": null}}], "employee_name": "O5sfPRX9TIcCKrM=*GL6QJbddXwyIh5a9t2uXuQ==*9Qb4FIdmQKwRzpu0a2fXdg==*sC5bwT11zFbTw/mvwowlfg=="}, {"experience": [{"company_name": "Serviceaide, Inc", "dates_employed": "Jan 2020\u2013Present", "employment_duration": "2 yrs 5 mos", "location": null, "title": "Technical Lead"}, {"company_name": "ServiceAide, Inc", "dates_employed": "Aug 2017\u2013Jan 2020", "employment_duration": "2 yrs 6 mos", "location": "Hyderabad Area, India", "title": "Senior Software Engineer"}, {"company_name": "CA Technologies", "dates_employed": "Dec 2013\u2013Jul 2017", "employment_duration": "3 yrs 8 mos", "location": "Hyderabad Area, India", "title": "Software Engineer"}, {"company_name": "CA Technologies", "dates_employed": "Jun 2011\u2013Dec 2013", "employment_duration": "2 yrs 7 mos", "location": null, "title": "Quality Assurance"}, {"company_name": "CDAC Hyderabad", "dates_employed": "Jan 2011\u2013Jun 2011", "employment_duration": "6 mos", "location": null, "title": "Internship"}], "education": [{"institution": "Jawaharlal Nehru Technological University", "degree_details": {"degree_name": "MSIT", "field_of_study": "information security", "dates_attended_or_expected_graduation": "2009 \u2013 2011"}}, {"institution": "mahatma gandhi institute of technology", "degree_details": {"degree_name": "Bachelor of Technology (BTech)", "field_of_study": "Electronics and Communications Engineering", "dates_attended_or_expected_graduation": "2003 \u2013 2007"}}], "employee_name": "LvE61aGl7I3Rrc0=*SQl4FGfR9m/jwm+3Ux+5pg==*C4onzNOcA3/TyvwE4Zd2Hw==*t8Makorlm0KpW+z+QS6yGw=="}, {"experience": [{"company_name": "Serviceaide, Inc", "dates_employed": "Jul 2018\u2013Present", "employment_duration": "3 yrs 11 mos", "location": "Hyderabad Area, India", "title": "Manager, Software Quality Assurance"}, {"company_name": "ServiceAide, Inc", "dates_employed": "Aug 2017\u2013Jul 2018", "employment_duration": "1 yr", "location": "Hyderabad Area, India", "title": "Principal Software Engineer"}, {"company_name": "CA Technologies", "dates_employed": "Jun 2013\u2013Jul 2017", "employment_duration": "4 yrs 2 mos", "location": "Hyderabad Area, India", "title": "Senior Software Engineer"}, {"company_name": "iGATE", "dates_employed": "Jul 2011\u2013Jun 2013", "employment_duration": "2 yrs", "location": "Gandhinagar", "title": "Sr. Engineer - V&V"}, {"company_name": "conject", "dates_employed": "Apr 2011\u2013Jul 2011", "employment_duration": "4 mos", "location": "Vadodara Area, India", "title": "Consultant - Patch Testing & Test Complete"}], "education": [{"institution": "Sardar Patel University, Vallabh Vidyanagar", "degree_details": {"degree_name": "Bachelor of Computer Applications", "field_of_study": "Computer Science", "dates_attended_or_expected_graduation": "2001 \u2013 2004"}}, {"institution": "Middlesex University, London", "degree_details": {"degree_name": "MSc", "field_of_study": "Computer Networks", "dates_attended_or_expected_graduation": "2006 \u2013 2007"}}], "employee_name": "AkydZXMmvhxW4ohtxdv7SA==*tMJRZJwbA5cRS1l1iK0M7g==*Liua1QH9H+B3HnS2VmV2mA==*Z7gTG6QqEPiI+XMvZnRalQ=="}, {"experience": [{"company_name": "Serviceaide, Inc", "dates_employed": "Aug 2017\u2013Present", "employment_duration": "4 yrs 10 mos", "location": "Hyderabad Area, India", "title": "Senior Manager- Technical support & SaaS Operations"}, {"company_name": "CA Technologies", "dates_employed": "Aug 2006\u2013Jul 2017", "employment_duration": "11 yrs", "location": null, "title": "Manager -Support"}], "education": [{"institution": "University of Madras", "degree_details": {"dates_attended_or_expected_graduation": null, "degree_name": null, "field_of_study": null}}], "employee_name": "nBioZLm+G+f/FNd7lrTf8uE=*S0kHGDN5gGjA6tG6HFu1Ag==*IUenwiDeQFmopqU1E3jnKw==*Vn1TtDZ6b6TFJv5cD7srOA=="}, {"experience": [{"company_name": "Serviceaide, Inc", "dates_employed": "Nov 2020\u2013Present", "employment_duration": "1 yr 7 mos", "location": "Kyiv, Kyiv City, Ukraine", "title": "Technical Team Lead"}, {"company_name": "Wendia", "dates_employed": "Dec 2015\u2013Present", "employment_duration": "6 yrs 6 mos", "location": "Kyiv, Ukraine", "title": "Technical Team Lead"}, {"company_name": "Wendia", "dates_employed": "Jan 2009\u2013Present", "employment_duration": "13 yrs 5 mos", "location": "Denmark, Ukraine", "title": "Documentation Manager"}, {"company_name": "Wendia", "dates_employed": "Apr 2004\u2013Jan 2009", "employment_duration": "4 yrs 10 mos", "location": "Ukraine, Kyiv", "title": "Technical Writer"}, {"company_name": "Investment and Structured Financial Products (ISFP)", "dates_employed": "Dec 2001\u2013Mar 2004", "employment_duration": "2 yrs 4 mos", "location": "Ukraine, Kyiv", "title": "Financial Manager"}], "education": [{"institution": "Kyiv National Economics University", "degree_details": {"degree_name": "Bachelor", "field_of_study": "Economics", "dates_attended_or_expected_graduation": "1999 \u2013 2001"}}, {"institution": "Kyiv National Linguistics University", "degree_details": {"degree_name": "Masters", "field_of_study": "English Phonetics", "dates_attended_or_expected_graduation": "1994 \u2013 1999"}}], "employee_name": "zrw7pNQLw7iEV04Occ83*lkH5qT2KXD/bUX9fg110Kg==*pgpF3nUSWeBkuPvZ915NTA==*QKQltJ+Of+k2gXVvZRKttg=="}, {"experience": [{"company_name": "Serviceaide, Inc", "dates_employed": "Jan 2020\u2013Present", "employment_duration": "2 yrs 5 mos", "location": "Hyderabad Area, India", "title": "Technical Lead"}, {"company_name": "Serviceaide, Inc", "dates_employed": "Jul 2017\u2013Jan 2020", "employment_duration": "2 yrs 7 mos", "location": "Hyderabad Area, India", "title": "Senior Software Engineer"}, {"company_name": "DEFTeam Solutions Pvt. Ltd", "dates_employed": "Jan 2015\u2013Jul 2017", "employment_duration": "2 yrs 7 mos", "location": "Hyderabad Area, India", "title": "Associate Team Lead BI"}, {"company_name": "DEFTeam Solutions Private Limited", "dates_employed": "Jul 2012\u2013Dec 2014", "employment_duration": "2 yrs 6 mos", "location": "Hyderabad Area, India", "title": "Software Engineer BI"}], "education": [{"institution": "Bankatlal Badruka College For Information Technology", "degree_details": {"degree_name": "Master of Computer Applications (M.C.A.)", "field_of_study": "Computer Programming, Specific Applications", "dates_attended_or_expected_graduation": "2009 \u2013 2012"}}], "employee_name": "OPvpDKZ2f6yn4oJD1lx0Pg==*4nCP4gq3OGlCfxgHBiLjKQ==*zbAyPZkx+lY/1PcPzSUHnw==*USIlslc4SCmA8uwBIkDBzA=="}, {"experience": [{"company_name": "Serviceaide, Inc", "dates_employed": "Aug 2021\u2013Present", "employment_duration": "10 mos", "location": null, "title": "Senior Sales Engineer"}, {"company_name": "SunView Software, Inc.", "dates_employed": "Jun 2019\u2013Aug 2021", "employment_duration": "2 yrs 3 mos", "location": "Tampa/St. Petersburg, Florida Area", "title": "Senior Sales Engineer"}, {"company_name": "Oracle", "dates_employed": "Feb 2010\u2013Jun 2017", "employment_duration": "7 yrs 5 mos", "location": "Tampa/St. Petersburg, Florida Area", "title": "Principal Sales Consultant"}, {"company_name": "Sun Microsystems", "dates_employed": "Sep 2004\u2013Feb 2010", "employment_duration": "5 yrs 6 mos", "location": "Dallas, TX & Tampa, FL", "title": "Senior Systems Engineer"}], "education": [{"institution": "University of Florida", "degree_details": {"degree_name": "Bachelor of Science in Engineering", "field_of_study": "Computer Information Systems", "dates_attended_or_expected_graduation": null}}, {"institution": "St. Petersburg College", "degree_details": {"degree_name": "Associate", "field_of_study": "Engineering", "dates_attended_or_expected_graduation": null}}, {"institution": "The University of Dallas", "degree_details": {"degree_name": "Master of Business Administration - MBA", "field_of_study": "Finance", "dates_attended_or_expected_graduation": null}}], "employee_name": "hzcIBBMGG6j8nLk=*f4DgAjLWVuNYRKnAgXWLBA==*9AIN062wZ/z4MvCFNW2/LA==*beX0M9PcPNkuiJteDvvcfA=="}, {"experience": [{"company_name": "Serviceaide, Inc", "dates_employed": "Mar 2022\u2013Present", "employment_duration": "3 mos", "location": null, "title": "Account Manager"}, {"company_name": "HCL Technologies", "dates_employed": "Feb 2020\u2013Mar 2022", "employment_duration": "2 yrs 2 mos", "location": "Mexico y Caribe", "title": "Account Manager"}, {"company_name": "Syntech", "dates_employed": "Aug 2018\u2013Feb 2020", "employment_duration": "1 yr 7 mos", "location": "Ciudad de M\u00e9xico y alrededores, M\u00e9xico", "title": "Account Director"}, {"company_name": "Grupo CEPRA", "dates_employed": "Jan 2018\u2013Aug 2018", "employment_duration": "8 mos", "location": null, "title": "Gerente de Ventas del \u00c1rea de Transformaci\u00f3n D\u00edgital"}, {"company_name": "CA Technologies", "dates_employed": "May 2013\u2013Jan 2018", "employment_duration": "4 yrs 9 mos", "location": null, "title": "Services Project Manager"}], "education": [{"institution": "Universidad Aut\u00f3noma del Estado de M\u00e9xico", "degree_details": {"degree_name": "Licenciatura", "field_of_study": "Inform\u00e1tica Administrativa", "dates_attended_or_expected_graduation": "2000 \u2013 2005"}}], "employee_name": "TZvGiuL2W2+opxPi2UdTIHCVIYHWjzT6hX3vI0i4*98giKAHly1/QNAl8LZ/tSw==*0dWoU9gD5wClS5f7oxwmnA==*ZOqDNxDlrOfRWvym6lHSmg=="}, {"experience": [{"company_name": "Serviceaide, Inc", "dates_employed": "Jan 2018\u2013Present", "employment_duration": "4 yrs 5 mos", "location": "Hyderabad, Telangana, India", "title": "Technical Lead DBA"}, {"company_name": "Data Intensity, LLC", "dates_employed": "May 2016\u2013Jan 2018", "employment_duration": "1 yr 9 mos", "location": null, "title": "Sr Consultant DBA"}, {"company_name": "Wissen Infotech", "dates_employed": "Oct 2013\u2013May 2016", "employment_duration": "2 yrs 8 mos", "location": "Hyder\u0101b\u0101d Area, India", "title": "SQL Server DBA"}, {"company_name": "Indus Business Systems Limited", "dates_employed": "Apr 2010\u2013Oct 2013", "employment_duration": "3 yrs 7 mos", "location": "Hyderabad Area, India", "title": "DB Developer"}], "education": [{"institution": "Motivational Pathway", "degree_details": {"degree_name": "B.Tech.", "field_of_study": "Computer Science", "dates_attended_or_expected_graduation": "2003 \u2013 2007"}}], "employee_name": "7LuYsfOWd9KIGQ2sPi9H*I25a4e/dPnLguq21M2GZVg==*VctlOLDJ3IvIL0Q6za4cVA==*wX913BcaXzf3/oGSxJ+HsQ=="}, {"experience": [{"company_name": "Serviceaide, Inc", "dates_employed": "Jun 2019\u2013Present", "employment_duration": "3 yrs", "location": null, "title": "Senior Software Engineer"}, {"company_name": "Serviceaide, Inc", "dates_employed": "Apr 2018\u2013May 2019", "employment_duration": "1 yr 2 mos", "location": "Hyderabad, Telangana, India", "title": "Software Engineer"}, {"company_name": "Wipro Limited", "dates_employed": "Jan 2016\u2013Mar 2018", "employment_duration": "2 yrs 3 mos", "location": null, "title": "Senior Project Engineer"}, {"company_name": "Wipro Limited", "dates_employed": "Feb 2012\u2013Dec 2015", "employment_duration": "3 yrs 11 mos", "location": null, "title": "Project Engineer"}], "education": [{"institution": "Jawaharlal Nehru Technological University", "degree_details": {"degree_name": "Bachelor's degree", "field_of_study": "Information Technology", "dates_attended_or_expected_graduation": "2007 \u2013 2011"}}, {"institution": "Ratna Junior College", "degree_details": {"degree_name": "BIE", "dates_attended_or_expected_graduation": "2005 \u2013 2007", "field_of_study": null}}, {"institution": "Nirmala high School", "degree_details": {"degree_name": "SSC", "dates_attended_or_expected_graduation": "2005", "field_of_study": null}}], "employee_name": "uzcbV+zjXfLmwn3tFJ8rkJs3gdclv/Q=*BZ+vduQ4J1mjIG26JGLyNw==*BQjdU92+YbeFp+ZoD60hvg==*g71e1OkKcPNo9pdVUejubA=="}, {"experience": [{"company_name": "Serviceaide, Inc", "dates_employed": "Feb 2018\u2013Present", "employment_duration": "4 yrs 4 mos", "location": "Medell\u00edn, Colombia", "title": "Field Engineering Consultant - LATAM"}, {"company_name": "CA Technologies", "dates_employed": "Nov 2016\u2013Feb 2018", "employment_duration": "1 yr 4 mos", "location": "Antioquia, Colombia", "title": "Principal Consultant, Presales"}, {"company_name": "CA Technologies", "dates_employed": "Nov 2010\u2013Nov 2016", "employment_duration": "6 yrs 1 mo", "location": null, "title": "Sr Consultant, Presales"}, {"company_name": "Empresas Publicas de Medellin", "dates_employed": "Jan 2003\u2013Nov 2010", "employment_duration": "7 yrs 11 mos", "location": null, "title": "Profesional Informatica"}, {"company_name": "CompuRedes S.A.", "dates_employed": "Sep 2000\u2013Jan 2003", "employment_duration": "2 yrs 5 mos", "location": null, "title": "Soporte Tecnico"}], "education": [{"institution": "Ingeniera Inform\u00e1tica", "degree_details": {"degree_name": "Fundaci\u00f3n Universitaria Cat\u00f3lica del Norte", "dates_attended_or_expected_graduation": null, "field_of_study": null}}, {"institution": "Tecnolog\u00eda en Sistemas", "degree_details": {"degree_name": "Corporaci\u00f3n Polit\u00e9cnico Marco Fidel Su\u00e1rez", "field_of_study": "Sistemas", "dates_attended_or_expected_graduation": null}}, {"institution": "Universidad de San Buenaventura", "degree_details": {"degree_name": "Especialista en Redes Corporativas en Integracion de Tecnologias", "field_of_study": "Tecnolog\u00eda inform\u00e1tica/Tecnolog\u00eda de sistemas inform\u00e1ticos", "dates_attended_or_expected_graduation": null}}], "employee_name": "w1GqC/VNwgPiZYIgmrJLqERi6yIvBMA=*FCEpYJxRfZm4pzc2wcFynw==*b1KYAb6DqxRZVxq+wHzYgQ==*bQ28TbHJ1J9kR7F+QqOmVg=="}, {"experience": [{"company_name": "Serviceaide, Inc", "dates_employed": "Aug 2021\u2013Present", "employment_duration": "10 mos", "location": "Tampa, Florida, United States", "title": "Sr. Global Services Technical Advisor"}, {"company_name": "Sunview Software", "dates_employed": "Jun 2016\u2013Oct 2021", "employment_duration": "5 yrs 5 mos", "location": "International Support and Services", "title": "VP of Professional Services and Support"}, {"company_name": "Sunview Software", "dates_employed": "Nov 2005\u2013Jun 2016", "employment_duration": "10 yrs 8 mos", "location": "International Support and Services", "title": "Director of Professional Services and Support"}, {"company_name": "ePartners", "dates_employed": "Apr 2000\u2013Oct 2005", "employment_duration": "5 yrs 7 mos", "location": null, "title": "Director of Professional Services"}, {"company_name": "Progressive Business Solutions", "dates_employed": "1997\u20132000", "employment_duration": "3 yrs", "location": "South East Region United States", "title": "Manager of Services and Support"}], "education": [{"institution": "University of South Florida", "degree_details": {"degree_name": "Bachelor's degree", "field_of_study": "Management Information Systems, General", "dates_attended_or_expected_graduation": null}}], "employee_name": "yuVmOhoiprefV88K*t2wdnR0r3ZrB82i0vXrR2A==*P8gcgEmsKizZ116jzWNgvA==*l2QS6Ur8YK7cdvmSEultPQ=="}, {"experience": [{"company_name": "Serviceaide, Inc", "dates_employed": "Jul 2021\u2013Present", "employment_duration": "11 mos", "location": "Tampa, Florida, United States", "title": "Enterprise Account Executive"}, {"company_name": "SolutionStart", "dates_employed": "Oct 2016\u2013Jul 2021", "employment_duration": "4 yrs 10 mos", "location": "Charlotte, North Carolina, United States", "title": "Account Manager"}, {"company_name": "SolutionStart", "dates_employed": "Jan 2008\u2013Jan 2016", "employment_duration": "8 yrs 1 mo", "location": "Charlotte, North Carolina, United States", "title": "Project Manager"}, {"company_name": "SolutionStart", "dates_employed": "Aug 2006\u2013Jan 2008", "employment_duration": "1 yr 6 mos", "location": "Charlotte, North Carolina, United States", "title": "Support and Implementation Technician"}], "education": [{"institution": "University of North Carolina at Charlotte", "degree_details": {"degree_name": "Bachelor of Science (BS)", "field_of_study": "Management Information Systems, General", "dates_attended_or_expected_graduation": "2005 \u2013 2011"}}], "employee_name": "NIuxp/VraCGfabW/JsNDkA==*WYLFAgyv08m+Sa2KbuHGzA==*cEQmUKb0d0FYb2MBPSRtzA==*RO7AlcXfvt8RRQlqA+yfiA=="}, {"experience": [{"company_name": "Serviceaide, Inc", "dates_employed": "Jan 2020\u2013Present", "employment_duration": "2 yrs 5 mos", "location": null, "title": "Technical Lead"}, {"company_name": "ServiceAide, Inc", "dates_employed": "Aug 2017\u2013Jan 2020", "employment_duration": "2 yrs 6 mos", "location": "Hyderabad Area, India", "title": "Sr Software Engineer"}, {"company_name": "CA Technologies", "dates_employed": "Apr 2016\u2013Aug 2017", "employment_duration": "1 yr 5 mos", "location": null, "title": "Sr Software Engineer"}, {"company_name": "CA Technologies", "dates_employed": "Jan 2013\u2013Apr 2016", "employment_duration": "3 yrs 4 mos", "location": "Hyderabad Area, India", "title": "Software Engineer"}, {"company_name": "CA Technologies", "dates_employed": "Jun 2011\u2013Dec 2012", "employment_duration": "1 yr 7 mos", "location": "Hyderabad Area, India", "title": "Associate Software Engineer"}], "education": [{"institution": "Jawaharlal Nehru Technological University", "degree_details": {"degree_name": "Master of Computer Applications - MCA", "dates_attended_or_expected_graduation": "2008 \u2013 2011", "field_of_study": null}}], "employee_name": "a+sbo+LPXkqWlhzDZQPlFA==*VPPfSRfG4cvIEeWnipajcg==*+uFj4aIuRt6+I3AQjYOqRw==*8WeIgt3pWC4OI5xDkervCA=="}, {"experience": [{"company_name": "Serviceaide, Inc", "dates_employed": "Jul 2018\u2013Present", "employment_duration": "3 yrs 11 mos", "location": "Hyderabad Area, India", "title": "Product Owner"}, {"company_name": "Tata Consultancy Services", "dates_employed": "Oct 2012\u2013Present", "employment_duration": "9 yrs 8 mos", "location": "Hyderabad Area, India", "title": "Assistant Manager"}], "education": null, "employee_name": "36upBgpuc3M=*q6WYwvPnw7YE/qnpriW7dQ==*kX7VaXWzMpgydSzsbABm1A==*pq9VkejraK3B8lTpX2yWwQ=="}, {"experience": [{"company_name": "Serviceaide, Inc", "dates_employed": "Jan 2020\u2013Present", "employment_duration": "2 yrs 5 mos", "location": "Hyderabad, India", "title": "Product Owner"}, {"company_name": "Wipro Technologies", "dates_employed": "May 2013\u2013Jan 2020", "employment_duration": "6 yrs 9 mos", "location": "Hyderabad Area, India", "title": "Business Analyst"}, {"company_name": "Wipro Technologies", "dates_employed": "Dec 2011\u2013Apr 2013", "employment_duration": "1 yr 5 mos", "location": "Hyderabad Area, India", "title": "Senior Project Engineer"}, {"company_name": "Wipro Technologies", "dates_employed": "Oct 2007\u2013Nov 2011", "employment_duration": "4 yrs 2 mos", "location": "Hyder", "title": "Project Engineer"}], "education": [{"institution": "Birla Institute of Technology and Science, Pilani", "degree_details": {"degree_name": "Master of Science - MS", "field_of_study": "Computer Software Engineering", "dates_attended_or_expected_graduation": null}}], "employee_name": "ULSL/8sj6OfaCDvcxIM=*54O1Nyd5+uhRLHRdNM2xPA==*tAyfsAC8BsFZzC1YagJjvA==*q02ksdphvjbkFQL6Zh9SEA=="}, {"experience": [{"company_name": "Serviceaide, Inc", "dates_employed": "Aug 2017\u2013Present", "employment_duration": "4 yrs 10 mos", "location": "Hyderabad, Telangana, India", "title": "Principal Engineer - Technical Support and Saas Operations"}, {"company_name": "CA Technologies", "dates_employed": "Mar 2014\u2013Jul 2017", "employment_duration": "3 yrs 5 mos", "location": "Hyderabad, Telangana, India", "title": "Principal Support Engineer"}, {"company_name": "CA Technologies", "dates_employed": "May 1996\u2013Mar 2014", "employment_duration": "17 yrs 11 mos", "location": null, "title": "Sr. Support Engineer"}, {"company_name": "Oscar Communication Pvt. Ltd. Baroda. Gujarat. INDIA", "dates_employed": "Jan 1995\u2013Apr 1996", "employment_duration": "1 yr 4 mos", "location": null, "title": "Support Executive"}], "education": [{"institution": "C L Patel Technical Institute. PIJ", "degree_details": {"degree_name": "National Council for Vocational Training", "field_of_study": "Instrument Mechanic", "dates_attended_or_expected_graduation": "1990 \u2013 1992"}}], "employee_name": "g7cfdana99gfTjaMJA==*m4OyX+kLCykFAJk6vwOtEA==*D+kTXZQW3sUWOumwJjZKtg==*C9bUro2nu+l33SP0US/3pQ=="}, {"experience": [{"company_name": "ServiceAide, Inc", "dates_employed": "Feb 2017\u2013Present", "employment_duration": "5 yrs 4 mos", "location": "Hyderabad Area, India", "title": "Accounts/Admin"}, {"company_name": "Muthoot Fincorp Ltd.", "dates_employed": "Jun 2013\u2013Feb 2017", "employment_duration": "3 yrs 9 mos", "location": null, "title": "Finance Executive"}], "education": [{"institution": "Osmania University", "degree_details": {"degree_name": "Bachelor of Commerce (BCom Computers)", "field_of_study": "Banking and Financial Support Services", "dates_attended_or_expected_graduation": "2007 \u2013 2009"}}], "employee_name": "/qFf2VSeZysTPQ==*aF6Y7WhQOex1676Y0JI4og==*b28Xn7UPZtmqWBSv/mh0dA==*zcLbsU7craEpckkrgc6Gag=="}, {"experience": [{"company_name": "Serviceaide, Inc", "dates_employed": "Jul 2019\u2013Present", "employment_duration": "2 yrs 11 mos", "location": null, "title": "Software Engineer"}, {"company_name": "SunView Software, Inc.", "dates_employed": "Sep 2016\u2013Jul 2019", "employment_duration": "2 yrs 11 mos", "location": "Tampa/St. Petersburg, Florida Area", "title": "Associate Software Engineer"}, {"company_name": "Rosetta", "dates_employed": "Jul 2015\u2013Jun 2016", "employment_duration": "1 yr", "location": "Cleveland/Akron, Ohio Area", "title": "Associate Software Engineer"}, {"company_name": "Battelle", "dates_employed": "May 2014\u2013Aug 2014", "employment_duration": "4 mos", "location": null, "title": "Software Development Intern"}], "education": [{"institution": "The Ohio State University", "degree_details": {"degree_name": "Bachelor of Science", "field_of_study": "Computer Science and Engineering", "dates_attended_or_expected_graduation": "2011 \u2013 2015"}}], "employee_name": "k2/WjlWMoRoylSTWdg==*/9GLVfWLxF8QxKJ+PrtyZQ==*2lvZ0+iaJYtgJeGoIgNf8A==*AvdTwweiA04r2rjC5zK1Ug=="}, {"experience": [{"company_name": "Serviceaide, Inc", "dates_employed": null, "employment_duration": null, "location": null, "title": "HR Specialist"}], "education": null, "employee_name": "Nk8FJNgKqcMC8mWz9YWzRFk=*YHO3D0KaN1lMcWd5gFGWRA==*UvDPp7vnqLVPXZbPDiLW1A==*N5DLAZ86bcGdpWS1arEgsg=="}, {"experience": null, "education": null, "employee_name": "pnnt5j2NA1T7yMXCLL8i*TcQVFaLaRLhQ5TeHx+nIiQ==*1e8P79obUMO0DgxbrUcK0A==*VrLSxfjSfQm2H0UtqEWp0w=="}, {"experience": null, "education": null, "employee_name": "jk5RmQxjZ3G/Af6I9P8D*r5isAoyMNNqumWKZDu3Wbw==*XdzhR6uL3PEl74EOTQP+vA==*epyMfE9l7t3Q4Ohiji6H5A=="}, {"experience": null, "education": null, "employee_name": "KsrzO/E8A7GwvrQbiEZF*ichc1M4Y1YAHV5twkT7Axw==*cWF5auK6U/up7oF8Y9+kiw==*FBo5LoFKWMqmJ/8GDXla/g=="}]