[{"experience": [{"company_name": "Evolv AI", "dates_employed": "Mar 2022\u2013Present", "employment_duration": "3 mos", "location": null, "title": "Engineering"}, {"company_name": "Pattern Sciences", "dates_employed": "Mar 2021\u2013Mar 2022", "employment_duration": "1 yr 1 mo", "location": "Austin, Texas, United States", "title": "VP of Engineering"}, {"company_name": "Remedy", "dates_employed": "Aug 2020\u2013Oct 2020", "employment_duration": "3 mos", "location": "Austin, Texas, United States", "title": "Head of Data"}, {"company_name": "Cerebri AI", "dates_employed": "Jul 2015\u2013Aug 2020", "employment_duration": "5 yrs 2 mos", "location": "Austin, Texas Area", "title": "Co-founder and senior data scientist"}, {"company_name": "Learn to Be", "dates_employed": "Aug 2011\u2013Mar 2014", "employment_duration": "2 yrs 8 mos", "location": "Austin, Texas Area", "title": "Director of Operations"}], "education": [{"institution": "The University of Texas at Austin", "degree_details": {"degree_name": "Bachelor's Degree", "field_of_study": "Electrical and Computer Engineering, Computer Science", "dates_attended_or_expected_graduation": "2011 \u2013 2015"}}], "employee_name": "7Kaji29+izNUOzyYeQ==*wdyBHovXguUFurPr/kNLUQ==*g/1idDixaTVM+jodQfyxGQ==*oUvHEOly2l2rHJXuXrQaxA=="}, {"experience": [{"company_name": "Evolv AI", "dates_employed": "Mar 2019\u2013Present", "employment_duration": "3 yrs 3 mos", "location": "San Francisco, California", "title": "Chief Technology Officer"}, {"company_name": "Senient Systems Inc.", "dates_employed": "Oct 2014\u2013May 2019", "employment_duration": "4 yrs 8 mos", "location": "Boston, MA and Edinburgh, Scotland", "title": "Board Member (Chief Architect, Founding CEO)"}, {"company_name": "Sentient Technologies, Inc", "dates_employed": "Jul 2017\u2013Mar 2019", "employment_duration": "1 yr 9 mos", "location": "San Francisco, California", "title": "Vice President Of Engineering (Principal Software Engineer / Architect)"}, {"company_name": "Cloudera", "dates_employed": "May 2012\u2013Sep 2014", "employment_duration": "2 yrs 5 mos", "location": "San Francisco Bay Area", "title": "Software Engineer"}, {"company_name": "Apollo Group", "dates_employed": "Feb 2009\u2013May 2012", "employment_duration": "3 yrs 4 mos", "location": "Phoenix, AZ / San Francisco, CA", "title": "Principal Platform Architect"}], "education": null, "employee_name": "VGKgZdJwwZX64mAL*8WFiHDw2pmpGafJutwF1uQ==*8N4UxUK7BRK6QENlbAMVkQ==*wENP6UyBxBF5yKp6GyxP6w=="}, {"experience": [{"company_name": "Big Friends Consulting Partners", "dates_employed": "Apr 2019\u2013Present", "employment_duration": "3 yrs 2 mos", "location": "Greater San Diego Area", "title": "Founder and CEO"}, {"company_name": "Evolv Technologies", "dates_employed": "Oct 2019\u2013Present", "employment_duration": "2 yrs 8 mos", "location": "Greater San Diego Area", "title": "Vice President, Channels and Alliances"}, {"company_name": "SMRT Mouth", "dates_employed": "May 2019\u2013Aug 2020", "employment_duration": "1 yr 4 mos", "location": null, "title": "Advisor"}, {"company_name": "Cision", "dates_employed": "Oct 2016\u2013Feb 2019", "employment_duration": "2 yrs 5 mos", "location": "Greater San Diego Area", "title": "SVP, Global Partnerships"}, {"company_name": "Marketo", "dates_employed": "Dec 2013\u2013Oct 2016", "employment_duration": "2 yrs 11 mos", "location": "San Mateo, CA", "title": "Vice President, Alliances"}], "education": [{"institution": "University of California, Los Angeles", "degree_details": {"degree_name": "1995", "field_of_study": "English", "dates_attended_or_expected_graduation": "1990 \u2013 1995"}}], "employee_name": "aDB84tD6iqbnkekovDH8t8VM*9h/g0loHd6V35s5WDG36Pg==*cb+Yo7Woe6kzzyH0Re9jeg==*duou32wFn7Yk+TGT0rsLPw=="}, {"experience": [{"company_name": "Evolv AI", "dates_employed": "Feb 2021\u2013Present", "employment_duration": "1 yr 4 mos", "location": null, "title": "Vice President Of Strategic Sales"}, {"company_name": "Evolv Technologies", "dates_employed": "Mar 2019\u2013Feb 2021", "employment_duration": "2 yrs", "location": "San Francisco Bay Area", "title": "Vice President, Customer Success"}, {"company_name": "Sentient Technologies", "dates_employed": "Mar 2018\u2013Mar 2019", "employment_duration": "1 yr 1 mo", "location": "San Francisco Bay Area", "title": "Director of Solutions Engineering, Global"}, {"company_name": "Sentient Technologies", "dates_employed": "Jun 2017\u2013Mar 2018", "employment_duration": "10 mos", "location": "San Francisco Bay Area", "title": "Head of Solutions Engineering"}, {"company_name": "Sentient Technologies", "dates_employed": "Jul 2016\u2013Jun 2017", "employment_duration": "1 yr", "location": "San Francisco Bay Area", "title": "Principal Sales Engineer"}], "education": [{"institution": "University of Utah", "degree_details": {"degree_name": "Bachelor of Science (BS)", "field_of_study": "Computer Engineering", "dates_attended_or_expected_graduation": "2004 \u2013 2009"}}], "employee_name": "i7PJV1k2YGe5qg==*eyg6cNBpHWtotWpvQIy1hw==*PV/3rSy/9Z10agMFU1rR9A==*xY2PcdwZEXhx09wF7/VqVQ=="}, {"experience": [{"company_name": "Evolv AI", "dates_employed": "Nov 2020\u2013Present", "employment_duration": "1 yr 7 mos", "location": "San Francisco, California, United States", "title": "Enterprise Business Development Manager"}, {"company_name": "ServiceTitan", "dates_employed": "Jun 2018\u2013Nov 2020", "employment_duration": "2 yrs 6 mos", "location": "Glendale, CA", "title": "Sr. Enterprise Sales Development"}, {"company_name": "UserZoom", "dates_employed": "May 2017\u2013Jun 2018", "employment_duration": "1 yr 2 mos", "location": "San Francisco Bay Area", "title": "Enterprise Business Development: Fintech"}, {"company_name": "Butler Box and Stake, Inc.", "dates_employed": "Jun 2015\u2013Nov 2017", "employment_duration": "2 yrs 6 mos", "location": "Santa Ana, CA", "title": "NorCal Account Manager"}, {"company_name": "CareCredit", "dates_employed": "Dec 2014\u2013Jun 2015", "employment_duration": "7 mos", "location": "Costa Mesa, CA", "title": "Sales Coordinator"}], "education": [{"institution": "Bloomsburg University of Pennsylvania - Zeigler College of Business", "degree_details": {"degree_name": "BSBA", "field_of_study": "Management Information Systems (MIS)", "dates_attended_or_expected_graduation": "2007 \u2013 2011"}}], "employee_name": "8TTl3IFneVahcv3w+c5T*il78GG56oIxoz5QY6Rpr6Q==*0RDzwimYudrqfa49l5E/LA==*6wYz6gIQ0/t3PhLVdAAQAg=="}, {"experience": [{"company_name": "Evolv AI", "dates_employed": "Mar 2019\u2013Present", "employment_duration": "3 yrs 3 mos", "location": "San Francisco Bay Area", "title": "Chief Executive Officer & Co-Founder"}, {"company_name": "Forbes Technology Council", "dates_employed": "Sep 2021\u2013Present", "employment_duration": "9 mos", "location": "Boston, Massachusetts, United States", "title": "Member, Forbes Technology Council"}, {"company_name": "Scharff Advisors, Inc.", "dates_employed": "Aug 2013\u2013Present", "employment_duration": "8 yrs 10 mos", "location": "Berkeley, CA", "title": "Founder & CEO"}, {"company_name": "Sentient Technologies (USA) LLC", "dates_employed": "Dec 2018\u2013Mar 2019", "employment_duration": "4 mos", "location": "San Francisco Bay Area", "title": "Chief Executive Officer"}, {"company_name": "Entangled Media Corp.", "dates_employed": "Apr 2010\u2013Dec 2018", "employment_duration": "8 yrs 9 mos", "location": null, "title": "Investor & Advisor"}], "education": [{"institution": "University of Iowa", "degree_details": {"field_of_study": "Computer Science", "dates_attended_or_expected_graduation": "1981 \u2013 1985", "degree_name": null}}, {"institution": "University of California, Berkeley", "degree_details": {"field_of_study": "Non-degree Marketing and Economics studies", "dates_attended_or_expected_graduation": null, "degree_name": null}}], "employee_name": "xnGPt3fjSN3SoACUaNU6*GhOzpi8/FVcHcN/RATodeg==*rBuk/GJrZygdYwuG+n2wgA==*3Qq5DqNYNGQU+ma8vTlbpQ=="}, {"experience": [{"company_name": "HealthJoy", "dates_employed": "Mar 2022\u2013Present", "employment_duration": "3 mos", "location": "North America", "title": "Chief Revenue Officer (CRO)"}, {"company_name": "Evolv AI", "dates_employed": "Aug 2021\u2013Present", "employment_duration": "10 mos", "location": "San Francisco Bay Area", "title": "Advisor"}, {"company_name": "BrightTALK (Acquired by TechTarget)", "dates_employed": "Dec 2020\u2013Dec 2021", "employment_duration": "1 yr 1 mo", "location": "San Francisco Bay Area", "title": "President & Chief Revenue Officer"}, {"company_name": "BrightTALK", "dates_employed": "Jan 2019\u2013Dec 2020", "employment_duration": "2 yrs", "location": "San Francisco Bay Area", "title": "President & Chief Revenue Officer"}, {"company_name": "BrightTALK", "dates_employed": "Jul 2017\u2013Dec 2018", "employment_duration": "1 yr 6 mos", "location": "San Francisco Bay Area", "title": "Chief Revenue Officer"}], "education": [{"institution": "California State University, Chico", "degree_details": {"degree_name": "BS", "field_of_study": "Finance", "dates_attended_or_expected_graduation": null}}], "employee_name": "bbitcgZK8fD8onFs*1tnXp0X22OPFAHeL905ptA==*STBjZnUGz8KYx1zpCbDyVA==*LurfZTMPFhUO2xEuK8A5hg=="}, {"experience": [{"company_name": "SILQ Finance", "dates_employed": "Mar 2022\u2013Present", "employment_duration": "3 mos", "location": "San Francisco Bay Area", "title": "Chief Executive Officer"}, {"company_name": "Surrealty", "dates_employed": "Sep 2019\u2013Present", "employment_duration": "2 yrs 9 mos", "location": "Kingston, Washington", "title": "Chairman and Co-founder"}, {"company_name": "Evolv Technologies", "dates_employed": "Jul 2019\u2013Present", "employment_duration": "2 yrs 11 mos", "location": "San Francisco Bay Area", "title": "Advisor"}, {"company_name": "Bidstack Group PLC", "dates_employed": "May 2019\u2013Present", "employment_duration": "3 yrs 1 mo", "location": null, "title": "Strategic Advisor"}, {"company_name": "Brewco", "dates_employed": "Jan 2021\u2013Feb 2022", "employment_duration": "1 yr 2 mos", "location": "San Francisco Bay Area", "title": "Co-Founder"}], "education": [{"institution": "Harvard University", "degree_details": {"degree_name": "BA", "field_of_study": "Physical Sciences", "dates_attended_or_expected_graduation": null}}, {"institution": "Redwood High School, TUHSD", "degree_details": {"dates_attended_or_expected_graduation": null, "degree_name": null, "field_of_study": null}}], "employee_name": "uI8zbla4Hv4dOxWf9n6Cfw==*amUEUcjnvm3Vmiw6kCIX7A==*Kelb8lPAbkLc4lfrlW/kjQ==*Qx4VSdPPnuby5oCT53HYHw=="}, {"experience": [{"company_name": "Evolv AI", "dates_employed": "Jan 2020\u2013Present", "employment_duration": "2 yrs 5 mos", "location": "San Francisco Bay Area", "title": "Vice President of Marketing"}, {"company_name": "SoftwareONE", "dates_employed": "Apr 2019\u2013Feb 2020", "employment_duration": "11 mos", "location": "Portland, Oregon Area", "title": "Marketing Director for North America"}, {"company_name": "CheshireBeane", "dates_employed": "May 2018\u2013May 2019", "employment_duration": "1 yr 1 mo", "location": "Portland, Oregon Area", "title": "Managing Director and Partner"}, {"company_name": "Atmosera", "dates_employed": "Jun 2014\u2013May 2018", "employment_duration": "4 yrs", "location": "Portland, Oregon Area", "title": "Chief Marketing Officer"}, {"company_name": "Netformx", "dates_employed": "Nov 2010\u2013May 2014", "employment_duration": "3 yrs 7 mos", "location": null, "title": "Vice President of Marketing & Product Strategy"}], "education": [{"institution": "Willamette University", "degree_details": {"degree_name": "Bachelor's Degree", "field_of_study": "Economics", "dates_attended_or_expected_graduation": "1990 \u2013 1994"}}], "employee_name": "BB25cVh69XfvNOupbw==*z2WM5o+f7/tjsLLeOXzkxQ==*3mGM/mS9gDMfhkYbbtacKg==*imi4lIAwkpU9FqUY4aoS8Q=="}, {"experience": [{"company_name": "Evolv AI", "dates_employed": "Jul 2021\u2013Present", "employment_duration": "11 mos", "location": "Remote", "title": "Product Marketing Manager"}, {"company_name": "Knuti & Co.", "dates_employed": "2018\u2013Present", "employment_duration": "4 yrs", "location": "New York, NY", "title": "Founder"}, {"company_name": "NYU Stern School of Business", "dates_employed": "Aug 2019\u2013Aug 2021", "employment_duration": "2 yrs 1 mo", "location": "Greater New York City Area", "title": "MBA Candidate"}, {"company_name": "Evolv Technologies", "dates_employed": "Feb 2021\u2013Jun 2021", "employment_duration": "5 mos", "location": null, "title": "Product Manager"}, {"company_name": "NYU Stern Center for Sustainable Business", "dates_employed": "Jun 2020\u2013Aug 2020", "employment_duration": "3 mos", "location": null, "title": "Sustainable Business Research Fellow"}], "education": [{"institution": "NYU Stern School of Business", "degree_details": {"degree_name": "Master of Business Administration - MBA", "dates_attended_or_expected_graduation": "2019 \u2013 2021", "field_of_study": null}}, {"institution": "Wesleyan University", "degree_details": {"degree_name": "Bachelor of Arts (BA)", "field_of_study": "College of Letters", "dates_attended_or_expected_graduation": "2008"}}, {"institution": "School for International Training", "degree_details": {"degree_name": "Study Abroad - Senegal", "field_of_study": "Photojournalism, French, Wolof", "dates_attended_or_expected_graduation": "2006"}}], "employee_name": "kQRxyIZ4C1lPrZg=*J9f9tbIlY2zQbURybbTFww==*hqVEjKkHtUsX1J0ZfMRSYg==*O2plCecjNnHBw1VjW09LwQ=="}, {"experience": [{"company_name": "Project Voice Capital Partners", "dates_employed": "Apr 2022\u2013Present", "employment_duration": "2 mos", "location": null, "title": "Venture Partner"}, {"company_name": "BigSpeak Speakers Bureau", "dates_employed": "Feb 2016\u2013Present", "employment_duration": "6 yrs 4 mos", "location": null, "title": "Keynote Speaker"}, {"company_name": "Otter.ai", "dates_employed": "Sep 2020\u2013Present", "employment_duration": "1 yr 9 mos", "location": null, "title": "Advisor"}, {"company_name": "Riva Health", "dates_employed": "Jan 2021\u2013Present", "employment_duration": "1 yr 5 mos", "location": null, "title": "Advisor"}, {"company_name": "Evolv Technologies", "dates_employed": "Aug 2019\u2013Present", "employment_duration": "2 yrs 10 mos", "location": "San Francisco Bay Area", "title": "Advisor"}], "education": [{"institution": "University of California, Los Angeles", "degree_details": {"degree_name": "MS", "field_of_study": "Computer Science, Artificial Intelligence", "dates_attended_or_expected_graduation": "1992 \u2013 1993"}}, {"institution": "Brandeis University", "degree_details": {"degree_name": "BA", "field_of_study": "Computer Science", "dates_attended_or_expected_graduation": "1984 \u2013 1988"}}, {"institution": "Sharon High School", "degree_details": {"field_of_study": "Computer Science", "dates_attended_or_expected_graduation": "1980 \u2013 1984", "degree_name": null}}], "employee_name": "ihwVEv0ucXxP/8s=*P5AeIa93COBYGUT6fAU5aQ==*7IHPSVU9aBPPK9e7u2d7cg==*9GZRIyC0iL4GeMpIsZJd0g=="}, {"experience": [{"company_name": "Evolv Technologies", "dates_employed": "Feb 2021\u2013Present", "employment_duration": "1 yr 4 mos", "location": null, "title": "VP Expert Services EMEA"}, {"company_name": "Kinaxis", "dates_employed": "Aug 2020\u2013Feb 2021", "employment_duration": "7 mos", "location": "Ireland", "title": "Business Consultant"}, {"company_name": "Rubikloud Technologies", "dates_employed": "Apr 2018\u2013Jul 2020", "employment_duration": "2 yrs 4 mos", "location": "UK & Ireland", "title": "Global Director of Sales Engineering"}, {"company_name": "Digital River", "dates_employed": "Mar 2014\u2013Mar 2018", "employment_duration": "4 yrs 1 mo", "location": null, "title": "Director, Technical Sales"}, {"company_name": "Digital River", "dates_employed": "Jun 2013\u2013Mar 2014", "employment_duration": "10 mos", "location": "Shannon", "title": "Senior Sales Engineer"}], "education": [{"institution": "Limerick Institute of Technology", "degree_details": {"degree_name": "BBS", "field_of_study": "Business Studies Computing", "dates_attended_or_expected_graduation": "1997 \u2013 2001"}}, {"institution": "Limerick Institute of Technology", "degree_details": {"degree_name": "BBS", "field_of_study": "Business with Computing", "dates_attended_or_expected_graduation": "1997 \u2013 2001"}}], "employee_name": "/9q90GFBe4Ba7UHFTrc=*qW62ItyfQGJ8OXKK5ulUyg==*wPaiLWzC1tNjouXMsfBkXA==*/bAO3gfKZ5Uha3BIDu6Fpg=="}, {"experience": [{"company_name": "Evolv AI", "dates_employed": "Jun 2021\u2013Present", "employment_duration": "1 yr", "location": "United States", "title": "VP, Expert Services"}, {"company_name": "Model B", "dates_employed": "Dec 2021\u2013Present", "employment_duration": "6 mos", "location": "Washington DC-Baltimore Area", "title": "Strategic Advisor"}, {"company_name": "Bernstein-Rein Advertising", "dates_employed": "Oct 2015\u2013May 2021", "employment_duration": "5 yrs 8 mos", "location": "Kansas City, Missouri Area", "title": "Managing Director"}, {"company_name": "AnchorOps", "dates_employed": "Apr 2013\u2013Dec 2017", "employment_duration": "4 yrs 9 mos", "location": "Greater Boston Area", "title": "Board of Advisors"}, {"company_name": "StrawberryFrog", "dates_employed": "Nov 2014\u2013Oct 2015", "employment_duration": "1 yr", "location": "Greater New York City Area", "title": "Managing Director"}], "education": [{"institution": "Michigan State University", "degree_details": {"degree_name": "BA", "field_of_study": "Communications", "dates_attended_or_expected_graduation": "1982 \u2013 1987"}}], "employee_name": "2pyI/e+fgRYIoQUHZQ==*RNCc38biPARblIDMk0xLnA==*1lfh/CGBiONCF1W33ogh+g==*x1TQtbwbCZkjw1MS84TOhA=="}, {"experience": [{"company_name": "Evolv AI", "dates_employed": "Feb 2021\u2013Present", "employment_duration": "1 yr 4 mos", "location": "London, England, United Kingdom", "title": "GM EMEA"}, {"company_name": "Rubikloud Technologies (Acquired by Kinaxis)", "dates_employed": "Apr 2018\u2013Jan 2021", "employment_duration": "2 yrs 10 mos", "location": "London, United Kingdom", "title": "VP Sales EMEA"}, {"company_name": "Digital River", "dates_employed": "Jan 2017\u2013Apr 2018", "employment_duration": "1 yr 4 mos", "location": "Slough, United Kingdom", "title": "Senior Sales Director, EMEA"}, {"company_name": "Demandware, a Salesforce company", "dates_employed": "Sep 2015\u2013Jan 2017", "employment_duration": "1 yr 5 mos", "location": "London, UK", "title": "Sales Executive"}, {"company_name": "Digital River", "dates_employed": "Sep 2012\u2013Sep 2015", "employment_duration": "3 yrs 1 mo", "location": "Maidenhead", "title": "Sales Director, Branded Manufacturers"}], "education": [{"institution": "The Open University", "degree_details": {"field_of_study": "Mathematics", "dates_attended_or_expected_graduation": null, "degree_name": null}}], "employee_name": "5pDoMKxbPpGnvXs=*SwCjwr/CX7b7K6T43c624g==*JPTERYxpNFj9CS5qvs06XA==*Sl7xZnNuJpxE0wbSUhB3cg=="}, {"experience": [{"company_name": "Evolv AI", "dates_employed": "May 2021\u2013Present", "employment_duration": "1 yr 1 mo", "location": "Los Angeles Metropolitan Area", "title": "Sales Director - West Coast"}, {"company_name": "Statista", "dates_employed": "Feb 2021\u2013May 2021", "employment_duration": "4 mos", "location": "Los Angeles Metropolitan Area", "title": "Associate Director | West Coast"}, {"company_name": "Statista", "dates_employed": "Aug 2019\u2013Feb 2021", "employment_duration": "1 yr 7 mos", "location": "Los Angeles, California, United States", "title": "Senior Business Development Manager - Agencies | AdTech | SaaS - West Coast"}, {"company_name": "Statista", "dates_employed": "Nov 2017\u2013Aug 2019", "employment_duration": "1 yr 10 mos", "location": "New York, New York, United States", "title": "Business Development Manager - Agencies & Media"}, {"company_name": "Galison + Mudpuppy", "dates_employed": "Jul 2017\u2013Nov 2017", "employment_duration": "5 mos", "location": "Greater New York City Area", "title": "Account Manager Christian Lacroix"}], "education": [{"institution": "Parsons School of Design - The New School", "degree_details": {"degree_name": "Strategic Design & Management", "field_of_study": "Strategic Design & Management", "dates_attended_or_expected_graduation": null}}, {"institution": "Linden Hall", "degree_details": {"degree_name": "High School Education", "field_of_study": "High School/Secondary Diplomas and Certificates", "dates_attended_or_expected_graduation": null}}], "employee_name": "Kku32496ujDfF6VN*KnaBc4YsWQuQgjI7Wd9h8w==*m2b2Z6RMmP8j+3dH70myaA==*t74O3xgeXD+E7R44VBrG2g=="}, {"experience": [{"company_name": "Evolv AI", "dates_employed": "Nov 2019\u2013Present", "employment_duration": "2 yrs 7 mos", "location": null, "title": "Head of Demand Generation"}, {"company_name": "SIFF.IO", "dates_employed": "Jan 2019\u2013Present", "employment_duration": "3 yrs 5 mos", "location": null, "title": "Advisor"}, {"company_name": "Personalization ONE", "dates_employed": "Nov 2018\u2013Present", "employment_duration": "3 yrs 7 mos", "location": null, "title": "Advisor"}, {"company_name": "Revcloud", "dates_employed": "May 2019\u2013Nov 2019", "employment_duration": "7 mos", "location": null, "title": "Client CMO"}, {"company_name": "Resolve Systems", "dates_employed": "Jan 2017\u2013Oct 2018", "employment_duration": "1 yr 10 mos", "location": "Irvine, California", "title": "Global Vice President of Marketing"}], "education": [{"institution": "California State University, Long Beach", "degree_details": {"degree_name": "Art", "field_of_study": "Graphic Design, Marketing", "dates_attended_or_expected_graduation": "1998 \u2013 2003"}}, {"institution": "Olentangy High School", "degree_details": {"dates_attended_or_expected_graduation": null, "degree_name": null, "field_of_study": null}}], "employee_name": "foEgH1TV5rspWWEa*BZgMd1HhyQj+RqEcnifE4A==*XgDBhYZGEBtsk9qRjGBUMQ==*oUEzJJLTP1DwyWhr/2ayog=="}, {"experience": [{"company_name": "Evolv AI", "dates_employed": "Jan 2022\u2013Present", "employment_duration": "5 mos", "location": "Dublin, County Dublin, Ireland", "title": "Principal Consultant - EMEA"}, {"company_name": "IBM Data and AI Expert Services Group", "dates_employed": "Mar 2016\u2013Jan 2022", "employment_duration": "5 yrs 11 mos", "location": "Dublin", "title": "Senior Business Architect"}, {"company_name": "IBM Watson Group", "dates_employed": "Feb 2015\u20132016", "employment_duration": "1 yr", "location": "Dublin", "title": "Enterprise Business Architect - Watson European Centre of Competency"}, {"company_name": "IBM Software Group", "dates_employed": "Dec 2012\u2013Feb 2015", "employment_duration": "2 yrs 3 mos", "location": "Dublin", "title": "Business Development Manager Big Data & Analytics , IBM Ecosystems Group UK&Ireland"}, {"company_name": "Irish Software Association", "dates_employed": "Nov 2010\u2013Dec 2012", "employment_duration": "2 yrs 2 mos", "location": "Dublin", "title": "ISV Alliances Manager for IBM Software Group UK & Ireland"}], "education": [{"institution": "University of Limerick", "degree_details": {"degree_name": "BBS ML", "field_of_study": "Business Marketing Major", "dates_attended_or_expected_graduation": "1989 \u2013 1993"}}], "employee_name": "fwJoS1qnB9OqDHUL*H5ISbFaUigMNtoPf31Qc9A==*uSj6GGpCqBnJp7wyeNoH1w==*jMJs/Ch4GIa/zz/qmAUcig=="}, {"experience": [{"company_name": "Fender Musical Instruments Corporation", "dates_employed": "Jul 2018\u2013Present", "employment_duration": "3 yrs 11 mos", "location": "Hollywood, California", "title": "Member Board Of Directors/Growth Advisor"}, {"company_name": "Tractive", "dates_employed": "May 2021\u2013Present", "employment_duration": "1 yr 1 mo", "location": "Pasching, Upper Austria, Austria", "title": "Member Board Of Directors"}, {"company_name": "Crehana", "dates_employed": "Feb 2021\u2013Present", "employment_duration": "1 yr 4 mos", "location": "Lima, Peru", "title": "Board Member"}, {"company_name": "Pathstream", "dates_employed": "Mar 2020\u2013Present", "employment_duration": "2 yrs 3 mos", "location": "San Francisco Bay Area", "title": "Chairman"}, {"company_name": "Evolv Technologies", "dates_employed": "Jun 2019\u2013Present", "employment_duration": "3 yrs", "location": "San Francisco", "title": "Board Member"}], "education": [{"institution": "University of California, Berkeley", "degree_details": {"degree_name": "BA", "field_of_study": "History", "dates_attended_or_expected_graduation": "1980 \u2013 1984"}}, {"institution": "Saint Mary's College of California", "degree_details": {"degree_name": "MBA", "field_of_study": "International Finance and Foreign Trade", "dates_attended_or_expected_graduation": "1990 \u2013 1991"}}], "employee_name": "uOIQTFF64mPY8r4=*4bDxyv/Pmnkd6530dmRFbg==*zp80/GIT0Vi3FSKE9omh6Q==*aE2sZ9HIXNei4Q0pdOgeRQ=="}, {"experience": [{"company_name": "Haptik", "dates_employed": "Apr 2021\u2013Present", "employment_duration": "1 yr 2 mos", "location": "Austin, Texas", "title": "SVP Revenue & Partnerships, GM Americas"}, {"company_name": "Evolv Technologies", "dates_employed": "Mar 2021\u2013Present", "employment_duration": "1 yr 3 mos", "location": null, "title": "Strategic Advisor"}, {"company_name": "Evolv Technologies", "dates_employed": "Jan 2019\u2013Mar 2021", "employment_duration": "2 yrs 3 mos", "location": "Austin, Texas Area", "title": "General Manager"}, {"company_name": "Fallbrook Technologies", "dates_employed": "Jan 2017\u2013Dec 2018", "employment_duration": "2 yrs", "location": null, "title": "VP, Business Development and Sales"}, {"company_name": "Sentient Technologies", "dates_employed": "May 2016\u2013Dec 2018", "employment_duration": "2 yrs 8 mos", "location": null, "title": "Strategic Advisor"}], "education": [{"institution": "The University of Texas at Austin", "degree_details": {"degree_name": "BBA", "dates_attended_or_expected_graduation": null, "field_of_study": null}}], "employee_name": "zcYx+TmNzESnYvxMIw==*tK1thGs5pr7qngVnmMKfEQ==*ne4YWgshAhW3VFiryBMWMA==*em7QoD10liB+0DJPSdC7SA=="}, {"experience": [{"company_name": "Evolv Technologies", "dates_employed": "Feb 2021\u2013Present", "employment_duration": "1 yr 4 mos", "location": "San Francisco, California, United States", "title": "VP of Finance"}, {"company_name": "Evolv Technologies", "dates_employed": "Mar 2019\u2013Present", "employment_duration": "3 yrs 3 mos", "location": "San Francisco Bay Area", "title": "Director of Finance"}, {"company_name": "Sentient Technologies (USA) LLC", "dates_employed": "May 2017\u2013Mar 2019", "employment_duration": "1 yr 11 mos", "location": "San Francisco Bay Area", "title": "Senior Accounting Manager @ Sentient Technologies"}, {"company_name": "Livefyre", "dates_employed": "Apr 2015\u2013Nov 2016", "employment_duration": "1 yr 8 mos", "location": "San Francisco Bay Area", "title": "Senior Accounting Manager"}, {"company_name": "Ask.com", "dates_employed": "Mar 2010\u2013Apr 2015", "employment_duration": "5 yrs 2 mos", "location": "Oakland, CA", "title": "Accounting Manager"}], "education": [{"institution": "University of Southern California", "degree_details": {"degree_name": "Bachelor's Degree", "field_of_study": "Business Administration and Management, General", "dates_attended_or_expected_graduation": null}}, {"institution": "University of Southern California - Marshall School of Business", "degree_details": {"dates_attended_or_expected_graduation": null, "degree_name": null, "field_of_study": null}}], "employee_name": "Iq1TNo1obVbVHJ04//zM*K6wsFOVjGhhqGl71jJW9NA==*pdjTPyVjESzbPorO8gvD7Q==*GrfkMckVFGWEZU7hcycNCg=="}, {"experience": [{"company_name": "Evolv AI", "dates_employed": "Sep 2021\u2013Present", "employment_duration": "9 mos", "location": null, "title": "Principal Consultant, North America"}, {"company_name": "Sextant Marketing", "dates_employed": "Dec 2020\u2013Present", "employment_duration": "1 yr 6 mos", "location": "Chicago, Illinois, United States", "title": "Managing Director, Brand Strategy"}, {"company_name": "Bernstein-Rein Advertising", "dates_employed": "2017\u2013Dec 2020", "employment_duration": "3 yrs", "location": "Kansas City, Missouri Area", "title": "SVP, Group Account Director"}, {"company_name": "VML", "dates_employed": "2013\u20132016", "employment_duration": "3 yrs", "location": "Greater Chicago Area", "title": "Managing Director, Client Engagement"}, {"company_name": "VML", "dates_employed": "2009\u20132013", "employment_duration": "4 yrs", "location": "Greater Chicago Area", "title": "Vice President, Account Director"}], "education": [{"institution": "Augustana College", "degree_details": {"degree_name": "BA", "field_of_study": "English, History", "dates_attended_or_expected_graduation": null}}], "employee_name": "G3DKNwJkk5/UnA==*oZc6kUcO5dASSEC2phGRJg==*ZDyTo9RLvDBtyOTrRd8kow==*3PO94TfjPFcX2Ufy9vQHjA=="}, {"experience": [{"company_name": "Evolv AI", "dates_employed": "Jan 2021\u2013Present", "employment_duration": "1 yr 5 mos", "location": "San Francisco Bay Area", "title": "VP of Revenue Operations"}, {"company_name": "Evolv Technologies", "dates_employed": "Oct 2019\u2013Jan 2021", "employment_duration": "1 yr 4 mos", "location": "San Francisco Bay Area", "title": "Director of Revenue Operations"}, {"company_name": "Evolv Technologies", "dates_employed": "Oct 2018\u2013Oct 2019", "employment_duration": "1 yr 1 mo", "location": "San Francisco Bay Area", "title": "GTM Strategy and Operations"}, {"company_name": "Sentient Technologies (acquired by Cognizant)", "dates_employed": "Aug 2017\u2013Oct 2018", "employment_duration": "1 yr 3 mos", "location": "San Francisco Bay Area", "title": "Director, Business Development and Sales Operations"}, {"company_name": "Sentient Technologies (acquired by Cognizant)", "dates_employed": "Aug 2016\u2013Aug 2017", "employment_duration": "1 yr 1 mo", "location": "San Francisco Bay Area", "title": "Manager, Business Development and Sales Operations"}], "education": [{"institution": "California Polytechnic State University-San Luis Obispo", "degree_details": {"dates_attended_or_expected_graduation": null, "degree_name": null, "field_of_study": null}}], "employee_name": "JrzXcbPp+0r8LeQzUxAl*Ee2irlh9Qw9Tc1RJgyFC1w==*FfqPARU1aXSwUkulPyBHyQ==*iWTD7+1oTy3wB6eAdLCXgA=="}, {"experience": [{"company_name": "Evolv Technologies", "dates_employed": "Mar 2021\u2013Present", "employment_duration": "1 yr 3 mos", "location": "United States", "title": "Head of Sales - North America"}, {"company_name": "SparkPost, a MessageBird company", "dates_employed": "Jan 2020\u2013Jan 2021", "employment_duration": "1 yr 1 mo", "location": "Greater New York City Area", "title": "Head Of Sales"}, {"company_name": "Posh Properties", "dates_employed": "2015\u20132020", "employment_duration": "5 yrs", "location": null, "title": "Co-founder & SVP of Sales"}, {"company_name": "Wayin acquired by Cheetah Experiences", "dates_employed": "2015\u20132016", "employment_duration": "1 yr", "location": "Greater New York City Area", "title": "Advisor"}, {"company_name": "Monetate acquired by Kibo", "dates_employed": "2011\u20132015", "employment_duration": "4 yrs", "location": "United States", "title": "VP of Sales - North America"}], "education": [{"institution": "Stockton University", "degree_details": {"degree_name": "Bachelor's Degree", "field_of_study": "Accounting", "dates_attended_or_expected_graduation": null}}], "employee_name": "dGjItRc1umhDEA==*rCb66r7qnnU6Ldkc/H0fIg==*SAdjNkv9b6yxED5KuTeUOQ==*de6ybuuUQ6ubRO+2u5A0vw=="}, {"experience": [{"company_name": "Mayo Clinic", "dates_employed": "Mar 2021\u2013Present", "employment_duration": "1 yr 3 mos", "location": null, "title": "Vice Chair, Emerging Products"}, {"company_name": "Forbes Technology Council", "dates_employed": "2021\u2013Present", "employment_duration": "1 yr", "location": null, "title": "Official Member"}, {"company_name": "Evolv Technologies", "dates_employed": "Jan 2021\u2013Present", "employment_duration": "1 yr 5 mos", "location": null, "title": "Advisory Board Member | AI/ML Products"}, {"company_name": "Verizon", "dates_employed": "Apr 2018\u2013Dec 2020", "employment_duration": "2 yrs 9 mos", "location": null, "title": "Head of Optimization & Personalization | AI/ML & Analytics"}, {"company_name": "New Digital Collective", "dates_employed": "Nov 2016\u2013Mar 2018", "employment_duration": "1 yr 5 mos", "location": null, "title": "Managing Principal | Product Management"}], "education": [{"institution": "Tufts University", "degree_details": {"degree_name": "Master's Degree", "field_of_study": "Economics", "dates_attended_or_expected_graduation": null}}, {"institution": "Tsinghua University", "degree_details": {"degree_name": "Master's Degree", "field_of_study": "Management Information Systems", "dates_attended_or_expected_graduation": null}}, {"institution": "Southeast University", "degree_details": {"degree_name": "Bachelor's degree", "field_of_study": "Industrial Engineering", "dates_attended_or_expected_graduation": null}}], "employee_name": "L3kKBx87OA==*ujMGQ56CcGHV8nm+ms+Dng==*BcFaW9MmojwXs3zUnkQZpg==*wsTk/pj5tkaOfhVgrTuDSA=="}, {"experience": [{"company_name": "Evolv Technologies", "dates_employed": "Jul 2021\u2013Present", "employment_duration": "11 mos", "location": "New York City Metropolitan Area", "title": "Director, Solutions Engineering"}, {"company_name": "Optimizely", "dates_employed": "Dec 2018\u2013Jul 2021", "employment_duration": "2 yrs 8 mos", "location": "New York, New York, United States", "title": "Director, Solutions Architecture"}, {"company_name": "OneSpot [Acquired by Aclate]", "dates_employed": "Dec 2016\u2013Dec 2018", "employment_duration": "2 yrs 1 mo", "location": "New York City, New York", "title": "Sr. Director, Global Solutions Consulting"}, {"company_name": "Sailthru [Acquired by CMGroup]", "dates_employed": "Dec 2012\u2013Dec 2016", "employment_duration": "4 yrs 1 mo", "location": "New York City, New York", "title": "Director, Global Solutions Consulting"}, {"company_name": "Omniture [Acquired by Adobe]", "dates_employed": "Jul 2008\u2013Dec 2012", "employment_duration": "4 yrs 6 mos", "location": "Greater New York City Area", "title": "Senior Solutions Consultant"}], "education": [{"institution": "Syracuse University", "degree_details": {"degree_name": "BS", "field_of_study": "Computer Engineering", "dates_attended_or_expected_graduation": null}}, {"institution": "University of Central Florida", "degree_details": {"degree_name": "Certificate", "field_of_study": "Oracle DB", "dates_attended_or_expected_graduation": null}}], "employee_name": "cRMDWiMVSOkT+A==*OmrA23q4A8pUg0TZpK1gxg==*90a2hrMDx4brRgFhOl5s+A==*ZO09heTBb3+aJ2SJ7/y/zg=="}, {"experience": [{"company_name": "Evolv AI", "dates_employed": "Nov 2021\u2013Present", "employment_duration": "7 mos", "location": "Dublin, County Dublin, Ireland", "title": "Staff Software Engineer"}, {"company_name": "SmartBear", "dates_employed": "Apr 2019\u2013Nov 2021", "employment_duration": "2 yrs 8 mos", "location": "County Galway, Ireland", "title": "Software Engineer"}, {"company_name": "Asan Pardakht", "dates_employed": "Dec 2017\u2013Mar 2019", "employment_duration": "1 yr 4 mos", "location": "Tehran Province, Iran", "title": "Senior Frontend Developer"}, {"company_name": "Soroush Messenger", "dates_employed": "Jun 2017\u2013Dec 2017", "employment_duration": "7 mos", "location": "Tehran Province, Iran", "title": "Senior Frontend Developer"}, {"company_name": "WebWalls", "dates_employed": "Apr 2014\u2013Dec 2017", "employment_duration": "3 yrs 9 mos", "location": "Tehran", "title": "Co Founder"}], "education": [{"institution": "Payame Noor University", "degree_details": {"degree_name": "Bs. IT", "field_of_study": "Information Technology", "dates_attended_or_expected_graduation": "2007 \u2013 2012"}}], "employee_name": "nGRbfWa/0ebFGjDM2x1pIA==*WH06Vd4c1DKMW8mwKyOqRQ==*Fr1NhvsK2ayxeVhJz9CvPw==*4nfngPBgbHAQ4BFiCgX+Pw=="}, {"experience": [{"company_name": "Evolv Technologies", "dates_employed": "Jun 2017\u2013Present", "employment_duration": "5 yrs", "location": "San Francisco Bay Area", "title": "Software Engineer"}, {"company_name": "Sentient Technologies", "dates_employed": "Sep 2017\u2013Mar 2019", "employment_duration": "1 yr 7 mos", "location": "San Francisco Bay Area", "title": "Software Engineer"}, {"company_name": "Sentient Technologies", "dates_employed": "Jun 2017\u2013Sep 2017", "employment_duration": "4 mos", "location": "San Francisco", "title": "Software Engineering Intern"}, {"company_name": "A Family For Every Child (AFFEC)", "dates_employed": "Jan 2017\u2013Apr 2017", "employment_duration": "4 mos", "location": "Eugene, Oregon Area", "title": "Web Development Intern"}, {"company_name": "FusionOps, Inc", "dates_employed": "Jun 2016\u2013Sep 2016", "employment_duration": "4 mos", "location": "Mountain View, California", "title": "BI Development Intern"}], "education": [{"institution": "University of Oregon", "degree_details": {"degree_name": "Bachelor of Science (BS)", "field_of_study": "Computer and Information Science", "dates_attended_or_expected_graduation": "2013 \u2013 2017"}}], "employee_name": "WzcNw17soKiUUr5aMg==*B4yWynQ6UF5f1A5OV+pJcA==*G8s98d8ngs4MY90vy7ADnQ==*vrjOgBedSfOWY6JO9No8/A=="}, {"experience": [{"company_name": "Evolv AI", "dates_employed": "Sep 2021\u2013Present", "employment_duration": "9 mos", "location": "San Francisco, California, United States", "title": "Machine Learning Engineer"}, {"company_name": "O'Neil Global Advisors", "dates_employed": "May 2020\u2013Sep 2021", "employment_duration": "1 yr 5 mos", "location": "Los Angeles, California, United States", "title": "Data Scientist"}, {"company_name": "Federal Reserve Bank of Cleveland", "dates_employed": "Oct 2015\u2013Aug 2017", "employment_duration": "1 yr 11 mos", "location": "Cleveland/Akron, Ohio Area", "title": "Economic Analyst"}, {"company_name": "PredictWallStreet", "dates_employed": "Sep 2014\u2013May 2015", "employment_duration": "9 mos", "location": "Santa Cruz, CA", "title": "Senior Researcher and Analyst"}, {"company_name": "Dept. of Mathematics and Statistics, Boston University", "dates_employed": "Jun 2014\u2013Aug 2014", "employment_duration": "3 mos", "location": "Boston, MA", "title": "Visiting Researcher"}], "education": [{"institution": "The University of Texas at Austin", "degree_details": {"degree_name": "PhD incomplete", "field_of_study": "Statistics and Data Science", "dates_attended_or_expected_graduation": "2017 \u2013 2020"}}, {"institution": "Massachusetts Institute of Technology", "degree_details": {"degree_name": "Master of Science (M.S.)", "field_of_study": "Management Studies (focused on quantitative methods in finance)", "dates_attended_or_expected_graduation": "2010 \u2013 2011"}}, {"institution": "Tsinghua University", "degree_details": {"degree_name": "Master of Business Administration", "field_of_study": "Finance", "dates_attended_or_expected_graduation": "2009 \u2013 2010"}}], "employee_name": "GCPKK/VTV9k=*BJH12p5+MWj4YbscPBSbeg==*+eeUPn7pAFVHfepvQ3CiWQ==*H05JnMMN2mTCJXHDJoqhFw=="}, {"experience": [{"company_name": "Evolv Technologies", "dates_employed": "Mar 2019\u2013Present", "employment_duration": "3 yrs 3 mos", "location": "San Francisco Bay Area", "title": "Software Engineer"}, {"company_name": "Ketoeat.io", "dates_employed": "Sep 2018\u2013Sep 2019", "employment_duration": "1 yr 1 mo", "location": "San Francisco Bay Area", "title": "Full Stack Web Developer"}, {"company_name": "Make School", "dates_employed": "Mar 2018\u2013Mar 2019", "employment_duration": "1 yr 1 mo", "location": "San Francisco Bay Area", "title": "Teaching Assistant"}, {"company_name": "Full Stack Developer - Project", "dates_employed": "Sep 2018\u2013Feb 2019", "employment_duration": "6 mos", "location": "San Francisco Bay Area", "title": "Breezy Traveler"}, {"company_name": "Outbook.io", "dates_employed": "Oct 2018\u2013Jan 2019", "employment_duration": "4 mos", "location": "San Francisco", "title": "Frontend Developer"}], "education": [{"institution": "Make School Product College", "degree_details": {"field_of_study": "Computer Software Engineering", "dates_attended_or_expected_graduation": "2017 \u2013 2019", "degree_name": null}}, {"institution": "San Francisco State University", "degree_details": {"degree_name": "BS Graphic Design", "field_of_study": "Visual Communication Design", "dates_attended_or_expected_graduation": "2008 \u2013 2010"}}, {"institution": "UC Berkeley", "degree_details": {"degree_name": "CTE Credential", "field_of_study": "Education", "dates_attended_or_expected_graduation": "2011 \u2013 2014"}}], "employee_name": "xuI4/2utr7e6IA==*mBqZDmunGNGi01Soc/7kEg==*tN1OTQxn6WoX0ruGwZSYvQ==*i6as6wO9FY2Kq/PUc1Wvqg=="}, {"experience": [{"company_name": "Evolv AI", "dates_employed": "Mar 2022\u2013Present", "employment_duration": "3 mos", "location": "Lexington, Kentucky, United States", "title": "Software Engineer"}, {"company_name": "Robertson Design", "dates_employed": "Sep 2016\u2013Apr 2022", "employment_duration": "5 yrs 8 mos", "location": "New Orleans, Louisiana, United States", "title": "Web Developer"}, {"company_name": "Sediment Press LLC", "dates_employed": "May 2012\u2013Sep 2016", "employment_duration": "4 yrs 5 mos", "location": null, "title": "Creative Director"}], "education": [{"institution": "University of New Orleans", "degree_details": {"degree_name": "Bachelor of Arts - BA", "field_of_study": "Fine and Studio Arts", "dates_attended_or_expected_graduation": "2002 \u2013 2007"}}], "employee_name": "3vmUqOo5pTnI/GPahemc9dc=*SSVl+7m+MnJxpEhbdJkBzw==*rS8Ps5icPuCx1pbxnUZiyQ==*oHrtIdG19K0aS66HKenaNA=="}, {"experience": [{"company_name": "Evolv Technologies", "dates_employed": "Jul 2016\u2013Present", "employment_duration": "5 yrs 11 mos", "location": "San Francisco Bay Area", "title": "Staff Software Engineer"}, {"company_name": "Sentient Technologies", "dates_employed": "May 2018\u2013Mar 2019", "employment_duration": "11 mos", "location": "San Francisco Bay Area", "title": "Staff Software Engineer"}, {"company_name": "Sentient Technologies", "dates_employed": "Jul 2016\u2013May 2018", "employment_duration": "1 yr 11 mos", "location": "San Francisco Bay Area", "title": "Senior Software Engineer"}, {"company_name": "El Loco LLC", "dates_employed": "Jun 2014\u2013Apr 2016", "employment_duration": "1 yr 11 mos", "location": "Emeryville, CA", "title": "Front End Web Software Engineer"}, {"company_name": "Technology Concepts Group, Inc.", "dates_employed": "Feb 2010\u2013Jun 2014", "employment_duration": "4 yrs 5 mos", "location": "Champaign, IL", "title": "Software Engineer"}], "education": [{"institution": "University of Illinois Urbana-Champaign", "degree_details": {"degree_name": "Bachelor\u2019s Degree", "field_of_study": "Computer Engineering", "dates_attended_or_expected_graduation": "2003 \u2013 2009"}}], "employee_name": "Ai2+ONhj7xpQiQ==*/wgxX35gZHAqeWqN2QLqjA==*TX18jH7lxIfTMOfuxMcsBg==*pQ4ojoscfr+opPyuQzhH5A=="}, {"experience": [{"company_name": "Evolv AI", "dates_employed": "Aug 2021\u2013Present", "employment_duration": "10 mos", "location": "Ireland", "title": "QA Engineer"}, {"company_name": "Freelance", "dates_employed": "Oct 2019\u2013Aug 2021", "employment_duration": "1 yr 11 mos", "location": "Home", "title": "Freelance Testing and Upskilling| TestBirds, LinkedIn Learning"}, {"company_name": "QAD", "dates_employed": "Sep 2014\u2013Oct 2019", "employment_duration": "5 yrs 2 mos", "location": "Limerick, County Limerick, Ireland", "title": "Software QA Engineer at QAD Europe (Ireland) LTD"}, {"company_name": "Workday", "dates_employed": "Jun 2012\u2013Feb 2013", "employment_duration": "9 mos", "location": "Ireland, Dublin", "title": "DevQA Intern at Workday, Inc. Dublin, Ireland"}], "education": [{"institution": "University of Limerick", "degree_details": {"degree_name": "Bachelor of Science (B.Sc.)", "field_of_study": "Computer Systems Information Technology", "dates_attended_or_expected_graduation": "2010 \u2013 2014"}}, {"institution": "St. Leos College Carlow", "degree_details": {"dates_attended_or_expected_graduation": "2008 \u2013 2010", "degree_name": null, "field_of_study": null}}], "employee_name": "t1XhbXLiolfS99cmfOc=*9lxxCXpLdDy879xwGmsNJQ==*4bpkFUCGnzuljWBifvu/rA==*OqYgW6m6MMkYmAF6U/CBcQ=="}, {"experience": [{"company_name": "Evolv AI", "dates_employed": "Oct 2021\u2013Present", "employment_duration": "8 mos", "location": null, "title": "Senior Graphic Designer"}, {"company_name": "Evolv AI", "dates_employed": "Oct 2018\u2013Oct 2021", "employment_duration": "3 yrs 1 mo", "location": "San Francisco, CA", "title": "Graphic Design Manager"}, {"company_name": "Sentient Technologies", "dates_employed": "Apr 2017\u2013Oct 2018", "employment_duration": "1 yr 7 mos", "location": "San Francisco", "title": "Graphic Design Manager"}, {"company_name": "Sentient Technologies", "dates_employed": "Jul 2016\u2013Mar 2017", "employment_duration": "9 mos", "location": null, "title": "Graphic Designer"}, {"company_name": "RichRelevance", "dates_employed": "Sep 2012\u2013Apr 2016", "employment_duration": "3 yrs 8 mos", "location": "San Francisco, CA", "title": "Senior Designer"}], "education": [{"institution": "Westmont College", "degree_details": {"degree_name": "Bachelor of Arts (B.A.)", "field_of_study": "Graphic Design & Photography", "dates_attended_or_expected_graduation": "2004 \u2013 2008"}}, {"institution": "Studio Arts College International", "degree_details": {"field_of_study": "Photography, Graphic Design, and Printmaking", "dates_attended_or_expected_graduation": "2007 \u2013 2007", "degree_name": null}}], "employee_name": "Fy4S9YMoRaJSEYEH/Awc*P+RTf3XhIBcBQI8gQkgutg==*+jIVFMvud0i3wrL941XaTw==*GKfAojtlLYBTCUPwoWn9xQ=="}, {"experience": [{"company_name": "Evolv AI", "dates_employed": "Oct 2021\u2013Present", "employment_duration": "8 mos", "location": "Atlanta, Georgia, United States", "title": "Software Engineer"}, {"company_name": "InfluxData", "dates_employed": "Sep 2019\u2013Oct 2021", "employment_duration": "2 yrs 2 mos", "location": "San Francisco Bay Area", "title": "Software Engineer"}, {"company_name": "Black Girls CODE", "dates_employed": "Jul 2019\u2013Aug 2019", "employment_duration": "2 mos", "location": "San Francisco Bay Area", "title": "Technical Instructor"}, {"company_name": "Make School", "dates_employed": "Feb 2019\u2013Aug 2019", "employment_duration": "7 mos", "location": "San Francisco Bay Area", "title": "RAMP Teaching Assistant"}, {"company_name": "Make School", "dates_employed": "Sep 2018\u2013Aug 2019", "employment_duration": "1 yr", "location": "San Francisco Bay Area", "title": "Student Council Representative"}], "education": [{"institution": "Georgia State University", "degree_details": {"degree_name": "Bachelor of Arts (B.A.)", "field_of_study": "International Business/Spanish", "dates_attended_or_expected_graduation": "2012 \u2013 2015"}}, {"institution": "Make School", "degree_details": {"degree_name": "Bachelor of Science - BS", "field_of_study": "Computer Science", "dates_attended_or_expected_graduation": "2018 \u2013 2019"}}], "employee_name": "Sy0pC43QBz0o4lAZ4cDn*MOyxgjb+O8mznyhFWbw/Fw==*+fvMDVBXiH6mh81aP4bqug==*v9Wj9WW6H/X65SPRXu3IYA=="}, {"experience": null, "education": null, "employee_name": "EK4O0WLNjEbo2sSQK1Bz*1gKsNKYUZgVbvOjns9qeVA==*VRH5+zU6LgNiOlWRwJp0Tw==*uKjaW/N05O34qclp7zMLlw=="}, {"experience": [{"company_name": "Evolv AI", "dates_employed": "Jan 2021\u2013Present", "employment_duration": "1 yr 5 mos", "location": "San Francisco Bay Area", "title": "Solutions Architect"}, {"company_name": "InRhythm", "dates_employed": "Jul 2018\u2013Jan 2021", "employment_duration": "2 yrs 7 mos", "location": "New York", "title": "Director, Web Engineering"}, {"company_name": "E*TRADE", "dates_employed": "Jun 2020\u2013Nov 2020", "employment_duration": "6 mos", "location": "Jersey City, New Jersey, United States", "title": "Senior Software Engineer"}, {"company_name": "American Express", "dates_employed": "Nov 2019\u2013Jun 2020", "employment_duration": "8 mos", "location": "New York, New York, United States", "title": "Senior Software Engineer"}, {"company_name": "Goldman Sachs", "dates_employed": "Oct 2017\u2013Nov 2019", "employment_duration": "2 yrs 2 mos", "location": "New York, New York, United States", "title": "Senior Software Engineer"}], "education": null, "employee_name": "T5vYyLn248nygQ==*qgqlSWBVEjaP6FLhHdFfyQ==*ySuFi68f8iHsPSj798DyCQ==*U31Lv3EbYnj9xh7g7hHuKg=="}, {"experience": [{"company_name": "Evolv AI", "dates_employed": "Jan 2022\u2013Present", "employment_duration": "5 mos", "location": "Austin, Texas, United States", "title": "UX Strategy Director"}, {"company_name": "Adobe", "dates_employed": "Jan 2015\u2013Jan 2022", "employment_duration": "7 yrs 1 mo", "location": "San Francisco Bay Area", "title": "Senior Business Consultant"}, {"company_name": "Walmart eCommerce", "dates_employed": "Jan 2014\u2013Jan 2015", "employment_duration": "1 yr 1 mo", "location": "San Bruno, CA", "title": "A/B Testing Consultant"}, {"company_name": "Breakthrough Ads", "dates_employed": "May 2013\u2013Jan 2014", "employment_duration": "9 mos", "location": "Greater Los Angeles Area", "title": "Director of Optimization"}, {"company_name": "Closed Loop Marketing", "dates_employed": "2012\u20132013", "employment_duration": "1 yr", "location": "Sacramento, California Area", "title": "Conversion Optimization Manager"}], "education": [{"institution": "Reichman University (IDC Herzliya)", "degree_details": {"degree_name": "MA", "field_of_study": "Government with a concentration in Counter-Terrorism and Homeland Security Studies", "dates_attended_or_expected_graduation": "2008 \u2013 2009"}}, {"institution": "University of North Texas", "degree_details": {"degree_name": "BA", "field_of_study": "History, Political Science", "dates_attended_or_expected_graduation": "2005 \u2013 2007"}}], "employee_name": "rMTi434djwhys385rWQ=*zRZ9OdCsJ55A16LR9PcscA==*AeiFX1gzvBbYDZ34r0Ss1g==*mVtV6ITYBNRueih0YKULVw=="}, {"experience": [{"company_name": "Evolv AI", "dates_employed": "Apr 2021\u2013Present", "employment_duration": "1 yr 2 mos", "location": "Dublin, County Dublin, Ireland", "title": "Head Of Programs"}, {"company_name": "CSG", "dates_employed": "Jan 2017\u2013Dec 2020", "employment_duration": "4 yrs", "location": "Denver, Colorado, United States", "title": "Senior Business Consultant"}, {"company_name": "NDRC", "dates_employed": "May 2016\u2013Jan 2017", "employment_duration": "9 mos", "location": "County Dublin, Ireland", "title": "Digital Product Owner"}, {"company_name": "The Digital Hub Development Agency", "dates_employed": "Apr 2015\u2013Apr 2016", "employment_duration": "1 yr 1 mo", "location": "County Dublin, Ireland", "title": "Agile Project Manager"}, {"company_name": "Celtic Relocations", "dates_employed": "Sep 2010\u2013Feb 2013", "employment_duration": "2 yrs 6 mos", "location": "County Dublin, Ireland", "title": "Executive Relocations Consultant for Apple, Twitter, Google and Symantec"}], "education": [{"institution": "Technological University Dublin", "degree_details": {"degree_name": "Hons Bachelor of Science (BSc Hons)", "field_of_study": "Digital Technology, Design and Innovation", "dates_attended_or_expected_graduation": "2013 \u2013 2015"}}], "employee_name": "LbGsUYMuQKB3rBed*xJW7TOxiyRAYmrglflaU2A==*sy+hjBSaoaeFlFcFb0yxXw==*yuLbi5YAD1976vElTTMDkQ=="}, {"experience": [{"company_name": "Evolv AI", "dates_employed": "Feb 2022\u2013Present", "employment_duration": "4 mos", "location": "San Francisco Bay Area", "title": "Senior Program Manager"}, {"company_name": "T-Mobile", "dates_employed": "Jul 2021\u2013Mar 2022", "employment_duration": "9 mos", "location": "Bellevue, Washington, United States", "title": "Senior Program Manager"}, {"company_name": "Teague", "dates_employed": "Sep 2018\u2013Apr 2021", "employment_duration": "2 yrs 8 mos", "location": "Everett, WA", "title": "Senior Project Manager/Producer/Program Manager"}, {"company_name": "Disney Parks, Experiences and Products", "dates_employed": "Oct 2017\u2013Sep 2018", "employment_duration": "1 yr", "location": "Greater Seattle Area", "title": "Senior Project Manager"}, {"company_name": "POSSIBLE", "dates_employed": "Jul 2017\u2013Nov 2017", "employment_duration": "5 mos", "location": null, "title": "Freelance Senior Project Manager/Producer"}], "education": [{"institution": "Memphis State University", "degree_details": {"degree_name": "English", "dates_attended_or_expected_graduation": null, "field_of_study": null}}, {"institution": "Printmaking/Letterpress printing \u00ad Pratt Fine Arts Center", "degree_details": {"degree_name": "Fine Arts", "field_of_study": "Sociology; English", "dates_attended_or_expected_graduation": null}}, {"institution": "South Seattle Community", "degree_details": {"dates_attended_or_expected_graduation": null, "degree_name": null, "field_of_study": null}}], "employee_name": "GBWEhoQq/3DK*wyPpnSik+OOh3UCsyyB+pg==*razAe3vXSIhrQXGDnOO1Pg==*zyNyWp+Bhnpcc1f0CXPeUw=="}, {"experience": [{"company_name": "Evolv AI", "dates_employed": "Mar 2022\u2013Present", "employment_duration": "3 mos", "location": "San Francisco Bay Area", "title": "Software Engineer"}, {"company_name": "Clovers AI", "dates_employed": "Mar 2021\u2013Mar 2022", "employment_duration": "1 yr 1 mo", "location": null, "title": "Software Engineer"}, {"company_name": "RetailNext", "dates_employed": "Sep 2019\u2013Mar 2021", "employment_duration": "1 yr 7 mos", "location": null, "title": "Software Engineer"}, {"company_name": "Deloitte", "dates_employed": "Jan 2019\u2013Nov 2019", "employment_duration": "11 mos", "location": "Madrid Area, Spain", "title": "Senior Engineering Manager, Software Development and Artificial Intelligence"}, {"company_name": "Uselabs LLC", "dates_employed": "Sep 2008\u2013Nov 2019", "employment_duration": "11 yrs 3 mos", "location": null, "title": "CTO, Software Engineer"}], "education": [{"institution": "Universitat Aut\u00f2noma de Barcelona", "degree_details": {"degree_name": "Bachelor's degree", "field_of_study": "Mathematics and Computer Science", "dates_attended_or_expected_graduation": "1997 \u2013 2000"}}], "employee_name": "2MoRIp9NL+OtwSLm+FHUv2Zo*QOKdx6jqE+GMksf3LC2OaQ==*Nbld0MykO00QzzCkhSjodQ==*EP+3LvqcdmGGjXH3Z0Vq6g=="}, {"experience": [{"company_name": "Evolv AI", "dates_employed": "Mar 2022\u2013Present", "employment_duration": "3 mos", "location": "Australia", "title": "Lead Field Engineer"}, {"company_name": "Evolv AI", "dates_employed": "Aug 2021\u2013Mar 2022", "employment_duration": "8 mos", "location": "Australia", "title": "Field Engineer"}, {"company_name": "Evolv Technologies", "dates_employed": "Feb 2021\u2013Aug 2021", "employment_duration": "7 mos", "location": "Australia", "title": "Solutions Architect"}, {"company_name": "CANSTAR", "dates_employed": "Apr 2018\u2013Feb 2021", "employment_duration": "2 yrs 11 mos", "location": "Brisbane, Australia", "title": "Digital Optimisation Lead"}, {"company_name": "Reprise Media Australia", "dates_employed": "Feb 2017\u2013Feb 2018", "employment_duration": "1 yr 1 mo", "location": "Brisbane, Australia", "title": "Associate Digital Solutions Director"}], "education": [{"institution": "CQUniversity", "degree_details": {"degree_name": "Bachelor's Degree", "field_of_study": "Information Technology", "dates_attended_or_expected_graduation": "2000 \u2013 2003"}}], "employee_name": "QroCxYANPcU1bbr1t3k=*x1f/XbzJ2afZ6dqjSDj0bQ==*BlHcbZv6CHszENkbjafz2A==*Bxx/JsVuEtS4pwcG7WN9AQ=="}, {"experience": [{"company_name": "Evolv AI", "dates_employed": "Oct 2021\u2013Present", "employment_duration": "8 mos", "location": null, "title": "Group Account Director"}, {"company_name": "Evolv AI", "dates_employed": "Sep 2021\u2013Oct 2021", "employment_duration": "2 mos", "location": "United States", "title": "Program Director"}, {"company_name": "Cognizant", "dates_employed": "Jul 2019\u2013Aug 2021", "employment_duration": "2 yrs 2 mos", "location": "United States", "title": "Business Analyst Consultant"}], "education": [{"institution": "Arizona State University", "degree_details": {"degree_name": "Global Leadership and Global Logistics Management", "field_of_study": "International Business", "dates_attended_or_expected_graduation": "2015 \u2013 2018"}}, {"institution": "Brigham Young University", "degree_details": {"field_of_study": "Global Supply Chain Management", "dates_attended_or_expected_graduation": "2013 \u2013 2015", "degree_name": null}}], "employee_name": "y75fdE18+9Fi06L/Pps=*11i3zsW8BNXqFtSvAgsb2w==*AhNNEVw9ZX4qveR00/WS/g==*JNZWpEs2rLQnq3Fsb3+vbA=="}, {"experience": [{"company_name": "Evolv AI", "dates_employed": "Oct 2021\u2013Present", "employment_duration": "8 mos", "location": "San Francisco Bay Area", "title": "Senior Accounting Manager"}, {"company_name": "Hays", "dates_employed": "Aug 2020\u2013Oct 2021", "employment_duration": "1 yr 3 mos", "location": null, "title": "Consultant"}, {"company_name": "Double Lake LLC", "dates_employed": "Nov 2016\u2013Aug 2020", "employment_duration": "3 yrs 10 mos", "location": null, "title": "Controller"}, {"company_name": "Front Porch", "dates_employed": "Apr 2015\u2013Oct 2016", "employment_duration": "1 yr 7 mos", "location": "Glendale, CA", "title": "Assistant Controller"}, {"company_name": "Green Dot Corporation", "dates_employed": "Jul 2014\u2013Apr 2015", "employment_duration": "10 mos", "location": "Pasadena, CA", "title": "Accounting Manager"}], "education": [{"institution": "California State University-Dominguez Hills", "degree_details": {"degree_name": "Bachelor\u2019s Degree", "field_of_study": "Business Administration", "dates_attended_or_expected_graduation": null}}], "employee_name": "HkekmPxVrTtFrbLwO58/fI/xKQ==*5i+HzXTDtJVOIQ4GHf3jlQ==*oB57Un+8PiAys21IuDxIOQ==*BKyaYbhLhY/UTTvxWUvP9g=="}, {"experience": [{"company_name": "Evolv AI", "dates_employed": "Sep 2021\u2013Present", "employment_duration": "9 mos", "location": "Ireland", "title": "Solutions Architect"}, {"company_name": "Overstock.com", "dates_employed": "May 2020\u2013Sep 2021", "employment_duration": "1 yr 5 mos", "location": "Ireland", "title": "Dev Team Lead"}, {"company_name": "Overstock.com", "dates_employed": "Feb 2019\u2013May 2020", "employment_duration": "1 yr 4 mos", "location": "County Sligo, Ireland", "title": "Senior Frontend Developer"}, {"company_name": "Firefly Orthoses Ltd", "dates_employed": "Jan 2018\u2013Jan 2019", "employment_duration": "1 yr 1 mo", "location": "County Sligo, Ireland", "title": "Software Engineer"}, {"company_name": "Independent / Freelancer", "dates_employed": "Jul 2010\u2013Jan 2018", "employment_duration": "7 yrs 7 mos", "location": "County Dublin, Ireland", "title": "Frontend Developer"}], "education": [{"institution": "National University of Ireland, Galway", "degree_details": {"degree_name": "Master\u2019s Degree", "field_of_study": "Computer Software Engineering", "dates_attended_or_expected_graduation": "2015 \u2013 2017"}}, {"institution": "D\u00fan Laoghaire Institute of Art, Design and Technology", "degree_details": {"degree_name": "Bachelor\u2019s Degree", "field_of_study": "Multimedia Programming", "dates_attended_or_expected_graduation": "2000 \u2013 2004"}}], "employee_name": "X8CiMAmUypkFFyf61g==*ECXFMykoa8+CIMb+bIu/vQ==*waAvMYonsbmxPI5bor383Q==*Ksxtq6R6z0OZLOIj7MiZ/Q=="}, {"experience": [{"company_name": "Evolv AI", "dates_employed": "Mar 2019\u2013Present", "employment_duration": "3 yrs 3 mos", "location": "San Francisco Bay Area", "title": "Director of Legal and Human Resources"}, {"company_name": "Sentient Technologies", "dates_employed": "May 2017\u2013Mar 2019", "employment_duration": "1 yr 11 mos", "location": "San Francisco, California", "title": "Sr. Legal Analyst"}, {"company_name": "University of California San Diego", "dates_employed": "2011\u2013May 2017", "employment_duration": "6 yrs", "location": "La Jolla, CA", "title": "Financial Analyst at San Diego Supercomputer Center"}, {"company_name": "Apple", "dates_employed": "Jan 2016\u2013Aug 2016", "employment_duration": "8 mos", "location": "Cupertino, CA", "title": "Analyst"}, {"company_name": "Emotient", "dates_employed": "2010\u2013Jan 2016", "employment_duration": "6 yrs", "location": "San Diego, CA", "title": "Business Operations Manager"}], "education": [{"institution": "Cleveland State University - Cleveland-Marshall College of Law", "degree_details": {"degree_name": "JD", "field_of_study": "Law; Employment and Labor", "dates_attended_or_expected_graduation": "2004 \u2013 2007"}}, {"institution": "UC San Diego", "degree_details": {"degree_name": "BA", "field_of_study": "Political Science", "dates_attended_or_expected_graduation": "2000 \u2013 2004"}}], "employee_name": "pg054sZ6iMVqA7UYhEJrSQSyKQ==*SIJAPlly5O7uvBz9gOHXvQ==*GWNk8diC2bNnBe7OR8tw0A==*894xEteC3pDpWa+BndrNlg=="}, {"experience": [{"company_name": "Evolv AI", "dates_employed": "Sep 2021\u2013Present", "employment_duration": "9 mos", "location": "New York, NY", "title": "Account Executive"}, {"company_name": "Optimizely", "dates_employed": "Mar 2021\u2013May 2021", "employment_duration": "3 mos", "location": "New York, United States", "title": "Account Executive"}, {"company_name": "Optimizely", "dates_employed": "Apr 2020\u2013Mar 2021", "employment_duration": "1 yr", "location": "New York, New York, United States", "title": "Sales Development Manager, North America (Episerver, now Optimizely)"}, {"company_name": "Optimizely", "dates_employed": "Oct 2019\u2013Mar 2020", "employment_duration": "6 mos", "location": "New York, New York", "title": "Strategic Account Associate (Idio, acquired by Episerver)"}, {"company_name": "Optimizely", "dates_employed": "Dec 2018\u2013Oct 2019", "employment_duration": "11 mos", "location": "New York, New York", "title": "Senior Sales Development Representative (Idio, acquired by Episerver)"}], "education": [{"institution": "Northeastern University", "degree_details": {"degree_name": "Bachelor's Degree", "field_of_study": "Communication, General", "dates_attended_or_expected_graduation": null}}, {"institution": "Bond University", "degree_details": {"degree_name": "Study Abroad", "field_of_study": "Communication and Media Studies", "dates_attended_or_expected_graduation": "2012 \u2013 2012"}}, {"institution": "American College of Thessaloniki", "degree_details": {"degree_name": "Study Abroad Nu-in Program", "field_of_study": "General Studies", "dates_attended_or_expected_graduation": "2010 \u2013 2010"}}], "employee_name": "3pVTzGGY7A+eCUJ0*jd34+9a/fJNbI8PxKLUlEQ==*3EOHzz1vNqFKoXeClosBxQ==*1BKPLIm6rvvq/r5N2W3fnA=="}, {"experience": [{"company_name": "Evolv AI", "dates_employed": "Jun 2021\u2013Present", "employment_duration": "1 yr", "location": "London, England, United Kingdom", "title": "Commercial Account Executive"}, {"company_name": "Oracle", "dates_employed": "Mar 2021\u2013Jun 2021", "employment_duration": "4 mos", "location": "London, England, United Kingdom", "title": "Business Development- Strategic Accounts"}, {"company_name": "Watchmycompetitor.Com Ltd", "dates_employed": "May 2020\u2013Feb 2021", "employment_duration": "10 mos", "location": "London, England, United Kingdom", "title": "Sales Development Representative | EMEA & US |"}, {"company_name": "Sakare", "dates_employed": "Jun 2012\u2013May 2016", "employment_duration": "4 yrs", "location": "Central London", "title": "Area Sales Manager"}, {"company_name": "Sakare", "dates_employed": "Jul 2011\u2013May 2012", "employment_duration": "11 mos", "location": "Sheffield, United Kingdom, London", "title": "Sales Agent"}], "education": [{"institution": "University of Greenwich", "degree_details": {"degree_name": "Bachelor of Arts - BA", "field_of_study": "International Business", "dates_attended_or_expected_graduation": "2016 \u2013 2019"}}], "employee_name": "IiJx9qKjMQ==*KIxirbIVL4ZIlPHHdVES4A==*qvpvZtNnHFzZy+NtaUKkVg==*qpphCGZ3OubVayIMmROaug=="}, {"experience": [{"company_name": "numo llc", "dates_employed": "Jan 2022\u2013Present", "employment_duration": "5 mos", "location": null, "title": "Chief Technology Officer, triple"}, {"company_name": "United States Parachute Association", "dates_employed": "Sep 2018\u2013Present", "employment_duration": "3 yrs 9 mos", "location": null, "title": "US and Continental speed record - US Parachute Team 2019"}, {"company_name": "Evolv Technologies", "dates_employed": "Apr 2019\u2013Present", "employment_duration": "3 yrs 2 mos", "location": "USA", "title": "Adviser, technology board"}, {"company_name": "Horizons Ventures", "dates_employed": "Mar 2012\u2013Present", "employment_duration": "10 yrs 3 mos", "location": "San Francisco | Moscow | London", "title": "Friend of the Company - Venture Capital & Private Equity"}, {"company_name": "CIME Software Labs", "dates_employed": "Mar 2009\u2013Present", "employment_duration": "13 yrs 3 mos", "location": null, "title": "Partner, non-executive director"}], "education": [{"institution": "Universidad Aut\u00f3noma de Guadalajara", "degree_details": {"degree_name": "Computer Engineering", "field_of_study": "Computer Engineering, systems infrastructure", "dates_attended_or_expected_graduation": "1985 \u2013 1989"}}, {"institution": "University of Guanajuato", "degree_details": {"degree_name": "Bachillerato", "field_of_study": "Humanities", "dates_attended_or_expected_graduation": "1983 \u2013 1985"}}], "employee_name": "sdaPOr4Q4RDxmiuAC9w=*O5IUKnr7bRsonJTNEZlHbQ==*YgPeb3qFxcPS1T3E12KYQQ==*ZwpwVzDthK6PRAt4muUt9w=="}, {"experience": [{"company_name": "Evolv AI", "dates_employed": "Jan 2022\u2013Present", "employment_duration": "5 mos", "location": null, "title": "Senior UX Designer"}, {"company_name": "EPAM Systems", "dates_employed": "Feb 2021\u2013Jan 2022", "employment_duration": "1 yr", "location": null, "title": "Senior UX Designer"}, {"company_name": "MRM//McCann", "dates_employed": "Jun 2019\u2013Jun 2021", "employment_duration": "2 yrs 1 mo", "location": "Greater Salt Lake City Area", "title": "Product Designer"}, {"company_name": "Primary Residential Mortgage", "dates_employed": "Apr 2018\u2013Jun 2019", "employment_duration": "1 yr 3 mos", "location": "Greater Salt Lake City Area", "title": "UX/UI Designer"}, {"company_name": "Navitaire, an Amadeus company", "dates_employed": "Jan 2018\u2013Apr 2018", "employment_duration": "4 mos", "location": "Cottonwood Heights, UT", "title": "UX/UI Designer"}], "education": [{"institution": "Brigham Young University", "degree_details": {"degree_name": "Bachelor's Degree", "field_of_study": "Linguistics", "dates_attended_or_expected_graduation": "2013 \u2013 2015"}}, {"institution": "Universidad de Vi\u00f1a del Mar", "degree_details": {"field_of_study": "Spanish Education", "dates_attended_or_expected_graduation": "2012 \u2013 2012", "degree_name": null}}, {"institution": "Miles Community College", "degree_details": {"degree_name": "Associate\u2019s Degree", "field_of_study": "Associates of Arts", "dates_attended_or_expected_graduation": "2008 \u2013 2012"}}], "employee_name": "5Zl5JXtFFSc59dg=*fSLswkE4OuHzeYGh4LUr0Q==*akkOGOvM4xc1r80n0y070Q==*OwXoDvXZR7wbKS89KEnmhw=="}, {"experience": [{"company_name": "Evolv Technologies", "dates_employed": "Jun 2021\u2013Present", "employment_duration": "1 yr", "location": "San Francisco Bay Area", "title": "User Experience Strategist"}, {"company_name": "Cro Metrics", "dates_employed": "Mar 2020\u2013Jun 2021", "employment_duration": "1 yr 4 mos", "location": null, "title": "Conversion Rate Optimization Program Manager"}, {"company_name": "Optiwatt", "dates_employed": "Nov 2017\u2013Mar 2020", "employment_duration": "2 yrs 5 mos", "location": "San Francisco Bay Area", "title": "Operations Manager"}, {"company_name": "Capital Group | American Funds", "dates_employed": "Apr 2014\u2013Feb 2017", "employment_duration": "2 yrs 11 mos", "location": null, "title": "Territory Manager"}, {"company_name": "The Ruth Group", "dates_employed": "2012\u20132014", "employment_duration": "2 yrs", "location": null, "title": "Construction Project Manager"}], "education": [{"institution": "California Polytechnic State University-San Luis Obispo", "degree_details": {"degree_name": "Bachelors of Science", "field_of_study": "Business, Management, Marketing, and Related Support Services", "dates_attended_or_expected_graduation": "2008 \u2013 2010"}}], "employee_name": "GMBSoyv8qz9FsoBk*okJMr2HXcBKNe88+9b7iCw==*GycsXDNeW8bmiuUMoOhyTA==*KRIinXd5Fa8lrn8EGEKF8g=="}, {"experience": [{"company_name": "Evolv AI", "dates_employed": "Jul 2021\u2013Present", "employment_duration": "11 mos", "location": "Castle Rock, Colorado, United States", "title": "Front End Solution Architect"}, {"company_name": "Cro Metrics", "dates_employed": "Feb 2020\u2013Jul 2021", "employment_duration": "1 yr 6 mos", "location": "Castle Rock, CO", "title": "Engineering Manager"}, {"company_name": "Cro Metrics", "dates_employed": "Sep 2018\u2013Feb 2020", "employment_duration": "1 yr 6 mos", "location": "Castle Rock, CO", "title": "Experiment Engineer"}, {"company_name": "The Buckle, Inc.", "dates_employed": "Jun 2015\u2013Sep 2018", "employment_duration": "3 yrs 4 mos", "location": null, "title": "Web Developer"}, {"company_name": "The Buckle, Inc.", "dates_employed": "Jan 2015\u2013May 2015", "employment_duration": "5 mos", "location": null, "title": "Web Development Intern"}], "education": [{"institution": "University of Nebraska at Kearney", "degree_details": {"degree_name": "Bachelor of Science (B.S.)", "field_of_study": "Information Technology: Web Development Emphasis", "dates_attended_or_expected_graduation": "2011 \u2013 2013"}}, {"institution": "University of Nebraska at Omaha", "degree_details": {"dates_attended_or_expected_graduation": "2010 \u2013 2011", "degree_name": null, "field_of_study": null}}], "employee_name": "LK1chyIxrAEVeSao*dJCjEkZCv6+B0MDirWcSPQ==*qTcy/dRvYyld7H5gU0Zq8w==*w7xME4MycyBGD/Fboyoung=="}, {"experience": [{"company_name": "Evolv AI", "dates_employed": "Jan 2021\u2013Present", "employment_duration": "1 yr 5 mos", "location": "San Francisco Bay Area", "title": "HR Manager"}, {"company_name": "Evolv Technologies", "dates_employed": "Oct 2018\u2013Jan 2021", "employment_duration": "2 yrs 4 mos", "location": "San Francisco, CA", "title": "Executive Assistant"}, {"company_name": "Evolv Technologies", "dates_employed": "Oct 2018\u2013Jan 2021", "employment_duration": "2 yrs 4 mos", "location": "San Francisco, CA", "title": "Office Manager"}, {"company_name": "Sentient Technologies", "dates_employed": "Oct 2018\u2013Mar 2019", "employment_duration": "6 mos", "location": "San Francisco, CA", "title": "Executive Assistant"}, {"company_name": "Sentient Technologies", "dates_employed": "Jan 2018\u2013Mar 2019", "employment_duration": "1 yr 3 mos", "location": "San Francisco, CA", "title": "Office Coordinator"}], "education": [{"institution": "SAE Expression College", "degree_details": {"degree_name": "Bachelor of Applied Sciences", "field_of_study": "Sound Arts", "dates_attended_or_expected_graduation": "2003 \u2013 2005"}}, {"institution": "University of Washington", "degree_details": {"degree_name": "Communication", "field_of_study": "Music History and Theory", "dates_attended_or_expected_graduation": "2001 \u2013 2003"}}], "employee_name": "qxtxTH9KY5Xzp2T0JD0=*lEwYAmIRmo9Abb2yi46VpA==*nXwV0S4T0rB2WNJeYghrFA==*6clT8JzqegZ91dMxRZYdAQ=="}, {"experience": [{"company_name": "Evolv AI", "dates_employed": "Jul 2019\u2013Present", "employment_duration": "2 yrs 11 mos", "location": "San Francisco Bay Area", "title": "Solutions Engineer"}, {"company_name": "Williams-Sonoma, Inc.", "dates_employed": "Apr 2018\u2013Jul 2019", "employment_duration": "1 yr 4 mos", "location": "San Francisco Bay Area", "title": "Senior Front-End Developer"}, {"company_name": "BlackRock", "dates_employed": "Nov 2010\u2013Feb 2018", "employment_duration": "7 yrs 4 mos", "location": "San Francisco Bay Area", "title": "Associate"}, {"company_name": "Method", "dates_employed": "Feb 2010\u2013Aug 2010", "employment_duration": "7 mos", "location": null, "title": "Sr. Program Manager"}, {"company_name": "Gap Inc./Gap Inc. Direct", "dates_employed": "Nov 2009\u2013Feb 2010", "employment_duration": "4 mos", "location": null, "title": "Lead UI Engineer"}], "education": [{"institution": "Wesleyan University", "degree_details": {"degree_name": "BA", "field_of_study": "Theater", "dates_attended_or_expected_graduation": null}}, {"institution": "Dominican University of California", "degree_details": {"dates_attended_or_expected_graduation": "2008 \u2013 2009", "degree_name": null, "field_of_study": null}}, {"institution": "The Dalton School", "degree_details": {"dates_attended_or_expected_graduation": null, "degree_name": null, "field_of_study": null}}], "employee_name": "T6Rm32K8zPZD7d2pL1Wy*h59vKFHOqtzmpG1Hf/qxiw==*PfPDhdRhmtl8Jq0RvmDSbQ==*1N4huM37Y7SN7ku9Xvcajg=="}, {"experience": [{"company_name": "Evolv AI", "dates_employed": "Apr 2019\u2013Present", "employment_duration": "3 yrs 2 mos", "location": null, "title": "Solutions Architect"}, {"company_name": "freelance", "dates_employed": "May 2015\u2013Apr 2019", "employment_duration": "4 yrs", "location": null, "title": "software development"}, {"company_name": "Spiceworks", "dates_employed": "Mar 2014\u2013May 2015", "employment_duration": "1 yr 3 mos", "location": null, "title": "Senior Software Engineer"}, {"company_name": "Myself", "dates_employed": "May 2013\u2013Mar 2014", "employment_duration": "11 mos", "location": null, "title": "Freelance Developer"}, {"company_name": "Crossroads", "dates_employed": "Dec 2009\u2013Mar 2013", "employment_duration": "3 yrs 4 mos", "location": null, "title": "Writing Software"}], "education": [{"institution": "University of Oklahoma", "degree_details": {"degree_name": "BS", "field_of_study": "Computer Science", "dates_attended_or_expected_graduation": "1981 \u2013 1984"}}], "employee_name": "olnq3UI5qPlu7KsDgQ==*EXSZ/DFtf/BZQQFDgAxa/Q==*RYOe7yXuDWecSWXzufLQTA==*2Y/9OVtQoVXyNOTH+0Gj5A=="}, {"experience": [{"company_name": "Evolv AI", "dates_employed": "Aug 2019\u2013Present", "employment_duration": "2 yrs 10 mos", "location": null, "title": "VP of Engineering"}, {"company_name": "Sentient Technologies", "dates_employed": "Jan 2016\u2013Present", "employment_duration": "6 yrs 5 mos", "location": "San Francisco Bay Area", "title": "Senior Software Engineer"}, {"company_name": "Aurasma", "dates_employed": "Oct 2013\u2013Present", "employment_duration": "8 yrs 8 mos", "location": "San Francisco Bay Area", "title": "Head of Development"}, {"company_name": "Autonomy, an HP company", "dates_employed": "Apr 2008\u2013Present", "employment_duration": "14 yrs 2 mos", "location": "San Francisco Bay Area", "title": "Software Developer"}, {"company_name": "Evolv Technologies", "dates_employed": "Mar 2019\u2013Aug 2019", "employment_duration": "6 mos", "location": "San Francisco Bay Area", "title": "Senior Director of Product Management"}], "education": [{"institution": "University of Cambridge", "degree_details": {"degree_name": "Bachelor\u2019s Degree", "field_of_study": "Mathematics", "dates_attended_or_expected_graduation": "2003 \u2013 2006"}}], "employee_name": "1NZEfyduwNjFbw==*x5njHLtfmyiOHgeoWd8VTg==*KVlyl49uw8nQnpMf2a14DQ==*FFyq8FTWAZZ0RXCiEDzoEw=="}, {"experience": [{"company_name": "Evolv Technologies", "dates_employed": "Jun 2021\u2013Present", "employment_duration": "1 yr", "location": "Dublin, County Dublin, Ireland", "title": "Interaction Designer"}, {"company_name": "Strata3", "dates_employed": "Jan 2019\u2013Jun 2021", "employment_duration": "2 yrs 6 mos", "location": null, "title": "Senior UX/UI Designer"}, {"company_name": "Click&GoHolidays", "dates_employed": "Jan 2017\u2013Jan 2019", "employment_duration": "2 yrs 1 mo", "location": "Dublin, Leinster, Ireland", "title": "UX Design Manager"}, {"company_name": "CarTrawler", "dates_employed": "Oct 2014\u2013Jan 2017", "employment_duration": "2 yrs 4 mos", "location": "Dublin", "title": "Web Design Manager"}, {"company_name": "BWMP Creative", "dates_employed": "Jun 2012\u2013Oct 2014", "employment_duration": "2 yrs 5 mos", "location": "Dublin", "title": "Co Owner"}], "education": [{"institution": "Digital Skills Academy", "degree_details": {"degree_name": "Level 7 Bachelor of Science (BSc Ord) in Digital Technology and Design, awarded by Dublin Institute", "field_of_study": "UX & Advanced Graphics", "dates_attended_or_expected_graduation": "2012 \u2013 2013"}}, {"institution": "Technological University Dublin", "degree_details": {"field_of_study": "Professional Diploma in Advertising", "dates_attended_or_expected_graduation": "2006 \u2013 2007", "degree_name": null}}, {"institution": "State Institute of Cinematography - Moscow", "degree_details": {"field_of_study": "Film Making", "dates_attended_or_expected_graduation": "1992 \u2013 1993", "degree_name": null}}], "employee_name": "zcKvrn1kBdFnQjXLELA=*WYryK2jLUpgjEmDAd3drfg==*RcDTpixpf1kkgV5hcLCMgg==*AlazEEdD2NdlAOUSrOCGDQ=="}, {"experience": [{"company_name": "PRO5 Baseball Academy", "dates_employed": "Aug 2020\u2013Present", "employment_duration": "1 yr 10 mos", "location": "Holly Springs, North Carolina, United States", "title": "Associate Head Coach/Director of Player Development"}, {"company_name": "Evolv Technologies", "dates_employed": "Feb 2020\u2013Present", "employment_duration": "2 yrs 4 mos", "location": "Raleigh-Durham, North Carolina Area", "title": "Enterprise Account Executive"}, {"company_name": "Wiser Solutions, Inc.", "dates_employed": "2018\u20132020", "employment_duration": "2 yrs", "location": null, "title": "Director of Partnerhips"}, {"company_name": "Wiser Solutions, Inc.", "dates_employed": "Mar 2018\u2013Nov 2018", "employment_duration": "9 mos", "location": "Boston, MA", "title": "Director of Sales"}, {"company_name": "ChannelAdvisor", "dates_employed": "2016\u20132018", "employment_duration": "2 yrs", "location": "Morrisville, NC", "title": "Sr. Enterprise Sales Executive, Brands"}], "education": [{"institution": "Wake Forest University", "degree_details": {"degree_name": "B.A.", "field_of_study": "Communications", "dates_attended_or_expected_graduation": null}}, {"institution": "United States Sports Academy", "degree_details": {"degree_name": "Master of Sports Science", "field_of_study": "Sports Marketing and Administration", "dates_attended_or_expected_graduation": null}}, {"institution": "Bishop Denis J. O'Connell", "degree_details": {"dates_attended_or_expected_graduation": null, "degree_name": null, "field_of_study": null}}], "employee_name": "B6XfTN1F3zMKvBs0gA==*lkgq9Q1rZz6dtRwn4LLJYg==*m1VDyNRiGUh7lVKieAReEA==*ZqT0Eg3GpNGs/eQaJd2dEw=="}, {"experience": [{"company_name": "Evolv AI", "dates_employed": "Apr 2021\u2013Present", "employment_duration": "1 yr 2 mos", "location": "New York, United States", "title": "Lead Product Designer"}, {"company_name": "Edwina McGregor Design", "dates_employed": "2015\u2013Present", "employment_duration": "7 yrs", "location": "New York, New York", "title": "Senior Product Designer"}, {"company_name": "Springboard", "dates_employed": "Oct 2020\u2013Apr 2021", "employment_duration": "7 mos", "location": "Melbourne, Victoria, Australia", "title": "Product Design Mentor"}, {"company_name": "Rokkan", "dates_employed": "2019\u20132020", "employment_duration": "1 yr", "location": "Greater New York City Area", "title": "Senior Product Designer"}, {"company_name": "McKinsey & Company", "dates_employed": "2017\u20132019", "employment_duration": "2 yrs", "location": "New York, New York", "title": "Senior Experience Designer"}], "education": [{"institution": "Monash University", "degree_details": {"degree_name": "Bachelor of Design", "field_of_study": "Visual Communications", "dates_attended_or_expected_graduation": "2008 \u2013 2010"}}, {"institution": "General Assembly", "degree_details": {"degree_name": "User Experience Design Immersive (UXDI)", "field_of_study": "UX Design", "dates_attended_or_expected_graduation": "2016 \u2013 2016"}}, {"institution": "Wesley College", "degree_details": {"degree_name": "High School", "dates_attended_or_expected_graduation": "2003 \u2013 2007", "field_of_study": null}}], "employee_name": "f85EHMkR1HvHZiL+zpqo*G8BHirMQ3xQfaSKFZ79lLQ==*nCAlnkZTR/XjzRNx8Jd1Bw==*e8L5AQ2rwGj+O60tVzDdgQ=="}, {"experience": [{"company_name": "Evolv AI", "dates_employed": "Feb 2022\u2013Present", "employment_duration": "4 mos", "location": null, "title": "Senior Test Engineer"}, {"company_name": "Fiserv", "dates_employed": "Apr 2021\u2013Feb 2022", "employment_duration": "11 mos", "location": "Dublin, County Dublin, Ireland", "title": "Senior Test Analyst"}, {"company_name": "Unum Ireland Ltd. - IT", "dates_employed": "Nov 2018\u2013Apr 2021", "employment_duration": "2 yrs 6 mos", "location": "County Carlow, Ireland", "title": "Software Test Engineer I"}, {"company_name": "ALTV Media", "dates_employed": "Nov 2017\u2013Jan 2018", "employment_duration": "3 mos", "location": null, "title": "Q&A tester"}, {"company_name": "Herdwatch Farming App", "dates_employed": "Jul 2017\u2013Sep 2017", "employment_duration": "3 mos", "location": "Roscrea", "title": "Software QA Tester"}], "education": [{"institution": "Trinity College Dublin", "degree_details": {"degree_name": "Bachelor's degree", "field_of_study": "Computer and electronic engineering", "dates_attended_or_expected_graduation": "2013 \u2013 2018"}}], "employee_name": "CdEHviQEXA6D4W58*OSNj8oP2wx4t6ZeK/Oz3TQ==*7XNC0j9KFDhvF0D3ALW1uw==*Uf4LFWePQ6TulvMZxLT+wg=="}, {"experience": [{"company_name": "Evolv Technologies", "dates_employed": "Nov 2018\u2013Present", "employment_duration": "3 yrs 7 mos", "location": "San Francisco Bay Area", "title": "Senior User Experience Designer"}, {"company_name": "Freelance", "dates_employed": "Jul 2020\u2013Present", "employment_duration": "1 yr 11 mos", "location": "Oakland, California, United States", "title": "Toy Sculptor"}, {"company_name": "Fast Forward", "dates_employed": "Jan 2018\u2013Oct 2018", "employment_duration": "10 mos", "location": "San Francisco Bay Area", "title": "Head of Product"}, {"company_name": "Intellum", "dates_employed": "Dec 2016\u2013Jan 2018", "employment_duration": "1 yr 2 mos", "location": "San Francisco Bay Area", "title": "Director Of User Experience"}, {"company_name": "UniversityNow, Inc.", "dates_employed": "Oct 2013\u2013Nov 2016", "employment_duration": "3 yrs 2 mos", "location": "San Francisco, California", "title": "Director of Product & User Experience"}], "education": [{"institution": "Pratt Institute", "degree_details": {"degree_name": "BFA", "field_of_study": "Communication Design", "dates_attended_or_expected_graduation": "2002 \u2013 2006"}}], "employee_name": "Bpzca80j/sy1yZPDH+m1C8/n*8a/pCzTwb3WDEFO6dWOBPg==*2SMgo68BhBeCbP3kAiKAAQ==*2lIow+RruBObHf/P9HYzug=="}]