[{"experience": [{"company_name": "Albert\u2122", "dates_employed": "2012\u2013Present", "employment_duration": "10 yrs", "location": "Greater New York City Area", "title": "CTO"}, {"company_name": "SundaySky", "dates_employed": "2009\u20132012", "employment_duration": "3 yrs", "location": "Greater New York City Area", "title": "Head of Innovation"}, {"company_name": "Glydo", "dates_employed": "2008\u20132010", "employment_duration": "2 yrs", "location": null, "title": "Co-Founder"}, {"company_name": "Onset Technology", "dates_employed": "2006\u20132007", "employment_duration": "1 yr", "location": null, "title": "VP R&D"}, {"company_name": "MessageVine", "dates_employed": "2003\u20132006", "employment_duration": "3 yrs", "location": null, "title": "VP R&D"}], "education": [{"institution": "The Hebrew University of Jerusalem", "degree_details": {"degree_name": "M.Sc.", "field_of_study": "Computer Science", "dates_attended_or_expected_graduation": "2002 \u2013 2004"}}, {"institution": "Tel Aviv University", "degree_details": {"degree_name": "B.Sc.", "field_of_study": "Mathematics and Computer Science", "dates_attended_or_expected_graduation": "1996 \u2013 1999"}}, {"institution": "Indiana University - Kelley School of Business", "degree_details": {"degree_name": "MBA", "dates_attended_or_expected_graduation": null, "field_of_study": null}}], "employee_name": "5aqzVtg1hphpQuw=*BF1+3ztW+1EbaYQnPYkBbg==*u+S3lH9m4DJ/m+mdYsFokw==*Y73vFWOcDOXXwj4tQ4J08w=="}, {"experience": [{"company_name": "Albert", "dates_employed": "Oct 2010\u2013Present", "employment_duration": "11 yrs 8 mos", "location": "Greater New York City Area", "title": "Founder and CEO"}, {"company_name": "Adgorithms", "dates_employed": "Jun 2010\u2013Present", "employment_duration": "12 yrs", "location": null, "title": "CEO and Founder"}, {"company_name": "Nexttoo", "dates_employed": "Aug 2012\u2013Present", "employment_duration": "9 yrs 10 mos", "location": null, "title": "CEO and Founder"}, {"company_name": "Online365 Ltd.", "dates_employed": "Jun 2009\u2013Jun 2010", "employment_duration": "1 yr 1 mo", "location": null, "title": "Head of Online Marketing"}, {"company_name": "SupersonicAds", "dates_employed": "2008\u20132009", "employment_duration": "1 yr", "location": null, "title": "Director of Business Development"}], "education": null, "employee_name": "ZxjfoYnB608=*mzdlJpfuo1kDH12YM0N1mw==*P1+XkLObK8P4PE1JEYMVOg==*LpBdU1uX9OscMdmoI3CisA=="}, {"experience": [{"company_name": "CloudBit", "dates_employed": "Sep 2021\u2013Present", "employment_duration": "9 mos", "location": "Tel Aviv, Israel", "title": "Owner"}, {"company_name": "Efficient Frontier", "dates_employed": "Sep 2021\u2013Present", "employment_duration": "9 mos", "location": null, "title": "DevOps Consultant"}, {"company_name": "Albert\u2122", "dates_employed": "Aug 2016\u2013Present", "employment_duration": "5 yrs 10 mos", "location": "Tel Aviv Area, Israel", "title": "DevOps Expert"}, {"company_name": "Deep Instinct", "dates_employed": "Mar 2020\u2013Sep 2021", "employment_duration": "1 yr 7 mos", "location": "Tel Aviv, Israel", "title": "DevOps Consultant"}, {"company_name": "AllAspect", "dates_employed": "Aug 2016\u2013Jan 2018", "employment_duration": "1 yr 6 mos", "location": null, "title": "DevOps Consultant"}], "education": null, "employee_name": "gEpyxsoQHUZQ5mzHtw==*NXKL/yNlvvClOqFED5GyVw==*BL/euqy+jXF/uQ2BrnyQyQ==*m9peje3VTtk3IrRndq+rvw=="}, {"experience": [{"company_name": "Albert", "dates_employed": "Sep 2015\u2013Present", "employment_duration": "6 yrs 9 mos", "location": null, "title": "General Manager"}, {"company_name": "Adgorithms", "dates_employed": "Feb 2013\u2013Present", "employment_duration": "9 yrs 4 mos", "location": null, "title": "COO"}, {"company_name": "Adgorithms", "dates_employed": "Sep 2012\u2013Feb 2013", "employment_duration": "6 mos", "location": null, "title": "Big Data Project manager"}], "education": [{"institution": "Bar Ilan University", "degree_details": {"degree_name": "Master of Arts (MA)", "field_of_study": "Organizational Sociology", "dates_attended_or_expected_graduation": "2011 \u2013 2012"}}, {"institution": "Tel Aviv University", "degree_details": {"degree_name": "Bachelor of Arts (BA)", "field_of_study": "Far east studies", "dates_attended_or_expected_graduation": "2006 \u2013 2009"}}], "employee_name": "qh1QO7KnUbI=*JiHG03xM05qQHYUBnCCkdw==*s/MmjgjficpOvScH1bphag==*erIXpopE9IGjh0tFkQRpJg=="}, {"experience": [{"company_name": "Virtuous Operations", "dates_employed": "Aug 2021\u2013Present", "employment_duration": "10 mos", "location": "New York City Metropolitan Area", "title": "Head Of Partnerships"}, {"company_name": "Albert", "dates_employed": "May 2016\u2013Present", "employment_duration": "6 yrs 1 mo", "location": "Greater New York City Area", "title": "Senior Director Strategic Partnerships"}, {"company_name": "Albert Technologies", "dates_employed": "2018\u2013Aug 2021", "employment_duration": "3 yrs", "location": "Greater New York City Area", "title": "Vice President Sales at Albert"}, {"company_name": "Yashi (acquired by Nexstar Broadcasting Group)", "dates_employed": "Apr 2015\u2013May 2016", "employment_duration": "1 yr 2 mos", "location": "Greater New York City Area", "title": "Senior Director, Sales"}, {"company_name": "OwnerIQ", "dates_employed": "Dec 2013\u2013Mar 2015", "employment_duration": "1 yr 4 mos", "location": "Greater New York City Area", "title": "Vice President, CPG Sales"}], "education": [{"institution": "Duke University", "degree_details": {"field_of_study": "Economics/Spanish", "dates_attended_or_expected_graduation": null, "degree_name": null}}], "employee_name": "F4+OYPWid2JDtHUUj8PS*v777FvUYSKwL9oMylQUjcw==*RW1mNkHNjhhdqSuUyO0R5w==*/aLgMK6UNMlCS8NxVFk6dQ=="}, {"experience": [{"company_name": "Albert", "dates_employed": "Apr 2017\u2013Present", "employment_duration": "5 yrs 2 mos", "location": "Israel", "title": "CFO"}, {"company_name": "Radware", "dates_employed": "2011\u2013Mar 2017", "employment_duration": "6 yrs", "location": null, "title": "VP Finance"}, {"company_name": "Radware", "dates_employed": "2006\u20132011", "employment_duration": "5 yrs", "location": null, "title": "Director of Finance"}, {"company_name": "Radware", "dates_employed": "2000\u20132006", "employment_duration": "6 yrs", "location": null, "title": "Controller"}, {"company_name": "KPMG", "dates_employed": "Jun 1998\u2013May 2000", "employment_duration": "2 yrs", "location": null, "title": "Manager"}], "education": [{"institution": "The Hebrew University of Jerusalem", "degree_details": {"degree_name": "BA", "field_of_study": "Accounting & Economics", "dates_attended_or_expected_graduation": "1993 \u2013 1997"}}], "employee_name": "uGLJvWIK7F4EE3G7*T041vqRIz8e9ju07LRT0cQ==*nBbvdyXxnT34Gg9c8mcP+Q==*nRrLI5Xlen7urVxoy4ZhNA=="}, {"experience": [{"company_name": "Albert: Artificial Intelligence Marketing", "dates_employed": "Aug 2020\u2013Present", "employment_duration": "1 yr 10 mos", "location": "New York, New York, United States", "title": "Account Director"}, {"company_name": "Albert", "dates_employed": "Mar 2019\u2013Aug 2020", "employment_duration": "1 yr 6 mos", "location": "New York, New York", "title": "Account Manager"}, {"company_name": "MediaCom", "dates_employed": "Apr 2017\u2013Mar 2019", "employment_duration": "2 yrs", "location": "New York, New York", "title": "Media Supervisor"}, {"company_name": "Carat USA", "dates_employed": "May 2015\u2013Apr 2017", "employment_duration": "2 yrs", "location": "New York, NY", "title": "Associate, Planner"}, {"company_name": "Pedone", "dates_employed": "Jun 2014\u2013May 2015", "employment_duration": "1 yr", "location": "New York, New York", "title": "Assistant Media Planner"}], "education": [{"institution": "Penn State University", "degree_details": {"degree_name": "Mathematics", "field_of_study": "Systems Analysis", "dates_attended_or_expected_graduation": "2009 \u2013 2013"}}], "employee_name": "gQA0puA04qbfry+uYTtx*0gY+dH4I1wQCGkEP9hx1SA==*sm0iOA4+iOKZNptYnOGkbw==*6IXqbOeXlc0VEc0JjhBwPQ=="}, {"experience": [{"company_name": "Albert\u2122", "dates_employed": "Sep 2019\u2013Present", "employment_duration": "2 yrs 9 mos", "location": "Israel", "title": "VP Product Solutions"}, {"company_name": "Albert\u2122", "dates_employed": "Jan 2014\u2013Present", "employment_duration": "8 yrs 5 mos", "location": "Israel", "title": "Head of Product"}, {"company_name": "Nexttoo", "dates_employed": "Jan 2013\u2013Jan 2014", "employment_duration": "1 yr 1 mo", "location": "Israel", "title": "Co Founder"}, {"company_name": "Albert\u2122", "dates_employed": "May 2012\u2013Jan 2014", "employment_duration": "1 yr 9 mos", "location": "Israel", "title": "Head of Optimization"}, {"company_name": "Albert\u2122", "dates_employed": "Sep 2011\u2013May 2012", "employment_duration": "9 mos", "location": "Israel", "title": "Senior Account Manager"}], "education": [{"institution": "The College of Management Academic Studies", "degree_details": {"degree_name": "BA", "field_of_study": "Business & Marketing", "dates_attended_or_expected_graduation": "2005 \u2013 2008"}}], "employee_name": "FASI8jmLmH5/BLpY*jtSSpE8n7B+8+UfsOivamQ==*fMRBNzyKCiJeZSo04BtRvw==*2w5uEJjnmlKqQ20L0yMkMQ=="}, {"experience": [{"company_name": "Albert: Artificial Intelligence Marketing", "dates_employed": "Mar 2019\u2013Present", "employment_duration": "3 yrs 3 mos", "location": null, "title": "Head of performance at Albert\u2122"}, {"company_name": "Albert\u2122", "dates_employed": "Sep 2017\u2013Mar 2019", "employment_duration": "1 yr 7 mos", "location": null, "title": "Head of Data & Business Analyst"}, {"company_name": "AllAspect", "dates_employed": "Aug 2016\u2013Sep 2017", "employment_duration": "1 yr 2 mos", "location": null, "title": "Head of programmatic"}, {"company_name": "Adgorithms LTD", "dates_employed": "May 2014\u2013Aug 2016", "employment_duration": "2 yrs 4 mos", "location": null, "title": "Data Researcher"}, {"company_name": "Adgorithms LTD", "dates_employed": "Sep 2012\u2013May 2014", "employment_duration": "1 yr 9 mos", "location": "Tel-Aviv", "title": "Media Buyer"}], "education": [{"institution": "The College of Management Academic Studies", "degree_details": {"degree_name": "Media and Managment", "dates_attended_or_expected_graduation": "2009 \u2013 2011", "field_of_study": null}}], "employee_name": "cFpDlJmQ1NH2mQ==*09mjeLG3mRdmuCtjIFKuRw==*H9LVdRibvL4FssUGMCCW3Q==*yMXDkdXQE+5cw2wYmdBQhg=="}, {"experience": [{"company_name": "Albert: Artificial Intelligence Marketing", "dates_employed": "Oct 2019\u2013Present", "employment_duration": "2 yrs 8 mos", "location": "Tel Aviv Area, Israel", "title": "VP R&D"}, {"company_name": "Albert\u2122", "dates_employed": "Jan 2015\u2013Oct 2019", "employment_duration": "4 yrs 10 mos", "location": "Tel Aviv Area, Israel", "title": "Principal Architect"}, {"company_name": "KwazyLABS", "dates_employed": "Jan 2013\u2013Dec 2014", "employment_duration": "2 yrs", "location": null, "title": "Co-Founder, VP Product & Technology"}, {"company_name": "Kwazi (later - KwazyLABS)", "dates_employed": "Oct 2010\u2013Dec 2012", "employment_duration": "2 yrs 3 mos", "location": null, "title": "Co-Founder"}, {"company_name": "Incapsula - Cloud Security and Acceleration", "dates_employed": "Oct 2009\u2013Oct 2010", "employment_duration": "1 yr 1 mo", "location": null, "title": "Software Engineer & UX Consultant"}], "education": null, "employee_name": "wTR/xvBB9xUTg4k=*spSbfgHzyYb5SCwsO0udXA==*cpdH+GrZQvHl8bVJwCzA3A==*R8kIXkW4U1NOmfsH7m4haA=="}, {"experience": [{"company_name": "Albert: Artificial Intelligence Marketing", "dates_employed": "Jan 2019\u2013Present", "employment_duration": "3 yrs 5 mos", "location": null, "title": "Senior Strategic Account Director at Albert\u2122"}, {"company_name": "Albert\u2122", "dates_employed": "Jul 2017\u2013Jan 2019", "employment_duration": "1 yr 7 mos", "location": "Tel Aviv Area, Israel", "title": "Technical Account Managers Team"}, {"company_name": "AllAspect", "dates_employed": "Apr 2016\u2013Sep 2017", "employment_duration": "1 yr 6 mos", "location": "Israel", "title": "Head of Partner Development at AllAspect"}, {"company_name": "Adgorithms", "dates_employed": "Jan 2016\u2013Apr 2016", "employment_duration": "4 mos", "location": "Israel", "title": "Head of Partner Development"}, {"company_name": "Adgorithms", "dates_employed": "2013\u2013Jan 2016", "employment_duration": "3 yrs", "location": "Israel", "title": "Media Buying Team Leader"}], "education": [{"institution": "The College of Management Academic Studies", "degree_details": {"degree_name": "Bachelor's degree", "field_of_study": "Communication and Management", "dates_attended_or_expected_graduation": "2008 \u2013 2011"}}], "employee_name": "CiKRX2Z02JlOs/xk*QRz725KRItzphcuQKm5f1w==*1y05h27ZNX1GdRXhsxoyZQ==*h2cdo6at33AjdrAIHHC7dw=="}, {"experience": [{"company_name": "Albert: Artificial Intelligence Marketing", "dates_employed": "Jun 2017\u2013Present", "employment_duration": "5 yrs", "location": "Tel aviv", "title": "R&D Support Manager"}, {"company_name": "FLIR Systems", "dates_employed": "Feb 2015\u2013Jun 2017", "employment_duration": "2 yrs 5 mos", "location": "Rosh HaAyin, HaMerkaz (Central) District, Israel", "title": "Tier 4 Support Team Leader"}, {"company_name": "DVTEL is now FLIR", "dates_employed": "Jul 2012\u2013Feb 2015", "employment_duration": "2 yrs 8 mos", "location": "Rosh HaAyin, HaMerkaz (Central) District, Israel", "title": "Tier 4 Support Engineer"}, {"company_name": "DVTEL is now FLIR", "dates_employed": "Jan 2011\u2013Jun 2012", "employment_duration": "1 yr 6 mos", "location": null, "title": "Performance Test Engineer"}, {"company_name": "T-Mobile", "dates_employed": "2008\u20132010", "employment_duration": "2 yrs", "location": "Be'er Sheva, HaDarom (South) District, Israel", "title": "QA Engineer"}], "education": [{"institution": "Ben-Gurion University of the Negev", "degree_details": {"degree_name": "Bachelor of Science (BSc)", "field_of_study": "information systems engineering", "dates_attended_or_expected_graduation": "2006 \u2013 2010"}}], "employee_name": "RHJ4M261BEVy3t08*87E4eYSxo4Oewliu06gj1g==*4axFVzif3osYxRCKhmYs1Q==*mqem91OopP5ILUTiR5BjMQ=="}, {"experience": [{"company_name": "Albert: Artificial Intelligence Marketing", "dates_employed": "Feb 2019\u2013Present", "employment_duration": "3 yrs 4 mos", "location": null, "title": "Professional Services Team Lead"}, {"company_name": "Albert", "dates_employed": "Jan 2017\u2013Feb 2019", "employment_duration": "2 yrs 2 mos", "location": "Tel Aviv Area, Israel", "title": "Professional Services Consultant"}, {"company_name": "Albert: Artificial Intelligence Marketing", "dates_employed": "Mar 2016\u2013Jan 2017", "employment_duration": "11 mos", "location": null, "title": "Account Manager"}, {"company_name": "NG Group Global Consulting Solutions", "dates_employed": "Feb 2014\u2013Jun 2015", "employment_duration": "1 yr 5 mos", "location": null, "title": "Global Network & Marketing Coordinator"}], "education": [{"institution": "Reichman University (IDC Herzliya)", "degree_details": {"degree_name": "Master of Arts - MA", "field_of_study": "Organizational Behavior & Development", "dates_attended_or_expected_graduation": "2013 \u2013 2015"}}, {"institution": "Reichman University (IDC Herzliya)", "degree_details": {"degree_name": "Bachelor of Arts", "field_of_study": "Psychology", "dates_attended_or_expected_graduation": "2009 \u2013 2012"}}], "employee_name": "cWyvwKwTqgwN*rzTG6rHm+OCrdZc8RfAd1g==*+RyOCDcdFnQ1lkewDq5d3A==*Nf97/is7D37ooNHkJNxqQg=="}, {"experience": [{"company_name": "Albert: Artificial Intelligence Marketing", "dates_employed": "2019\u2013Present", "employment_duration": "3 yrs", "location": null, "title": "Optimization Analyst Lead"}, {"company_name": "Albert: Artificial Intelligence Marketing", "dates_employed": "2017\u20132019", "employment_duration": "2 yrs", "location": null, "title": "Data Research Analyst"}, {"company_name": "888holdings", "dates_employed": "2015\u20132017", "employment_duration": "2 yrs", "location": null, "title": "Webmaster"}, {"company_name": "888holdings", "dates_employed": "2012\u20132014", "employment_duration": "2 yrs", "location": null, "title": "Webmaster"}, {"company_name": "888holdings", "dates_employed": "2010\u20132012", "employment_duration": "2 yrs", "location": null, "title": "Technical Marketing Specialist"}], "education": [{"institution": "The Academic College of Tel-Aviv, Yaffo", "degree_details": {"degree_name": "Bachelor of Science in Information Systems", "dates_attended_or_expected_graduation": "2015 \u2013 2018", "field_of_study": null}}], "employee_name": "8VCho2sFPzlQ8rlM*pmie7XcjJr7UxYG7mp2yDg==*QOz0FEWA4HFQLmzAxdvp8A==*SY+ehSqIM9UXIKUQ7jEoBQ=="}, {"experience": [{"company_name": "Futurotec", "dates_employed": "Nov 2020\u2013Present", "employment_duration": "1 yr 7 mos", "location": null, "title": "Mana\u017eer prodeje"}, {"company_name": "BMC Villa", "dates_employed": "2008\u2013Present", "employment_duration": "14 yrs", "location": "Mallorca", "title": "Senior Real Estate Manager"}, {"company_name": "BMC - Blue Mountain Development", "dates_employed": "Feb 2010\u2013Present", "employment_duration": "12 yrs 4 mos", "location": "Mallorca", "title": "Vedouc\u00ed mana\u017eer t\u00fdmu"}, {"company_name": "BMC Villa", "dates_employed": "Feb 2009\u2013Present", "employment_duration": "13 yrs 4 mos", "location": "Palma de Mallorca", "title": "Man\u017eer"}, {"company_name": "Albert\u2122", "dates_employed": "2010\u2013Present", "employment_duration": "12 yrs", "location": null, "title": "\u010c\u00e1ste\u010dn\u00fd d\u016fchodce"}], "education": [{"institution": "Stredn\u00e1 priemyseln\u00e1 \u0161kola strojn\u00edcka Ko\u0161ice", "degree_details": {"field_of_study": "Stroj\u00edrensk\u00e1 v\u00fdroba", "dates_attended_or_expected_graduation": "1961 \u2013 1965", "degree_name": null}}, {"institution": "Czech Technical University in Prague", "degree_details": {"dates_attended_or_expected_graduation": null, "degree_name": null, "field_of_study": null}}], "employee_name": "koRw4elo08LAGM8i*aTwfrFnrD6N1gFQBr2QyXA==*nDs9vM5b0HHIm1qBh7MRvQ==*JJ8ONnLQ1weLn1xesd12hA=="}, {"experience": [{"company_name": "Albert\u2122", "dates_employed": "Feb 2019\u2013Present", "employment_duration": "3 yrs 4 mos", "location": "Tel Aviv, Israel", "title": "Operations Lead - Onboarding Team"}, {"company_name": "Albert: Artificial Intelligence Marketing", "dates_employed": "Feb 2017\u2013Jan 2019", "employment_duration": "2 yrs", "location": "Tel Aviv, Israel", "title": "Senior Account Manager"}, {"company_name": "Albert: Artificial Intelligence Marketing", "dates_employed": "Feb 2015\u2013Jan 2017", "employment_duration": "2 yrs", "location": "Tel Aviv, Israel", "title": "Account Manager"}, {"company_name": "Routledge Press for the UCLA Center for Middle East Development.", "dates_employed": "Apr 2012\u2013Oct 2012", "employment_duration": "7 mos", "location": "Isra\u00ebl", "title": "Researcher and Writer - Middle East specialization"}], "education": [{"institution": "Reichman University (IDC Herzliya)", "degree_details": {"degree_name": "Master of Arts (M.A.)", "field_of_study": "Diplomacy and Conflict Studies", "dates_attended_or_expected_graduation": "2011 \u2013 2013"}}, {"institution": "TBS Education", "degree_details": {"degree_name": "Bachelor of Business Administration (B.B.A.)", "field_of_study": "International Business", "dates_attended_or_expected_graduation": "2008 \u2013 2011"}}, {"institution": "Universidad de Ciencias Empresariales y Sociales", "degree_details": {"degree_name": "Bachelor's degree", "field_of_study": "Business Administration and Management, General", "dates_attended_or_expected_graduation": "2009 \u2013 2010"}}], "employee_name": "l6V4KUGTfp22Jjn/Quw=*ULDucsNZBGdVM7HjJmanYQ==*h+Erz5QytLUWB1gBZbJ6EQ==*z9DIvQAkNLYQ87j7jwEbqw=="}, {"experience": [{"company_name": "Albert", "dates_employed": "Feb 2015\u2013Present", "employment_duration": "7 yrs 4 mos", "location": "Tel Aviv Area, Israel", "title": "Senior Software Developer"}, {"company_name": "KwazyLABS", "dates_employed": "May 2011\u2013Dec 2014", "employment_duration": "3 yrs 8 mos", "location": "Ramat Gan, Tel Aviv, Israel", "title": "Co-Founder & Software engineer"}, {"company_name": "SundaySky", "dates_employed": "Jul 2007\u2013Mar 2011", "employment_duration": "3 yrs 9 mos", "location": null, "title": "Java Programmer"}, {"company_name": "Hattrick", "dates_employed": "Feb 2003\u2013Dec 2010", "employment_duration": "7 yrs 11 mos", "location": null, "title": "Team manager, Ramat-Gan Jazz"}, {"company_name": "EWave", "dates_employed": "Nov 2002\u2013Jun 2007", "employment_duration": "4 yrs 8 mos", "location": null, "title": "Senior Java Team Leader"}], "education": [{"institution": "Tel Aviv University", "degree_details": {"degree_name": "bsc", "field_of_study": "Computer Science & Geophysics and Planetary Science", "dates_attended_or_expected_graduation": "2001 \u2013 2006"}}], "employee_name": "FxYBPFy9N4dHwVUS3Q==*E7qVda0I5hYAGz500947yw==*uYuMAzeUO5sPDTdbHonGKg==*0zKH6ZUd//YI3kKiaPZi+Q=="}, {"experience": [{"company_name": "Albert: Artificial Intelligence Marketing", "dates_employed": "Aug 2020\u2013Present", "employment_duration": "1 yr 10 mos", "location": "New York City Metropolitan Area", "title": "Director of Solutions Consulting"}, {"company_name": "Albert\u2122", "dates_employed": "Apr 2017\u2013Aug 2020", "employment_duration": "3 yrs 5 mos", "location": "Greater New York City Area", "title": "Sr. Professional Services"}, {"company_name": "Tracx", "dates_employed": "Nov 2015\u2013Apr 2018", "employment_duration": "2 yrs 6 mos", "location": null, "title": "Sr. Professional Services Consultant"}, {"company_name": "Tracx", "dates_employed": "Mar 2015\u2013Nov 2015", "employment_duration": "9 mos", "location": "Greater New York City Area", "title": "Sr. Solutions Engineer"}, {"company_name": "Tracx", "dates_employed": "Aug 2014\u2013Mar 2015", "employment_duration": "8 mos", "location": null, "title": "Solutions Engineer"}], "education": [{"institution": "Fordham University", "degree_details": {"degree_name": "Bachelor of Arts", "field_of_study": "Mathematics", "dates_attended_or_expected_graduation": "2007 \u2013 2011"}}], "employee_name": "Oz+Rvn2UAWrWcybLAIau*0uLkv6JxR4a4VdmiBGrIMQ==*uSg4rik1lFTREkRSTVHMaw==*7gb1TyU2w6oH/RwhNcSt8A=="}, {"experience": [{"company_name": "Professional Web Creations", "dates_employed": "1997\u2013Present", "employment_duration": "25 yrs", "location": null, "title": "Creative Director"}, {"company_name": "Tiffy: Development of Artificial Intelligence Software and Web Applications", "dates_employed": "Jan 1996\u2013Present", "employment_duration": "26 yrs 5 mos", "location": "Johannesburg Area, South Africa", "title": "Global Managing Director"}], "education": null, "employee_name": "LqS3xangJsz16Q==*m5rcqrbKQovj70sjw7gHnw==*gf3ZaD6BJTf7acRE8o4Aow==*lqHUFcs2vw3d5IItiL/1yg=="}, {"experience": [{"company_name": "Albert: Artificial Intelligence Marketing", "dates_employed": "Oct 2019\u2013Present", "employment_duration": "2 yrs 8 mos", "location": "Tel Aviv Area, Israel", "title": "Optimization analyst"}, {"company_name": "King Engine Bearings", "dates_employed": "Aug 2016\u2013Nov 2016", "employment_duration": "4 mos", "location": "Kiryat Gat, HaDarom (South) District, Israel", "title": "Information Technology Specialist"}, {"company_name": "King Engine Bearings", "dates_employed": "Mar 2015\u2013Oct 2015", "employment_duration": "8 mos", "location": "Kiryat Gat, HaDarom (South) District, Israel", "title": "Import Export Coordinator"}, {"company_name": "King Engine Bearings", "dates_employed": "Sep 2014\u2013Feb 2015", "employment_duration": "6 mos", "location": "Kiryat Gat, HaDarom (South) District, Israel", "title": "QA Coordinator"}, {"company_name": "IDF - Israel Defense Forces", "dates_employed": "Dec 2010\u2013Jan 2014", "employment_duration": "3 yrs 2 mos", "location": null, "title": "Lieutenant"}], "education": [{"institution": "Ben-Gurion University of the Negev", "degree_details": {"degree_name": "Bachelor of Science - BSc", "field_of_study": "Engineering/Industrial Management", "dates_attended_or_expected_graduation": "2015 \u2013 2019"}}], "employee_name": "IVrO1KIzwodZKRk=*njqN+YmKwKIQ2ax8T22Cog==*4FDXPSBe4wiqyuv5w7O9KQ==*zWJ9JbYdLAYN9IHQ1Hw2/A=="}, {"experience": [{"company_name": "Albert: Artificial Intelligence Marketing", "dates_employed": "Mar 2019\u2013Present", "employment_duration": "3 yrs 3 mos", "location": "Tel Aviv Area, Israel", "title": "Optimization Analyst"}, {"company_name": "Tel Aviv University", "dates_employed": "Oct 2017\u2013Sep 2018", "employment_duration": "1 yr", "location": "Israel", "title": "Teaching Assistant"}, {"company_name": "Hila Project - alternative high school", "dates_employed": "May 2016\u2013Aug 2017", "employment_duration": "1 yr 4 mos", "location": "Ramat Gan, Israel", "title": "Youth Promotion worker"}, {"company_name": "Shalvata Hospital", "dates_employed": "Aug 2014\u2013Aug 2015", "employment_duration": "1 yr 1 mo", "location": "Hod Hasharon, Israel", "title": "Research Laboratory Manager"}, {"company_name": "Ben-Gurion University of the Negev", "dates_employed": "2013\u20132014", "employment_duration": "1 yr", "location": "Israel", "title": "Program Coordinator of \"Da Vinci\" excellence program for youth"}], "education": [{"institution": "Tel Aviv University", "degree_details": {"degree_name": "Master of Social Work - MSW", "dates_attended_or_expected_graduation": "2015 \u2013 2018", "field_of_study": null}}, {"institution": "she codes;", "degree_details": {"field_of_study": "Python track", "dates_attended_or_expected_graduation": "2018 \u2013 2019", "degree_name": null}}, {"institution": "Ben-Gurion University of the Negev", "degree_details": {"degree_name": "Bachelor of Arts - BA", "field_of_study": "Psychology and Managment", "dates_attended_or_expected_graduation": "2011 \u2013 2014"}}], "employee_name": "4mBUpZIlx7ejXLM=*O5tNTDayzihDbeOQqP718g==*hDcjevKQiro790Mq/Ss/Jg==*4WNNz55EcD0gfJajJQ+bxg=="}, {"experience": [{"company_name": "Albert", "dates_employed": "Jan 2017\u2013Present", "employment_duration": "5 yrs 5 mos", "location": "Israel", "title": "Office Manager"}, {"company_name": "myThings", "dates_employed": "Sep 2016\u2013Jan 2017", "employment_duration": "5 mos", "location": "Tel Aviv Area, Israel", "title": "Office Manager"}, {"company_name": "Capital Market", "dates_employed": "Jan 2015\u2013Dec 2016", "employment_duration": "2 yrs", "location": "Tel Aviv", "title": "Human Resources"}, {"company_name": "Cellcom", "dates_employed": "2013\u20132015", "employment_duration": "2 yrs", "location": null, "title": "Human Resources"}], "education": [{"institution": "Ruppin Academic Center", "degree_details": {"degree_name": "Bachelor of Arts (B.A.)", "field_of_study": "Behavioral Sciences", "dates_attended_or_expected_graduation": "2009 \u2013 2013"}}], "employee_name": "yhyOeNvCFpFaHzVR*uQMp8pbRlvEFqr7usBqctA==*3wOji+9sN3IKnMOHfTgaNQ==*SDleJjvkR519nwQeh9MoBw=="}, {"experience": [{"company_name": "with", "dates_employed": "Jan 2022\u2013Present", "employment_duration": "5 mos", "location": "Tel Aviv, Israel", "title": "QA Engineer"}, {"company_name": "Albert\u2122", "dates_employed": "Jan 2017\u2013Present", "employment_duration": "5 yrs 5 mos", "location": null, "title": "QA Engineer"}, {"company_name": "D+H", "dates_employed": "2014\u20132016", "employment_duration": "2 yrs", "location": null, "title": "QA Engineer"}, {"company_name": "HP", "dates_employed": "2012\u20132013", "employment_duration": "1 yr", "location": null, "title": "QA Engineer"}], "education": [{"institution": "The Academic College of Tel-Aviv, Yaffo", "degree_details": {"degree_name": "Bachelor of Arts (B.A.)", "field_of_study": "Information Technology", "dates_attended_or_expected_graduation": "2008 \u2013 2012"}}], "employee_name": "nooSzN5q+GheeQCPuJJ3*Aobhmy+bDYIj+aDLQL5zFA==*CHDKdTSywyVbHjfNu5XbXg==*HruleKwM9CsDiOdHFxlSTw=="}, {"experience": [{"company_name": "Adgorithms LTD", "dates_employed": "Nov 2011\u2013Present", "employment_duration": "10 yrs 7 mos", "location": null, "title": "Account Manager"}], "education": null, "employee_name": "NAkY06VkQbDS+9g7uv/6*Y0Gzsm9tQeHvCyHMHYIc0w==*zPO3+cl9LA3CWbZnIu5btA==*f5jHrWUMMPR6CrcEUMn/ZQ=="}, {"experience": [{"company_name": "Albert: Artificial Intelligence Marketing", "dates_employed": "Sep 2019\u2013Present", "employment_duration": "2 yrs 9 mos", "location": "Greater New York City Area", "title": "Recruting Specialist"}, {"company_name": "Albert", "dates_employed": "Aug 2013\u2013Sep 2015", "employment_duration": "2 yrs 2 mos", "location": null, "title": "Head of HR and Finance"}, {"company_name": "Albert: Artificial Intelligence Marketing", "dates_employed": "Aug 2010\u2013Aug 2013", "employment_duration": "3 yrs 1 mo", "location": null, "title": "Head of HR"}, {"company_name": "Online365 Ltd.", "dates_employed": "Mar 2008\u2013Nov 2009", "employment_duration": "1 yr 9 mos", "location": null, "title": "HR Generalist"}], "education": [{"institution": "Bar-Ilan University", "degree_details": {"degree_name": "Master's degree", "field_of_study": "Industrial and Organizational Psychology", "dates_attended_or_expected_graduation": "2009 \u2013 2011"}}, {"institution": "Bar-Ilan University", "degree_details": {"degree_name": "Bachelor's degree", "field_of_study": "Psychology", "dates_attended_or_expected_graduation": "2005 \u2013 2008"}}], "employee_name": "UYQ08p7KE0UriTSg*S1sZMkjmurxLZgEP3B9IBQ==*LKNsjGf/FLNYIobirzRrxg==*sqq0Y7zopF4LBXLJP3jR9Q=="}]