[{"experience": [{"company_name": "Kasisto", "dates_employed": "Jan 2013\u2013Present", "employment_duration": "9 yrs 5 mos", "location": "NYC & Menlo Park, CA", "title": "CEO and Co-Founder"}, {"company_name": "OpDemand", "dates_employed": "Aug 2011\u2013Jun 2019", "employment_duration": "7 yrs 11 mos", "location": "Boulder, Colorado", "title": "Investor"}, {"company_name": "Synchronoss Technologies", "dates_employed": "May 2012\u2013Dec 2012", "employment_duration": "8 mos", "location": null, "title": "Senior Vice President"}, {"company_name": "SpeechCycle Corp", "dates_employed": "Aug 2001\u2013May 2012", "employment_duration": "10 yrs 10 mos", "location": null, "title": "CEO"}, {"company_name": "Multex.com", "dates_employed": "2000\u20132001", "employment_duration": "1 yr", "location": null, "title": "Senior Vice President"}], "education": null, "employee_name": "Hw8g7/AX8Mc2B9o=*UkfLF+1F/C8TZGCS4Q+4UA==*bdQoMu3FKAem7uKdnpkTTA==*i7CNch6KFdfdPy/qswHVOQ=="}, {"experience": [{"company_name": "Pawlicy Advisor", "dates_employed": "Jan 2021\u2013Present", "employment_duration": "1 yr 5 mos", "location": null, "title": "Board Member"}, {"company_name": "Kasisto, Inc.", "dates_employed": "Sep 2019\u2013Present", "employment_duration": "2 yrs 9 mos", "location": "Greater New York City Area", "title": "Board Member"}, {"company_name": "Passport", "dates_employed": "Aug 2019\u2013Present", "employment_duration": "2 yrs 10 mos", "location": "Charlotte, North Carolina Area", "title": "Board Member"}, {"company_name": "Rho Capital Partners", "dates_employed": "Nov 1993\u2013Present", "employment_duration": "28 yrs 7 mos", "location": null, "title": "Managing Partner"}, {"company_name": "Convercent", "dates_employed": "Jan 2018\u2013Present", "employment_duration": "4 yrs 5 mos", "location": "Greater Denver Area", "title": "Board Member"}], "education": [{"institution": "Cornell University", "degree_details": {"field_of_study": "Engineering", "dates_attended_or_expected_graduation": null, "degree_name": null}}, {"institution": "Columbia University in the City of New York", "degree_details": {"degree_name": "MBA", "dates_attended_or_expected_graduation": null, "field_of_study": null}}], "employee_name": "WynUW81CHfLrD98QGA==*PxTXpaFPu2j8ENxwqeOLlQ==*95oIYawGSKISn2AgPcRrGA==*X8t6zJvdzFvGRAhfdgwbqg=="}, {"experience": [{"company_name": "Kasisto, Inc.", "dates_employed": "Oct 2013\u2013Present", "employment_duration": "8 yrs 8 mos", "location": "New York City", "title": "Chief Operating Officer and Co-Founder"}, {"company_name": "Reiter Brown", "dates_employed": "1986\u2013Present", "employment_duration": "36 yrs", "location": "New York, NY", "title": "President; Founder"}, {"company_name": "SpeechCycle, Inc.", "dates_employed": "2001\u20132012", "employment_duration": "11 yrs", "location": "New York, NY", "title": "President, COO, Co-Founder"}, {"company_name": "Multex.com", "dates_employed": "2000\u20132001", "employment_duration": "1 yr", "location": "New York, NY", "title": "Vice-President"}, {"company_name": "BuzzCompany.com", "dates_employed": "1996\u20132000", "employment_duration": "4 yrs", "location": "New York, NY", "title": "COO"}], "education": null, "employee_name": "mNhp0XPz+7f8SA==*vipzMu7yFWQOUBi9OrFQDA==*XsuKqX4TG4f5JTji1sOYUw==*nhjsVgekF2N8pfIx6+0u9A=="}, {"experience": [{"company_name": "Kasisto, Inc.", "dates_employed": "Mar 2017\u2013Present", "employment_duration": "5 yrs 3 mos", "location": "Greater New York City Area", "title": "Chief Technical Officer and Co-Founder"}, {"company_name": "Kasisto", "dates_employed": "Jan 2013\u2013Present", "employment_duration": "9 yrs 5 mos", "location": "NYC and Menlo Park", "title": "VP Engineering & Co-Founder"}, {"company_name": "IBM Research", "dates_employed": "Oct 2003\u2013Jan 2013", "employment_duration": "9 yrs 4 mos", "location": null, "title": "Engineer"}, {"company_name": "ScanSoft International", "dates_employed": "2002\u20132003", "employment_duration": "1 yr", "location": null, "title": "Speech Scientist"}, {"company_name": "Scansoft Inc.", "dates_employed": "2000\u20132003", "employment_duration": "3 yrs", "location": null, "title": "Speech Scientist"}], "education": [{"institution": "Columbia University in the City of New York", "degree_details": {"degree_name": "MS", "field_of_study": "NLP", "dates_attended_or_expected_graduation": null}}, {"institution": "Brandeis University", "degree_details": {"degree_name": "Bachelor of Arts (BA)", "field_of_study": "Computer Science minor in Physics", "dates_attended_or_expected_graduation": "1993 \u2013 1997"}}], "employee_name": "y0hZFGoGGrIhiNnY*MxSVNg/cj8WAXgRZrTRj0g==*VRa+0AyHbBUrp4NUulUhHQ==*4kk4Rke0vdpOfNBbQ2TdlQ=="}, {"experience": [{"company_name": "Kasisto, Inc.", "dates_employed": "Jun 2021\u2013Present", "employment_duration": "1 yr", "location": "New York, New York, United States", "title": "Vice President, Business Development and Partnerships"}, {"company_name": "Digital Reasoning", "dates_employed": "Oct 2020\u2013Jun 2021", "employment_duration": "9 mos", "location": "New York, New York, United States", "title": "Sales Executive"}, {"company_name": "Templafy", "dates_employed": "Apr 2020\u2013Oct 2020", "employment_duration": "7 mos", "location": "New York, New York, United States", "title": "Strategic Account Executive"}, {"company_name": "Kasisto, Inc.", "dates_employed": "Jan 2018\u2013Mar 2020", "employment_duration": "2 yrs 3 mos", "location": "Greater New York City Area", "title": "Strategic Account Executive"}, {"company_name": "Digital Reasoning", "dates_employed": "Jan 2016\u2013Dec 2017", "employment_duration": "2 yrs", "location": "Greater New York City Area", "title": "Enterprise Sales Director"}], "education": [{"institution": "Stony Brook University", "degree_details": {"degree_name": "MS", "field_of_study": "Applied Mathematics and Statistics", "dates_attended_or_expected_graduation": "1996 \u2013 1997"}}, {"institution": "Stony Brook University", "degree_details": {"degree_name": "Bachelor of Science (B.S.)", "field_of_study": "Applied Mathematics and Statistics", "dates_attended_or_expected_graduation": "1992 \u2013 1996"}}], "employee_name": "CfvAoaE+sBQeF4VtEuV7*yt4xCbL0SYrmbZkDNJ73qg==*Pe/FdUogwXt9HeBlx3zksA==*8TyMEeTEIBOZK3iUw8nyxA=="}, {"experience": [{"company_name": "Kasisto, Inc.", "dates_employed": "Nov 2021\u2013Present", "employment_duration": "7 mos", "location": "Atlanta Metropolitan Area", "title": "Chief Product and Customer Experience Officer"}, {"company_name": "Kasisto, Inc.", "dates_employed": "Jul 2021\u2013Nov 2021", "employment_duration": "5 mos", "location": null, "title": "Strategic Advisor"}, {"company_name": "Apple PIE Consulting, LLC", "dates_employed": "Mar 2021\u2013Nov 2021", "employment_duration": "9 mos", "location": "Atlanta Metropolitan Area", "title": "Principal"}, {"company_name": "Headspace Inc.", "dates_employed": "Jun 2020\u2013Mar 2021", "employment_duration": "10 mos", "location": "Atlanta Metropolitan Area", "title": "Chief Business Officer"}, {"company_name": "Deluxe Corporation", "dates_employed": "Oct 2018\u2013Jun 2020", "employment_duration": "1 yr 9 mos", "location": "Boca Raton, Florida", "title": "General Manager Data Platforms"}], "education": [{"institution": "University of Pittsburgh", "degree_details": {"field_of_study": "Master of Public Administration", "dates_attended_or_expected_graduation": "1988 \u2013 1989", "degree_name": null}}, {"institution": "University of Pittsburgh", "degree_details": {"degree_name": "BA / BA", "field_of_study": "Business Administration / English Writing", "dates_attended_or_expected_graduation": "1984 \u2013 1988"}}, {"institution": "Emory University - Goizueta Business School", "degree_details": {"field_of_study": "SunTrust Advanced Leadership Program", "dates_attended_or_expected_graduation": "2010", "degree_name": null}}], "employee_name": "bWkHfVjwmNufdONw3ncb*Iz4wHrTTPKtTDTOgpPm3BA==*WrZFlJSr5yFjQI0hlmdQyg==*2bgvpPebWciwnYlQ3/dzcw=="}, {"experience": [{"company_name": "Winarsky Ventures", "dates_employed": "Jan 2016\u2013Present", "employment_duration": "6 yrs 5 mos", "location": "Palo Alto, California", "title": "President"}, {"company_name": "Platform Venture Studio", "dates_employed": "Jun 2021\u2013Present", "employment_duration": "1 yr", "location": null, "title": "Member"}, {"company_name": "Stanford Graduate School of Business", "dates_employed": "Aug 2015\u2013Present", "employment_duration": "6 yrs 10 mos", "location": "Palo Alto, CA", "title": "Lecturer In Management"}, {"company_name": "NextSense.io", "dates_employed": "Nov 2020\u2013Present", "employment_duration": "1 yr 7 mos", "location": null, "title": "Strategic Advisor"}, {"company_name": "DIANAVI CORP", "dates_employed": "Sep 2020\u2013Present", "employment_duration": "1 yr 9 mos", "location": null, "title": "Strategic Advisor"}], "education": [{"institution": "Institute for Advanced Study, Princeton NJ", "degree_details": {"field_of_study": "Mathematics", "dates_attended_or_expected_graduation": "1971 \u2013 1975", "degree_name": null}}, {"institution": "University of Chicago", "degree_details": {"degree_name": "Ph.D.", "field_of_study": "Mathematics", "dates_attended_or_expected_graduation": "1970 \u2013 1974"}}, {"institution": "University of Chicago", "degree_details": {"degree_name": "M.S.", "field_of_study": "Mathematics", "dates_attended_or_expected_graduation": "1969 \u2013 1970"}}], "employee_name": "bN/GaK1IG2wWHcT6TRlN*khZrgIrZYiWBcSvLyAxdjg==*Fv2qnG8/v84phH6Ng/5oBQ==*2NcJ16/oaJ7ucB+DJYUQ9w=="}, {"experience": [{"company_name": "Kasisto, Inc.", "dates_employed": "Jan 2020\u2013Present", "employment_duration": "2 yrs 5 mos", "location": "Greater New York City Area", "title": "Sales Operations Manager"}, {"company_name": "Wealth-X", "dates_employed": "2019\u20132020", "employment_duration": "1 yr", "location": "Greater New York City Area", "title": "Director, Sales Operations"}, {"company_name": "Parsely, Inc.", "dates_employed": "2016\u20132019", "employment_duration": "3 yrs", "location": "Greater New York City Area", "title": "Sales Operations Manager"}, {"company_name": "adMarketplace", "dates_employed": "2015\u20132016", "employment_duration": "1 yr", "location": "Greater New York City Area", "title": "Sales Operations Analyst"}, {"company_name": "Gorkana", "dates_employed": "2013\u20132015", "employment_duration": "2 yrs", "location": "Greater New York City Area", "title": "Sales Operations Coordinator"}], "education": [{"institution": "Columbia University in the City of New York", "degree_details": {"degree_name": "Bachelor of Arts (B.A.)", "field_of_study": "History, American Studies", "dates_attended_or_expected_graduation": "2005 \u2013 2009"}}, {"institution": "The London School of Economics and Political Science (LSE)", "degree_details": {"degree_name": "Certificate of Completion", "field_of_study": "Intro to Macroeconomics, Summer Course", "dates_attended_or_expected_graduation": "2007 \u2013 2007"}}, {"institution": "Delbarton School", "degree_details": {"dates_attended_or_expected_graduation": "2001 \u2013 2005", "degree_name": null, "field_of_study": null}}], "employee_name": "LmHa9EsI4QRr6geXLV2/hTk=*/IW39B98Ilh/pGQrx8xqqg==*ZtHbf0obPwN9gfeV5mm+YA==*p80inxjhdX+yJFix760XFQ=="}, {"experience": [{"company_name": "Kasisto, Inc.", "dates_employed": "Oct 2021\u2013Present", "employment_duration": "8 mos", "location": "Cape Town, Western Cape, South Africa", "title": "Managing Director Europe, Middle East, and Africa"}, {"company_name": "Kasisto, Inc.", "dates_employed": "Jun 2021\u2013Sep 2021", "employment_duration": "4 mos", "location": "Cape Town, Western Cape, South Africa", "title": "Managing Director Middle East and Africa"}, {"company_name": "Blue Turtle Technologies", "dates_employed": "Sep 2020\u2013May 2021", "employment_duration": "9 mos", "location": "South Africa", "title": "Head of Digital Transformation, Data, and Coastal Region"}, {"company_name": "Hustle", "dates_employed": "Nov 2018\u2013Sep 2020", "employment_duration": "1 yr 11 mos", "location": "Johannesburg Area, South Africa", "title": "Co-Founder"}, {"company_name": "Blue Turtle Technologies", "dates_employed": "Nov 2018\u2013Aug 2020", "employment_duration": "1 yr 10 mos", "location": "Johannesburg Area, South Africa", "title": "Head of Digital Transformation and Data"}], "education": [{"institution": "University of the Witwatersrand", "degree_details": {"degree_name": "Software Quality", "dates_attended_or_expected_graduation": "1994 \u2013 1994", "field_of_study": null}}, {"institution": "Ambassador Training and Development", "degree_details": {"degree_name": "MCSD", "field_of_study": "Computer Programming", "dates_attended_or_expected_graduation": "2000 \u2013 2000"}}, {"institution": "Damelin", "degree_details": {"degree_name": "Applied Computing", "field_of_study": "Computer Programming", "dates_attended_or_expected_graduation": "1993 \u2013 1994"}}], "employee_name": "RJ0KUhU7vvChQWlM2BY=*RkvZOSaxYnlCNqXt2c0c4Q==*EAITqAT1/ypB9fcFihSDWw==*X5SsYgoyhfIMlkHw3lnLlw=="}, {"experience": [{"company_name": "Kasisto, Inc.", "dates_employed": "Jul 2015\u2013Present", "employment_duration": "6 yrs 11 mos", "location": "Greater New York City Area", "title": "Head of People Operations"}, {"company_name": "Kforce Inc", "dates_employed": "May 2014\u2013Jul 2015", "employment_duration": "1 yr 3 mos", "location": "New York, NY", "title": "Sr. Talent Acquisition Representative"}, {"company_name": "CyberCoders", "dates_employed": "Apr 2012\u2013May 2014", "employment_duration": "2 yrs 2 mos", "location": "90 Park Ave NY, NY 10016", "title": "Interim Director of Branch Operations NYC-Recruiting Team Lead"}, {"company_name": "Morningstar Recruiting", "dates_employed": "Jan 2012\u2013Apr 2012", "employment_duration": "4 mos", "location": "Malta", "title": "Account Relationship Manager & Sr. Recruiter"}, {"company_name": "Capital Property Group/Diblasi Real Estate Services", "dates_employed": "Aug 2006\u2013Jan 2012", "employment_duration": "5 yrs 6 mos", "location": "Albany, New York Area", "title": "Head of Talent"}], "education": [{"institution": "Adelphi University", "degree_details": {"degree_name": "BS", "field_of_study": "Business Administration", "dates_attended_or_expected_graduation": "1993 \u2013 1997"}}, {"institution": "Hudson Valley Community College", "degree_details": {"degree_name": "Associate's degree", "field_of_study": "Electrical, Electronic and Communications Engineering Technology/Technician", "dates_attended_or_expected_graduation": null}}], "employee_name": "qylgxv3Hi1IsXa06l1d/*ci2sLa3lFncDGFhX6Cd2yw==*jbkqqZ2W7ZjmbEUGs/5YVg==*d7AUzTETAWZJ0zIkzhVoNg=="}, {"experience": [{"company_name": "Kasisto, Inc.", "dates_employed": "Jan 2020\u2013Present", "employment_duration": "2 yrs 5 mos", "location": "Mountain View, Ca", "title": "Marketing Director"}, {"company_name": "Local Color SJ", "dates_employed": "Sep 2020\u2013Present", "employment_duration": "1 yr 9 mos", "location": "San Jose, California, United States", "title": "Board Member"}, {"company_name": "Kasisto, Inc.", "dates_employed": "Jun 2018\u2013Jan 2020", "employment_duration": "1 yr 8 mos", "location": "San Jose, CA", "title": "Sr. Marketing Manager"}, {"company_name": "VISTRA", "dates_employed": "Apr 2017\u2013Jun 2018", "employment_duration": "1 yr 3 mos", "location": "Greater New York City Area", "title": "Manager Sales Operations & Marketing Execution"}, {"company_name": "Broadridge Financial Solutions", "dates_employed": "Jan 2015\u2013Mar 2017", "employment_duration": "2 yrs 3 mos", "location": "Greater New York City Area", "title": "Senior Product Marketing Specialist"}], "education": [{"institution": "Suffolk University", "degree_details": {"degree_name": "BS", "field_of_study": "Communications, Advertising", "dates_attended_or_expected_graduation": "2005 \u2013 2009"}}, {"institution": "Donegal High School", "degree_details": {"dates_attended_or_expected_graduation": "2000 \u2013 2005", "degree_name": null, "field_of_study": null}}], "employee_name": "tW2pKy3qhkvlztg=*5lOsAmC7SjolOmES5kGiNg==*SugEG1L8wy9Mln/oOnPslg==*lBtEOmKsEzcREGGWa0fazA=="}, {"experience": [{"company_name": "Kasisto, Inc.", "dates_employed": "Aug 2021\u2013Present", "employment_duration": "10 mos", "location": "New York, United States", "title": "Chief Revenue Officer (CRO)"}, {"company_name": "CognitiveScale", "dates_employed": "Jan 2020\u2013Aug 2021", "employment_duration": "1 yr 8 mos", "location": "Greater New York City Area", "title": "Head of Sales & Partnerships"}, {"company_name": "JS1 Associates", "dates_employed": "Nov 2018\u2013Dec 2019", "employment_duration": "1 yr 2 mos", "location": "New York City Metropolitan Area", "title": "Managing Director"}, {"company_name": "Synchronoss Technologies", "dates_employed": "Oct 2015\u2013Oct 2018", "employment_duration": "3 yrs 1 mo", "location": "Bridgewater, NJ", "title": "Executive Vice President - General Manager"}, {"company_name": "Synchronoss Technologies", "dates_employed": "Jun 2014\u2013Oct 2015", "employment_duration": "1 yr 5 mos", "location": "Bridgewater, NJ", "title": "Senior Vice President Americas"}], "education": [{"institution": "UCLA Anderson School of Management", "degree_details": {"degree_name": "Masters Business Administration", "dates_attended_or_expected_graduation": null, "field_of_study": null}}, {"institution": "Cornell University", "degree_details": {"degree_name": "BS", "field_of_study": "Operations Research\\Industrial Engineering", "dates_attended_or_expected_graduation": null}}], "employee_name": "p7kjtBqIgCVJW/Mc7k4=*hFf024C1KfqlMLJF+oWD2w==*nDg//2UEqnKYmP4xFYT2aA==*1yn1lp/ZFk5tEu41W688LA=="}, {"experience": [{"company_name": "Kasisto, Inc.", "dates_employed": "Jan 2015\u2013Present", "employment_duration": "7 yrs 5 mos", "location": "Greater New York City Area", "title": "Senior Software Engineer"}, {"company_name": "iSpeech, Inc.", "dates_employed": "Aug 2013\u2013Oct 2014", "employment_duration": "1 yr 3 mos", "location": "Greater New York City Area", "title": "Senior Research Engineer"}, {"company_name": "Institute for Intelligent Systems and Robotics", "dates_employed": "Feb 2013\u2013Aug 2013", "employment_duration": "7 mos", "location": "Paris Area, France", "title": "Postdoctoral Researcher"}, {"company_name": "Telecom ParisTech", "dates_employed": "Dec 2011\u2013Feb 2013", "employment_duration": "1 yr 3 mos", "location": "Paris Area, France", "title": "Postdoctoral researcher"}, {"company_name": "German Research Center for Artificial Intelligence (DFKI GmbH)", "dates_employed": "Jul 2007\u2013Nov 2011", "employment_duration": "4 yrs 5 mos", "location": "Saarbr\u00fccken Area, Germany", "title": "Researcher"}], "education": [{"institution": "Universit\u00e4t des Saarlandes", "degree_details": {"degree_name": "Doctoral degree", "field_of_study": "Computer Science", "dates_attended_or_expected_graduation": "2008 \u2013 2011"}}, {"institution": "International Institute of Information Technology", "degree_details": {"degree_name": "Masters", "field_of_study": "Computer Science Engineering", "dates_attended_or_expected_graduation": "2005 \u2013 2007"}}], "employee_name": "MgjLCAuoxR7dwCRUDA==*BsN/F14n3drm6qhxXNlMLg==*LfYeLtBymqpmYCAGrGfRQw==*YgXtitwfVYSFQdKzV0D2WA=="}, {"experience": [{"company_name": "Kasisto, Inc.", "dates_employed": "Jan 2019\u2013Present", "employment_duration": "3 yrs 5 mos", "location": "Greater New York City Area", "title": "Vice President Of Product Management"}, {"company_name": "Kasisto, Inc.", "dates_employed": "Jul 2017\u2013Present", "employment_duration": "4 yrs 11 mos", "location": "Greater New York City Area", "title": "Senior Product Manager"}, {"company_name": "BGC Partners", "dates_employed": "Dec 2015\u2013Jun 2017", "employment_duration": "1 yr 7 mos", "location": "Greater New York City Area", "title": "Program Manager"}, {"company_name": "AbridgeMe", "dates_employed": "Oct 2014\u2013Dec 2015", "employment_duration": "1 yr 3 mos", "location": "Greater New York City Area", "title": "Co-Founder"}, {"company_name": "GFI Group", "dates_employed": "Jun 2013\u2013Nov 2015", "employment_duration": "2 yrs 6 mos", "location": "Greater New York City Area", "title": "Product Manager"}], "education": [{"institution": "Columbia College", "degree_details": {"degree_name": "Bachelor of Science", "field_of_study": "Business Managment", "dates_attended_or_expected_graduation": null}}], "employee_name": "UUkHwuXcxc5HgebR5c0=*sXNhbxDAW7imsXduQdQqoA==*9wfbnk8rMxh0K7cd8gQ9iw==*eMPwBH9OgAWxvM//7PhskQ=="}, {"experience": null, "education": null, "employee_name": null}, {"experience": [{"company_name": "Propel VC", "dates_employed": "Feb 2016\u2013Present", "employment_duration": "6 yrs 4 mos", "location": "San Francisco Bay Area", "title": "General Partner"}, {"company_name": "Paceline", "dates_employed": "Nov 2020\u2013Present", "employment_duration": "1 yr 7 mos", "location": null, "title": "Investor"}, {"company_name": "ChargeAfter", "dates_employed": "2018\u2013Present", "employment_duration": "4 yrs", "location": "San Francisco Bay Area", "title": "Board Member"}, {"company_name": "Kasisto, Inc.", "dates_employed": "2019\u2013Present", "employment_duration": "3 yrs", "location": "New York, New York", "title": "Board Member"}, {"company_name": "Conekta", "dates_employed": "2018\u2013Present", "employment_duration": "4 yrs", "location": "Mexico City", "title": "Board Member"}], "education": [{"institution": "University of Wisconsin-Madison", "degree_details": {"dates_attended_or_expected_graduation": null, "degree_name": null, "field_of_study": null}}], "employee_name": "QSp8lxit5vsk2wizgQ==*R4S4YHdSxHVfLLDZwuhmDA==*Muek5nLbsSqZ4OZiZuzkEQ==*F6Evo3XrJ3ivSbarP05UAw=="}, {"experience": [{"company_name": "Kasisto, Inc.", "dates_employed": "Dec 2021\u2013Present", "employment_duration": "6 mos", "location": null, "title": "VP of Project Management"}, {"company_name": "Kasisto, Inc.", "dates_employed": "Sep 2015\u2013Present", "employment_duration": "6 yrs 9 mos", "location": null, "title": "Director of Project Management"}, {"company_name": "Fiserv", "dates_employed": "2012\u2013Sep 2015", "employment_duration": "3 yrs", "location": null, "title": "Client Solutions Director"}, {"company_name": "Fiserv", "dates_employed": "2009\u20132012", "employment_duration": "3 yrs", "location": "Sunnyvale, CA", "title": "Client Solutions Manager"}, {"company_name": "CashEdge", "dates_employed": "2006\u20132008", "employment_duration": "2 yrs", "location": "Sunnyvale, CA", "title": "Sr. Project Manager"}], "education": [{"institution": "University of Mumbai", "degree_details": {"field_of_study": "Electronics Engineering", "dates_attended_or_expected_graduation": null, "degree_name": null}}], "employee_name": "YDVV5C/p/PHF+jEc/g==*U86PNIpHGVKOEW9kASWhRw==*rhxaI4N10qxAijRPePWcYA==*mafJgm/XwgQqYDCnx4fcLw=="}, {"experience": [{"company_name": "Kasisto, Inc.", "dates_employed": "Jan 2022\u2013Present", "employment_duration": "5 mos", "location": "United States", "title": "Senior Director Customer Success"}, {"company_name": "FIS", "dates_employed": "Aug 2019\u2013Jan 2022", "employment_duration": "2 yrs 6 mos", "location": "Alpharetta, Georgia", "title": "Director, Partner Solutions"}, {"company_name": "Fiserv", "dates_employed": "Aug 2015\u2013Jan 2018", "employment_duration": "2 yrs 6 mos", "location": "Alpharetta, Georgia", "title": "Senior Product and Delivery Manager"}, {"company_name": "Turner Broadcasting", "dates_employed": "Aug 2010\u2013Sep 2015", "employment_duration": "5 yrs 2 mos", "location": "Greater Atlanta Area", "title": "Technical Product and Vendor Manager"}, {"company_name": "ICon Professional Services", "dates_employed": "May 2010\u2013Aug 2010", "employment_duration": "4 mos", "location": "Greater Atlanta Area", "title": "Product Manager - Intuit"}], "education": [{"institution": "Wayne State University", "degree_details": {"degree_name": "MBA", "field_of_study": "Marketing and Strategic Management", "dates_attended_or_expected_graduation": "2004 \u2013 2007"}}, {"institution": "University of Detroit Mercy", "degree_details": {"degree_name": "BA", "field_of_study": "Economics", "dates_attended_or_expected_graduation": "1985 \u2013 1989"}}], "employee_name": "08FNz59fAVzwazFZuBUYjK4=*6jyMEd7i4xIgjAe6MEnxfA==*tcBZpiVYi//j00vfGIUusw==*xiM/5ggADVzM84hPT+4J/A=="}, {"experience": [{"company_name": "Kasisto, Inc.", "dates_employed": "Aug 2021\u2013Present", "employment_duration": "10 mos", "location": "London, England, United Kingdom", "title": "SVP Product"}, {"company_name": "Kasisto, Inc.", "dates_employed": "Jan 2019\u2013Aug 2021", "employment_duration": "2 yrs 8 mos", "location": "Greater New York City Area", "title": "VP Product"}, {"company_name": "Kasisto, Inc.", "dates_employed": "Jul 2017\u2013Jan 2019", "employment_duration": "1 yr 7 mos", "location": "Greater New York City Area", "title": "VP Solutions Delivery"}, {"company_name": "Emirates NBD", "dates_employed": "Aug 2016\u2013Jul 2017", "employment_duration": "1 yr", "location": "Dubai, United Arab Emirates", "title": "Senior Manager @ Liv."}, {"company_name": "Accenture", "dates_employed": "Jan 2007\u2013Aug 2016", "employment_duration": "9 yrs 8 mos", "location": null, "title": "Digital Strategy Manager"}], "education": [{"institution": "Purdue University", "degree_details": {"degree_name": "BS in EE", "dates_attended_or_expected_graduation": "2003 \u2013 2006", "field_of_study": null}}, {"institution": "Passed Level I of the CFA Program", "degree_details": {"dates_attended_or_expected_graduation": null, "degree_name": null, "field_of_study": null}}], "employee_name": "sudCQAUVRgcc3j8=*pBF3y2wwVnOe6vjTdm+NCA==*34jyJKdRe59V0NOzQ+DcMQ==*Gr6F10RVvyU1e4xT8/xWZw=="}, {"experience": [{"company_name": "Kasisto, Inc.", "dates_employed": "Feb 2022\u2013Present", "employment_duration": "4 mos", "location": "New York, NY", "title": "Director of Project Management"}, {"company_name": "Odessa", "dates_employed": "Apr 2020\u2013Mar 2022", "employment_duration": "2 yrs", "location": "New York, New York, United States", "title": "Sr. Project Manager"}, {"company_name": "Personetics", "dates_employed": "Mar 2019\u2013Feb 2020", "employment_duration": "1 yr", "location": "Greater New York City Area", "title": "Project Manager"}, {"company_name": "Wells Fargo", "dates_employed": "Nov 2018\u2013Feb 2019", "employment_duration": "4 mos", "location": "Charlotte, North Carolina Area", "title": "Project Manager"}, {"company_name": "Capgemini", "dates_employed": "Oct 2017\u2013Sep 2018", "employment_duration": "1 yr", "location": "Several states in the US", "title": "Project Manager"}], "education": [{"institution": "Pace University - Lubin School of Business", "degree_details": {"dates_attended_or_expected_graduation": null, "degree_name": null, "field_of_study": null}}, {"institution": "Pace University - Lubin School of Business", "degree_details": {"degree_name": "Bachelor", "field_of_study": "IT & Economics", "dates_attended_or_expected_graduation": null}}, {"institution": "Universidad Cat\u00f3lica Santa Mar\u00eda La Antigua", "degree_details": {"degree_name": "Bachelor's degree", "field_of_study": "Banking and Economics", "dates_attended_or_expected_graduation": null}}], "employee_name": "meePZnU0rPanRYp6+w==*Xy29YwI5qOyJcyDbFmPZZQ==*KaV/E5usBJo+q5dy8e5RBA==*Jp/NBegQ3KKVIkYc9E3FGw=="}, {"experience": [{"company_name": "SRI International", "dates_employed": "Mar 1998\u2013Present", "employment_duration": "24 yrs 3 mos", "location": "San Francisco Bay Area", "title": "President"}, {"company_name": "Kasisto, Inc.", "dates_employed": "Jul 2014\u2013Present", "employment_duration": "7 yrs 11 mos", "location": "Greater New York City Area", "title": "Board Member"}, {"company_name": "National Semiconductor", "dates_employed": "1996\u20131998", "employment_duration": "2 yrs", "location": null, "title": "Director"}, {"company_name": "Lockheed Martin", "dates_employed": "1987\u20131996", "employment_duration": "9 yrs", "location": null, "title": "Director"}], "education": [{"institution": "Massachusetts Institute of Technology", "degree_details": {"degree_name": "Doctor of Philosophy (PhD)", "field_of_study": "Computer Science", "dates_attended_or_expected_graduation": null}}], "employee_name": "+t52I4mGHqPPenf1F/HPMCXQqQ==*rflqrN03ZlTZGMZH5BoO6Q==*pDw+JvH/HeybCr3cZpyRAQ==*7r6LsD0GKxZ5/hdOEVV78A=="}, {"experience": [{"company_name": "Pierce Yates Ventures", "dates_employed": "Jan 2006\u2013Present", "employment_duration": "16 yrs 5 mos", "location": "Greater New York City Area", "title": "Managing Partner"}, {"company_name": "Kasisto", "dates_employed": "Jul 2014\u2013Present", "employment_duration": "7 yrs 11 mos", "location": "Greater New York City Area", "title": "Board of Directors"}, {"company_name": "U.S. Integrity, Inc.", "dates_employed": "Oct 2020\u2013Present", "employment_duration": "1 yr 8 mos", "location": "New York City Metropolitan Area", "title": "Board of Directors"}, {"company_name": "New York Angels", "dates_employed": "Jan 2007\u2013Present", "employment_duration": "15 yrs 5 mos", "location": "Greater New York City Area", "title": "Board of Directors"}, {"company_name": "Stadia Ventures", "dates_employed": "Jul 2020\u2013Present", "employment_duration": "1 yr 11 mos", "location": "New York City Metropolitan Area", "title": "Advisor"}], "education": [{"institution": "The Wharton School", "degree_details": {"degree_name": "B.S. in Econ.", "field_of_study": "Accounting/Economics", "dates_attended_or_expected_graduation": "1974 \u2013 1978"}}, {"institution": "Georgetown University Law Center", "degree_details": {"degree_name": "Juris Doctor", "dates_attended_or_expected_graduation": "1978 \u2013 1981", "field_of_study": null}}], "employee_name": "0OPV6ulw5TJJ5JnIHqJC*wa9xhMAtkfHtY9ZxqWx3Hg==*KyMmK87o0t7I5stDR5zCiw==*v6LLopf4tPMGrkkfHkug0g=="}, {"experience": [{"company_name": "Kasisto, Inc.", "dates_employed": "Nov 2021\u2013Present", "employment_duration": "7 mos", "location": null, "title": "Senior Director of Customer Strategy and Success"}, {"company_name": "Alkami Technology", "dates_employed": "Jan 2020\u2013Nov 2021", "employment_duration": "1 yr 11 mos", "location": null, "title": "Client Success Manager"}, {"company_name": "Alkami Technology", "dates_employed": "Apr 2018\u2013Jan 2020", "employment_duration": "1 yr 10 mos", "location": "Plano, Texas", "title": "Account Executive"}, {"company_name": "HealthSparq", "dates_employed": "May 2017\u2013Apr 2018", "employment_duration": "1 yr", "location": "Lewisville, Texas", "title": "Account Manager"}, {"company_name": "Centene Corporation", "dates_employed": "Jun 2016\u2013May 2017", "employment_duration": "1 yr", "location": "Dallas/Fort Worth Area", "title": "Lead Account Manager"}], "education": [{"institution": "University of Toledo", "degree_details": {"field_of_study": "Marketing", "dates_attended_or_expected_graduation": null, "degree_name": null}}], "employee_name": "oVe+gSdyehEaxIToAuIu*rDoPf0w8pTGt2z2beaCm6A==*woKL6Wk2d5wC2OCpe85IgA==*HEevrqzlbCYBwbDfObKBsw=="}, {"experience": [{"company_name": "Kasisto, Inc.", "dates_employed": "May 2022\u2013Present", "employment_duration": "1 mo", "location": null, "title": "Director of Project Management"}, {"company_name": "Alkami Technology", "dates_employed": "Mar 2022\u2013May 2022", "employment_duration": "3 mos", "location": "United States", "title": "Senior Technical Consultant I"}, {"company_name": "Alkami Technology", "dates_employed": "Jun 2018\u2013Mar 2022", "employment_duration": "3 yrs 10 mos", "location": "Plano, Texas", "title": "Technical Consultant"}, {"company_name": "Quovidion Inc.", "dates_employed": "Feb 2016\u2013Aug 2017", "employment_duration": "1 yr 7 mos", "location": null, "title": "Software Implementation Consultant"}, {"company_name": "IBM", "dates_employed": "Aug 2014\u2013Jan 2016", "employment_duration": "1 yr 6 mos", "location": "Dallas, Texas", "title": "System Engineer/Scrum of Scrum Master"}], "education": [{"institution": "University of North Texas", "degree_details": {"degree_name": "College of Engineering - Information Technology", "field_of_study": "College of Engineering - Information Technology", "dates_attended_or_expected_graduation": null}}, {"institution": "University of North Texas - Internships & Cooperative Edu.", "degree_details": {"degree_name": "BA", "field_of_study": "Information Technology Engineering", "dates_attended_or_expected_graduation": "2007 \u2013 2012"}}], "employee_name": "DYANcSgstB3Hw1YTprh5*lAospgb48SCih4+WULnKAA==*Hiy/JcdjNo33BxJo59cpFA==*+HDtFtR4WivfD+p7/KHtAg=="}, {"experience": [{"company_name": "Kasisto, Inc.", "dates_employed": "May 2021\u2013Present", "employment_duration": "1 yr 1 mo", "location": "Johannesburg, South Africa", "title": "Customer Strategy & Success Manager: EMEA"}, {"company_name": "Blue Turtle Technologies", "dates_employed": "Apr 2019\u2013May 2021", "employment_duration": "2 yrs 2 mos", "location": "Johannesburg Area, South Africa", "title": "Product Manager: Digital"}, {"company_name": "Deloitte South Africa", "dates_employed": "Jul 2017\u2013Mar 2019", "employment_duration": "1 yr 9 mos", "location": "Johannesburg Area, South Africa", "title": "Human Capital Technology Consultant"}, {"company_name": "Deloitte South Africa", "dates_employed": "Apr 2016\u2013Jun 2017", "employment_duration": "1 yr 3 mos", "location": "Woodmead, Johannesburg", "title": "Human Capital Consultant"}, {"company_name": "SystemicLogic Innovation Agency", "dates_employed": "Jan 2013\u2013Mar 2016", "employment_duration": "3 yrs 3 mos", "location": "Bryanston, Johannesburg", "title": "Organisational Behaviour and Change Specialist"}], "education": [{"institution": "University of Cape Town", "degree_details": {"degree_name": "Bachelor of business science", "field_of_study": "Organisational psychology", "dates_attended_or_expected_graduation": "2008 \u2013 2011"}}, {"institution": "Dainfern College", "degree_details": {"dates_attended_or_expected_graduation": null, "degree_name": null, "field_of_study": null}}], "employee_name": "2KLxYtMY4SU9N+k=*LbvjxHvBZF8xAdBQiN5ZGg==*woxdTr5AlO7Wzyzv/8d9cQ==*aN2b11mfYIl0rEy6ONBGbQ=="}, {"experience": [{"company_name": "Silvertree", "dates_employed": "Jun 2020\u2013Present", "employment_duration": "2 yrs", "location": null, "title": "Co-Founder & Director"}, {"company_name": "CallMiner", "dates_employed": "Aug 2014\u2013Present", "employment_duration": "7 yrs 10 mos", "location": "Waltham, mA", "title": "Board Member"}, {"company_name": "Kasisto, Inc.", "dates_employed": "Apr 2020\u2013Present", "employment_duration": "2 yrs 2 mos", "location": "New York City Metropolitan Area", "title": "Director"}, {"company_name": "English Central", "dates_employed": "Aug 2020\u2013Present", "employment_duration": "1 yr 10 mos", "location": "Boston, Massachusetts, United States", "title": "Member Of The Board Of Advisors"}, {"company_name": "Sanas", "dates_employed": "Jul 2021\u2013Present", "employment_duration": "11 mos", "location": null, "title": "Member Of The Board Of Advisors"}], "education": [{"institution": "Harvard University", "degree_details": {"degree_name": "Candidate for Doctorate in Education Leadership", "dates_attended_or_expected_graduation": "2020 \u2013 2023", "field_of_study": null}}, {"institution": "Harvard University", "degree_details": {"degree_name": "MA, Technology & Innovation in Education", "field_of_study": "Innovation & Technology", "dates_attended_or_expected_graduation": "2019 \u2013 2020"}}, {"institution": "University of Southern California", "degree_details": {"degree_name": "MS in Social Psychology", "field_of_study": "Organizational & Consumer Psychology", "dates_attended_or_expected_graduation": "2018 \u2013 2019"}}], "employee_name": "PouIbDq6h77wyE1v/IXq1QTz*hQpNw050Su+Hpc7wlAA5BA==*9d7gB6RwE+XgvKoANXNWvQ==*lrhJrVNqoJcpJltjdtajvg=="}, {"experience": [{"company_name": "Westpac Group", "dates_employed": "Aug 2019\u2013Present", "employment_duration": "2 yrs 10 mos", "location": "Sydney, Australia", "title": "Group Chief Technology Officer"}, {"company_name": "Kasisto, Inc.", "dates_employed": "Nov 2015\u2013Present", "employment_duration": "6 yrs 7 mos", "location": "New York", "title": "Advisory Board Member"}, {"company_name": "Reinventure Group", "dates_employed": "Aug 2019\u2013Present", "employment_duration": "2 yrs 10 mos", "location": "Australia", "title": "Technology Advisor"}, {"company_name": "DBS Bank", "dates_employed": "May 2011\u2013Jun 2019", "employment_duration": "8 yrs 2 mos", "location": "Singapore", "title": "Executive Director"}, {"company_name": "V-Key", "dates_employed": "Jul 2016\u2013May 2019", "employment_duration": "2 yrs 11 mos", "location": "Singapore", "title": "Advisory Board Member"}], "education": [{"institution": "Griffith University", "degree_details": {"degree_name": "BSc", "field_of_study": "Business Information, Computing", "dates_attended_or_expected_graduation": "1985 \u2013 1987"}}, {"institution": "Grace Lutheran College", "degree_details": {"degree_name": "High School Diploma", "dates_attended_or_expected_graduation": null, "field_of_study": null}}], "employee_name": "hhmq03bgUVcUcP7E*UXSBNwJaVKmWWkvB8JBQ5g==*IRGbWEF9ogF7DEyvsBPVIg==*LLyJAkQJllYLzUNh7KMpmQ=="}, {"experience": null, "education": null, "employee_name": null}, {"experience": [{"company_name": "Kasisto, Inc.", "dates_employed": "Dec 2017\u2013Present", "employment_duration": "4 yrs 6 mos", "location": "Singapore", "title": "Director of Project Management"}, {"company_name": "Marina Bay Sands", "dates_employed": "Apr 2014\u2013Nov 2017", "employment_duration": "3 yrs 8 mos", "location": "Singapore", "title": "Project Manager"}, {"company_name": "Steria Asia Pte Ltd", "dates_employed": "Mar 2013\u2013Mar 2014", "employment_duration": "1 yr 1 mo", "location": "Singapore", "title": "Project Manager, MHA Central Narcotics Bureau - eFORMS project"}, {"company_name": "Steria Asia Pte Ltd", "dates_employed": "Jan 2012\u2013Mar 2014", "employment_duration": "2 yrs 3 mos", "location": "Singapour", "title": "Proposal Leader"}, {"company_name": "Steria Asia Pte Ltd", "dates_employed": "Mar 2012\u2013Sep 2012", "employment_duration": "7 mos", "location": "Singapore", "title": "Project Manager, CG38 ItInisere project"}], "education": [{"institution": "Steria Project Institute", "degree_details": {"field_of_study": "Project Management", "dates_attended_or_expected_graduation": "2008 \u2013 2011", "degree_name": null}}, {"institution": "Scrum Master Certification", "degree_details": {"dates_attended_or_expected_graduation": "2008 \u2013 2008", "degree_name": null, "field_of_study": null}}, {"institution": "ESSTIN", "degree_details": {"degree_name": "Engineering High School Diploma - IRS option", "field_of_study": "Engineering", "dates_attended_or_expected_graduation": "1999 \u2013 2004"}}], "employee_name": "Tqa0Gny4pnmvXfX0*kEczWxr2Ra9/wyFcLlRBBg==*0TMQVYBKjGm6q8FLmSM3jQ==*50En3SOLyfni+yQ9V63ONw=="}, {"experience": [{"company_name": "Kasisto, Inc.", "dates_employed": "Jun 2020\u2013Present", "employment_duration": "2 yrs", "location": "New York City Metropolitan Area", "title": "Director of Global Pre-Sales Engineering"}, {"company_name": "Kasisto, Inc.", "dates_employed": "Oct 2018\u2013Jun 2020", "employment_duration": "1 yr 9 mos", "location": "Greater New York City Area", "title": "Senior Sales Engineer"}, {"company_name": "DataWhys", "dates_employed": "Apr 2018\u2013Oct 2018", "employment_duration": "7 mos", "location": "Greater New York City Area", "title": "Director of Sales Engineering & Customer Success, Americas"}, {"company_name": "Digital Reasoning", "dates_employed": "Jul 2017\u2013Apr 2018", "employment_duration": "10 mos", "location": "New York, New York", "title": "Sales Engineer"}, {"company_name": "SmartStream Technologies", "dates_employed": "Nov 2016\u2013Jun 2017", "employment_duration": "8 mos", "location": "Greater New York City Area", "title": "Head of US Pre-Sales and Business Development"}], "education": [{"institution": "Mumbai Educational Trust, MET League of Colleges", "degree_details": {"degree_name": "Master\u2019s Degree", "field_of_study": "Computer Science", "dates_attended_or_expected_graduation": "2002 \u2013 2005"}}, {"institution": "University of Mumbai", "degree_details": {"degree_name": "Bachelor\u2019s Degree", "field_of_study": "Economics", "dates_attended_or_expected_graduation": "1997 \u2013 2002"}}, {"institution": "New English School", "degree_details": {"dates_attended_or_expected_graduation": "1990 \u2013 1997", "degree_name": null, "field_of_study": null}}], "employee_name": "22g2DrkPRy2gl8a1*O8ijiORfFDOIgbqP3aUGTA==*6BD75/0NPXBceWFDHTfYjA==*AzEJXnaK1pSdP7YTNkJ0jw=="}, {"experience": [{"company_name": "Kasisto, Inc.", "dates_employed": "Jun 2018\u2013Present", "employment_duration": "4 yrs", "location": "Greater New York City Area", "title": "Senior Vice President"}, {"company_name": "Spook Rock Consultants LLC", "dates_employed": "Jan 2009\u2013Present", "employment_duration": "13 yrs 5 mos", "location": null, "title": "Consultant"}, {"company_name": "Dash Financial Technologies", "dates_employed": "Mar 2017\u2013Mar 2018", "employment_duration": "1 yr 1 mo", "location": "Greater New York City Area", "title": "Managing Director Finance"}, {"company_name": "ConvergEx Group", "dates_employed": "Mar 2013\u2013Feb 2017", "employment_duration": "4 yrs", "location": "1633 Broadway, New York, NY", "title": "Senior Vice President"}, {"company_name": "Federal Reserve Bank of New York", "dates_employed": "Sep 2011\u2013Jun 2012", "employment_duration": "10 mos", "location": null, "title": "Operational Risk Consultant"}], "education": [{"institution": "Cornell Johnson Graduate School of Management", "degree_details": {"degree_name": "MBA", "field_of_study": "Finance", "dates_attended_or_expected_graduation": "1991 \u2013 1993"}}, {"institution": "Hamilton College", "degree_details": {"degree_name": "BA", "field_of_study": "Government and Computer Science", "dates_attended_or_expected_graduation": "1982 \u2013 1986"}}], "employee_name": "sY2ya3T8H9gY0FoSkzHqJ1eY*6pdS00yKfJLoeeXRQpWdfw==*/m+u9hs9QE7NLE6RSlNKpg==*MHW/npt9OUz+9RawUlFsZQ=="}, {"experience": [{"company_name": "Kasisto, Inc.", "dates_employed": "Nov 2021\u2013Present", "employment_duration": "7 mos", "location": "New York City Metropolitan Area", "title": "Senior Director of Product Management"}, {"company_name": "Kasisto, Inc.", "dates_employed": "Jan 2018\u2013Present", "employment_duration": "4 yrs 5 mos", "location": "Greater New York City Area", "title": "Director of Product Management"}, {"company_name": "Kasisto, Inc.", "dates_employed": "Feb 2017\u2013Jan 2018", "employment_duration": "1 yr", "location": "Greater New York City Area", "title": "Director of Project Management"}, {"company_name": "Kasisto, Inc.", "dates_employed": "Jul 2015\u2013Jan 2018", "employment_duration": "2 yrs 7 mos", "location": "Greater New York City Area", "title": "Sr. Project Manager"}, {"company_name": "Synchronoss Technologies", "dates_employed": "Sep 2014\u2013Jun 2015", "employment_duration": "10 mos", "location": "Bridgewater, NJ", "title": "Project Manager"}], "education": [{"institution": "Rochester Institute of Technology", "degree_details": {"dates_attended_or_expected_graduation": "2001 \u2013 2005", "degree_name": null, "field_of_study": null}}], "employee_name": "r2FO24uGuYPAZUgvk3MK*Sia86tsZf6KpzJaQjezrLg==*5ul7gY1qNfZXHMJ2lBT7rg==*w4lcF7WcZ4tYJHy1pEWAKQ=="}, {"experience": [{"company_name": "Kasisto, Inc.", "dates_employed": "Jul 2021\u2013Present", "employment_duration": "11 mos", "location": "New York, United States", "title": "Senior Director of Data Science"}, {"company_name": "Kasisto, Inc.", "dates_employed": "Jan 2021\u2013Jul 2021", "employment_duration": "7 mos", "location": "New York, New York, United States", "title": "Director of Data Science"}, {"company_name": "Kasisto, Inc.", "dates_employed": "Jun 2017\u2013Jan 2021", "employment_duration": "3 yrs 8 mos", "location": "Greater New York City Area", "title": "Software Engineer/Linguist"}, {"company_name": "Weiss Asset Management", "dates_employed": "2014\u2013Oct 2015", "employment_duration": "1 yr", "location": "Boston", "title": "Operations Team"}, {"company_name": "Harvard University", "dates_employed": "Sep 2013\u2013May 2014", "employment_duration": "9 mos", "location": null, "title": "Choral Fellow"}], "education": [{"institution": "Harvard University", "degree_details": {"degree_name": "Bachelor of Arts (B.A.)", "field_of_study": "Linguistics", "dates_attended_or_expected_graduation": "2010 \u2013 2014"}}, {"institution": "Helena High School", "degree_details": {"degree_name": "Presidential Scholar", "dates_attended_or_expected_graduation": "2007 \u2013 2010", "field_of_study": null}}], "employee_name": "kQR7TFopunxf8NU=*zAqTWMioPrY71bMDlm0Upg==*4QiJxeCET9rr78+y5UXh+g==*HwHNX6DQohza3BJvXfGfAA=="}, {"experience": [{"company_name": "Kasisto, Inc.", "dates_employed": "Nov 2021\u2013Present", "employment_duration": "7 mos", "location": "New York, United States", "title": "Talent Acquisition Consultant - People Ops Team"}, {"company_name": "Technology Recruiting Services", "dates_employed": "Sep 2020\u2013Nov 2021", "employment_duration": "1 yr 3 mos", "location": "New York, United States", "title": "Talent Acquisition Partner"}, {"company_name": "SecurityScorecard", "dates_employed": "Jan 2020\u2013Sep 2020", "employment_duration": "9 mos", "location": "Greater New York City Area", "title": "Talent Acquisition Manager"}, {"company_name": "Highmetric | Global ServiceNow Partner", "dates_employed": "Feb 2017\u2013Jan 2020", "employment_duration": "3 yrs", "location": "Greater New York City Area", "title": "Talent Acquisition Manager"}, {"company_name": "Highmetric | Global ServiceNow Partner", "dates_employed": "Feb 2017\u2013Jan 2020", "employment_duration": "3 yrs", "location": "Greater New York City Area", "title": "Sales & Recruiting Lead - ServiceNow IT Staffing - USA"}], "education": [{"institution": "University of Missouri-Saint Louis", "degree_details": {"degree_name": "Bachelor of Science in Business Administration", "field_of_study": "Marketing", "dates_attended_or_expected_graduation": "2007 \u2013 2011"}}, {"institution": "Parkway south, Manchester, MO", "degree_details": {"degree_name": "Marketing", "field_of_study": "Sales and Management", "dates_attended_or_expected_graduation": null}}], "employee_name": "alAfkBhZ17qPr3RUd2M=*uIs/l4dSskxMKnfFaRRawA==*/iEJLYWMc6ur+hcHfB/AOg==*Ngj1TzVDSfnWkc9CGRGrlA=="}, {"experience": [{"company_name": "Kasisto, Inc.", "dates_employed": "Nov 2021\u2013Present", "employment_duration": "7 mos", "location": "Phoenix, Arizona, United States", "title": "Enterprise Account Director"}, {"company_name": "Deluxe Corporation", "dates_employed": "Jan 2020\u2013Nov 2021", "employment_duration": "1 yr 11 mos", "location": "Phoenix, Arizona", "title": "Data Marketing Consultant - Deluxe Data Driven Marketing"}, {"company_name": "ThreatModeler Software, Inc", "dates_employed": "May 2019\u2013Jan 2020", "employment_duration": "9 mos", "location": "Phoenix, Arizona Area", "title": "Sales Director"}, {"company_name": "Equifax", "dates_employed": "Sep 2017\u2013Apr 2019", "employment_duration": "1 yr 8 mos", "location": "Phoenix, Arizona Area", "title": "Business Development, Mobile Digital Experience"}, {"company_name": "Daon", "dates_employed": "Mar 2016\u2013Sep 2017", "employment_duration": "1 yr 7 mos", "location": "Phoenix, Arizona Area", "title": "Sales Executive at Daon, Inc."}], "education": [{"institution": "University of Minnesota - Carlson School of Management", "degree_details": {"degree_name": "B.S. Business", "field_of_study": "Marketing/Marketing Management, General", "dates_attended_or_expected_graduation": null}}, {"institution": "Kellogg High School", "degree_details": {"dates_attended_or_expected_graduation": null, "degree_name": null, "field_of_study": null}}], "employee_name": "VtUhlVt/qWVH0eG1P0Rj*Xy9ujj7L9jBac9MxjQlA/A==*RWVCjWtk/3R1GgJS6Smi+Q==*d07bzSbeNZq4bCk2F4md0A=="}, {"experience": [{"company_name": "Kasisto, Inc.", "dates_employed": "Jan 2021\u2013Present", "employment_duration": "1 yr 5 mos", "location": "New York City Metropolitan Area", "title": "Director, Channel Sales"}, {"company_name": "Kasisto, Inc.", "dates_employed": "Jan 2020\u2013Present", "employment_duration": "2 yrs 5 mos", "location": "Greater New York City Area", "title": "Enterprise Account Director"}, {"company_name": "Text IQ", "dates_employed": "Oct 2019\u2013Jan 2020", "employment_duration": "4 mos", "location": "Greater New York City Area", "title": "Strategic Account Director"}, {"company_name": "Digital Reasoning", "dates_employed": "Jan 2018\u2013Oct 2019", "employment_duration": "1 yr 10 mos", "location": "Greater New York City Area", "title": "Enterprise Sales Director"}, {"company_name": "SmartStream Technologies", "dates_employed": "Jul 2016\u2013Jan 2018", "employment_duration": "1 yr 7 mos", "location": "New York, USA - Toronto, Canada", "title": "Sales Executive"}], "education": [{"institution": "University of Sydney", "degree_details": {"degree_name": "Master of Commerce", "field_of_study": "Finance", "dates_attended_or_expected_graduation": "2003 \u2013 2006"}}, {"institution": "Western Sydney University", "degree_details": {"degree_name": "Bachelor of Information Technology", "field_of_study": "Computer Science", "dates_attended_or_expected_graduation": "1998 \u2013 2002"}}], "employee_name": "AsdI679tbf7zcw==*Ut+xWgw9RIdOOzRF6ePr4A==*omB0LUTatDld9oxmFbRg1Q==*jK38L11j/wID+sP1ElVA+A=="}, {"experience": [{"company_name": "Kasisto, Inc.", "dates_employed": "Jan 2022\u2013Present", "employment_duration": "5 mos", "location": "New York City Metropolitan Area", "title": "Enterprise Account Director"}, {"company_name": "Curinos", "dates_employed": "Dec 2019\u2013Jan 2022", "employment_duration": "2 yrs 2 mos", "location": "Greater New York City Area", "title": "Sales Executive"}, {"company_name": "Payplant", "dates_employed": "Sep 2015\u2013Dec 2019", "employment_duration": "4 yrs 4 mos", "location": null, "title": "Business Development Director"}, {"company_name": "P2Binvestor Inc.", "dates_employed": "Jul 2014\u2013Jun 2015", "employment_duration": "1 yr", "location": "Greater New York City Area", "title": "Director of Business Development/Account Executive"}, {"company_name": "P2Binvestor Inc.", "dates_employed": "Mar 2014\u2013Jul 2014", "employment_duration": "5 mos", "location": "Greater New York City Area", "title": "Independent Sales Consultant"}], "education": [{"institution": "Cornell Johnson Graduate School of Management", "degree_details": {"degree_name": "MBA", "field_of_study": "Finance", "dates_attended_or_expected_graduation": "2007 \u2013 2009"}}, {"institution": "University of Pennsylvania", "degree_details": {"degree_name": "BA", "field_of_study": "Political Science", "dates_attended_or_expected_graduation": "1996 \u2013 2000"}}, {"institution": "Deerfield Academy", "degree_details": {"degree_name": "High School Diploma", "field_of_study": "General", "dates_attended_or_expected_graduation": "1994 \u2013 1996"}}], "employee_name": "YhLV7HTwZ32g8vRIGg==*TKQIpDHF/9X/nyTercNMow==*xXr+PmnmGcNKOY9U1BpILg==*9LMTVG8/XtIhDDUNo1StrA=="}, {"experience": [{"company_name": "Kasisto, Inc.", "dates_employed": "Sep 2021\u2013Present", "employment_duration": "9 mos", "location": "New York, New York, United States", "title": "NLP Engineer"}, {"company_name": "Data Science Club @ NYU", "dates_employed": "Jul 2020\u2013Present", "employment_duration": "1 yr 11 mos", "location": "New York, United States", "title": "Founder and President"}, {"company_name": "Kasisto, Inc.", "dates_employed": "May 2021\u2013Sep 2021", "employment_duration": "5 mos", "location": "New York, New York, United States", "title": "Natural Language Platform Intern"}, {"company_name": "IBM", "dates_employed": "Jan 2021\u2013Aug 2021", "employment_duration": "8 mos", "location": "New York, United States", "title": "Research Assistant"}, {"company_name": "Tegger", "dates_employed": "Feb 2021\u2013Jun 2021", "employment_duration": "5 mos", "location": "Atlanta, Georgia, United States", "title": "Data Scientist"}], "education": [{"institution": "New York University", "degree_details": {"degree_name": "B.S Computer Science, B.A. Hons. Psychology", "dates_attended_or_expected_graduation": "2018 \u2013 2021", "field_of_study": null}}, {"institution": "Fergusson College", "degree_details": {"field_of_study": "Physics, Chemistry, Math and Biology (PCMB + French)", "dates_attended_or_expected_graduation": "2016 \u2013 2018", "degree_name": null}}, {"institution": "The Bishop's School, Pune", "degree_details": {"degree_name": "Schooling", "field_of_study": "Science", "dates_attended_or_expected_graduation": "2003 \u2013 2016"}}], "employee_name": "KJHZetr0ANq7tSPBVog=*1JtuWADK8iHog43y3+iqXg==*4eIkfjdWuUodbXtU4Jaq2w==*1pRjbR+hPXTnT8eRL7GdRA=="}, {"experience": [{"company_name": "Kasisto, Inc.", "dates_employed": "Jan 2020\u2013Present", "employment_duration": "2 yrs 5 mos", "location": "Cambridge, England, United Kingdom", "title": "Principal Software Engineer"}, {"company_name": "Kasisto, Inc.", "dates_employed": "Feb 2016\u2013Jan 2020", "employment_duration": "4 yrs", "location": "Greater New York City Area", "title": "VP Engineering"}, {"company_name": "ScribbleLive", "dates_employed": "Apr 2015\u2013Jan 2016", "employment_duration": "10 mos", "location": "Greater New York City Area", "title": "Engineering Director"}, {"company_name": "Appinions.com", "dates_employed": "Oct 2010\u2013Mar 2015", "employment_duration": "4 yrs 6 mos", "location": "New York, NY", "title": "VP of Engineering"}, {"company_name": "Abraxas", "dates_employed": "Nov 2008\u2013Oct 2010", "employment_duration": "2 yrs", "location": null, "title": "Engineer"}], "education": [{"institution": "Georgetown University", "degree_details": {"degree_name": "MS", "field_of_study": "Linguistics", "dates_attended_or_expected_graduation": "2003 \u2013 2006"}}, {"institution": "North Carolina State University", "degree_details": {"degree_name": "BS", "field_of_study": "Computer Science", "dates_attended_or_expected_graduation": "1999 \u2013 2003"}}, {"institution": "NCSSM", "degree_details": {"dates_attended_or_expected_graduation": "1997 \u2013 1999", "degree_name": null, "field_of_study": null}}], "employee_name": "UADqMlis172/QJIt*El6xVkRjMlbYWznLGy7qSg==*fQ2Ugxu/B/IjBnMUnpvbzA==*fHxphvEIhQH91SLtFxE8ZQ=="}, {"experience": [{"company_name": "Kasisto, Inc.", "dates_employed": "Jun 2021\u2013Present", "employment_duration": "1 yr", "location": "Singapore", "title": "Solutions Architect-APAC"}, {"company_name": "IBM", "dates_employed": "Jan 2018\u2013Mar 2021", "employment_duration": "3 yrs 3 mos", "location": "Singapore", "title": "Solutions Architect, Data & AI"}, {"company_name": "IBM", "dates_employed": "Feb 2013\u2013Dec 2017", "employment_duration": "4 yrs 11 mos", "location": "Singapore", "title": "Senior Consultant-Cloud Content Services"}, {"company_name": "I2S Business Solutions", "dates_employed": "Feb 2012\u2013Feb 2013", "employment_duration": "1 yr 1 mo", "location": "Singapore", "title": "Software Engineer"}, {"company_name": "R2K Software India Private Limited", "dates_employed": "Sep 2009\u2013Jan 2012", "employment_duration": "2 yrs 5 mos", "location": "Bangalore", "title": "Software Engineer (Development)"}], "education": [{"institution": "Visvesvaraya Technological University", "degree_details": {"degree_name": "Bachelor of Engineering - BE", "field_of_study": "Computer Science", "dates_attended_or_expected_graduation": "2005 \u2013 2009"}}], "employee_name": "SWzVUpfOWkc=*i18YwYDjyV51DSlWcyiBdA==*KV43udKpe5Ht+bnIJsYevg==*lJeuapW26+Bq4BUwl+IDBw=="}, {"experience": [{"company_name": "Kasisto, Inc.", "dates_employed": "Jan 2020\u2013Present", "employment_duration": "2 yrs 5 mos", "location": "Greater New York City Area", "title": "Marketing Coordinator"}, {"company_name": "Inside International Industrials (IIICorp)", "dates_employed": "Aug 2017\u2013Jan 2020", "employment_duration": "2 yrs 6 mos", "location": "Greater New York City Area", "title": "Marketing Manager"}, {"company_name": "Outsider Art Fair (Wide Open Arts, LLC)", "dates_employed": "Dec 2015\u2013Jan 2020", "employment_duration": "4 yrs 2 mos", "location": "Greater New York City Area", "title": "Manager"}, {"company_name": "PF Global Artists", "dates_employed": "Mar 2016\u2013Oct 2016", "employment_duration": "8 mos", "location": "Greater New York City Area", "title": "Administrative Assistant"}, {"company_name": "Christie's", "dates_employed": "May 2012\u2013Jul 2012", "employment_duration": "3 mos", "location": "Greater New York City Area", "title": "Asian Arts Marketing - Intern"}], "education": [{"institution": "Reed College", "degree_details": {"degree_name": "Bachelor's degree", "field_of_study": "History", "dates_attended_or_expected_graduation": "2009 \u2013 2013"}}], "employee_name": "nJt80INmn3nSpvqX*TplLJf97fwNPKvztMQ4UDw==*ZvnSf04VZRWO3urRYal0tQ==*S7FNkL8F5yjGA02brlt/pg=="}, {"experience": [{"company_name": "Kasisto, Inc.", "dates_employed": "Mar 2022\u2013Present", "employment_duration": "3 mos", "location": "New York, New York, United States", "title": "Senior NLU Engineer"}, {"company_name": "ETS", "dates_employed": "Aug 2019\u2013Mar 2022", "employment_duration": "2 yrs 8 mos", "location": "Princeton, NJ", "title": "Senior Research Engineer"}, {"company_name": "Educational Testing Service (ETS)", "dates_employed": "Feb 2016\u2013Aug 2019", "employment_duration": "3 yrs 7 mos", "location": "Greater New York City Area", "title": "Research Engineer"}, {"company_name": "Educational Testing Service (ETS)", "dates_employed": "Jan 2014\u2013Feb 2016", "employment_duration": "2 yrs 2 mos", "location": "Greater New York City Area", "title": "Associate Research Engineer, NLP"}, {"company_name": "University of Alabama at Birmingham", "dates_employed": "Jan 2011\u2013Dec 2013", "employment_duration": "3 yrs", "location": "Birmingham, Alabama Area", "title": "Graduate Research Assistant"}], "education": [{"institution": "University of Alabama at Birmingham", "degree_details": {"degree_name": "Master's degree", "field_of_study": "Computer and Information Sciences", "dates_attended_or_expected_graduation": "2011 \u2013 2013"}}, {"institution": "Tribhuvan Vishwavidalaya", "degree_details": {"degree_name": "BE", "field_of_study": "Computer", "dates_attended_or_expected_graduation": "2004 \u2013 2007"}}], "employee_name": "yPyfkJxDB+1a4api7A==*xXCA5PbSfHfE0min5Rim6A==*FpEkz0zRZu7whr8IlaOeAw==*rmA1YSDue14DBafc+1jv5A=="}, {"experience": [{"company_name": "Kasisto, Inc.", "dates_employed": "Jan 2022\u2013Present", "employment_duration": "5 mos", "location": null, "title": "Enterprise Account Director"}, {"company_name": "Refinitiv, an LSEG business", "dates_employed": "Aug 2020\u2013Jan 2022", "employment_duration": "1 yr 6 mos", "location": "Allen, Texas, United States", "title": "Vice President of Sales"}, {"company_name": "Accumatch - Property Tax Intelligence", "dates_employed": "Jan 2020\u2013Jul 2020", "employment_duration": "7 mos", "location": "Dallas-Fort Worth Metroplex", "title": "Vice President Sales"}, {"company_name": "Accumatch - Property Tax Intelligence", "dates_employed": "Feb 2019\u2013Jan 2020", "employment_duration": "1 yr", "location": "Dallas/Fort Worth Area", "title": "Sales Executive"}, {"company_name": "CoreLogic", "dates_employed": "Oct 2017\u2013Feb 2019", "employment_duration": "1 yr 5 mos", "location": "Dallas/Fort Worth Area", "title": "Senior Property Data Solutions Consultant"}], "education": [{"institution": "Providence College", "degree_details": {"degree_name": "Bachelor\u2019s Degree", "field_of_study": "Economics, Finance", "dates_attended_or_expected_graduation": "2002 \u2013 2006"}}, {"institution": "Saint Peter's University", "degree_details": {"degree_name": "Master's Degree", "field_of_study": "Accountancy and Risk Management", "dates_attended_or_expected_graduation": "2010 \u2013 2011"}}, {"institution": "Don Bosco Preparatory High School", "degree_details": {"dates_attended_or_expected_graduation": "1998 \u2013 2002", "degree_name": null, "field_of_study": null}}], "employee_name": "/NhnJRCue/zyZcfKtrlK*L9DhA4OY2O2zMd3jl+eZXw==*vn00rKZS9e82Y4atLOCXXA==*0MfK90NLEJCwfIxOe9TQFw=="}, {"experience": [{"company_name": "Kasisto, Inc.", "dates_employed": "Jun 2015\u2013Present", "employment_duration": "7 yrs", "location": "Greater New York City Area", "title": "Principal DevOps Engineer"}, {"company_name": "Goldman Sachs", "dates_employed": "Apr 2000\u2013May 2015", "employment_duration": "15 yrs 2 mos", "location": "Greater New York City Area", "title": "Vice President"}, {"company_name": "nanoPay inc", "dates_employed": "2015\u20132015", "employment_duration": "less than a year", "location": null, "title": "Advisor"}, {"company_name": "Daleen Technologies/Inlogic Software", "dates_employed": "Sep 1999\u2013Apr 2000", "employment_duration": "8 mos", "location": "Toronto, Canada Area", "title": "Team Lead"}, {"company_name": "Mortice Kern Systems (MKS)", "dates_employed": "Aug 1996\u2013Sep 1999", "employment_duration": "3 yrs 2 mos", "location": "Waterloo, Ontario, Canada", "title": "Sr. Developer"}], "education": [{"institution": "Western University", "degree_details": {"degree_name": "HBSc", "field_of_study": "Computer Science", "dates_attended_or_expected_graduation": "1981 \u2013 1985"}}], "employee_name": "GFhXGNaBlkMXqPrEtYg=*zKsFOfK39hDU0v58O8V10w==*C6ZzpdtujNcZceMu2aXHUA==*XE5S2Ap7fnRHV+W9ujer1w=="}, {"experience": [{"company_name": "FinTech Innovation Lab", "dates_employed": "Jan 2012\u2013Present", "employment_duration": "10 yrs 5 mos", "location": "New York and London", "title": "Executive-in-Residence"}, {"company_name": "Accel", "dates_employed": "2013\u2013Present", "employment_duration": "9 yrs", "location": null, "title": "Executive in Residence"}, {"company_name": "Digital Asset Holdings", "dates_employed": "2015\u2013Present", "employment_duration": "7 yrs", "location": null, "title": "Non-Executive Board Director, and Chair, Compensation Committee"}, {"company_name": "OX.DH", "dates_employed": "Dec 2020\u2013Present", "employment_duration": "1 yr 6 mos", "location": "Oxfordshire, United Kingdom", "title": "Chair"}, {"company_name": "ErisX", "dates_employed": "May 2019\u2013Present", "employment_duration": "3 yrs 1 mo", "location": null, "title": "Non Executive Director"}], "education": [{"institution": "Yale University", "degree_details": {"degree_name": "B.Sc.", "field_of_study": "Astronomy and Physics, Yale University", "dates_attended_or_expected_graduation": null}}, {"institution": "The International School Nido de Aguilas", "degree_details": {"dates_attended_or_expected_graduation": null, "degree_name": null, "field_of_study": null}}], "employee_name": "lz9Kv8ecM+SWjHvqge4S*eNNxKxVUJAQdA71KpoqWhw==*hwjObNfCSJtVKQ/ylXZ8Fg==*Xle6+ZRAJUiJDHT6kUhl/w=="}, {"experience": [{"company_name": "Kasisto, Inc.", "dates_employed": "Jan 2018\u2013Present", "employment_duration": "4 yrs 5 mos", "location": "NYC", "title": "Director of Solutions Engineering"}, {"company_name": "Avanade", "dates_employed": "Feb 2010\u2013Jan 2018", "employment_duration": "8 yrs", "location": "New York, New York", "title": "Group Manager, Application Development"}, {"company_name": "Risetime", "dates_employed": "2006\u20132009", "employment_duration": "3 yrs", "location": null, "title": "Consultant"}], "education": [{"institution": "University of Notre Dame", "degree_details": {"degree_name": "Bachelor of Science", "field_of_study": "Computer Science", "dates_attended_or_expected_graduation": null}}], "employee_name": "y23VXTxVADn6UrcJcDimfA==*kk51LaTzOWzFQU1fNGvfcw==*nwDc65tqjFy5z2rMXYnTtQ==*zUBCLIX49N3fMk1RN6tmxw=="}, {"experience": [{"company_name": "Insight Partners", "dates_employed": "Sep 2021\u2013Present", "employment_duration": "9 mos", "location": "New York, New York, United States", "title": "Incoming Onsite Strategy Analyst"}, {"company_name": "Kasisto, Inc.", "dates_employed": "Sep 2021\u2013Present", "employment_duration": "9 mos", "location": "New York, New York, United States", "title": "Knowledge Engineering Term-Time Intern"}, {"company_name": "Western Asset Management", "dates_employed": "Jun 2020\u2013Aug 2020", "employment_duration": "3 mos", "location": "New York, New York, United States", "title": "Investment Portfolio Management Intern"}, {"company_name": "Zuora", "dates_employed": "Jun 2019\u2013Aug 2019", "employment_duration": "3 mos", "location": "San Francisco Bay Area", "title": "Financial Planning and Analysis Intern"}, {"company_name": "Zuora", "dates_employed": "Jun 2018\u2013Aug 2018", "employment_duration": "3 mos", "location": "Greater Boston Area", "title": "Data Analyst Intern"}], "education": [{"institution": "Harvard University", "degree_details": {"degree_name": "Bachelor's degree", "field_of_study": "Applied Mathematics in Economics and Computer Science, Secondary in Music", "dates_attended_or_expected_graduation": "2018 \u2013 2022"}}, {"institution": "Columbia Science Honors Program", "degree_details": {"dates_attended_or_expected_graduation": "2015 \u2013 2018", "degree_name": null, "field_of_study": null}}, {"institution": "Hunter College High School", "degree_details": {"degree_name": "High School Diploma", "dates_attended_or_expected_graduation": "2012 \u2013 2018", "field_of_study": null}}], "employee_name": "VZqxDbq7ezXZqlHi*KLD5n0f8sRUvDQ6vqrphMg==*Az3sNkoK9WD7MvTOBA9Z/A==*Y2JojRIhf1dZRC9kP2E5Jw=="}, {"experience": [{"company_name": "Kasisto, Inc.", "dates_employed": "Feb 2022\u2013Present", "employment_duration": "4 mos", "location": "New York City Metropolitan Area", "title": "Data Analyst"}, {"company_name": "Baruch College", "dates_employed": "Feb 2021\u2013Jan 2022", "employment_duration": "1 yr", "location": "New York City Metropolitan Area", "title": "Graduate Teaching Assistant"}, {"company_name": "Adooq Bioscience LLC", "dates_employed": "Oct 2019\u2013Aug 2020", "employment_duration": "11 mos", "location": "Irvine, California, United States", "title": "Product Specialist"}, {"company_name": "Vernacular English", "dates_employed": "Aug 2019\u2013Oct 2019", "employment_duration": "3 mos", "location": "Irvine, California, United States", "title": "Editor/Entrepreneur"}, {"company_name": "Kunvet", "dates_employed": "Jan 2017\u2013Jun 2019", "employment_duration": "2 yrs 6 mos", "location": "Irvine", "title": "Assistant/Entrepreneur"}], "education": [{"institution": "Baruch College", "degree_details": {"degree_name": "Master of Science - MS", "field_of_study": "Business Analytics-Data Analytics", "dates_attended_or_expected_graduation": "2020 \u2013 2022"}}, {"institution": "UC Irvine", "degree_details": {"degree_name": "Bachelor of Applied Science - BASc", "field_of_study": "Pure Mathematics", "dates_attended_or_expected_graduation": "2015 \u2013 2019"}}, {"institution": "UC Irvine", "degree_details": {"degree_name": "Bachelor of Arts - BA", "field_of_study": "Business/Managerial Economics", "dates_attended_or_expected_graduation": "2015 \u2013 2019"}}], "employee_name": "p+duoH3lga6JBuLi*bZS/cje99eGRk2DadEWFyQ==*lr64wAnxOGf6oTjCLIUgqQ==*cQmCzu51YV71JtmK30+LXQ=="}, {"experience": [{"company_name": "NextGen Venture Partners", "dates_employed": "2019\u2013Present", "employment_duration": "3 yrs", "location": "Greater Boston Area", "title": "Venture Partner"}, {"company_name": "Real Estate Entrepreneur", "dates_employed": "2020\u2013Present", "employment_duration": "2 yrs", "location": "Dubai, United Arab Emirates - Athens, Greece", "title": "Real Estate Investment & Strategy"}, {"company_name": "Yard Ventures", "dates_employed": "2019\u2013Present", "employment_duration": "3 yrs", "location": "Greater Boston Area", "title": "Venture Fellow"}, {"company_name": "Yard Ventures", "dates_employed": "2017\u2013Present", "employment_duration": "5 yrs", "location": "Greater Boston Area", "title": "Founding VC Investor"}, {"company_name": "Alumni Ventures Group", "dates_employed": "2019\u2013Present", "employment_duration": "3 yrs", "location": "Greater Boston Area", "title": "Venture Fellow"}], "education": [{"institution": "Harvard Business School", "degree_details": {"degree_name": "MBA cross-registration, Harvard Business School Alumnus", "field_of_study": "Private Equity Finance, Strategy, Leadership", "dates_attended_or_expected_graduation": null}}, {"institution": "MIT Sloan School of Management", "degree_details": {"degree_name": "Master of Business Administration - MBA", "field_of_study": "Venture Capital, Entrepreneurship, Innovation", "dates_attended_or_expected_graduation": null}}, {"institution": "Harvard Law School", "degree_details": {"degree_name": "M&A: Boardroom Strategies and Deal Tactics", "field_of_study": "cross-registration", "dates_attended_or_expected_graduation": "Media (1)"}}], "employee_name": "Z4UdWEffbqTLgjahECArfT9jBls=*PjFBNibkpBGe7RiD9CF2Bw==*nmshXioD5uyDO5glqFsESw==*do2gIpnIojP4Qht5J2VviQ=="}, {"experience": [{"company_name": "Kasisto", "dates_employed": "Sep 2015\u2013Present", "employment_duration": "6 yrs 9 mos", "location": "Greater New York City Area", "title": "Principal Software Engineer"}, {"company_name": "Phantom of the Opera on Broadway", "dates_employed": "Jul 2018\u2013Present", "employment_duration": "3 yrs 11 mos", "location": "Greater New York City Area", "title": "Copyist & Keyboard Sub"}, {"company_name": "CATS on Broadway", "dates_employed": "May 2016\u2013Dec 2017", "employment_duration": "1 yr 8 mos", "location": "Greater New York City Area", "title": "Assistant Conductor & Keyboard 2"}, {"company_name": "Sunset Boulevard on Broadway", "dates_employed": "Jan 2017\u2013Jun 2017", "employment_duration": "6 mos", "location": "Greater New York City Area", "title": "Music Assistant"}, {"company_name": "Ramp", "dates_employed": "Apr 2013\u2013Sep 2015", "employment_duration": "2 yrs 6 mos", "location": "Greater Boston Area", "title": "Speech Scientist"}], "education": [{"institution": "Harvard University", "degree_details": {"degree_name": "Master of Arts (M.A.)", "field_of_study": "Linguistics", "dates_attended_or_expected_graduation": "2011 \u2013 2012"}}, {"institution": "Harvard University", "degree_details": {"degree_name": "Bachelor of Arts (B.A.)", "field_of_study": "Linguistics", "dates_attended_or_expected_graduation": "2008 \u2013 2012"}}], "employee_name": "X8HH/ZRtcw+yASq88g==*yNE1/k647S2QAVUTWpU6/g==*htM8VST3QnzxSzXY47fGdA==*gtRxU3+gXNSzwTka6/5J/g=="}]