[{"experience": [{"company_name": "XOR Inc.", "dates_employed": "2017\u2013Present", "employment_duration": "5 yrs", "location": "San Francisco Bay Area", "title": "CEO and founder"}, {"company_name": "OpenDataScience", "dates_employed": "Oct 2015\u2013Present", "employment_duration": "6 yrs 8 mos", "location": null, "title": "Admin"}, {"company_name": "KL10CH", "dates_employed": "Feb 2013\u2013Dec 2015", "employment_duration": "2 yrs 11 mos", "location": null, "title": "CEO & Founder"}, {"company_name": "Luxoft", "dates_employed": "2010\u20132015", "employment_duration": "5 yrs", "location": null, "title": "IT Recruitment"}], "education": [{"institution": "Ufa State Aviation Technical University", "degree_details": {"degree_name": "Master's degree", "field_of_study": "Faculty of Computational Mathematics and Cybernetics", "dates_attended_or_expected_graduation": null}}], "employee_name": "8fkxZ3YTi8yveW6GEw==*xeov+Df2j/0hsPHEuQ728w==*hswjmc7ewsALOmtn1OtE3w==*Mr+GhhHx8w3V2KJefIEt1Q=="}, {"experience": [{"company_name": "XOR.ai", "dates_employed": "Oct 2018\u2013Present", "employment_duration": "3 yrs 8 mos", "location": "Austin, Texas Area", "title": "Chairman Of The Board"}, {"company_name": "XOR.ai", "dates_employed": "Aug 2016\u2013Present", "employment_duration": "5 yrs 10 mos", "location": "Austin, Texas Area", "title": "CTO"}, {"company_name": "ELucru Agency", "dates_employed": "Sep 2009\u2013Aug 2016", "employment_duration": "7 yrs", "location": null, "title": "CEO"}, {"company_name": "Sedona Ltd", "dates_employed": "Feb 2011\u2013Jul 2015", "employment_duration": "4 yrs 6 mos", "location": "Moscow, Russian Federation", "title": "CTO"}, {"company_name": "British Embassy", "dates_employed": "Apr 2009\u2013Sep 2009", "employment_duration": "6 mos", "location": "\u0421\u043c\u043e\u043b\u0435\u043d\u0441\u043a\u0430\u044f \u043d\u0430\u0431\u0435\u0440\u0435\u0436\u043d\u0430\u044f 10", "title": "Interpreter"}], "education": [{"institution": "IEF leadership training program", "degree_details": {"field_of_study": "Business Administration and Management, General", "dates_attended_or_expected_graduation": "2003 \u2013 2007", "degree_name": null}}, {"institution": "Bauman Moscow State Technical University", "degree_details": {"dates_attended_or_expected_graduation": "2001 \u2013 2004", "degree_name": null, "field_of_study": null}}, {"institution": "\u0421\u0423\u041d\u0426", "degree_details": {"degree_name": "College Graduate", "field_of_study": "Computer Software Engineering", "dates_attended_or_expected_graduation": "1999 \u2013 2001"}}], "employee_name": "KguJRwRueShVlCnuk0yj*1eG86N9IhZkrdnHuDgdKMA==*lh0FOBZ44X+AlZwv/bLjfA==*wwqaibZYnsJi1eg3zCmrrw=="}, {"experience": [{"company_name": "Deep Knowledge Group", "dates_employed": "Jan 2021\u2013Present", "employment_duration": "1 yr 5 mos", "location": "London, England, United Kingdom", "title": "Head Of Media"}, {"company_name": "Aging Analytics Agency", "dates_employed": "Nov 2019\u2013Present", "employment_duration": "2 yrs 7 mos", "location": "London, England, United Kingdom", "title": "Head Of Department"}, {"company_name": "Deep Pharma Intelligence", "dates_employed": "Dec 2020\u2013Present", "employment_duration": "1 yr 6 mos", "location": "London, England, United Kingdom", "title": "Business Development Manager"}, {"company_name": "Deep Knowledge Analytics", "dates_employed": "Sep 2018\u2013Present", "employment_duration": "3 yrs 9 mos", "location": "London, United Kingdom", "title": "Business Development Manager"}, {"company_name": "XOR", "dates_employed": "Jul 2018\u2013Present", "employment_duration": "3 yrs 11 mos", "location": "San Francisco Bay Area", "title": "Business Development Manager"}], "education": [{"institution": "Oxford Business College", "degree_details": {"degree_name": "Certificate", "field_of_study": "Logistics, Materials, and Supply Chain Management", "dates_attended_or_expected_graduation": "2018 \u2013 2019"}}, {"institution": "Millennium Academy UK", "degree_details": {"degree_name": "NCFE", "field_of_study": "Business Administration and Management, General", "dates_attended_or_expected_graduation": "2017 \u2013 2018"}}], "employee_name": "nrtZt5WiEuk=*C5mMJYFfIPsTdx04Dpdh0g==*BVv296J5PSXLN4+owMo8qQ==*+pIfy27E72W7tXDZrVUKtw=="}, {"experience": [{"company_name": "XOR", "dates_employed": "Mar 2022\u2013Present", "employment_duration": "3 mos", "location": "San Jose, California, United States", "title": "Head Of Operations"}, {"company_name": "XOR", "dates_employed": "Jun 2021\u2013Mar 2022", "employment_duration": "10 mos", "location": "San Francisco Bay Area", "title": "Customer Success Manager"}, {"company_name": "DevelopmentAid", "dates_employed": "Sep 2018\u2013Jun 2021", "employment_duration": "2 yrs 10 mos", "location": null, "title": "Quality Management Consultant"}, {"company_name": "electrotehnoimport", "dates_employed": "Jul 2017\u2013Jun 2018", "employment_duration": "1 yr", "location": "Chisinau, Moldova", "title": "Assistant Warehouse Manager"}], "education": [{"institution": "Universitatea de Stat din Moldova", "degree_details": {"degree_name": "Bachelor's degree", "field_of_study": "English and German languages, Translation and Interpreting", "dates_attended_or_expected_graduation": "2017 \u2013 2020"}}], "employee_name": "/cz3h3tUj5wI9Qj/MKA=*PhWXgaxHasOCqVOGgm68hg==*4uNGI58E1wDiZAZ29JojrQ==*1iyWJd99agWhs3NpEcZSCw=="}, {"experience": [{"company_name": "XOR", "dates_employed": "Mar 2022\u2013Present", "employment_duration": "3 mos", "location": "\u0421\u043e\u0435\u0434\u0438\u043d\u0435\u043d\u043d\u044b\u0435 \u0428\u0442\u0430\u0442\u044b \u0410\u043c\u0435\u0440\u0438\u043a\u0438", "title": "Vice President of Marketing"}, {"company_name": "XOR \u0420\u043e\u0441\u0441\u0438\u044f", "dates_employed": "Nov 2020\u2013Mar 2022", "employment_duration": "1 yr 5 mos", "location": null, "title": "\u0414\u0438\u0440\u0435\u043a\u0442\u043e\u0440 \u043f\u043e \u043c\u0430\u0440\u043a\u0435\u0442\u0438\u043d\u0433\u0443"}, {"company_name": "\u0412\u0418\u0417\u0410\u0412\u0418 \u041a\u043e\u043d\u0441\u0430\u043b\u0442", "dates_employed": "Oct 2017\u2013Nov 2020", "employment_duration": "3 yrs 2 mos", "location": "\u041c\u043e\u0441\u043a\u0432\u0430, \u0420\u043e\u0441\u0441\u0438\u044f", "title": "\u0414\u0438\u0440\u0435\u043a\u0442\u043e\u0440 \u043f\u043e \u043c\u0430\u0440\u043a\u0435\u0442\u0438\u043d\u0433\u0443"}, {"company_name": "\u0414\u0435\u043b\u044c\u0442\u0430 \u0424\u0438\u043d\u0430\u043d\u0441", "dates_employed": "Oct 2016\u2013Oct 2017", "employment_duration": "1 yr 1 mo", "location": "\u041c\u043e\u0441\u043a\u0432\u0430, \u0420\u043e\u0441\u0441\u0438\u044f", "title": "\u0414\u0438\u0440\u0435\u043a\u0442\u043e\u0440 \u043f\u043e \u0440\u0430\u0437\u0432\u0438\u0442\u0438\u044e \u0431\u0438\u0437\u043d\u0435\u0441\u0430"}, {"company_name": "\u0413\u0440\u0430\u0432\u0438\u0442\u0435\u043b", "dates_employed": "2015\u20132016", "employment_duration": "1 yr", "location": null, "title": "\u041c\u0430\u0440\u043a\u0435\u0442\u0438\u043d\u0433"}], "education": [{"institution": "Lomonosov Moscow State University (MSU)", "degree_details": {"field_of_study": "\u0424\u0438\u043b\u043e\u043b\u043e\u0433\u0438\u044f", "dates_attended_or_expected_graduation": "2008 \u2013 2014", "degree_name": null}}], "employee_name": "6MOxmeQmw/GYGiHLs2BA*ljpnV1zDdBKIbWJlJLZ+1Q==*+tWoDk7pkiZFv5zNDt40dw==*UoFCC2V2i3J8u0RFQCs8Xw=="}, {"experience": [{"company_name": "XOR", "dates_employed": "Jul 2020\u2013Present", "employment_duration": "1 yr 11 mos", "location": "Chi\u0219in\u0103u, Moldova", "title": "Head Of Development"}, {"company_name": "XOR", "dates_employed": "Feb 2020\u2013Jul 2020", "employment_duration": "6 mos", "location": "Chisinau, Moldova", "title": "Lead Project Manager"}, {"company_name": "Top Notch SRL", "dates_employed": "Feb 2017\u2013May 2020", "employment_duration": "3 yrs 4 mos", "location": "Chisinau, Moldova", "title": "Project Manager"}, {"company_name": "ITproLab SRL", "dates_employed": "Jan 2005\u2013May 2020", "employment_duration": "15 yrs 5 mos", "location": null, "title": "Co-Founder, Software Architect"}, {"company_name": "Cebos", "dates_employed": "Jun 2011\u2013Feb 2020", "employment_duration": "8 yrs 9 mos", "location": null, "title": ".NET Developer"}], "education": [{"institution": "Institutul de Formare Continua", "degree_details": {"degree_name": "IT Engineer", "field_of_study": "Software Development", "dates_attended_or_expected_graduation": null}}], "employee_name": "IHV/Ti10RSaXi6PX18LNgKu1Ag==*65bdSoe9PO3zRGXgtSNjJg==*sNpa8Na9yw4YNR0bkg0bHg==*FVAlvhUHriK4OU9R6d7nHA=="}, {"experience": [{"company_name": "XOR", "dates_employed": "Feb 2022\u2013Present", "employment_duration": "4 mos", "location": "\u0421\u0430\u043d-\u0424\u0440\u0430\u043d\u0446\u0438\u0441\u043a\u043e, \u041a\u0430\u043b\u0438\u0444\u043e\u0440\u043d\u0438\u044f, \u0421\u043e\u0435\u0434\u0438\u043d\u0435\u043d\u043d\u044b\u0435 \u0428\u0442\u0430\u0442\u044b \u0410\u043c\u0435\u0440\u0438\u043a\u0438", "title": "Account Executive"}, {"company_name": "XOR", "dates_employed": "Aug 2020\u2013Jan 2022", "employment_duration": "1 yr 6 mos", "location": null, "title": "Business Development Account Manager"}, {"company_name": "XOR", "dates_employed": "Sep 2019\u2013Aug 2020", "employment_duration": "1 yr", "location": null, "title": "Enterprise Account Manager"}, {"company_name": "Mimi Gushi", "dates_employed": "Nov 2017\u2013May 2019", "employment_duration": "1 yr 7 mos", "location": null, "title": "Deputy CEO"}, {"company_name": "EuroNicInvest", "dates_employed": "Apr 2010\u2013Feb 2019", "employment_duration": "8 yrs 11 mos", "location": null, "title": "CEO"}], "education": [{"institution": "Asem", "degree_details": {"degree_name": "Master's degree", "field_of_study": "Economy", "dates_attended_or_expected_graduation": "2003 \u2013 2008"}}], "employee_name": "rFJOaTfJcIJTQJztYfQ=*HYNfZCJynWAEHFMEL41rng==*9wz47I7AOehYp9VwtYeY4Q==*YS8kTKLBYs8vmORiru10+Q=="}, {"experience": [{"company_name": "XOR", "dates_employed": "Jan 2022\u2013Present", "employment_duration": "5 mos", "location": "San Francisco, California, United States", "title": "Account Executive"}, {"company_name": "XOR.ai", "dates_employed": "Nov 2018\u2013Dec 2021", "employment_duration": "3 yrs 2 mos", "location": "San Francisco Bay Area", "title": "Customer Success Manager"}, {"company_name": "Luxury Air Travel", "dates_employed": "Mar 2018\u2013Oct 2018", "employment_duration": "8 mos", "location": "Greater Seattle Area", "title": "Sales Representative"}, {"company_name": "International Travel Network", "dates_employed": "Jan 2017\u2013Jan 2018", "employment_duration": "1 yr 1 mo", "location": "San Francisco Bay Area", "title": "Travel Expert"}], "education": [{"institution": "Free International University of Moldova", "degree_details": {"field_of_study": "International Relations and Affairs", "dates_attended_or_expected_graduation": null, "degree_name": null}}], "employee_name": "30Qgt0LEXaO3Mrgb31g=*7ovF3BNYH/522XMQ6+NJlQ==*unvk7dhUqBlE0xE8YQvL4A==*qaeyYFwPpwpobR/W+E/NMg=="}, {"experience": [{"company_name": "XOR", "dates_employed": "Feb 2022\u2013Present", "employment_duration": "4 mos", "location": "\u0421\u043e\u0435\u0434\u0438\u043d\u0435\u043d\u043d\u044b\u0435 \u0428\u0442\u0430\u0442\u044b \u0410\u043c\u0435\u0440\u0438\u043a\u0438", "title": "VP of Sales"}, {"company_name": "XOR", "dates_employed": "Nov 2019\u2013Jan 2022", "employment_duration": "2 yrs 3 mos", "location": "Moscow, Russian Federation", "title": "Regional DIrector (Russia and CIS)"}, {"company_name": "Proaction.pro", "dates_employed": "Apr 2018\u2013Nov 2019", "employment_duration": "1 yr 8 mos", "location": "Moscow, Russian Federation", "title": "Business Development Director and Key Account Executive"}, {"company_name": "Private Practice", "dates_employed": "Mar 2017\u2013Mar 2019", "employment_duration": "2 yrs 1 mo", "location": "Moscow, Russian Federation", "title": "Business Strategy Consultant"}, {"company_name": "Gazprombank", "dates_employed": "Jan 2008\u2013Sep 2016", "employment_duration": "8 yrs 9 mos", "location": "\u0420\u043e\u0441\u0441\u0438\u044f", "title": "Deputy Head of Department, Private Banking"}], "education": [{"institution": "Otto-von-Guericke University Magdeburg", "degree_details": {"degree_name": "B.Sc. in Management", "field_of_study": "Management", "dates_attended_or_expected_graduation": "2000 \u2013 2004"}}, {"institution": "Turkmen State University of World Languages", "degree_details": {"degree_name": "Diploma", "field_of_study": "English Language", "dates_attended_or_expected_graduation": "1994 \u2013 1998"}}], "employee_name": "5qBWmYfC73+KLuwTuQ==*kxSw6ZvKaH+8w6pITFYkkg==*zDogmbZqvMDMdG8dwluBBA==*icW8HIAbNUJL/WeRWeInIA=="}, {"experience": [{"company_name": "XOR", "dates_employed": "Jun 2019\u2013Present", "employment_duration": "3 yrs", "location": "\u041a\u0438\u0448\u0438\u043d\u0451\u0432, \u041c\u043e\u043b\u0434\u0430\u0432\u0438\u044f", "title": "IT recruiter / IT HR"}, {"company_name": "Altran", "dates_employed": "Jun 2017\u2013May 2018", "employment_duration": "1 yr", "location": "\u041c\u043e\u043b\u0434\u0430\u0432\u0438\u044f", "title": "Testing the autopilot in the car"}, {"company_name": "Acvilin Group", "dates_employed": "Jun 2015\u2013Jun 2017", "employment_duration": "2 yrs 1 mo", "location": "\u041c\u043e\u043b\u0434\u0430\u0432\u0438\u044f", "title": "Senior marketing manager"}, {"company_name": "Contabilizare", "dates_employed": "Feb 2013\u2013May 2015", "employment_duration": "2 yrs 4 mos", "location": "\u041a\u0438\u0448\u0438\u043d\u0451\u0432, \u041c\u043e\u043b\u0434\u0430\u0432\u0438\u044f", "title": "Digital Marketing-Manager"}], "education": [{"institution": "Universitatea de Stat din Moldova", "degree_details": {"degree_name": "Master's degree", "field_of_study": "Marketing and managment", "dates_attended_or_expected_graduation": "2015 \u2013 2017"}}, {"institution": "Universitatea de Stat din Moldova", "degree_details": {"degree_name": "Bachelor's degree", "field_of_study": "Marketing and logistics", "dates_attended_or_expected_graduation": "2012 \u2013 2015"}}], "employee_name": "XHWsKD9qgvFLKtuIdaahciQ=*i5ledFAYfG0tgTZrYYOACQ==*F/fgBXsIw+k5RQeAl0A5FA==*uMYWDhd5yEouGqa1OU08bQ=="}, {"experience": [{"company_name": "XOR Limited", "dates_employed": "Feb 2022\u2013Present", "employment_duration": "4 mos", "location": "Leeds, England, United Kingdom", "title": "Director"}, {"company_name": "XOR Limited", "dates_employed": "Mar 2022\u2013Mar 2022", "employment_duration": "1 mo", "location": "Leeds, England, United Kingdom", "title": "Software Engineer"}, {"company_name": "HSBC", "dates_employed": "Apr 2019\u2013Mar 2022", "employment_duration": "3 yrs", "location": null, "title": "Software Engineer"}, {"company_name": "Self-employed", "dates_employed": "Oct 2017\u2013Mar 2022", "employment_duration": "4 yrs 6 mos", "location": null, "title": "Digital Designer"}, {"company_name": "FDM Group", "dates_employed": "2017\u2013Mar 2022", "employment_duration": "5 yrs", "location": "Leeds, United Kingdom", "title": "IT Consultant"}], "education": [{"institution": "Newcastle University", "degree_details": {"degree_name": "Medical sciences MSc", "field_of_study": "Medical Clinical Sciences/Graduate Medical Studies", "dates_attended_or_expected_graduation": "2016 \u2013 2017"}}, {"institution": "Northumbria University", "degree_details": {"degree_name": "Biomedical Scineces", "field_of_study": "Biomedical Sciences, General", "dates_attended_or_expected_graduation": "2012 \u2013 2016"}}], "employee_name": "CzMs6iswW+taqPKmN1vd*iI4vHaZgotlo0u/2YSNgCw==*ABxVEHPeLiLF+cs3PLC66w==*2fxexe/KFjk6jlNxNTS8LA=="}, {"experience": [{"company_name": "XOR", "dates_employed": "Jan 2022\u2013Present", "employment_duration": "5 mos", "location": "San Francisco, California, United States", "title": "Account Executive"}, {"company_name": "XOR.ai", "dates_employed": "2019\u2013Dec 2021", "employment_duration": "2 yrs", "location": "San Francisco Bay Area", "title": "Customer Success Expert"}, {"company_name": "International Travel Network", "dates_employed": "Mar 2018\u20132019", "employment_duration": "1 yr", "location": null, "title": "Customer Service"}, {"company_name": "Blinoff", "dates_employed": "Oct 2015\u2013Dec 2017", "employment_duration": "2 yrs 3 mos", "location": null, "title": "QA Manager"}], "education": [{"institution": "Universitatea Tehnic\u0103 a Moldovei", "degree_details": {"dates_attended_or_expected_graduation": "2016 \u2013 2020", "degree_name": null, "field_of_study": null}}, {"institution": "Colegiul Politehnic din Chisinau", "degree_details": {"field_of_study": "Inginer Metrolog", "dates_attended_or_expected_graduation": "2011 \u2013 2016", "degree_name": null}}, {"institution": "Liceul Teoretic \"Spiru Haret\"", "degree_details": {"dates_attended_or_expected_graduation": "2007 \u2013 2011", "degree_name": null, "field_of_study": null}}], "employee_name": "0jIVC/o/X2/IF1o=*WtQkhARX5aOLorRD0Jz6fg==*xhzLDmf8sdDA/rfAbdDYMw==*Eu1+FvTJIjiZ1SVkp/zWRA=="}, {"experience": [{"company_name": "XOR", "dates_employed": "Sep 2020\u2013Present", "employment_duration": "1 yr 9 mos", "location": null, "title": "Customer Success Manager"}, {"company_name": "International Travel Network", "dates_employed": "Oct 2019\u2013Aug 2020", "employment_duration": "11 mos", "location": null, "title": "Customer Support Agent"}], "education": [{"institution": "Universitatea Tehnic\u0103 a Moldovei", "degree_details": {"degree_name": "Bachelor of Engineering - BE", "field_of_study": "Automation Engineer Technology/Technician", "dates_attended_or_expected_graduation": "2016 \u2013 2020"}}], "employee_name": "5I2cLq6+8r8dT3bLhv/SYxH76w==*m2iBG6Z/oV/5qxPtE0mCRA==*IUa1ZDHDm06ClKnldylJ/g==*cMzeXNqUXq44ZWXrM/CgSQ=="}, {"experience": [{"company_name": "XOR.ai", "dates_employed": "2019\u2013Present", "employment_duration": "3 yrs", "location": "San Francisco, California, United States", "title": "Account Executive"}, {"company_name": "International Travel Network", "dates_employed": "2017\u20132019", "employment_duration": "2 yrs", "location": "Chisinau, Moldova", "title": "Customer Support Specialist"}], "education": [{"institution": "Universitatea Tehnic\u0103 a Moldovei", "degree_details": {"degree_name": "Licentiate degree", "field_of_study": "Microelectronics and Nanotechnology", "dates_attended_or_expected_graduation": "2015 \u2013 2019"}}], "employee_name": "tj2o/G0+QXW3YRQ=*d4pmvirnclBjnegng1a2Bg==*pxiggTwynkE6iMWEt8XlNQ==*X9JVoyuMeZDGzxcgP0znCA=="}, {"experience": [{"company_name": "XOR", "dates_employed": "Aug 2020\u2013Present", "employment_duration": "1 yr 10 mos", "location": "Chi\u0219in\u0103u, Moldova", "title": "Customer Success Manager"}, {"company_name": "Israel Cultural Center", "dates_employed": "Mar 2017\u2013Aug 2020", "employment_duration": "3 yrs 6 mos", "location": "Chi\u0219in\u0103u, Moldova", "title": "Head of the youth department at Nativ - Israeli Cultural Center in Chisinau"}, {"company_name": "Jewish Cultural Center KEDEM", "dates_employed": "Jan 2016\u2013Feb 2017", "employment_duration": "1 yr 2 mos", "location": "Chi\u0219in\u0103u, Moldova", "title": "Project Manager"}, {"company_name": "Israel Cultural Center", "dates_employed": "Nov 2014\u2013Jan 2016", "employment_duration": "1 yr 3 mos", "location": "Chi\u0219in\u0103u, Moldova", "title": "Youth Program Manager"}], "education": [{"institution": "International Management Institute", "degree_details": {"degree_name": "Bachelor's degree", "field_of_study": "Marketing and Logistics", "dates_attended_or_expected_graduation": "2017 \u2013 2020"}}], "employee_name": "9oNsul8co9R1AuM+FN4=*4fXGrR8OJ9bJ2EBpjbzWug==*By6tLPbfE8lkH0T8KXbjRA==*2Jzbxg37AXyJBM0M5SdZkg=="}, {"experience": [{"company_name": "Hahn Softwareentwicklung GmbH", "dates_employed": "Apr 2022\u2013Present", "employment_duration": "2 mos", "location": "Remote", "title": "Senior .NET Developer"}, {"company_name": "XOR", "dates_employed": "Jun 2019\u2013Present", "employment_duration": "3 yrs", "location": "Remote", "title": "Senior Fullstack C# .NET Developer"}, {"company_name": "CN Logistik Spedition", "dates_employed": "Jul 2016\u2013May 2019", "employment_duration": "2 yrs 11 mos", "location": "Wien", "title": "Senior Azure Fullstack .NET Developer"}, {"company_name": "Admiral Sportwetten GmbH", "dates_employed": "Jan 2014\u2013Jun 2016", "employment_duration": "2 yrs 6 mos", "location": "Gumpoldskichen", "title": "Senior Software Developer"}, {"company_name": "Heitec Systemtechnik Gmbh", "dates_employed": "May 2012\u2013Dec 2013", "employment_duration": "1 yr 8 mos", "location": "Wien", "title": "Senior Software Developer"}], "education": [{"institution": "HTL Wien 10", "degree_details": {"degree_name": "Engineer", "field_of_study": "Electrical and Electronics Engineering", "dates_attended_or_expected_graduation": "1989 \u2013 1994"}}], "employee_name": "1Y04O9cjfBa4O1ZnWQ==*D9vF0kN5mr6GgG6DzkQhRA==*Je3ZniUeU9VCzDDgEnB+ZA==*SP6dPnqtXh6SlUeUr/LgZg=="}, {"experience": [{"company_name": "XOR", "dates_employed": "Oct 2021\u2013Present", "employment_duration": "8 mos", "location": "\u0421\u043e\u0435\u0434\u0438\u043d\u0435\u043d\u043d\u044b\u0435 \u0428\u0442\u0430\u0442\u044b \u0410\u043c\u0435\u0440\u0438\u043a\u0438", "title": "Implementation manager"}, {"company_name": "XOR", "dates_employed": "Apr 2021\u2013Sep 2021", "employment_duration": "6 mos", "location": null, "title": "Manager of Customer Success"}, {"company_name": "The Jewish Agency for Israel", "dates_employed": "Jul 2015\u2013Apr 2021", "employment_duration": "5 yrs 10 mos", "location": "\u041c\u043e\u043b\u0434\u0430\u0432\u0438\u044f", "title": "Project manager"}], "education": [{"institution": "Universitatea Tehnic\u0103 a Moldovei", "degree_details": {"degree_name": "Bachelor's degree", "field_of_study": "Tehnology and management in public alimentation", "dates_attended_or_expected_graduation": "2017 \u2013 2021"}}], "employee_name": "rZQ/UBNlAAxi1m7OxQ==*yrnYcfvYO4jViT9ldLqwrA==*B7Dq1rB1d+rTkB4S4N28GQ==*324mVfVvKUifwhakVqorrA=="}, {"experience": [{"company_name": "XOR", "dates_employed": "May 2021\u2013Present", "employment_duration": "1 yr 1 mo", "location": "Chi\u0219in\u0103u, Moldova", "title": "Implementation Manager"}, {"company_name": "XOR", "dates_employed": "Aug 2020\u2013May 2021", "employment_duration": "10 mos", "location": "Chi\u0219in\u0103u, Moldova", "title": "Customer Success Manager"}, {"company_name": "Northspeech", "dates_employed": "Feb 2020\u2013Aug 2020", "employment_duration": "7 mos", "location": "Chi\u0219in\u0103u, Moldova", "title": "Account Executive"}, {"company_name": "International Travel Network", "dates_employed": "May 2019\u2013Feb 2020", "employment_duration": "10 mos", "location": "Chi\u0219in\u0103u, Moldova", "title": "Sales Agent"}, {"company_name": "Freelance", "dates_employed": "Sep 2016\u2013May 2019", "employment_duration": "2 yrs 9 mos", "location": "St Petersburg, St Petersburg City, Russia", "title": "English Second Language Tutor"}], "education": [{"institution": "Saint Petersburg State University", "degree_details": {"degree_name": "Bachelor's degree", "field_of_study": "Linguistics", "dates_attended_or_expected_graduation": "2015 \u2013 2019"}}], "employee_name": "g4sH4+WUV8NFqg==*hrT4garhs4yOGSPo8d7RuA==*WshONEy8oU+kQUVkSSe1OA==*VBOp6avCtbwWHzuUvOBBug=="}, {"experience": [{"company_name": "XOR", "dates_employed": "May 2020\u2013Apr 2022", "employment_duration": "2 yrs", "location": "Moldova, Chi\u015fin\u0103u (office)", "title": "Lead Product Designer at XOR.AI"}, {"company_name": "Webcraft - Logwork", "dates_employed": "Sep 2018\u2013May 2020", "employment_duration": "1 yr 9 mos", "location": "Moldova, Chi\u015fin\u0103u (office)", "title": "Product UI/UX designer"}, {"company_name": "http://hipinspire.com/", "dates_employed": "May 2017\u2013Sep 2018", "employment_duration": "1 yr 5 mos", "location": "USA (Part time freelance)", "title": "Art Director"}, {"company_name": "Ofarm", "dates_employed": "Jun 2018\u2013Aug 2018", "employment_duration": "3 mos", "location": "Moldova, Chisinau (Office)", "title": "UI/UX/Web designer"}, {"company_name": "Endorphin web agency", "dates_employed": "Nov 2015\u2013Mar 2016", "employment_duration": "5 mos", "location": "Moscow, Russia (Full time remote)", "title": "UI/UX/Web designer"}], "education": [{"institution": "Immi-nova", "degree_details": {"degree_name": "Bachelors", "field_of_study": "Business and administration", "dates_attended_or_expected_graduation": "2013 \u2013 2016"}}], "employee_name": "/igJ6D6vfpG2/Vii*+RfW57H+A/JnEE3rrk6R8Q==*oUp3rZDtt1yl3lrZB0Bw4A==*4cdAMMH5yqWVYYcfZaHF3w=="}, {"experience": [{"company_name": "XOR.ai", "dates_employed": "Jun 2019\u2013Present", "employment_duration": "3 yrs", "location": "Austin, Texas Area", "title": "Head Of QA"}, {"company_name": "XOR.ai", "dates_employed": "Feb 2018\u2013Present", "employment_duration": "4 yrs 4 mos", "location": null, "title": "QA Specialist"}], "education": [{"institution": "Universitatea de Stat din Moldova", "degree_details": {"field_of_study": "Informatics", "dates_attended_or_expected_graduation": "2016 \u2013 2019", "degree_name": null}}], "employee_name": "0WTAaJHldRgpRIi5RbHyGEA=*LIHssQRxt6hEaNqMRC1JwA==*+WGU3g/EQguoQSgf50gB9Q==*TLvGjGWMhUpx1+kSGsmBoQ=="}, {"experience": [{"company_name": "XOR", "dates_employed": "May 2020\u2013Present", "employment_duration": "2 yrs 1 mo", "location": "\u041c\u043e\u043b\u0434\u0430\u0432\u0438\u044f", "title": "Senior Software Developer"}, {"company_name": "ByteCubed Labs", "dates_employed": "May 2019\u2013Feb 2020", "employment_duration": "10 mos", "location": null, "title": "Senior Software Development Engineer"}, {"company_name": "TopNoch", "dates_employed": "Dec 2017\u2013Apr 2019", "employment_duration": "1 yr 5 mos", "location": "Chisinau, Moldova", "title": "Senior Software Development Engineer"}, {"company_name": "ITProlab", "dates_employed": "Mar 2014\u2013Dec 2017", "employment_duration": "3 yrs 10 mos", "location": "Chisinau, Moldova", "title": ".NET Developer"}, {"company_name": "ADD GRUP", "dates_employed": "Jul 2008\u2013Feb 2014", "employment_duration": "5 yrs 8 mos", "location": "Chisinau, Moldova", "title": "Software Developer"}], "education": [{"institution": "Moldova State University, Chisinau, Republic of Moldova", "degree_details": {"degree_name": "Master\u2019s Degree", "field_of_study": "Network Technologies", "dates_attended_or_expected_graduation": "2008 \u2013 2010"}}, {"institution": "Moldova State University, Chisinau, Republic of Moldova", "degree_details": {"degree_name": "Bachelor\u2019s Degree", "field_of_study": "Computer Science and Information Management/Technology", "dates_attended_or_expected_graduation": "2004 \u2013 2008"}}, {"institution": "Liviu Rebreanu High School, Chisinau, Republic of Moldova", "degree_details": {"degree_name": "High School", "dates_attended_or_expected_graduation": "1993 \u2013 2004", "field_of_study": null}}], "employee_name": "Qq6taA/XBSHIROw=*titNzYe6rstcPHa2iwuCnQ==*wGnWDsUNIZBHf6Zw+OQxYw==*ddYknjwkACJlQ5T8NsFbCg=="}, {"experience": [{"company_name": "ADP", "dates_employed": "Aug 2021\u2013Present", "employment_duration": "10 mos", "location": "Hyderabad, Telangana, India", "title": "Member Technical"}, {"company_name": "XOR", "dates_employed": "May 2021\u2013Present", "employment_duration": "1 yr 1 mo", "location": null, "title": "Co-Founder"}, {"company_name": "Speakers Of Hyderabad", "dates_employed": "Oct 2019\u2013Apr 2020", "employment_duration": "7 mos", "location": "India", "title": "Sales And Marketing Specialist"}, {"company_name": "Path Creators - India", "dates_employed": "Jun 2019\u2013Jul 2019", "employment_duration": "2 mos", "location": "Hyderabad, Telangana, India", "title": "Internship Trainee"}, {"company_name": "Reverie India- Fashion Magazine", "dates_employed": "Apr 2019\u2013Apr 2019", "employment_duration": "1 mo", "location": "India", "title": "Fashion Model"}], "education": [{"institution": "Malla Reddy Engineering College", "degree_details": {"degree_name": "Bachelor's degree", "field_of_study": "Electrical, Electronics and Communications Engineering", "dates_attended_or_expected_graduation": "2017 \u2013 2021"}}, {"institution": "Gitanjali Group of Schools", "degree_details": {"dates_attended_or_expected_graduation": null, "degree_name": null, "field_of_study": null}}], "employee_name": "gOSI+NYEVW0VOdFAS+sDqQ==*5g9P0MC6SBNm2mtxSPS4SA==*RbDry85zzvEyYXnE0MNkzw==*RuaI0aVcD9zGJrGLFjZn6Q=="}, {"experience": [{"company_name": "XOR", "dates_employed": "Jan 2021\u2013Present", "employment_duration": "1 yr 5 mos", "location": null, "title": "PIA guy"}, {"company_name": "Openreach", "dates_employed": "Jan 2013\u2013Nov 2019", "employment_duration": "6 yrs 11 mos", "location": "Bristol, United Kingdom", "title": "Senior Fibre Delivery"}, {"company_name": "BT Wholesale - Openreach", "dates_employed": "Jun 2006\u2013Jan 2013", "employment_duration": "6 yrs 8 mos", "location": "SW", "title": "Operations Manager"}, {"company_name": "BT Wholesale", "dates_employed": "Jan 2003\u2013Jul 2006", "employment_duration": "3 yrs 7 mos", "location": "SW", "title": "Operations Manager"}, {"company_name": "BT", "dates_employed": "Jan 1999\u2013Jun 2003", "employment_duration": "4 yrs 6 mos", "location": "South England", "title": "Field Project Engineer"}], "education": [{"institution": "Huish Grammar", "degree_details": {"dates_attended_or_expected_graduation": null, "degree_name": null, "field_of_study": null}}], "employee_name": "TH/dBUayg7ntuGE=*UUMDQno+6/wrUeTWuV0W6Q==*Sf5i+ItusyzFh7IuRP5L/w==*dmjsi6Vqh7JgApzTEaTsRg=="}, {"experience": [{"company_name": "XOR", "dates_employed": "Apr 2020\u2013Present", "employment_duration": "2 yrs 2 mos", "location": "United States", "title": "Account Executive"}, {"company_name": "Livemaster.ru/Livemaster.com", "dates_employed": "Dec 2019\u2013Present", "employment_duration": "2 yrs 6 mos", "location": "\u041c\u043e\u0441\u043a\u0432\u0430, \u0420\u043e\u0441\u0441\u0438\u044f", "title": "Project Manager (middle)"}, {"company_name": "DKA", "dates_employed": "Mar 2019\u2013Mar 2020", "employment_duration": "1 yr 1 mo", "location": null, "title": "Manager"}, {"company_name": "Bosch Diesel Service", "dates_employed": "Aug 2017\u2013Nov 2019", "employment_duration": "2 yrs 4 mos", "location": "Smolensk, Smolensk, Russia", "title": "Sales Manager"}], "education": [{"institution": "Moscow Power Engineering Institute (Technical University)", "degree_details": {"degree_name": "Master's degree", "field_of_study": "Nanotechnology", "dates_attended_or_expected_graduation": "2013 \u2013 2019"}}, {"institution": "Moscow Power Engineering Institute (Technical University)", "degree_details": {"degree_name": "Bachelor's degree", "field_of_study": "Human Resources Management/Personnel Administration, General", "dates_attended_or_expected_graduation": "2013 \u2013 2015"}}], "employee_name": "9U9LlojtjPXqyik=*YYL73rVEJnRecI/Eh0cSrQ==*Cc7MsuySFjuOW5MHJiSlVw==*SjkjTl9Sp4wQIGaTv6y/yw=="}, {"experience": [{"company_name": "XOR", "dates_employed": "Feb 2019\u2013Present", "employment_duration": "3 yrs 4 mos", "location": null, "title": "Account Executive"}, {"company_name": "Wildberries", "dates_employed": "2014\u20132019", "employment_duration": "5 yrs", "location": null, "title": "Customer Care Manager"}], "education": [{"institution": "Universitatea de Stat din Moldova", "degree_details": {"degree_name": "Bachelor's degree", "field_of_study": "Hotel/Motel Administration/Managemen", "dates_attended_or_expected_graduation": "2009 \u2013 2014"}}], "employee_name": "xh8PDH7A3D/jJZ/Ubw==*Zt7NtSGGO/WPt5WD3vC0zw==*Gk3/yGlWNTxu7yMRY3SEeQ==*LLjxZ6sa1E+tAPxxo8NFMQ=="}, {"experience": [{"company_name": "XOR", "dates_employed": "Mar 2019\u2013Present", "employment_duration": "3 yrs 3 mos", "location": "United States", "title": "Account Executive"}, {"company_name": "Oracle", "dates_employed": "Mar 2016\u2013Oct 2018", "employment_duration": "2 yrs 8 mos", "location": "London, England, United Kingdom", "title": "Project Assistant"}], "education": [{"institution": "Anglia Ruskin University", "degree_details": {"degree_name": "Bachelor's degree", "field_of_study": "International Business", "dates_attended_or_expected_graduation": "2013 \u2013 2017"}}, {"institution": "\"Alexandru Ioan Cuza\" Theoretical High School Bucharest", "degree_details": {"degree_name": "High School Diploma", "dates_attended_or_expected_graduation": "2009 \u2013 2013", "field_of_study": null}}], "employee_name": "T+mJ9fctQEUb8Kk=*xnueaVkMxJiP5sRzELbUOw==*G2vYbcTpaeyCGEVTH25nyA==*4ulDUesUAAVEBuNREnzD9Q=="}, {"experience": [{"company_name": "XOR", "dates_employed": null, "employment_duration": null, "location": null, "title": "Account executive"}], "education": null, "employee_name": "m1cho6BbZz8p8cY=*VFNMb+JY6GFUfm3VgN1exg==*mjKlIa2mMQgUDn1bOEJQjg==*L5STS5kqzXA5blTC4Qjj7w=="}, {"experience": [{"company_name": "XOR", "dates_employed": "Jul 2019\u2013Present", "employment_duration": "2 yrs 11 mos", "location": "San Jose, California, United States", "title": "Account Executive"}, {"company_name": "DAAC System Integrator", "dates_employed": "Mar 2018\u2013Jun 2019", "employment_duration": "1 yr 4 mos", "location": null, "title": "Human Resources Specialist"}], "education": null, "employee_name": "vD977gn/JDqaiQ==*2nJHOybkr0eQ7rfLMa0D+A==*o2sdcTpCpmofXLVcJJXvvQ==*6VPKlqEgu/nvXYcqsRCiNA=="}, {"experience": [{"company_name": "XOR", "dates_employed": "Jan 2019\u2013Present", "employment_duration": "3 yrs 5 mos", "location": null, "title": "Account Executive"}, {"company_name": "lux-Airport", "dates_employed": "Jun 2018\u2013Dec 2018", "employment_duration": "7 mos", "location": null, "title": "Sales Executive"}, {"company_name": "International Travel Network", "dates_employed": "Mar 2017\u2013May 2018", "employment_duration": "1 yr 3 mos", "location": null, "title": "Account Executive"}], "education": [{"institution": "Peddie School", "degree_details": {"degree_name": "Bachelor's degree", "field_of_study": "Business/Corporate Communications", "dates_attended_or_expected_graduation": "2004 \u2013 2016"}}], "employee_name": "MClMm6C++o5ai6PVBRE=*TQ/VawzHLHN6hbkvYQxq/w==*0Zx1Ut84KZPcBexG6MthwQ==*SCE6DTkDAE55yVTXTNisFw=="}, {"experience": [{"company_name": "XOR, Design&Internet Solutions Studio", "dates_employed": null, "employment_duration": null, "location": null, "title": "sales manager"}], "education": null, "employee_name": "XKlKG8R3PK+LDbAOzggX*Oyx8p6ngcFYZDLYYrq8GDA==*DZiB9oT63Yn5RdE9LPHzOw==*5TXdZqJcujKn1HiedDs9Yg=="}, {"experience": [{"company_name": "ITN", "dates_employed": null, "employment_duration": null, "location": null, "title": "Sales Agent"}, {"company_name": "XOR", "dates_employed": "Jun 2018\u2013Present", "employment_duration": "4 yrs", "location": null, "title": "Account Executive"}, {"company_name": "AERLUX", "dates_employed": "2017\u2013Present", "employment_duration": "5 yrs", "location": null, "title": "Sales Agent"}, {"company_name": "SkyLux Travel", "dates_employed": "Feb 2015\u2013May 2015", "employment_duration": "4 mos", "location": null, "title": "Sales Agent"}], "education": [{"institution": "Slavic University of Moldova", "degree_details": {"degree_name": "Bachelor's degree", "field_of_study": "Business Administration and Management, General", "dates_attended_or_expected_graduation": "2019 \u2013 2022"}}], "employee_name": "jTRREi3uQLQIM4zmKg==*adYWwn5t1+eYdp6WBOZbnA==*J9q7Mx+qL1Kpf7hf5+bHEg==*vLCo6zRQXyz8WTlbs+Xd3w=="}, {"experience": [{"company_name": "XOR.ai", "dates_employed": "Apr 2019\u2013Present", "employment_duration": "3 yrs 2 mos", "location": null, "title": "Account Executive"}, {"company_name": "International Travel Network", "dates_employed": "Feb 2018\u2013Mar 2019", "employment_duration": "1 yr 2 mos", "location": "San Francisco Bay Area", "title": "Sales Agent"}], "education": null, "employee_name": "LGDXbjPqn6Wi8qkJMA6iyam3Xw==*6QSF9PzuHh6LpHWXxj/1wQ==*YxxSWhsTIX3CvTl2+np9DQ==*WFoTZV2jXSN/yjQVNGnRhQ=="}, {"experience": null, "education": null, "employee_name": "BGVVW2zgtty8vyQw4FBx*gRAENCc45mrmUyObXOKpPg==*IsYdDoIA9+OsnAo3vUpJ9g==*nYIhLKfXgy020G9e8WHfJQ=="}, {"experience": [{"company_name": "XOR", "dates_employed": "Mar 2022\u2013Present", "employment_duration": "3 mos", "location": "\u0421\u0430\u043d\u043a\u0442-\u041f\u0435\u0442\u0435\u0440\u0431\u0443\u0440\u0433, \u0420\u043e\u0441\u0441\u0438\u044f", "title": "Senior marketing manager"}, {"company_name": "XOR", "dates_employed": "Mar 2022\u2013Present", "employment_duration": "3 mos", "location": "\u0421\u0430\u043d\u043a\u0442-\u041f\u0435\u0442\u0435\u0440\u0431\u0443\u0440\u0433, \u0420\u043e\u0441\u0441\u0438\u044f", "title": "Head of Marketing, XOR Russia"}, {"company_name": "IC Lab", "dates_employed": "Jul 2020\u2013Sep 2021", "employment_duration": "1 yr 3 mos", "location": null, "title": "Marketing director"}], "education": null, "employee_name": "+BN1YB7elB8iCR4ZPnCTw6Q=*uJMQha4vkQ5bOr0NnpopJw==*yYS1taNi3DccWrvK3BUjfw==*mNv/P+EuqkqalUskQQu08g=="}, {"experience": null, "education": null, "employee_name": "fQuhNkLGuAqBWMnAIwZC*9qpR6OB4oiIap9NYAqfcUQ==*TbwvV0p5BjxD9JxzDe9qsA==*UI1+zJMVXAa1skSmRxS0lQ=="}, {"experience": null, "education": null, "employee_name": "pUHTTerSzOZexAjViIAC*GMSu+ONX5GiiSPMI2gooqA==*acDF42css6yUHFJ5Fx4FMw==*kfKw1rnEmj/1DxPJXH4x/Q=="}, {"experience": null, "education": null, "employee_name": "JbaX0sKZVSE80oj3dIrV*cf9hTFXQFiNH4V3JzjzGVw==*nzKodqnhJBWBjekYAoCtLg==*hpDMSLyX27AywGS7mMnAHg=="}, {"experience": [{"company_name": "XOR", "dates_employed": null, "employment_duration": null, "location": null, "title": "Sales And Marketing Specialist"}], "education": [{"institution": "Massachusetts Institute of Technology", "degree_details": {"degree_name": "Bachelor's degree", "dates_attended_or_expected_graduation": null, "field_of_study": null}}], "employee_name": "scrBwK8JsXGWILrC*VcN0I82sn3UUjQw6VqxYVw==*wphfC1dCG5cf0gs74HmVBA==*oMb+cI3bTn+NKkbRZfQrgw=="}, {"experience": [{"company_name": "XOR", "dates_employed": "Mar 2022\u2013Present", "employment_duration": "3 mos", "location": "California, United States", "title": "Sales Development Representative"}], "education": null, "employee_name": "ZWRBWxVwC35rk+M7uuY=*U0DbLS6siZB3ngTjDlrolQ==*+9Sc35knHPHnT3xq3XB4zA==*g4Sy9v3ODmAkdUX6cPEy6g=="}, {"experience": null, "education": null, "employee_name": "Qdjz0WA6msbKkFwO2A+y*agTPXivoAfvaOzbqc+mCIA==*A47vuDI+4dWKQwrWVD1Ziw==*YRT7WcdL5ThnadaeuzcdDw=="}, {"experience": null, "education": null, "employee_name": "t0XegKPtlEUnVyE7bs1x*sf4zt2QK7c83Zz6mKP93pw==*FskSWKqx6LLE0r6SoHQCTw==*HS7BvmCGKp71euc2IZ/IbQ=="}, {"experience": [{"company_name": "XOR", "dates_employed": "Mar 2022\u2013Present", "employment_duration": "3 mos", "location": null, "title": "Sales Development Representative"}], "education": [{"institution": "ULIM", "degree_details": {"degree_name": "Bachelor's degree", "field_of_study": "Language Interpretation and Translation", "dates_attended_or_expected_graduation": "2017 \u2013 2020"}}], "employee_name": "Yq81C8dfgLicDGVBXNl3St6mmrA=*Nk1D6ACkD1k/DsGfpH65gw==*4JSHPMhpU/gkZoralSg2gA==*u/1E2fc+vrbeTs3oZ7+Vqw=="}, {"experience": [{"company_name": "XOR", "dates_employed": "Mar 2022\u2013Present", "employment_duration": "3 mos", "location": "Chi\u0219in\u0103u, Moldova", "title": "SDR"}], "education": [{"institution": "Universitatea de Stat din Moldova", "degree_details": {"degree_name": "International Relations", "field_of_study": "Diplomacy", "dates_attended_or_expected_graduation": "2021 \u2013 2024"}}], "employee_name": "Ruz+UAHI2smBWXC4Oonb*ioZ1fURFeGz6yuBDB4ENxA==*gAs1ByqM8Ap5+kKwpUwBnA==*beavp5y1QeNteqGTzD8ByA=="}, {"experience": [{"company_name": "XOR", "dates_employed": "Mar 2021\u2013Present", "employment_duration": "1 yr 3 mos", "location": "Chi\u0219in\u0103u, Moldova", "title": "Account Executive"}, {"company_name": "International Travel Network", "dates_employed": "May 2020\u2013Oct 2021", "employment_duration": "1 yr 6 mos", "location": "Chi\u0219in\u0103u, Moldova", "title": "Dispute Resolution Specialist"}, {"company_name": "International Travel Network", "dates_employed": "Sep 2014\u2013May 2020", "employment_duration": "5 yrs 9 mos", "location": null, "title": "Team Supervisor"}, {"company_name": "Capital City Service Ltd", "dates_employed": "Mar 2014\u2013Jun 2014", "employment_duration": "4 mos", "location": "Chisinau, Moldova", "title": "Routing Manager"}], "education": [{"institution": "State Building Science College", "degree_details": {"degree_name": "Bachelor of Arts - BA", "field_of_study": "Interior Design", "dates_attended_or_expected_graduation": "2008 \u2013 2013"}}], "employee_name": "kikFapE0ePz5Sf5V*3zssWaFNpBqdl/FjFrZsig==*/HlUJr5end/jyNHDfmMPBQ==*upCPHppQRCcI6WPBFyT84w=="}, {"experience": [{"company_name": "XOR", "dates_employed": "Nov 2021\u2013Present", "employment_duration": "7 mos", "location": "\u041a\u0438\u0448\u0438\u043d\u0451\u0432, \u041c\u043e\u043b\u0434\u0430\u0432\u0438\u044f", "title": "Junior Manual Tester"}, {"company_name": "Bio-Instruments", "dates_employed": "Nov 2019\u2013Oct 2021", "employment_duration": "2 yrs", "location": null, "title": "\u0422\u0435\u0445\u043d\u0438\u043a-\u044d\u043b\u0435\u043a\u0442\u0440\u043e\u043d\u0438\u043a"}], "education": [{"institution": "Universitatea Tehnic\u0103 a Moldovei", "degree_details": {"degree_name": "Bachelor's degree", "field_of_study": "Electronic and Telecommunications Systems Security", "dates_attended_or_expected_graduation": "2017 \u2013 2021"}}], "employee_name": "4FE2VFDsxa1k3qfh6Ycn8Q==*FpNLASJ6qdCl6ZXSNixVcQ==*UpgUon4KpFqCq9ppimrKbQ==*nh56RKSa92aSpga94qVyCQ=="}, {"experience": [{"company_name": "XOR", "dates_employed": "Mar 2022\u2013Present", "employment_duration": "3 mos", "location": "\u041a\u0438\u0448\u0438\u043d\u0451\u0432, \u041c\u043e\u043b\u0434\u0430\u0432\u0438\u044f", "title": "Frontend Web Developer"}, {"company_name": "JazzServe", "dates_employed": "May 2021\u2013Mar 2022", "employment_duration": "11 mos", "location": null, "title": "Frontend Web Developer"}, {"company_name": "Paynet", "dates_employed": "Nov 2019\u2013May 2021", "employment_duration": "1 yr 7 mos", "location": "Chisinau, Moldova", "title": "Frontend Web Developer"}], "education": [{"institution": "Universitatea de Stat din Moldova", "degree_details": {"degree_name": "licentiate", "field_of_study": "IT", "dates_attended_or_expected_graduation": "2017 \u2013 2020"}}], "employee_name": "RYqFE9hZc9LqStr4*3MWCZn+2smhqbqu8PuK54g==*KrXLLxoEfB9VY/czysgnfg==*w06B8eVn6Tp/U32l/CMtag=="}, {"experience": [{"company_name": "XOR.ai", "dates_employed": "May 2018\u2013Present", "employment_duration": "4 yrs 1 mo", "location": "San Francisco, California", "title": "Account Executive"}, {"company_name": "Bangkok-latex", "dates_employed": "Feb 2016\u2013May 2018", "employment_duration": "2 yrs 4 mos", "location": "Bangkok, Thailnad", "title": "Branch Director"}, {"company_name": "Bangkok-latex", "dates_employed": "Jan 2014\u2013Feb 2016", "employment_duration": "2 yrs 2 mos", "location": "Bangkok, Thailand", "title": "Director Of Development"}, {"company_name": "Bangkok-latex", "dates_employed": "Jan 2013\u2013Jan 2014", "employment_duration": "1 yr 1 mo", "location": "Pattaya, Thailand", "title": "Sales Development Manager"}, {"company_name": "Anex Tour", "dates_employed": "Nov 2012\u2013Dec 2012", "employment_duration": "2 mos", "location": "Pattaya, Thailand", "title": "Tours sales manager."}], "education": null, "employee_name": "9r4Z1anB3VDqJw==*lIjeOH8m4MD2/KS6VBwo5g==*ln9+vYVuh7tO5Tk4ovJkSQ==*EKO0lbr3lzLdaqhXdYjzug=="}, {"experience": [{"company_name": "XOR", "dates_employed": null, "employment_duration": null, "location": null, "title": "Implementation Manager"}], "education": null, "employee_name": "rPct8+ZHNg==*GgUDEYGHlRRmVS8d32zbug==*IkwwDBYP2aGDPXXJSyb2Ww==*zhlWXq+awNV9MsRkryPb2g=="}, {"experience": [{"company_name": "XOR", "dates_employed": "Jan 2018\u2013Present", "employment_duration": "4 yrs 5 mos", "location": null, "title": "Account executive"}, {"company_name": "Luxury Air Travel", "dates_employed": "Sep 2016\u2013Feb 2018", "employment_duration": "1 yr 6 mos", "location": null, "title": "Chief Executive Officer"}], "education": [{"institution": "Real Estate Business School", "degree_details": {"degree_name": "Bachelor's degree", "field_of_study": "Business", "dates_attended_or_expected_graduation": "2015 \u2013 2018"}}], "employee_name": "djjNDWdiVPGe4/E2pHce*WNxrD5iNhiDWpTs7lJKPTg==*7tTsLNIe+p5HGRwzw+/3wA==*9DRE2DqApCaA7rh1REdO5w=="}, {"experience": [{"company_name": "XOR", "dates_employed": "Sep 2018\u2013Present", "employment_duration": "3 yrs 9 mos", "location": "San Francisco Bay Area", "title": "Account Manager"}], "education": [{"institution": "Arizona State University", "degree_details": {"degree_name": "Bachelor's degree", "field_of_study": "Business Administration and Management, General", "dates_attended_or_expected_graduation": "2016 \u2013 2019"}}], "employee_name": "kojvuvLAYqKm*J2thn4dwhvfUtWQJEY96Zw==*tDkUTVM6GHQxyZWQVbCMcQ==*lTeDu/6LWLvD5siNBbUqCg=="}, {"experience": [{"company_name": "XOR", "dates_employed": "Nov 2019\u2013Present", "employment_duration": "2 yrs 7 mos", "location": null, "title": "Account Executive"}, {"company_name": "International Travel Network", "dates_employed": "Aug 2019\u2013Nov 2019", "employment_duration": "4 mos", "location": null, "title": "International Travel Consultant"}, {"company_name": "Princess Cruises", "dates_employed": "Jun 2017\u2013Jul 2019", "employment_duration": "2 yrs 2 mos", "location": "United States", "title": "Bartender"}, {"company_name": "The Music Hall", "dates_employed": "Nov 2016\u2013Jun 2017", "employment_duration": "8 mos", "location": "Palm Jumeirah, Dubai Emirate, United Arab Emirates", "title": "Bartender"}, {"company_name": "4-Front Facilities Management LLC", "dates_employed": "Jan 2016\u2013Nov 2016", "employment_duration": "11 mos", "location": "Dubai Emirate, United Arab Emirates", "title": "bartender"}], "education": [{"institution": "Universitatea de Stat din Moldova", "degree_details": {"degree_name": "Bachelor's degree", "field_of_study": "Foreign Languages and Literatures, General", "dates_attended_or_expected_graduation": "2011 \u2013 2014"}}], "employee_name": "9rqRiN6xFeOlUepsx8/hLXA=*rqga7tvEX+wshPTDjniWpw==*VqQvyt8Ht99uzEGJwsjvmA==*CCbjuFbxwatCgQzCsg9srA=="}, {"experience": [{"company_name": "XOR", "dates_employed": "Aug 2018\u2013Present", "employment_duration": "3 yrs 10 mos", "location": "San Francisco, California, United States", "title": "Account Executive"}, {"company_name": "International Travel Network", "dates_employed": "Mar 2012\u2013Sep 2015", "employment_duration": "3 yrs 7 mos", "location": null, "title": "Account Executive"}], "education": [{"institution": "Universitatea de Stat din Moldova", "degree_details": {"field_of_study": "Business Administration and Management, General", "dates_attended_or_expected_graduation": null, "degree_name": null}}], "employee_name": "dd/x4q27sFiXKVk7oQ==*u7mPYKBoXsA1yH96psU1uw==*zNqdI7I1KkBRiDlJlJtF3g==*qgDLPjGUJhHavpal89JzbA=="}, {"experience": [{"company_name": "XOR", "dates_employed": "Sep 2018\u2013Present", "employment_duration": "3 yrs 9 mos", "location": "United States", "title": "Account Executive"}, {"company_name": "International Travel Network", "dates_employed": "Jun 2015\u2013Jul 2018", "employment_duration": "3 yrs 2 mos", "location": null, "title": "Travel Agent"}], "education": [{"institution": "Slavonic University", "degree_details": {"degree_name": "Bachelor's degree", "field_of_study": "Business Administration and Management, General", "dates_attended_or_expected_graduation": "2009 \u2013 2012"}}], "employee_name": "0FXe7qPdXL6BtOg=*apuNRGMAtP7rAp8HHQddgQ==*x/5KUI9rolPqJUofhf8lhg==*po83HYNdYUTaAeYPLI0E9A=="}, {"experience": [{"company_name": "XOR", "dates_employed": "May 2021\u2013Present", "employment_duration": "1 yr 1 mo", "location": "\u041a\u0438\u0448\u0438\u043d\u0451\u0432, \u041c\u043e\u043b\u0434\u0430\u0432\u0438\u044f", "title": ".NET Developer"}, {"company_name": "XOR.ai", "dates_employed": "2019\u2013Apr 2021", "employment_duration": "2 yrs", "location": "San Francisco", "title": "Quality Assurance Automation Engineer"}], "education": [{"institution": "Universitatea Tehnic\u0103 a Moldovei", "degree_details": {"dates_attended_or_expected_graduation": "2018 \u2013 2022", "degree_name": null, "field_of_study": null}}], "employee_name": "mS9ZBDO6J8N80jMVaf+LqEo=*z1mmwa5DhJqEPcxFvC4RYA==*YUtBMdnQq1eMYOR+eD9B2w==*7YnNZmZMI1tmOtu4AwSHJQ=="}, {"experience": [{"company_name": "XOR", "dates_employed": "Aug 2020\u2013Present", "employment_duration": "1 yr 10 mos", "location": "Bracknell, England, United Kingdom", "title": "Account Executive"}, {"company_name": "Restaurant Stahlbad", "dates_employed": "Mar 2018\u2013Feb 2020", "employment_duration": "2 yrs", "location": "Baden-Baden, Baden-W\u00fcrttemberg, Germany", "title": "Assistant Manager"}], "education": [{"institution": "Academia de Studii Economice din Moldova", "degree_details": {"degree_name": "Licentiate in Economic Sciences", "field_of_study": "Marketing", "dates_attended_or_expected_graduation": "2014 \u2013 2017"}}], "employee_name": "rEzofmhfDkzGmsPA3eUMFA==*qOQhaVzJBwczbSm0PGatdw==*wB6rn5A5DRahhHjc4l+BhA==*x8j04PUD9xp2CSajAel32g=="}, {"experience": [{"company_name": "XOR", "dates_employed": "Feb 2018\u2013Present", "employment_duration": "4 yrs 4 mos", "location": "San Francisco, California, United States", "title": "Account Executive"}, {"company_name": "International Travel Network", "dates_employed": "Feb 2016\u2013Feb 2018", "employment_duration": "2 yrs 1 mo", "location": null, "title": "account executive"}], "education": [{"institution": "Slavonic University", "degree_details": {"field_of_study": "Economics", "dates_attended_or_expected_graduation": "2009 \u2013 2012", "degree_name": null}}], "employee_name": "VHIFPGUuJsNhcf/J*9u9fBKz9ufil0YUSoPCZew==*uTR9G3jOaCBW2rQGZObtKw==*uNBSKwysQOj8CivlstYRSA=="}, {"experience": [{"company_name": "XOR", "dates_employed": "Jan 2019\u2013Present", "employment_duration": "3 yrs 5 mos", "location": null, "title": "Account Executive"}, {"company_name": "AZ Global Europe", "dates_employed": "Sep 2020\u2013Dec 2020", "employment_duration": "4 mos", "location": null, "title": "Account Manager"}, {"company_name": "KIVORK", "dates_employed": "Dec 2017\u2013Dec 2018", "employment_duration": "1 yr 1 mo", "location": null, "title": "Customer Service Assistant"}, {"company_name": "Luxury Air Travel", "dates_employed": "Feb 2017\u2013Nov 2017", "employment_duration": "10 mos", "location": null, "title": "Sales Consultant"}], "education": [{"institution": "ASEM", "degree_details": {"degree_name": "Bachelor's degree", "field_of_study": "Business Administration and Management, General", "dates_attended_or_expected_graduation": "2017 \u2013 2020"}}], "employee_name": "Do36ojlDhYsZskbd*KijYM3JOq8Wro2OlN+1RPw==*a1mG7vxDH/Falpv3JXJJxQ==*3B134/W+RGu/6ej+a/chhw=="}, {"experience": [{"company_name": "XOR", "dates_employed": "Mar 2018\u2013Present", "employment_duration": "4 yrs 3 mos", "location": null, "title": "Account Executive"}], "education": [{"institution": "MGUniversity", "degree_details": {"degree_name": "Bachelor's degree", "field_of_study": "Business Administration and Management, General", "dates_attended_or_expected_graduation": "2005 \u2013 2009"}}], "employee_name": "bvHqxgCtDXLhvFGH4Gw=*fzCnYeWnwDP26tWHTS41rg==*w48HxI/Co8oycX6kJZ+5OQ==*nb/EFy5BCr7MhPZSJ5qKfg=="}, {"experience": [{"company_name": "XOR", "dates_employed": "Sep 2016\u2013Present", "employment_duration": "5 yrs 9 mos", "location": null, "title": "Hardware and Software Developer"}, {"company_name": "TAKTA", "dates_employed": "Nov 2013\u2013Oct 2016", "employment_duration": "3 yrs", "location": null, "title": "Hardware and Software Developer"}, {"company_name": "Sepid Pardis", "dates_employed": "2009\u20132013", "employment_duration": "4 yrs", "location": null, "title": "Hardware and Software Developer"}], "education": null, "employee_name": "Vp3072zlV9yvu+JElO0V+k0k3o0=*E5ou35g1lOqLRwhp3JXOyQ==*mCc+s9sDTyg1fPgys66eQw==*eL2b2v33LIx+XmjzotA7dQ=="}, {"experience": [{"company_name": "XOR", "dates_employed": "May 2020\u2013Present", "employment_duration": "2 yrs 1 mo", "location": "Chi\u015fin\u0103u, Kishinev, Moldova", "title": "Software Developer"}, {"company_name": "Top Notch SRL", "dates_employed": "Feb 2017\u2013May 2020", "employment_duration": "3 yrs 4 mos", "location": "Chisinau, Moldova", "title": "Software Developer"}, {"company_name": "ITproLab SRL", "dates_employed": "Jul 2011\u2013Jan 2017", "employment_duration": "5 yrs 7 mos", "location": null, "title": "C# Programmer"}, {"company_name": "ITSC", "dates_employed": "Jul 2010\u2013Jul 2011", "employment_duration": "1 yr 1 mo", "location": null, "title": "1C Programmer"}, {"company_name": "Meta-System", "dates_employed": "Sep 2009\u2013Jul 2010", "employment_duration": "11 mos", "location": null, "title": "1C Programmer"}], "education": [{"institution": "Moldova State University", "degree_details": {"degree_name": "Bachelor's degree", "field_of_study": "Computer Science", "dates_attended_or_expected_graduation": "2006 \u2013 2009"}}], "employee_name": "3uTIydAbW1qZAeffYQQ=*Hwue52m9bFkRNtGScKxIgw==*RKu+ByQmKhRe5RbKW1qC6w==*NVBpwQRrTE1LMrFa5VHnoQ=="}, {"experience": [{"company_name": "XOR", "dates_employed": "Jul 2019\u2013Present", "employment_duration": "2 yrs 11 mos", "location": null, "title": "Account Executive"}, {"company_name": "International Travel Network", "dates_employed": "Mar 2017\u2013Jul 2019", "employment_duration": "2 yrs 5 mos", "location": null, "title": "Account Executive"}], "education": [{"institution": "Universitatea de Stat din Moldova", "degree_details": {"degree_name": "Bachelor's degree", "field_of_study": "Business Administration and Management, General", "dates_attended_or_expected_graduation": "2016 \u2013 2019"}}], "employee_name": "EWbVSoGNlC7Z7Q==*2Cq4ePO57wDfF1GIR5O5Vg==*ogORClQdQ2t2SPH6texmrQ==*Zr6gUl6+wyYxGzQ3G9bxhw=="}, {"experience": [{"company_name": "XOR.ai", "dates_employed": "Sep 2018\u2013Present", "employment_duration": "3 yrs 9 mos", "location": null, "title": "Account Executive"}, {"company_name": "Luxury Air Travel", "dates_employed": "Feb 2011\u2013Sep 2018", "employment_duration": "7 yrs 8 mos", "location": null, "title": "Account Executive"}], "education": [{"institution": "Universitatea de Stat din Moldova", "degree_details": {"degree_name": "Bachelor's degree", "field_of_study": "Business Administration and Management, General", "dates_attended_or_expected_graduation": "2005 \u2013 2008"}}, {"institution": "Universitatea de Stat din Moldova", "degree_details": {"degree_name": "Master's degree", "field_of_study": "Counseling Psychology", "dates_attended_or_expected_graduation": "2002 \u2013 2007"}}], "employee_name": "96waAVJTErMeHfSQTFLh+g==*q8AtiKuPto81LGZ0tHeEpA==*tkLcOMfG5aNIdT+yLdee2A==*qe10mO/jyzM5TSW0hgmEPQ=="}, {"experience": [{"company_name": "XOR.ai", "dates_employed": "Nov 2018\u2013Present", "employment_duration": "3 yrs 7 mos", "location": "San Francisco Bay Area", "title": "Account Executive"}, {"company_name": "WowFare", "dates_employed": "Oct 2017\u2013Sep 2018", "employment_duration": "1 yr", "location": "Dallas/Fort Worth Area", "title": "Sales Manager"}], "education": [{"institution": "Oregon State University", "degree_details": {"degree_name": "Master of Business Administration - MBA", "dates_attended_or_expected_graduation": "2015 \u2013 2018", "field_of_study": null}}], "employee_name": "Ms0cdZhrgu/eMK47pxrmCA==*EP4qCYX9XhcvKNUaRAdTfA==*7BHlgzMYCx3332KGCrg/Zw==*0iH1RPqu5lNiEKcajLY+Tw=="}, {"experience": null, "education": null, "employee_name": "9Kzd0Q53oKlztcWz8hjC*KbYfH7oB10ID+xoIqpsV/w==*PVe5/174DgtXEuLAUX/2wQ==*08Owr7kxE+kbp9Ts3ZB15w=="}, {"experience": [{"company_name": "XOR", "dates_employed": "Oct 2019\u2013Present", "employment_duration": "2 yrs 8 mos", "location": "San Francisco Bay Area", "title": "Account Executive"}, {"company_name": "Analysis Group", "dates_employed": "Sep 2017\u2013Aug 2018", "employment_duration": "1 yr", "location": "London, England, United Kingdom", "title": "Customer Service Manager"}, {"company_name": "Design Pickle", "dates_employed": "Jan 2017\u2013Jul 2017", "employment_duration": "7 mos", "location": "Poland", "title": "Graphic Designer"}], "education": [{"institution": "University of Warsaw", "degree_details": {"degree_name": "Bachelor's degree", "dates_attended_or_expected_graduation": "2013 \u2013 2017", "field_of_study": null}}], "employee_name": "J1KeCAm5lSC4OU2IyA==*5oFOxIgSXw2al/BgBPuDmQ==*D0tAu9Wkr30zwknEtLGcOA==*LcTpdxiNkmZ4pBUuXUEaOg=="}, {"experience": [{"company_name": "XOR", "dates_employed": "Nov 2021\u2013Present", "employment_duration": "7 mos", "location": "San Francisco, California, Statele Unite Ale Americii", "title": "Junior QA Engineer"}, {"company_name": "CodeAcademy Moldova", "dates_employed": "Sep 2020\u2013Oct 2021", "employment_duration": "1 yr 2 mos", "location": "Municipiul Chi\u0219in\u0103u, Moldova", "title": "Manual QA Software Engineer"}, {"company_name": "Netmarket.md", "dates_employed": "Feb 2020\u2013Jul 2021", "employment_duration": "1 yr 6 mos", "location": "Chi\u015fin\u0103u, Municipiul Chi\u0219in\u0103u, Moldova", "title": "Sales Operator"}], "education": [{"institution": "Liceul Internat Republican de Muzic\u0103 \"Ciprian Porumbescu\"", "degree_details": {"degree_name": "Studii medii", "field_of_study": "Naist\u0103, pianist\u0103", "dates_attended_or_expected_graduation": "2010 \u2013 2019"}}, {"institution": "Colegiul de Studii Administrative si Fiscale", "degree_details": {"degree_name": "Middle School Diploma", "field_of_study": "Administrare afaceri, \u00een general", "dates_attended_or_expected_graduation": "2019"}}], "employee_name": "LOoU/jtzIJ2SYMo=*I7cquUjaKsCvmWZNNzFZhA==*BgKXw0an4NpS6xAgn8gcXA==*2a6FwJcPlpcdACokvedGBg=="}, {"experience": [{"company_name": "XOR.ai", "dates_employed": "Nov 2019\u2013Present", "employment_duration": "2 yrs 7 mos", "location": "Chi\u0219in\u0103u, Moldova", "title": "\u041c\u0435\u043d\u0435\u0434\u0436\u0435\u0440 \u043f\u043e \u0440\u0430\u0431\u043e\u0442\u0435 \u0441 \u043a\u043b\u044e\u0447\u0435\u0432\u044b\u043c\u0438 \u043a\u043b\u0438\u0435\u043d\u0442\u0430\u043c\u0438"}, {"company_name": "Envirotech", "dates_employed": "May 2019\u2013Oct 2019", "employment_duration": "6 mos", "location": "Chisinau, Moldova", "title": "Recruiter"}, {"company_name": "Leads-Trade SRL", "dates_employed": "Jun 2014\u2013Dec 2018", "employment_duration": "4 yrs 7 mos", "location": "Chisinau, Moldova", "title": "Business Sales Manager"}, {"company_name": "Business Class SRL", "dates_employed": "Jan 2011\u2013Dec 2012", "employment_duration": "2 yrs", "location": "Chisinau, Moldova", "title": "Journalist, Photographer"}], "education": [{"institution": "Universitatea de Stat din Moldova", "degree_details": {"degree_name": "Licentiate degree", "field_of_study": "Journalism and Mass Communications", "dates_attended_or_expected_graduation": "2008 \u2013 2011"}}], "employee_name": "sQ9V/qY90kE8polS2QnotW3JB2/5CxpgoiHdrnJiKINs8tA=*5upO6npk7RawXR0oIk1aKQ==*TbNKf/F4NBx6z8wnBjQwNw==*9Vsuh2jT8SYVjN92E8Mgqg=="}, {"experience": [{"company_name": "XOR.ai", "dates_employed": "May 2018\u2013Present", "employment_duration": "4 yrs 1 mo", "location": "San Francisco", "title": "Account Executive"}, {"company_name": "Luxury Air Travel", "dates_employed": "Jun 2014\u2013May 2018", "employment_duration": "4 yrs", "location": null, "title": "Account Executive"}], "education": [{"institution": "Universitatea Tehnic\u0103 a Moldovei", "degree_details": {"degree_name": "Master's degree", "field_of_study": "Calculatoare", "dates_attended_or_expected_graduation": "2003 \u2013 2007"}}], "employee_name": "UN60b0Zd7kkCJHnc*Bvbl6MkZI6+DUwwXhl92hA==*YqGpN/DOwCra8gTDhzeXuA==*fY0ZHDeEPo/im8TDDrqS5g=="}]