[{"experience": [{"company_name": "Arundo Analytics", "dates_employed": "Oct 2021\u2013Present 8 mos", "location": "Ville de Paris, \u00cele-de-France, France", "employment_duration": null, "title": "Sales Director"}, {"company_name": "XXII", "dates_employed": "Sep 2016\u2013Nov 2021 5 yrs 3 mos", "location": "24 rue Salomon de Rothschild, 92150 Suresnes", "employment_duration": null, "title": "AI Business Director"}, {"company_name": "Energeo Technologies", "dates_employed": "Jun 2015\u2013Sep 2016 1 yr 4 mos", "location": "R\u00e9gion de Paris, France", "employment_duration": null, "title": "Business Engineer"}, {"company_name": "Alter Solutions", "dates_employed": "Mar 2014\u2013May 2015 1 yr 3 mos", "location": "R\u00e9gion de Paris, France", "employment_duration": null, "title": "Business Engineer"}, {"company_name": "Leroux & Lotz Turbomachines", "dates_employed": "Feb 2013\u2013Feb 2014 1 yr 1 mo", "location": "R\u00e9gion de Paris, France", "employment_duration": null, "title": "Marketing Manager"}], "education": [{"institution": "OMNES Education", "degree_details": {"degree_name": "Master of Science (M.Sc.)", "field_of_study": "Commercial Engineering & Project Management", "dates_attended_or_expected_graduation": "2013 \u2013 2014"}}, {"institution": "OMNES Education", "degree_details": {"degree_name": "International Marketing & Communication", "field_of_study": "Marketing & Communication", "dates_attended_or_expected_graduation": "2009 \u2013 2013"}}], "employee_name": "1lntyqV93yNa9TY1FEQEfNGwjQ==*ulsKgBR2wMnJ/8ucD9UEmg==*NWSQ5I3gPMYdtMBh9stZmg==*Q1Dz0hrzDxOpxnc/quwilA=="}, {"experience": [{"company_name": "Arundo Analytics", "employment_duration": "3 yrs 10 mos", "titles": ["Chief Technology Officer", "Director Of Technology", "IoT Architect & Product Manager"], "dates_employed": ["Dec 2021\u2013Present 6 mos", "Oct 2020\u2013Dec 2021 1 yr 3 mos", "Aug 2018\u2013Oct 2020 2 yrs 3 mos"]}, {"company_name": "CoPro Live", "dates_employed": "Feb 2011\u2013Jul 2018 7 yrs 6 mos", "location": "Oslo Area, Norway", "employment_duration": null, "title": "Cloud Application Architect"}, {"company_name": "Workplace Consulting (Contractor)", "dates_employed": "Feb 2009\u2013Jan 2011 2 yrs", "location": "Oslo Area, Norway", "employment_duration": null, "title": "Solution Architect - Portals, Collaboration and Social Media"}, {"company_name": "IBM (Contractor)", "dates_employed": "Nov 2005\u2013Dec 2008 3 yrs 2 mos", "location": "London, United Kingdom", "employment_duration": null, "title": "WebSphere Portal, IBM Web Content Manager, and J2EE Expert"}, {"company_name": "Marsh", "dates_employed": "Aug 2004\u2013Nov 2005 1 yr 4 mos", "location": "London, United Kingdom", "employment_duration": null, "title": "WebSphere Portal Expert"}], "education": [{"institution": "Erhvervsakademi MidtVest", "degree_details": {"degree_name": "Datamatik", "field_of_study": "Computer Science, Computer Programming", "dates_attended_or_expected_graduation": "1997 \u2013 2000"}}], "employee_name": "9FX2PlGXLDqfz1aJ45fa3Xkw*MK7P3Be/6fVXeuwPkc0ulw==*siip9NrELgCYjHEuRLq2pQ==*lNmR+c/ZMSCF+9GRaP0sLw=="}, {"experience": [{"company_name": "CEO and Founder", "employment_duration": "Arundo Analytics, Inc.", "titles": ["Oil firms are swimming in data they don't use"], "dates_employed": [null]}, {"company_name": "Fynd Ocean Ventures", "dates_employed": "Dec 2020\u2013Present 1 yr 6 mos", "location": "Oslo, Norway", "employment_duration": null, "title": "Principal"}, {"company_name": "StartX.", "dates_employed": "Jan 2016\u2013Oct 2017 1 yr 10 mos", "location": "Stanford, California", "employment_duration": null, "title": "Entrepreneur in Residence"}, {"company_name": "McKinsey & Co", "dates_employed": "Mar 2001\u2013Jun 2015 14 yrs 4 mos", "location": null, "employment_duration": null, "title": "Director"}, {"company_name": "Accenture", "employment_duration": "5 yrs", "titles": ["Senior Partner", "Partner"], "dates_employed": ["Aug 1996\u2013Mar 2001 4 yrs 8 mos", "1996\u20132000 4 yrs"]}], "education": [{"institution": "Massachusetts Institute of Technology", "degree_details": {"degree_name": "MsC", "field_of_study": "Technology Management", "dates_attended_or_expected_graduation": "1994 \u2013 1995"}}, {"institution": "BI Norwegian Business School", "degree_details": {"degree_name": "BA", "field_of_study": "Economics", "dates_attended_or_expected_graduation": "1985 \u2013 1989"}}], "employee_name": "7lyE+1vKxpxLe3vBipCej3o=*VYfJDwePWyn8AHL8fUmKtw==*XHR18LpK3taZzIHpoJuvgg==*moD8mYIRzE+41ysBq3Xwig=="}, {"experience": [{"company_name": "DataSeer, Inc.", "dates_employed": "May 2022\u2013Present 1 mo", "location": null, "employment_duration": null, "title": "Board Member"}, {"company_name": "Arundo Analytics", "employment_duration": "4 yrs 5 mos", "titles": ["Chief Executive Officer", "Chief Operating Officer", "Managing Director, EMEA", "VP Engineering and Strategic Partnerships", "VP Strategic Partnerships", "VP Government Solutions"], "dates_employed": ["Oct 2021\u2013Present 8 mos", "Nov 2020\u2013Oct 2021 1 yr", "Apr 2020\u2013Nov 2020 8 mos", "Mar 2020\u2013Apr 2020 2 mos", "Nov 2018\u2013Mar 2020 1 yr 5 mos", "Jan 2018\u2013Nov 2018 11 mos"]}, {"company_name": "McKinsey & Company", "employment_duration": "17 yrs", "titles": ["Partner", "Associate Partner", "Engagement Manager", "Associate", "Junior Associate"], "dates_employed": ["Jul 2011\u2013Dec 2017 6 yrs 6 mos", "Jul 2007\u2013Jun 2011 4 yrs", "Jul 2004\u2013Jun 2007 3 yrs", "Jul 2002\u2013Jun 2004 2 yrs", "Jan 2001\u2013Jun 2002 1 yr 6 mos"]}, {"company_name": "A.T. Kearney", "dates_employed": "2001\u20132001 less than a year", "location": null, "employment_duration": null, "title": "Thesis Student"}, {"company_name": "UBS", "dates_employed": "Sep 1998\u2013Jun 1999 10 mos", "location": "Z\u00fcrichkantonen, Schweiz", "employment_duration": null, "title": "Software Developer"}], "education": [{"institution": "Link\u00f6ping University", "degree_details": {"degree_name": "M.Sc.", "field_of_study": "Industrial Management and Engineering - International", "dates_attended_or_expected_graduation": "1995 \u2013 2000"}}, {"institution": "ETH Z\u00fcrich", "degree_details": {"degree_name": "M.Sc.", "field_of_study": "Computer Science, Management", "dates_attended_or_expected_graduation": "1997 \u2013 1998"}}], "employee_name": "xYiCgfMqy81rF60ZmIxtnA==*WT/J9n/ibhwsKaRCfMP5eQ==*vN+tc03z+32J8+qE3OpAqQ==*KNhj5PGzwnxkSEFSbMyoDA=="}, {"experience": [{"company_name": "SVP, Chief Strategy Officer", "employment_duration": "Veritas Technologies LLC", "titles": ["The Leader in Enterprise Data Protection"], "dates_employed": [null]}, {"company_name": "Arundo Analytics, Inc.", "dates_employed": "Aug 2015\u2013Present 6 yrs 10 mos", "location": null, "employment_duration": null, "title": "Advisor"}, {"company_name": "Accenture", "employment_duration": "5 yrs 3 mos", "titles": ["Managing Director, US West Market Unit, Cloud First Lead; member of Global Leadership Council", "Managing Director, Products, US West Market Unit Retail and Consumer Goods/Services Lead", "Managing Director, US West Market Unit Technology Lead, North America Liquid Studios Lead"], "dates_employed": ["Nov 2020\u2013Feb 2022 1 yr 4 mos", "Jan 2019\u2013Nov 2020 1 yr 11 mos", "Dec 2016\u2013Jan 2019 2 yrs 2 mos"]}, {"company_name": "Blazent", "dates_employed": "Dec 2014\u2013Aug 2018 3 yrs 9 mos", "location": null, "employment_duration": null, "title": "Board Member"}, {"company_name": "HyperGrid", "dates_employed": "Jul 2016\u2013Nov 2016 5 mos", "location": "Mountain View, CA", "employment_duration": null, "title": "Chief Customer Officer"}], "education": [{"institution": "Columbia Business School", "degree_details": {"degree_name": "Master of Business Administration", "dates_attended_or_expected_graduation": null, "field_of_study": null}}, {"institution": "University of California, Davis", "degree_details": {"degree_name": "Bachelor of Science", "field_of_study": "Mechanical Engineering", "dates_attended_or_expected_graduation": null}}], "employee_name": "fPc1xh8ev7/9HXM=*7CTSJWdoSLbd3I4GsBwIQg==*rorn1TaqTtDq7SAz0qc/tA==*vguhVFcj0Ipp2GsS1yVcfA=="}, {"experience": [{"company_name": "Arundo Analytics", "employment_duration": "6 yrs 5 mos", "titles": ["Chief People & Organization Officer", "VP People and Organization", "Chief of Staff"], "dates_employed": ["Feb 2022\u2013Present 4 mos", "Sep 2016\u2013Feb 2022 5 yrs 6 mos", "Jan 2016\u2013Sep 2016 9 mos"]}, {"company_name": "McKinsey & Company", "employment_duration": "21 yrs 1 mo", "titles": ["Administration Manager", "IT Manager", "IT Project Manager", "Computer Specialist"], "dates_employed": ["Dec 2010\u2013Jan 2016 5 yrs 2 mos", "Jun 2006\u2013Feb 2011 4 yrs 9 mos", "Jan 2000\u2013Jan 2006 6 yrs 1 mo", "Jan 1995\u2013Jan 2006 11 yrs 1 mo"]}, {"company_name": "Office Line ASA", "dates_employed": "Jun 1991\u2013Jun 1995 4 yrs 1 mo", "location": "Oslo", "employment_duration": null, "title": "Training Manager"}], "education": [{"institution": "MIT Sloan School of Management", "degree_details": {"field_of_study": "Leading Change in Complex Organizations", "dates_attended_or_expected_graduation": "2015 \u2013 2015", "degree_name": null}}, {"institution": "BI Norwegian Business School", "degree_details": {"field_of_study": "Project Management", "dates_attended_or_expected_graduation": "2001 \u2013 2003", "degree_name": null}}, {"institution": "The Norwegian School of Information Technology", "degree_details": {"degree_name": "Datah\u00f8gskolekandidat", "field_of_study": "Computer and Information Sciences, General", "dates_attended_or_expected_graduation": "1986 \u2013 1988"}}], "employee_name": "xRFJyjW/K/VCkkU=*n5vFfqJOzz0n2URKW49p0g==*AEShAem5UVuXIdbbe2Q1Ag==*LsWd9WJZ4h94aWRQrOFZ7w=="}, {"experience": [{"company_name": "Arundo Analytics", "dates_employed": "Jan 2022\u2013Present 5 mos", "location": null, "employment_duration": null, "title": "Delivery Lead"}, {"company_name": "Transverse Ranges, LLC", "dates_employed": "Jul 2019\u2013Present 2 yrs 11 mos", "location": "Santa Barbara, California", "employment_duration": null, "title": "Owner"}, {"company_name": "OspreyData, Inc.", "employment_duration": "2 yrs 7 mos", "titles": ["Director Of Services", "Customer Engagement Manager"], "dates_employed": ["Feb 2021\u2013Jan 2022 1 yr", "Jul 2019\u2013Jan 2021 1 yr 7 mos"]}, {"company_name": "eLynx Technologies", "dates_employed": "Jul 2017\u2013Jun 2019 2 yrs", "location": "Tulsa, Oklahoma Area", "employment_duration": null, "title": "Data Analytics / Production Engineering"}, {"company_name": "Data Science Immersive Student", "employment_duration": "General Assembly", "titles": ["CitiBike: Bicycle Share Program"], "dates_employed": [null]}], "education": [{"institution": "Colorado School of Mines", "degree_details": {"degree_name": "Bachelor of Science (B.S.)", "field_of_study": "Petroleum Engineering", "dates_attended_or_expected_graduation": "2002 \u2013 2006"}}, {"institution": "General Assembly", "degree_details": {"degree_name": "Certificate", "field_of_study": "Data Science", "dates_attended_or_expected_graduation": "2016 \u2013 2016"}}], "employee_name": "iEt6r+4mWMBV/Q==*74HrrbXs+L/yDNu4/RNzsg==*j/Y8+21Kvlytl4Gh3B2pmg==*gi8FNo4TxunKRDal9g7VVw=="}, {"experience": [{"company_name": "Arundo Analytics AS", "dates_employed": "Oct 2021\u2013Present 8 mos", "location": "Oslo, Norway", "employment_duration": null, "title": "CFO and avid business builder"}, {"company_name": "Acton Capital AS", "dates_employed": "Dec 2015\u2013Present 6 yrs 6 mos", "location": "Oslo, Norway", "employment_duration": null, "title": "Founder and Chairman"}, {"company_name": "Arion banki", "dates_employed": "Nov 2017\u2013Present 4 yrs 7 mos", "location": "Reykjavik", "employment_duration": null, "title": "Board Member"}, {"company_name": "Cloud Insurance", "dates_employed": "May 2017\u2013Present 5 yrs 1 mo", "location": "Oslo Area, Norway", "employment_duration": null, "title": "Board Member"}, {"company_name": "The Norwegian-Icelandic Chamber of Commerce (Norsk-islandsk handelskammer)", "dates_employed": "May 2015\u2013Present 7 yrs 1 mo", "location": "Norway and Iceland", "employment_duration": null, "title": "Deputy Chairman"}], "education": [{"institution": "Thunderbird School of Global Management", "degree_details": {"degree_name": "Master of International Management", "field_of_study": "Finance", "dates_attended_or_expected_graduation": "1997 \u2013 1999"}}, {"institution": "Harvard University", "degree_details": {"degree_name": "FinTech Course - Executive Education Course", "field_of_study": "Finance and Financial Management Services", "dates_attended_or_expected_graduation": "2020 \u2013 2021"}}, {"institution": "Coastal Carolina University", "degree_details": {"degree_name": "Bachelor of Arts (B.A.)", "field_of_study": "International Business and Politics", "dates_attended_or_expected_graduation": "1992 \u2013 1995"}}], "employee_name": "Twe+DgQa8CXVHLCNocQi5+8hTDNwqXRNd+o5rKQX*unIClqSBvZU9m7h27DTkEQ==*cPYZz4m0pzH0qx37UDKi8w==*7uxMkMu5xfzMg1ITw5eKzg=="}, {"experience": [{"company_name": "Arundo Analytics", "employment_duration": "5 yrs 9 mos", "titles": ["Lead Data Scientist and Product Manager", "Lead Data Scientist and Product Specialist", "Data Science Lead for Research and Development", "Data Scientist"], "dates_employed": ["Apr 2021\u2013Present 1 yr 2 mos", "Sep 2020\u2013Apr 2021 8 mos", "Mar 2018\u2013Sep 2020 2 yrs 7 mos", "Sep 2016\u2013Mar 2018 1 yr 7 mos"]}, {"company_name": "ATLAS Experiment/Berkeley Lab", "employment_duration": "5 yrs 11 mos", "titles": ["Affiliate Researcher", "Postdoctoral Research Fellow"], "dates_employed": ["Oct 2015\u2013Aug 2016 11 mos", "Oct 2010\u2013Oct 2015 5 yrs 1 mo"]}], "education": [{"institution": "Imperial College London", "degree_details": {"degree_name": "Doctor of Philosophy (PhD)", "field_of_study": "Elementary Particle Physics", "dates_attended_or_expected_graduation": "2005 \u2013 2010"}}, {"institution": "University of Nottingham", "degree_details": {"degree_name": "Bachelor's degree", "field_of_study": "Phyiscs", "dates_attended_or_expected_graduation": "2002 \u2013 2005"}}], "employee_name": "+tbFpamEG2jTcmp0nQ==*aLwozZR+MJ+f/Rv6I1dabg==*XmqLM2UJVUf8wtLUkbG/Dg==*DNevtcDtx2bus34Je0yGTg=="}, {"experience": [{"company_name": "Arundo Analytics", "dates_employed": "Jan 2022\u2013Present 5 mos", "location": "Oslo, Norway", "employment_duration": null, "title": "Product Manager - Industrial Analytics & Data Science"}, {"company_name": "NorthTech AS", "dates_employed": "Apr 2019\u2013Present 3 yrs 2 mos", "location": "Oslo Area, Norway", "employment_duration": null, "title": "Managing Director"}, {"company_name": "Halogen", "dates_employed": "May 2021\u2013Nov 2021 7 mos", "location": "Oslo, Norway", "employment_duration": null, "title": "Business Development Manager - Digital Products & UX"}, {"company_name": "Co-Founder, Partner & Member of the Board", "employment_duration": "Simplifai", "titles": ["", "", "", ""], "dates_employed": [null, null, null, null]}, {"company_name": "Product Manager - Digital Transformation", "employment_duration": "Wilhelmsen group", "titles": ["New service launch by Wilhelmsen Ships Service"], "dates_employed": [null]}], "education": [{"institution": "Cass Business School", "degree_details": {"degree_name": "Master of Science - MSc", "field_of_study": "Energy, Trade & Finance", "dates_attended_or_expected_graduation": "2014 \u2013 2015"}}, {"institution": "Suffolk University - Sawyer Business School", "degree_details": {"degree_name": "International Entrepreneurship Program", "field_of_study": "Boston, USA", "dates_attended_or_expected_graduation": "2010 \u2013 2011"}}, {"institution": "Norwegian University of Science and Technology (NTNU)", "degree_details": {"degree_name": "Bachelor's Degree", "field_of_study": "Innovation Management & Entrepreneurship", "dates_attended_or_expected_graduation": "2008 \u2013 2011"}}], "employee_name": "szEWztfQAwoR2EOru1Greg==*cT17It7LslADIp0i80FMMA==*ie/F9cvHuVMkHiMKVdYNaQ==*5AxpZfnNkKd4h8RXlVUopw=="}, {"experience": [{"company_name": "Arundo Analytics", "dates_employed": "Nov 2021\u2013Present 7 mos", "location": "Houston, Texas, United States", "employment_duration": null, "title": "Director of Sales"}, {"company_name": "Cotabo", "dates_employed": "Aug 2020\u2013Oct 2021 1 yr 3 mos", "location": "Houston, Texas, United States", "employment_duration": null, "title": "Director, Business Development"}, {"company_name": "Arundo Analytics", "employment_duration": "1 yr 10 mos", "titles": ["Director, Business Development", "Global Business Development"], "dates_employed": ["May 2019\u2013May 2020 1 yr 1 mo", "Aug 2018\u2013May 2019 10 mos"]}, {"company_name": "IDERA Software", "dates_employed": "Oct 2015\u2013May 2018 2 yrs 8 mos", "location": "Houston, Texas", "employment_duration": null, "title": "Senior Sales Executive - Enterprise Solutions"}, {"company_name": "Eatology", "dates_employed": "May 2013\u2013Dec 2014 1 yr 8 mos", "location": "Bryan/College Station, Texas Area", "employment_duration": null, "title": "Chief Operations/Marketing Officer"}], "education": [{"institution": "Texas A&M University", "degree_details": {"degree_name": "Bachelor of Science", "field_of_study": "Applied Exercise Physiology", "dates_attended_or_expected_graduation": "2004 \u2013 2009"}}, {"institution": "Texas A&M Health Science Center", "degree_details": {"degree_name": "Master\u2019s Degree", "field_of_study": "Healthcare Administration", "dates_attended_or_expected_graduation": null}}], "employee_name": "bBScC9z10EQbUXF2*fzL5asc9vIB+qrjbWkb2yg==*oQV2vK/lBC32Y4HS1uaY5A==*PF4xYoNaV9/dtCWhf5eGFw=="}, {"experience": [{"company_name": "Arundo Analytics", "dates_employed": "Nov 2021\u2013Present 7 mos", "location": null, "employment_duration": null, "title": "Manager of IT and IT Security"}, {"company_name": "EZLY NORGE AS", "dates_employed": "Nov 2019\u2013Nov 2021 2 yrs 1 mo", "location": null, "employment_duration": null, "title": "IT Operations Manager"}, {"company_name": "Lloyd's Register", "dates_employed": "Oct 2014\u2013Oct 2019 5 yrs 1 mo", "location": null, "employment_duration": null, "title": "Senior IT Consultant/Project Manager"}, {"company_name": "SPAN INFOTECH", "dates_employed": "Feb 2010\u2013Sep 2014 4 yrs 8 mos", "location": null, "employment_duration": null, "title": "Sr. Consultant/Project Leader"}, {"company_name": "InterGlobe Technologies Ltd", "dates_employed": "Apr 2008\u2013Feb 2010 1 yr 11 mos", "location": null, "employment_duration": null, "title": "Network Engineer"}], "education": [{"institution": "National Institute of Information Technology", "degree_details": {"degree_name": "GNIIT, 3 Years Information Technology Program.", "field_of_study": "Information Technology", "dates_attended_or_expected_graduation": null}}, {"institution": "Kuvempu University", "degree_details": {"degree_name": "Master of Science in Information Technology (MSc IT)", "field_of_study": "Information Technology", "dates_attended_or_expected_graduation": null}}, {"institution": "Symbiosis", "degree_details": {"degree_name": "Post Graduate Diploma in Information Technology (PGDIT)", "field_of_study": "Information Technology", "dates_attended_or_expected_graduation": null}}], "employee_name": "HhJcJ8ea1t3SkydDaAsL*IYXQcx2lH/89vLBC4gck3g==*BtMg3WxJOwyYuphY2z/K4A==*kQ0lcSch4IGOaFnZ8pYqBg=="}, {"experience": [{"company_name": "Arundo Analytics", "employment_duration": "2 yrs 10 mos", "titles": ["GM & Vice President - Americas", "Director - Oil & Gas Business Development"], "dates_employed": ["Nov 2020\u2013Present 1 yr 7 mos", "Aug 2019\u2013Nov 2020 1 yr 4 mos"]}, {"company_name": "eLynx Technologies", "dates_employed": "Sep 2016\u2013Jul 2019 2 yrs 11 mos", "location": "Houston, Texas Area", "employment_duration": null, "title": "Senior Account Executive"}, {"company_name": "ZEiTECS a Schlumberger Company", "dates_employed": "Dec 2014\u2013Aug 2016 1 yr 9 mos", "location": "Houston, Texas Area", "employment_duration": null, "title": "Sales & Operations Manager - Latin America"}, {"company_name": "Zeitecs", "dates_employed": "Sep 2011\u2013Dec 2014 3 yrs 4 mos", "location": "Quito, Ecuador", "employment_duration": null, "title": "Sales and Operations Manager - Latin America"}, {"company_name": "Zeitecs Inc.", "dates_employed": "Nov 2009\u2013Jul 2012 2 yrs 9 mos", "location": "Houston, Texas Area", "employment_duration": null, "title": "Project Engineer"}], "education": [{"institution": "The University of Texas at Austin", "degree_details": {"field_of_study": "Engineering", "dates_attended_or_expected_graduation": "2004 \u2013 2005", "degree_name": null}}, {"institution": "Austin Community College", "degree_details": {"field_of_study": "General Studies", "dates_attended_or_expected_graduation": "2003 \u2013 2004", "degree_name": null}}, {"institution": "U.S Navy", "degree_details": {"field_of_study": "Nuclear Propulsion/Reactor/Weapons", "dates_attended_or_expected_graduation": "1997 \u2013 2003", "degree_name": null}}], "employee_name": "6eX+0pD8AMdO6l1+*qu+Km4/xz7ovEa/7AazdEQ==*RCZf9MikqK7Kl/6SLt9eYg==*QS6EptTqpV5mks9YutKqXw=="}, {"experience": [{"company_name": "Arundo Analytics", "dates_employed": "May 2022\u2013Present 1 mo", "location": "Stockholm, Stockholm County, Sweden", "employment_duration": null, "title": "Delivery Director"}, {"company_name": "Business Sweden", "employment_duration": "9 yrs 9 mos", "titles": ["Head of Digitalization", "Office Manager, Bangalore", "Senior Project Manager", "Project Manager and responsible Business Area Industrial Equipment & Vehicles"], "dates_employed": ["Jan 2017\u2013May 2022 5 yrs 5 mos", "Sep 2014\u2013Dec 2016 2 yrs 4 mos", "Apr 2014\u2013Sep 2014 6 mos", "Sep 2012\u2013Apr 2014 1 yr 8 mos"]}, {"company_name": "McKinsey & Company", "dates_employed": "Sep 2008\u2013Aug 2012 4 yrs", "location": null, "employment_duration": null, "title": "Engagement Manager"}, {"company_name": "Accenture", "dates_employed": "Dec 2005\u2013Sep 2008 2 yrs 10 mos", "location": null, "employment_duration": null, "title": "Consultant"}, {"company_name": "Gunnebo Physical Security", "dates_employed": "Apr 2005\u2013Sep 2005 6 mos", "location": null, "employment_duration": null, "title": "Diplomand"}], "education": [{"institution": "Chalmers University of Technology", "degree_details": {"degree_name": "MSc", "field_of_study": "Technology Management and Economics", "dates_attended_or_expected_graduation": "2000 \u2013 2005"}}, {"institution": "Universit\u00e0 per Stranieri di Perugia", "degree_details": {"degree_name": "Quarto", "field_of_study": "Italian", "dates_attended_or_expected_graduation": "2003 \u2013 2004"}}, {"institution": "BSG", "degree_details": {"dates_attended_or_expected_graduation": "1996 \u2013 1999", "degree_name": null, "field_of_study": null}}], "employee_name": "+/7BpqNy1tbzBfth82cmgQw=*SY3DYvLYBa6EiASUWlvMKw==*lV8E4gn9YWI55sg37GAXMg==*PLnY9wVEIIIv+V/06qIFyg=="}, {"experience": [{"company_name": "Arundo Analytics", "dates_employed": "Jun 2017\u2013Present 5 yrs", "location": "Oslo, Norway", "employment_duration": null, "title": "VP Strategy & Business Development"}, {"company_name": "Aditum Data", "dates_employed": "Oct 2021\u2013Present 8 mos", "location": "Oslo, Norway", "employment_duration": null, "title": "Strategic Advisor"}, {"company_name": "EVRY Group", "dates_employed": "Oct 2016\u2013Dec 2016 3 mos", "location": "Oslo Area, Norway", "employment_duration": null, "title": "Senior Vice President"}, {"company_name": "InfoCare", "dates_employed": "Aug 2013\u2013Sep 2016 3 yrs 2 mos", "location": "Oslo Area, Norway", "employment_duration": null, "title": "Managing Director, Installation Services Scandinavia"}, {"company_name": "Norwegian Ministry of Justice and Public Security", "dates_employed": "Nov 2012\u2013Jun 2013 8 mos", "location": null, "employment_duration": null, "title": "Head Of Secretariat"}], "education": [{"institution": "Norwegian University of Science and Technology (NTNU)", "degree_details": {"degree_name": "Master of Science (M.Sc.)", "field_of_study": "Applied Mathematics", "dates_attended_or_expected_graduation": "1994 \u2013 1999"}}], "employee_name": "UNbVcUJvvYLbAgdQrIuRvso=*LcLst0NaPvfax2V4PkZMSg==*0XkM79f+CrpT+Bc0XiwHpw==*FKQjdMqM/XpmfzuBAa0DNQ=="}, {"experience": [{"company_name": "Komplett Group", "dates_employed": "Jun 2019\u2013Present 3 yrs", "location": "Sandefjord, Vestfold, Norge", "employment_duration": null, "title": "Board Member"}, {"company_name": "NIO Fondsm\u00e6glerselskab A/S", "dates_employed": "Jul 2020\u2013Present 1 yr 11 mos", "location": "Copenhagen, Capital Region, Denmark", "employment_duration": null, "title": "Board Member"}, {"company_name": "LER Invest", "dates_employed": "Aug 2018\u2013Present 3 yrs 10 mos", "location": "Oslo, Norway", "employment_duration": null, "title": "Board Chair"}, {"company_name": "Ragde Partner Invest", "dates_employed": "Aug 2018\u2013Present 3 yrs 10 mos", "location": "Oslo, Norway", "employment_duration": null, "title": "Board Chair"}, {"company_name": "Nordic Padel Holding", "dates_employed": "Jan 2021\u2013Present 1 yr 5 mos", "location": "Oslo, Norway", "employment_duration": null, "title": "Board Chair"}], "education": [{"institution": "INSEAD", "degree_details": {"degree_name": "MBA", "field_of_study": "MBA", "dates_attended_or_expected_graduation": "1996 \u2013 1996"}}, {"institution": "St. John's University", "degree_details": {"degree_name": "Bachelor\u2019s Degree", "field_of_study": "Finance, General", "dates_attended_or_expected_graduation": "1990 \u2013 1993"}}, {"institution": "Berg Videreg\u00e5ende Skole", "degree_details": {"dates_attended_or_expected_graduation": "1986 \u2013 1989", "degree_name": null, "field_of_study": null}}], "employee_name": "1FAl5MeDrXxbP2bHjI4xQG8mrjM=*MdC8WqDwVcXKN+kSzm/aqQ==*3AGYlTb+YlWuMk84lTcbHQ==*M51DMWpySUr4P9dSPj2hpg=="}, {"experience": [{"company_name": "OMEGA VENTURE PARTNERS", "dates_employed": "Aug 2019\u2013Present 2 yrs 10 mos", "location": null, "employment_duration": null, "title": "Partner"}, {"company_name": "Starling Trust Sciences", "dates_employed": "Sep 2019\u2013Present 2 yrs 9 mos", "location": null, "employment_duration": null, "title": "Advisory Board Member"}, {"company_name": "Arundo Analytics", "dates_employed": "Sep 2018\u2013Present 3 yrs 9 mos", "location": null, "employment_duration": null, "title": "Board Member"}, {"company_name": "MIT Sloan School of Mgmt", "dates_employed": "Sep 1983\u2013Present 38 yrs 9 mos", "location": null, "employment_duration": null, "title": "Professor"}, {"company_name": "Xerox Palo Alto Research Center (PARC)", "dates_employed": "Sep 1979\u2013Sep 1983 4 yrs 1 mo", "location": null, "employment_duration": null, "title": "Member of Research Staff"}], "education": [{"institution": "Stanford University", "degree_details": {"dates_attended_or_expected_graduation": "1975 \u2013 1980", "degree_name": null, "field_of_study": null}}, {"institution": "Rice University", "degree_details": {"dates_attended_or_expected_graduation": null, "degree_name": null, "field_of_study": null}}], "employee_name": "zxv/5rf2ZE259d0x7A==*kUdFHI4vBKY8wRw0Ubma7w==*ZRmzyrtonVWmuc5xkzpjAg==*nXDHvllt7UN6rVwCVIiOHg=="}, {"experience": [{"company_name": "Antler", "dates_employed": "Jan 2018\u2013Present 4 yrs 5 mos", "location": "Singapore, Singapore", "employment_duration": null, "title": "Chairman Of The Board"}, {"company_name": "Trioworld", "dates_employed": "Jan 2019\u2013Present 3 yrs 5 mos", "location": "Sm\u00e5landsstenar, Sweden", "employment_duration": null, "title": "Chairman Of The Board"}, {"company_name": "TM Partnership Ltd, UK", "dates_employed": "Mar 2017\u2013Present 5 yrs 3 mos", "location": "London, England, United Kingdom", "employment_duration": null, "title": "Founder and CEO"}, {"company_name": "Viking Cruises", "dates_employed": "Aug 2020\u2013Present 1 yr 10 mos", "location": "Bermuda", "employment_duration": null, "title": "Board Member"}, {"company_name": "McKinsey & Company", "dates_employed": "Mar 2017\u2013Present 5 yrs 3 mos", "location": null, "employment_duration": null, "title": "Director Emeritus"}], "education": [{"institution": "Harvard Business School", "degree_details": {"degree_name": "MBA", "field_of_study": "International Business", "dates_attended_or_expected_graduation": "1980 \u2013 1982"}}, {"institution": "Norwegian School of Economics (NHH)", "degree_details": {"degree_name": "Sivil\u00f8konom", "field_of_study": "International Economics", "dates_attended_or_expected_graduation": "1976 \u2013 1980"}}], "employee_name": "KUMRP7kWz7MYDTz7*NsrIaT0WPALGHkPR8tJdjA==*7IaaoGvxJKdYOcOBkjJVMg==*Y3uxYcBaz21Ng0yD7nm+2w=="}, {"experience": [{"company_name": "Arundo Analytics", "dates_employed": "Sep 2021\u2013Present 9 mos", "location": "Houston, Texas, United States", "employment_duration": null, "title": "Software Engineer"}, {"company_name": "Trilogy Education", "dates_employed": "Aug 2018\u2013Present 3 yrs 10 mos", "location": null, "employment_duration": null, "title": "Teaching Assistant"}, {"company_name": "Wakefern Food Corp.", "employment_duration": "3 yrs 5 mos", "titles": ["Program Analyst", "Associate Programmer"], "dates_employed": ["Oct 2019\u2013Sep 2021 2 yrs", "May 2018\u2013Oct 2019 1 yr 6 mos"]}, {"company_name": "Trilogy Education", "dates_employed": "Apr 2019\u2013Jul 2019 4 mos", "location": "Greater New York City Area", "employment_duration": null, "title": "Mentor/Instructor"}, {"company_name": "Gibson Brands, Inc.", "dates_employed": "Jun 2015\u2013May 2018 3 yrs", "location": "New York, NY", "employment_duration": null, "title": "Entertainment Relations"}], "education": [{"institution": "Grand Canyon University", "degree_details": {"degree_name": "Master of Science - MS", "field_of_study": "Computer Science", "dates_attended_or_expected_graduation": "2021 \u2013 2023"}}, {"institution": "Rutgers University", "degree_details": {"degree_name": "Continuing Education Certificate", "field_of_study": "Full Stack Web Development", "dates_attended_or_expected_graduation": "2017 \u2013 2018"}}, {"institution": "Marist College", "degree_details": {"degree_name": "BA", "field_of_study": "Communications - Radio, Television, Film", "dates_attended_or_expected_graduation": "2008 \u2013 2012"}}], "employee_name": "5NBCTTfkFd1WeWsx*oPEuH5dtpMvi+dCcINkrNQ==*2lSkcU0CInN5wmBSw1F6Rg==*O2zNVod2HrGTLtPct/5QDw=="}, {"experience": [{"company_name": "Technical Sales Manager", "employment_duration": "Arundo Analytics", "titles": ["Arundo.png"], "dates_employed": [null]}, {"company_name": "Junglemap", "dates_employed": "Sep 2020\u2013Sep 2021 1 yr 1 mo", "location": "Oslo, Oslo, Norway", "employment_duration": null, "title": "Global Sales Director"}, {"company_name": "CityQ - Join our team in Germany!", "employment_duration": "1 yr 6 mos", "titles": ["Strategy Business Development", "Sales and Business Development Manager"], "dates_employed": ["Sep 2020\u2013Aug 2021 1 yr", "Mar 2020\u2013Sep 2020 7 mos"]}, {"company_name": "Inside Sales Manager", "employment_duration": "Keystone Academic Solutions", "titles": ["Keystone Academic Solutions"], "dates_employed": [null]}, {"company_name": "International Travel Network", "dates_employed": "Dec 2016\u2013Feb 2019 2 yrs 3 mos", "location": "Riga, Latvia", "employment_duration": null, "title": "Senior Sales Executive"}], "education": [{"institution": "R\u012bgas Tehnisk\u0101 universit\u0101te (Riga Technical University)", "degree_details": {"degree_name": "Master Degree of Engineering Science", "field_of_study": "Computer Systems", "dates_attended_or_expected_graduation": "2016 \u2013 2019"}}, {"institution": "R\u012bgas Tehnisk\u0101 universit\u0101te (Riga Technical University)", "degree_details": {"degree_name": "Business Analyst Certificate", "field_of_study": "Business Informatics", "dates_attended_or_expected_graduation": "2018 \u2013 2019"}}, {"institution": "Universit\u00e9 de Mostaganem", "degree_details": {"degree_name": "Bachelor Degree ( Licence -LMD)", "field_of_study": "Mathematics and Computer Science", "dates_attended_or_expected_graduation": "2013 \u2013 2016"}}], "employee_name": "zDyYVvGtoilPn0Kvr6g=*vfoArTwq68T+RPo1jWtNyQ==*gIgOk6JfApIhmhhWniKFEA==*iANdSvkqohr53O4jbHXaBQ=="}, {"experience": [{"company_name": "Arundo Analytics", "employment_duration": "1 yr 5 mos", "titles": ["Delivery Manager", "Delivery Lead EMEA"], "dates_employed": ["Feb 2022\u2013Present 4 mos", "Jan 2021\u2013Feb 2022 1 yr 2 mos"]}, {"company_name": "Oceaneering Asset Integrity", "employment_duration": "3 yrs 1 mo", "titles": ["Specialist", "Senior Engineer"], "dates_employed": ["Dec 2019\u2013Jan 2021 1 yr 2 mos", "Jan 2018\u2013Dec 2019 2 yrs"]}, {"company_name": "Paul Scherrer Institut PSI", "dates_employed": "Apr 2013\u2013Mar 2017 4 yrs", "location": null, "employment_duration": null, "title": "PHD Researcher"}, {"company_name": "Indian Institute of Technology, Madras", "dates_employed": "Jan 2010\u2013Jan 2011 1 yr 1 mo", "location": null, "employment_duration": null, "title": "Bachelor Thesis"}], "education": [{"institution": "ETH Z\u00fcrich", "degree_details": {"degree_name": "Doctor of Philosophy (PhD)", "field_of_study": "Atmospheric Physics and Chemistry", "dates_attended_or_expected_graduation": "2013 \u2013 2017"}}, {"institution": "Carnegie Mellon University", "degree_details": {"degree_name": "Master of Science (MSc)", "field_of_study": "Chemical Engineering", "dates_attended_or_expected_graduation": "2011 \u2013 2013"}}], "employee_name": "DjeUNZPB1yMtwLL5B4A=*AQe/xf/3jk/UBt7+PIpePw==*hSDT2uUH4NKgtm20oHlUXA==*rFiUu0wn4Ft3T1VYNWVBzQ=="}, {"experience": [{"company_name": "Arundo Analytics", "dates_employed": "Sep 2021\u2013Present 9 mos", "location": null, "employment_duration": null, "title": "Director of Delivery"}, {"company_name": "Cycle Petroleum", "dates_employed": "Oct 2018\u2013Sep 2021 3 yrs", "location": null, "employment_duration": null, "title": "Founder, Chief Technology Officer"}, {"company_name": "Foxgeo", "dates_employed": "Feb 2018\u2013Sep 2021 3 yrs 8 mos", "location": null, "employment_duration": null, "title": "Partner, Exploration Advisor"}, {"company_name": "Electromagnetic Geoservices ASA", "employment_duration": "7 yrs", "titles": ["Head of Customer Solutions", "Product Champion: New Products & Integration Technology", "Exploration Advisor"], "dates_employed": ["Jul 2016\u2013Feb 2018 1 yr 8 mos", "Aug 2013\u2013Jul 2016 3 yrs", "Mar 2011\u2013Jul 2013 2 yrs 5 mos"]}, {"company_name": "MicroSeismic, Inc", "dates_employed": "Oct 2010\u2013Mar 2011 6 mos", "location": "Houston, Texas Area", "employment_duration": null, "title": "Director of Project Management"}], "education": [{"institution": "University of Cambridge", "degree_details": {"degree_name": "MSci", "field_of_study": "Geology & Geophysics", "dates_attended_or_expected_graduation": "1996 \u2013 2000"}}, {"institution": "University of Southampton", "degree_details": {"degree_name": "PhD", "field_of_study": "Marine ElectroMagnetics", "dates_attended_or_expected_graduation": "2000 \u2013 2004"}}], "employee_name": "5HTi49DclFMWNavKXLQ=*9F4o0YDFMI+g8eMRQtQHNg==*L/0LK1tNc5s/pnGICpOKQQ==*NCyuR5/GFqCbskyDL2/6eQ=="}, {"experience": [{"company_name": "Arundo Analytics", "dates_employed": "Nov 2021\u2013Present 7 mos", "location": "Oslo, Norway", "employment_duration": null, "title": "Data Scientist"}, {"company_name": "FTET Technology", "dates_employed": "Sep 2020\u2013Nov 2021 1 yr 3 mos", "location": "Kocaeli, Turkey", "employment_duration": null, "title": "Artificial Intelligence Software Engineer"}, {"company_name": "AVL", "employment_duration": "2 yrs 3 mos", "titles": ["Senior Data Scientist", "Data Scientist"], "dates_employed": ["Jan 2020\u2013Sep 2020 9 mos", "Jul 2018\u2013Jan 2020 1 yr 7 mos"]}, {"company_name": "Sabanc\u0131 \u00dcniversitesi", "dates_employed": "Sep 2011\u2013Aug 2016 5 yrs", "location": "Istanbul, Turkey", "employment_duration": null, "title": "Researcher PHD Student"}, {"company_name": "Sabanc\u0131 \u00dcniversitesi", "dates_employed": "Sep 2011\u2013Aug 2016 5 yrs", "location": "Istanbul, Turkey", "employment_duration": null, "title": "Graduate Teaching Assistant"}], "education": [{"institution": "Sabanci University", "degree_details": {"degree_name": "Doctor of Philosophy - PhD", "field_of_study": "Physics", "dates_attended_or_expected_graduation": "2011 \u2013 2016"}}], "employee_name": "45Dlk8pepxSGitVvv5z1gLIK*f/r7Dqa1EPanZyXQNRbZdA==*qfO34SlVaKRvQx7OscJYPA==*4/q3f1LdLICnMX80WyCfdw=="}, {"experience": [{"company_name": "Arundo Analytics", "dates_employed": "Sep 2021\u2013Present 9 mos", "location": "Oslo, Norway", "employment_duration": null, "title": "TA Specialist"}, {"company_name": "Mati", "dates_employed": "May 2020\u2013Sep 2021 1 yr 5 mos", "location": "Remote", "employment_duration": null, "title": "Talent Team"}, {"company_name": "Bolder AS", "employment_duration": "2 yrs 8 mos", "titles": ["Organizational Development Coordinator", "Intern"], "dates_employed": ["Sep 2018\u2013Jan 2021 2 yrs 5 mos", "Jun 2018\u2013Sep 2018 4 mos"]}, {"company_name": "Dino Systems", "dates_employed": "Mar 2016\u2013Aug 2018 2 yrs 6 mos", "location": "Remote", "employment_duration": null, "title": "Recruitment Consultant"}, {"company_name": "PepsiCo", "dates_employed": "Oct 2014\u2013Mar 2016 1 yr 6 mos", "location": "Saint Petersburg, Russian Federation", "employment_duration": null, "title": "Talent Acquisition Supervisor"}], "education": [{"institution": "University of Stavanger", "degree_details": {"degree_name": "Master of Business Administration - MBA", "field_of_study": "Management of Innovations", "dates_attended_or_expected_graduation": "2017 \u2013 2020"}}, {"institution": "Baltic State Technical University \"VOENMEH\" named after D.F. Ustinov", "degree_details": {"degree_name": "Bachelor's degree", "field_of_study": "Business Administration and Management", "dates_attended_or_expected_graduation": "2003 \u2013 2007"}}, {"institution": "Baltic State Technical University \"VOENMEH\" named after D.F. Ustinov", "degree_details": {"degree_name": "Bachelor's degree", "field_of_study": "Political Science", "dates_attended_or_expected_graduation": "2001 \u2013 2006"}}], "employee_name": "G1o7OjvuZVNU8YNyTA==*G+N/QZlI9DoCRYzMr9K9IQ==*EosSbqoYKtIZRiKdDwOfjQ==*qyINzyyFu7NHP352AUi52w=="}, {"experience": [{"company_name": "Arundo Analytics", "employment_duration": "1 yr 1 mo", "titles": ["Technical Lead", "Senior Software Engineer"], "dates_employed": ["Jan 2022\u2013Present 5 mos", "May 2021\u2013Jan 2022 9 mos"]}, {"company_name": "Tenable", "dates_employed": "Oct 2017\u2013May 2021 3 yrs 8 mos", "location": "Dublin, Ireland", "employment_duration": null, "title": "Senior Software Engineer / Scrum Master"}, {"company_name": "Oracle", "dates_employed": "Mar 2017\u2013Sep 2017 7 mos", "location": "Dublin, Ireland", "employment_duration": null, "title": "Senior Software Developer"}, {"company_name": "BetBright", "dates_employed": "Apr 2015\u2013Mar 2017 2 yrs", "location": "Dublin, Ireland", "employment_duration": null, "title": "Software Developer"}, {"company_name": "Freelance", "dates_employed": "Apr 2010\u2013Mar 2015 5 yrs", "location": null, "employment_duration": null, "title": "Software Engineer"}], "education": [{"institution": "Cornell University", "degree_details": {"degree_name": "Engineering Leadership Certificate", "dates_attended_or_expected_graduation": "2020 \u2013 2020", "field_of_study": null}}, {"institution": "Academy of marketing and information technologies", "degree_details": {"degree_name": "Bachelor's degree", "dates_attended_or_expected_graduation": "2008 \u2013 2011", "field_of_study": null}}], "employee_name": "cqOrIMtrYxjCeN8iq4rPSQ==*YtreNy+xt3iURPbyrVym7Q==*ormRl7RgzoM2Iy5xpczPbQ==*JrYAbmSO3Cgfc/6nn/kbqQ=="}, {"experience": [{"company_name": "Arundo Analytics", "employment_duration": "9 mos", "titles": ["Data Scientist", "Junior Data Scientist"], "dates_employed": ["Feb 2022\u2013Present 4 mos", "Sep 2021\u2013Feb 2022 6 mos"]}, {"company_name": "Texas A&M University", "dates_employed": "Jul 2016\u2013May 2021 4 yrs 11 mos", "location": null, "employment_duration": null, "title": "Graduate Research And Teaching Assistant"}], "education": [{"institution": "Texas A&M University", "degree_details": {"degree_name": "Doctor of Philosophy (PhD)", "field_of_study": "Astronomy and Astrophysics", "dates_attended_or_expected_graduation": "2016 \u2013 2021"}}, {"institution": "Texas A&M University", "degree_details": {"degree_name": "Master's degree", "field_of_study": "Astronomy", "dates_attended_or_expected_graduation": "2016 \u2013 2019"}}, {"institution": "Texas A&M University-Commerce", "degree_details": {"degree_name": "Bachelor of Science - BS", "field_of_study": "Physics and Mathematics", "dates_attended_or_expected_graduation": "2013 \u2013 2016"}}], "employee_name": "U9gxaz7Up+N+Y74=*CKdcoD4cOIhJYhw0ZXpIdA==*r5BaWD8yH4ij5qJYgTrXjA==*rWwEA5peUx1XrUFFYpCAgw=="}, {"experience": [{"company_name": "Arundo Analytics", "dates_employed": "Nov 2021\u2013Present 7 mos", "location": "Oslo, Norway", "employment_duration": null, "title": "Group Financial Controller"}, {"company_name": "KPMG Norway", "dates_employed": "May 2018\u2013Nov 2021 3 yrs 7 mos", "location": "Oslo, Oslo, Norway", "employment_duration": null, "title": "Senior Assurance Associate"}, {"company_name": "Brady Ware & Company", "dates_employed": "Jul 2017\u2013Apr 2018 10 mos", "location": "Columbus, Ohio", "employment_duration": null, "title": "Assurance Associate"}, {"company_name": "RSM US LLP", "dates_employed": "Oct 2015\u2013May 2017 1 yr 8 mos", "location": "80 City Square Boston, MA", "employment_duration": null, "title": "Assurance Associate"}, {"company_name": "State Street", "dates_employed": "Apr 2015\u2013Oct 2015 7 mos", "location": null, "employment_duration": null, "title": "Accounting Officer"}], "education": [{"institution": "Concordia University-Wisconsin", "degree_details": {"degree_name": "Bachelor's of Science", "field_of_study": "Accounting and Finance", "dates_attended_or_expected_graduation": "2010 \u2013 2014"}}, {"institution": "Notre Dame Preparatory", "degree_details": {"dates_attended_or_expected_graduation": "2004 \u2013 2008", "degree_name": null, "field_of_study": null}}], "employee_name": "iFFPghXff8tnKK4QX6gDu29rhAI=*nzpbAUZujspICHUTRmpi3w==*k+NAo76kM7bB5LsjjKYYYw==*rF7eRqVOBdM7AmlISxd20g=="}, {"experience": [{"company_name": "Arundo Analytics", "dates_employed": "Jul 2018\u2013Present 3 yrs 11 mos", "location": null, "employment_duration": null, "title": "Vice President"}], "education": null, "employee_name": "G2/TjzlokIs=*UxhMl5dxM0OtolwdLYGOIA==*kM0meXn4k6LFrTIhu8c7nA==*CEf0tPv3gremebVLy0/N2A=="}, {"experience": [{"company_name": "Product Designer", "employment_duration": "Arundo Analytics", "titles": ["", "", ""], "dates_employed": [null, null, null]}, {"company_name": "Product Designer", "employment_duration": "Olmsted Linear Park Alliance", "titles": ["LinearPark Mobile App"], "dates_employed": [null]}, {"company_name": "Visual and Web Designer / Developer", "employment_duration": "Georgia Institute of Technology", "titles": ["GVU Center"], "dates_employed": [null]}, {"company_name": "UX Firm", "dates_employed": "Nov 2018\u2013Feb 2019 4 mos", "location": "Greater Atlanta Area", "employment_duration": null, "title": "Web Designer"}, {"company_name": "Georgia Institute of Technology", "dates_employed": "Jan 2018\u2013May 2018 5 mos", "location": "Greater Atlanta Area", "employment_duration": null, "title": "Graduate Assistant"}], "education": [{"institution": "Georgia Institute of Technology", "degree_details": {"degree_name": "Master of Science - MS", "field_of_study": "Human Computer Interaction", "dates_attended_or_expected_graduation": "2017 \u2013 2019"}}, {"institution": "Donghua University", "degree_details": {"degree_name": "Bachelor of Arts (B.A.)", "field_of_study": "Industrial and Product Design", "dates_attended_or_expected_graduation": "2012 \u2013 2016"}}], "employee_name": "NcBoNr2VZvjoudZx*Ytl/KeqI8S66LqVyNhSSKQ==*b2ZoqZksxCo1F11dPih7GQ==*rpyD8Qt4ocxk1qzGkeK3iA=="}, {"experience": [{"company_name": "Arundo Analytics", "dates_employed": "Apr 2022\u2013Present 2 mos", "location": "Oslo, Norway", "employment_duration": null, "title": "Data Scientist"}, {"company_name": "WattWorker", "employment_duration": "1 yr 5 mos", "titles": ["Optimization Modeling Specialist", "Optimization Modelling Specialist"], "dates_employed": ["Jan 2021\u2013Mar 2022 1 yr 3 mos", "Nov 2020\u2013Jan 2021 3 mos"]}, {"company_name": "University of Warwick", "employment_duration": "4 yrs", "titles": ["PhD", "Graduate Teaching Assistant"], "dates_employed": ["Oct 2016\u2013Sep 2020 4 yrs", "Oct 2016\u2013Mar 2020 3 yrs 6 mos"]}, {"company_name": "Alumni Scuola Galileiana di Studi Superiori", "dates_employed": "Feb 2016\u2013May 2016 4 mos", "location": "Padova Area, Italy", "employment_duration": null, "title": "Partner for \"Fare Ricerca mai cos\u00ec facile\""}], "education": [{"institution": "University of Warwick", "degree_details": {"degree_name": "Doctor of Philosophy - PhD", "field_of_study": "Mathematics", "dates_attended_or_expected_graduation": "2016 \u2013 2020"}}, {"institution": "Scuola Galileiana", "degree_details": {"degree_name": "Honor's College Diploma", "field_of_study": "Class of Natural Sciences", "dates_attended_or_expected_graduation": "2011 \u2013 2016"}}, {"institution": "Pierre and Marie Curie University", "degree_details": {"degree_name": "Erasmus Programme", "field_of_study": "Math\u00e9matiques (M2)", "dates_attended_or_expected_graduation": "2015 \u2013 2016"}}], "employee_name": "9bTMFk3Q7PeunPCnIXr6L29SRFw=*yzPq93W/N00sNEggLBZ/cw==*e7+J51oMK2jwLOH3aLYfGw==*qQOtEBC5DQocVFXYAaORaA=="}, {"experience": [{"company_name": "Targovax ASA", "dates_employed": "May 2020\u2013Present 2 yrs 1 mo", "location": "Oslo, Norway", "employment_duration": null, "title": "Office Manager"}, {"company_name": "Arundo Analytics", "dates_employed": "May 2018\u2013Present 4 yrs 1 mo", "location": "Oslo", "employment_duration": null, "title": "Office Manager"}, {"company_name": "EQT Partners/EQT AB", "dates_employed": "May 2016\u2013Apr 2018 2 yrs", "location": null, "employment_duration": null, "title": "Office Manager"}, {"company_name": "Telia Norge", "dates_employed": "Jan 2010\u2013Apr 2016 6 yrs 4 mos", "location": null, "employment_duration": null, "title": "PA to CTO"}], "education": null, "employee_name": "c0G0OpfTmV7wOOaGfqDP8A==*DRguyRTTuIcped85gAyraw==*4BtO7NoVz9BnHhY0jmj06g==*N8BaAaRlLy9hUZspFPl82Q=="}, {"experience": [{"company_name": "Arundo Analytics", "employment_duration": "3 yrs 2 mos", "titles": ["Delivery Manager", "Delivery Lead"], "dates_employed": ["Jan 2021\u2013Present 1 yr 5 mos", "Apr 2019\u2013Dec 2020 1 yr 9 mos"]}, {"company_name": "PinnacleART", "dates_employed": "Aug 2016\u2013Aug 2018 2 yrs 1 mo", "location": "Pasadena, TX", "employment_duration": null, "title": "Project Engineer"}, {"company_name": "ConocoPhillips", "employment_duration": "3 yrs 7 mos", "titles": ["Subsurface Project Lead - Eagle Ford", "Production Engineer", "Facilities Engineering Intern"], "dates_employed": ["Apr 2015\u2013Nov 2015 8 mos", "Jun 2013\u2013Apr 2015 1 yr 11 mos", "May 2012\u2013Aug 2012 4 mos"]}, {"company_name": "Rice University", "dates_employed": "Jan 2012\u2013May 2012 5 mos", "location": "Houston, Texas", "employment_duration": null, "title": "Undergraduate Researcher"}, {"company_name": "ConocoPhillips", "dates_employed": "Jun 2011\u2013Aug 2011 3 mos", "location": "Houston, Texas", "employment_duration": null, "title": "Production Engineering Intern"}], "education": [{"institution": "Harvard University", "degree_details": {"degree_name": "Master's degree", "field_of_study": "Management", "dates_attended_or_expected_graduation": "2016 \u2013 2018"}}, {"institution": "HBX | Harvard Business School", "degree_details": {"degree_name": "Core: Credential of Readiness", "dates_attended_or_expected_graduation": "2016 \u2013 2016", "field_of_study": null}}, {"institution": "Rice University", "degree_details": {"degree_name": "B.S.", "field_of_study": "Chemical and Biomolecular Engineering", "dates_attended_or_expected_graduation": "2008 \u2013 2012"}}], "employee_name": "6QCjbpyd5aqhPhBmug==*Y1w1CcW2JcF5UBpbbMmqcw==*8eq2BFBQDY8DKMhyKQe69w==*jpXfzPJkjcU583BpyBz73A=="}, {"experience": [{"company_name": "Arundo Analytics", "dates_employed": "Apr 2016\u2013Present 6 yrs 2 mos", "location": "Houston, Texas Area", "employment_duration": null, "title": "Senior Software Engineer"}, {"company_name": "McKinsey & Co.", "employment_duration": "14 yrs", "titles": ["Practice Manager, Travel, Transport & Logistics Practice", "Senior Manager, Recruiting", "Consultant"], "dates_employed": ["2010\u20132014 4 yrs", "2005\u20132010 5 yrs", "2000\u20132005 5 yrs"]}], "education": [{"institution": "Dev Bootcamp", "degree_details": {"dates_attended_or_expected_graduation": "2015 \u2013 2016", "degree_name": null, "field_of_study": null}}, {"institution": "Texas McCombs School of Business", "degree_details": {"degree_name": "MBA", "field_of_study": "Energy Finance", "dates_attended_or_expected_graduation": "1998 \u2013 2000"}}, {"institution": "Princeton University", "degree_details": {"degree_name": "A.B.", "field_of_study": "Economics", "dates_attended_or_expected_graduation": null}}], "employee_name": "fGdn5y44PXkkhiI=*xrCp58Yh3Qas6d5gMSe/Ig==*zfkC8x9p/MuXABM+QgY2iA==*Ceh/Qitq6n5N2tmlSdt25g=="}, {"experience": [{"company_name": "Arundo Analytics", "dates_employed": "Jun 2020\u2013Present 2 yrs", "location": "Oslo, Norway", "employment_duration": null, "title": "Senior Software Engineer"}, {"company_name": "Konsulentselskapet Ens\u014d AS", "dates_employed": "May 2017\u2013Jun 2020 3 yrs 2 mos", "location": "Oslo", "employment_duration": null, "title": "Senior developer"}, {"company_name": "Knowit", "dates_employed": "May 2011\u2013May 2017 6 yrs 1 mo", "location": null, "employment_duration": null, "title": "Senior Consultant"}, {"company_name": "PayEx", "dates_employed": "Nov 2006\u2013May 2011 4 yrs 7 mos", "location": null, "employment_duration": null, "title": "System developer"}, {"company_name": "Tinde ASA", "dates_employed": "Aug 2005\u2013Dec 2005 5 mos", "location": null, "employment_duration": null, "title": "Web developer"}], "education": [{"institution": "Oslo and Akershus University College", "degree_details": {"dates_attended_or_expected_graduation": "2003 \u2013 2005", "degree_name": null, "field_of_study": null}}], "employee_name": "MrmZE0lqQEQYDDQxLI8ibD5JbA==*SheGRpCBWnpS3/HeQY+HJg==*AOVZFXT3XE1N79LU3gr9eA==*usEdCYjjUQxN4yNvxYkh+A=="}, {"experience": [{"company_name": "Arundo Analytics", "dates_employed": "Apr 2022\u2013Present 2 mos", "location": "Oslo, Norway", "employment_duration": null, "title": "Senior Software Engineer"}, {"company_name": "Mercell Group", "employment_duration": "1 yr 4 mos", "titles": ["Technical Lead", "Senior Software Engineer"], "dates_employed": ["Jun 2021\u2013Mar 2022 10 mos", "Dec 2020\u2013Jun 2021 7 mos"]}, {"company_name": "Quantum_Inc", "dates_employed": "Mar 2019\u2013Dec 2020 1 yr 10 mos", "location": "Kharkiv, Ukraine", "employment_duration": null, "title": "Software Engineer"}, {"company_name": "Code-on", "dates_employed": "Oct 2017\u2013Mar 2019 1 yr 6 mos", "location": "Kharkiv, Ukraine", "employment_duration": null, "title": "Python Fullstack Developer"}, {"company_name": "Kharkiv National University of Radioelectronics", "dates_employed": "Apr 2017\u2013Oct 2017 7 mos", "location": "Kharkiv, Ukraine", "employment_duration": null, "title": "Python Fullstack Developer"}], "education": [{"institution": "Kharkiv National University of Radioelectronics", "degree_details": {"degree_name": "Bachelor", "field_of_study": "Software Engineering", "dates_attended_or_expected_graduation": "2016 \u2013 2020"}}], "employee_name": "zT+6Xk/J6qBQobyVn6pmXA==*sIeN8zECQOnK83G95Ta87A==*dSECFGNbDTl61JUEkC/xsA==*65JZ/v/J9atyU4yN0aRnyQ=="}, {"experience": [{"company_name": "Arundo Analytics", "employment_duration": "2 yrs 8 mos", "titles": ["Senior QA Engineer", "QA Engineer"], "dates_employed": ["Feb 2022\u2013Present 4 mos", "Oct 2019\u2013Jan 2022 2 yrs 4 mos"]}, {"company_name": "Infosys", "dates_employed": "Feb 2019\u2013Oct 2019 9 mos", "location": null, "employment_duration": null, "title": "Test Analyst"}, {"company_name": "Bank of America", "dates_employed": "Oct 2017\u2013Feb 2019 1 yr 5 mos", "location": null, "employment_duration": null, "title": "Test Analyst"}, {"company_name": "Infosys", "employment_duration": "4 yrs 3 mos", "titles": ["Test Engineer", "System Engineer"], "dates_employed": ["Apr 2014\u2013Oct 2017 3 yrs 7 mos", "Aug 2013\u2013Apr 2014 9 mos"]}], "education": [{"institution": "Anna University", "degree_details": {"degree_name": "Bachelor of Engineering (B.E.)", "field_of_study": "Computer Science", "dates_attended_or_expected_graduation": "2008 \u2013 2012"}}], "employee_name": "NM4wFWO50N6a4v4m*VXIS7/k3z/VF0tPNV035GA==*2NMXNSW9XPRxVJu7DI3VvA==*nWsvZ02FFEJHmdaa0vDBwA=="}, {"experience": [{"company_name": "Arundo Analytics", "dates_employed": "Sep 2018\u2013Present 3 yrs 9 mos", "location": "Oslo Area, Norway", "employment_duration": null, "title": "Senior Software Developer"}, {"company_name": "The Future Group AS", "dates_employed": "Mar 2017\u2013Sep 2018 1 yr 7 mos", "location": "Oslo Area, Norway", "employment_duration": null, "title": "Full-stack Developer"}, {"company_name": "Dataprizma LLC", "dates_employed": "Aug 2015\u2013Mar 2017 1 yr 8 mos", "location": "Uzbekistan", "employment_duration": null, "title": "Full-stack Developer"}, {"company_name": "University of Agder", "dates_employed": "Jul 2009\u2013Jan 2013 3 yrs 7 mos", "location": "Grimstad, Norway", "employment_duration": null, "title": "Research Fellow in ICT"}, {"company_name": "UCELL", "dates_employed": "Jul 2008\u2013Jul 2009 1 yr 1 mo", "location": "Tashkent,", "employment_duration": null, "title": "Core Network Engineer"}], "education": [{"institution": "University of Agder (UiA)", "degree_details": {"degree_name": "Doctor of Philosophy (PhD)", "field_of_study": "ICT", "dates_attended_or_expected_graduation": "2009 \u2013 2014"}}, {"institution": "Yeungnam University", "degree_details": {"degree_name": "Master", "field_of_study": "IT Engineering", "dates_attended_or_expected_graduation": "2005 \u2013 2007"}}, {"institution": "Tashkent University of Information Technologies", "degree_details": {"degree_name": "Bachelor of Science in Telecommunications Engineering", "field_of_study": "Telecommunications Engineering", "dates_attended_or_expected_graduation": "2001 \u2013 2005"}}], "employee_name": "YUNAxXnLkgbhygAANSw=*whJuQQCSE7hzL6+7yMnTRA==*4MPTaUjFmJhGuXYVRwzSiw==*7uUcFW+3mnbe93Fr95FVDA=="}, {"experience": [{"company_name": "Arundo Analytics", "dates_employed": "Sep 2018\u2013Present 3 yrs 9 mos", "location": "Oslo", "employment_duration": null, "title": "Field Engineer/Solutions Architect"}, {"company_name": "National Oilwell Varco", "dates_employed": "Jun 2013\u2013Aug 2018 5 yrs 3 mos", "location": "Stavanger, Noruega", "employment_duration": null, "title": "Systems Engineer"}, {"company_name": "Portugal Telecom", "dates_employed": "Mar 2012\u2013Mar 2013 1 yr 1 mo", "location": "Portim\u00e3o, Portugal", "employment_duration": null, "title": "Telecommunications Technician"}], "education": [{"institution": "Instituto Polit\u00e9cnico Set\u00fabal", "degree_details": {"degree_name": "IPS", "field_of_study": "Electr\u00f3nicas", "dates_attended_or_expected_graduation": "2007 \u2013 2011"}}], "employee_name": "s2fpGlFYOaxI1Le6*a3dEGrUSD9uVGSZj4bQ6sA==*CEALtXLQcWRRqb2KvaoJRg==*dnLv817ua8ClnXkstsJBKQ=="}, {"experience": [{"company_name": "Arundo Analytics", "dates_employed": "Aug 2021\u2013Present 10 mos", "location": "Oslo, Norway", "employment_duration": null, "title": "Software Engineer"}, {"company_name": "CGI", "dates_employed": "May 2020\u2013Jul 2021 1 yr 3 mos", "location": "Oslo, Norway", "employment_duration": null, "title": "Senior consultant/Java Developer"}, {"company_name": "Nets Group", "dates_employed": "Dec 2017\u2013Apr 2020 2 yrs 5 mos", "location": "Oslo Area, Norway", "employment_duration": null, "title": "System Engineer"}, {"company_name": "Thomson Reuters", "employment_duration": "6 yrs 5 mos", "titles": ["Senior Technical Engineer", "DevOps Engineer", "Operations Engineer"], "dates_employed": ["Dec 2015\u2013Nov 2017 2 yrs", "Dec 2013\u2013Dec 2015 2 yrs 1 mo", "Jul 2011\u2013Dec 2013 2 yrs 6 mos"]}, {"company_name": "China National Software & Service Co., Ltd.", "dates_employed": "Mar 2008\u2013Jun 2008 4 mos", "location": "Beijing City, China", "employment_duration": null, "title": "Developer"}], "education": [{"institution": "University of Oslo (UiO)", "degree_details": {"degree_name": "Master of Science", "field_of_study": "Network and System Administration", "dates_attended_or_expected_graduation": "2009 \u2013 2011"}}, {"institution": "Communication University of China", "degree_details": {"degree_name": "Bachelor\u2019s Degree", "field_of_study": "Computer Science and Technology", "dates_attended_or_expected_graduation": "2005 \u2013 2009"}}, {"institution": "The High School Affiliated to Renmin University of China", "degree_details": {"dates_attended_or_expected_graduation": null, "degree_name": null, "field_of_study": null}}], "employee_name": "aRJTA2Oxoz0=*NgxSypTALucqugYFct9HeQ==*cku9lsIU2CigDS8zoKRUuA==*5hSQldtgwwEXBZ7zYb6zeA=="}, {"experience": [{"company_name": "Arundo Analytics", "employment_duration": "4 yrs 4 mos", "titles": ["Senior Software Engineer", "Software Engineer"], "dates_employed": ["Jul 2021\u2013Present 11 mos", "Feb 2018\u2013Present 4 yrs 4 mos"]}, {"company_name": "Vega SMB AS", "dates_employed": "Aug 2017\u2013Jan 2018 6 mos", "location": "Oslo, Norge", "employment_duration": null, "title": "Utvikler"}], "education": [{"institution": "University of Oslo (UiO)", "degree_details": {"degree_name": "Bachelor", "field_of_study": "Matematikk", "dates_attended_or_expected_graduation": "2011 \u2013 2014"}}, {"institution": "Norwegian Academy of Music (NMH)", "degree_details": {"degree_name": "Videreutdanning", "field_of_study": "Ensembleledelse II (Kor- og Orkesterledelse)", "dates_attended_or_expected_graduation": "2011 \u2013 2012"}}, {"institution": "Norwegian Academy of Music (NMH)", "degree_details": {"degree_name": "Bachelor's degree", "field_of_study": "Music Performance, General", "dates_attended_or_expected_graduation": "2006 \u2013 2011"}}], "employee_name": "ZrLYsDm3+FuNTKhCJIM0OcnF1atAWZL4*nirnt63OapGjgZ7xRN+WfA==*JxMKSAmqJr+TC0/Zj8KMhA==*UdRUTmRF6+0XpG5lrZjNiw=="}, {"experience": [{"company_name": "Arundo Analytics", "dates_employed": "Aug 2018\u2013Present 3 yrs 10 mos", "location": "Oslo Area, Norway", "employment_duration": null, "title": "Senior Software Developer"}, {"company_name": "L\u00e6rerportalen", "dates_employed": "Jan 2013\u2013May 2019 6 yrs 5 mos", "location": "Trondheim-omr\u00e5det, Norge", "employment_duration": null, "title": "CTO"}, {"company_name": "Conceptos Consulting", "dates_employed": "Oct 2017\u2013Aug 2018 11 mos", "location": "Lysaker", "employment_duration": null, "title": "Seniorkonsulent"}, {"company_name": "NTNU", "dates_employed": "Sep 2014\u2013Aug 2017 3 yrs", "location": "Concept Research Programme", "employment_duration": null, "title": "Research Assistant"}, {"company_name": "TalentCo AS", "dates_employed": "Aug 2017\u20132017 less than a year", "location": "Lysaker", "employment_duration": null, "title": "App-utvikler"}], "education": [{"institution": "Norwegian University of Science and Technology (NTNU)", "degree_details": {"degree_name": "Master\u2019s Degree", "field_of_study": "Computer Science", "dates_attended_or_expected_graduation": "2013 \u2013 2016"}}, {"institution": "University of South-Eastern Norway", "degree_details": {"degree_name": "One-year programme", "field_of_study": "Information Processing", "dates_attended_or_expected_graduation": "2016 \u2013 2017"}}, {"institution": "Norwegian University of Science and Technology (NTNU)", "degree_details": {"degree_name": "Master of Engineering (MEng) - Only partially", "field_of_study": "Mechanical Engineering", "dates_attended_or_expected_graduation": "2008 \u2013 2012"}}], "employee_name": "VoMzjRMCaPIeyR2EMQMv*yKZe60W9tzEBmhvvqDaNrA==*tzKXYsh5+wG7hNXfqr+C+A==*oR9nc5so4ZRpAYqctadgWg=="}, {"experience": [{"company_name": "Software Engineer", "employment_duration": "Arundo Analytics", "titles": ["Technip Energies and Arundo announce their cloud-based service - SPYRO\u00ae for Asset Management to enhance Ethylene plants\u2019 efficiency"], "dates_employed": [null]}, {"company_name": "Software Engineer", "employment_duration": "ITMO University", "titles": ["", "", ""], "dates_employed": [null, null, null]}, {"company_name": "Teacher | Software Engineering", "employment_duration": "Algorithmics Global", "titles": ["Algorithmics International programming school for children"], "dates_employed": [null]}, {"company_name": "NPO Film Republic", "dates_employed": "Nov 2017\u2013Sep 2020 2 yrs 11 mos", "location": "Russian Federation", "employment_duration": null, "title": "Co- Founder & Program Manager"}, {"company_name": "General Assembly", "dates_employed": "Oct 2019\u2013Feb 2020 5 mos", "location": "London, United Kingdom", "employment_duration": null, "title": "Student | Software Engineering Immersive Bootcamp"}], "education": [{"institution": "University of Bath", "degree_details": {"degree_name": "Master's degree", "field_of_study": "MSc Computer Science", "dates_attended_or_expected_graduation": "2021 \u2013 2024"}}, {"institution": "Saint Petersburg State University", "degree_details": {"degree_name": "Postgraduate Degree", "field_of_study": "Software Engineering and Data Analytics", "dates_attended_or_expected_graduation": "2020 \u2013 2020"}}, {"institution": "Moscow Financial University under the Government of the Russian Federation", "degree_details": {"degree_name": "Bachelor's degree", "field_of_study": "Project Management", "dates_attended_or_expected_graduation": "2014 \u2013 2018"}}], "employee_name": "YeQ8jbcI2zNdJ6R1*b/DcJNtr33OaWtUnUhqjQQ==*F8EW88PGhO6r1kd4V4lt0A==*4B9YH3R52tbxdV3vWtY9vg=="}, {"experience": [{"company_name": "Arundo Analytics", "dates_employed": "Mar 2022\u2013Present 3 mos", "location": null, "employment_duration": null, "title": "Software Engineer"}, {"company_name": "Crystaphase", "dates_employed": "Sep 2019\u2013Feb 2022 2 yrs 6 mos", "location": "Houston, Texas Area", "employment_duration": null, "title": "Engineer"}, {"company_name": "Epic", "dates_employed": "Aug 2018\u2013Sep 2019 1 yr 2 mos", "location": "Madison, Wisconsin Area", "employment_duration": null, "title": "Technical Service Engineer, MyChart Patient Portal"}, {"company_name": "Research Intern, Fluid Dynamics", "employment_duration": "Biswal Research Group, Rice University", "titles": ["Bubble\u2013bubble pinch-off in symmetric and asymmetric microfluidic expansion channels for ordered foam generation"], "dates_employed": [null]}, {"company_name": "Manager", "employment_duration": "McMurtry Innovation Space", "titles": ["Innovation Space"], "dates_employed": [null]}], "education": [{"institution": "Rice University", "degree_details": {"degree_name": "Bachelor of Science - BS", "field_of_study": "Chemical and Biomolecular Engineering", "dates_attended_or_expected_graduation": "2014 \u2013 2018"}}, {"institution": "University of Colorado Boulder", "degree_details": {"degree_name": "Bachelor of Science - BS", "field_of_study": "Computer Science", "dates_attended_or_expected_graduation": "2020 \u2013 2021"}}, {"institution": "International School Bangkok", "degree_details": {"degree_name": "IB Diploma", "dates_attended_or_expected_graduation": "2012 \u2013 2014", "field_of_study": null}}], "employee_name": "OgSzNMQmZC4=*H77IGZF1n1DZLlu0WqwSWg==*7T3agOIfW06y/7sKA4qFlg==*c4z/qQRlAYliAOl6umXDyQ=="}, {"experience": [{"company_name": "Arundo Analytics, Inc.", "dates_employed": "Nov 2016\u2013Present 5 yrs 7 mos", "location": "San Francisco Bay Area", "employment_duration": null, "title": "Software Engineer"}, {"company_name": "Plexuss.com", "dates_employed": "Jan 2016\u2013Oct 2016 10 mos", "location": "San Francisco Bay Area", "employment_duration": null, "title": "Developer"}, {"company_name": "Epsilon", "dates_employed": "Aug 2015\u2013Dec 2015 5 mos", "location": "Dallas/Fort Worth Area", "employment_duration": null, "title": "Software Consultant"}, {"company_name": "Nortel Networks", "dates_employed": "Jun 2009\u2013Jul 2012 3 yrs 2 mos", "location": null, "employment_duration": null, "title": "Software Engineer"}], "education": [{"institution": "New York University", "degree_details": {"degree_name": "Master's degree", "field_of_study": "Computer Science", "dates_attended_or_expected_graduation": "2012 \u2013 2014"}}, {"institution": "Southeast University", "degree_details": {"degree_name": "BS", "dates_attended_or_expected_graduation": "2005 \u2013 2009", "field_of_study": null}}], "employee_name": "dw91gs7sb7bhKQ==*h3ey1fjQEsFK/hNWT2gu4w==*an+tXaNLpiEe3BRX+DydNA==*oqvs41L9Z9EMssQEBap0zA=="}, {"experience": [{"company_name": "Arundo Analytics", "dates_employed": "May 2019\u2013Present 3 yrs 1 mo", "location": null, "employment_duration": null, "title": "QA Engineer"}, {"company_name": "Ahgora Sistemas", "dates_employed": "Nov 2017\u2013Jun 2021 3 yrs 8 mos", "location": null, "employment_duration": null, "title": "Full-Stack Developer"}, {"company_name": "Grupo Nexxera", "employment_duration": "2 yrs 5 mos", "titles": ["Python Developer", "Software QA Tester", "QA Tester Intern"], "dates_employed": ["Jul 2017\u2013Nov 2017 5 mos", "Jan 2016\u2013Jul 2017 1 yr 7 mos", "Jul 2015\u2013Dec 2015 6 mos"]}], "education": [{"institution": "Universidade Federal de Santa Catarina", "degree_details": {"degree_name": "Bachelor's degree", "field_of_study": "Computer Science", "dates_attended_or_expected_graduation": null}}], "employee_name": "3XHYoqYpcxNPRCU=*IpZrF+SBGxV9/x7iCcNqug==*crA37+C1AD+gO5VdkVlI2A==*/pnDKF9NSTBpySGv7HUr1A=="}]