[{"experience": [{"company_name": "Predibase", "dates_employed": "Apr 2021\u2013Present 1 yr 3 mos", "location": "San Francisco, Bay Area", "employment_duration": null, "title": "CEO & Co-founder"}, {"company_name": "Stanford University", "dates_employed": "Jul 2020\u2013Apr 2021 10 mos", "location": "Palo Alto, California, United States", "employment_duration": null, "title": "Staff ML / NLP Research Scientist"}, {"company_name": "Uber", "employment_duration": "3 yrs 8 mos", "titles": ["Senior ML / NLP Research Scientist II, Uber AI", "Senior ML / NLP Research Scientist, Uber AI Labs", "ML / NLP Research Scientist, Uber AI Labs"], "dates_employed": ["Sep 2019\u2013Jul 2020 11 mos", "Apr 2018\u2013Sep 2019 1 yr 6 mos", "Dec 2016\u2013Mar 2018 1 yr 4 mos"]}, {"company_name": "Machine Learning Scientist", "employment_duration": "Geometric Intelligence", "titles": ["Uber Buys a Mysterious Startup to Make Itself an AI Company"], "dates_employed": [null]}, {"company_name": "IBM", "dates_employed": "Sep 2015\u2013Aug 2016 1 yr", "location": "New York City, Stati Uniti", "employment_duration": null, "title": "Watson Cognitive Researcher"}], "education": [{"institution": "Universit\u00e0 degli Studi di Bari", "degree_details": {"degree_name": "Doctor of Philosophy (Ph.D.)", "field_of_study": "Computer Science", "dates_attended_or_expected_graduation": "2012 \u2013 2015"}}, {"institution": "European Summer School in Information Retrieval ESSIR 2013", "degree_details": {"dates_attended_or_expected_graduation": "2013 \u2013 2013", "degree_name": null, "field_of_study": null}}, {"institution": "Lisbon Machine learning Summer School LxMLS 2013", "degree_details": {"dates_attended_or_expected_graduation": "2013 \u2013 2013", "degree_name": null, "field_of_study": null}}], "employee_name": "HxJrtLnRb0IoV5gI*nNMq5pPZCBSLG4A8JsQsJA==*BPRIUS81vKAnJrshUBs8gw==*xV5Bl9vNwrkGSjw9EzkT9Q=="}, {"experience": [{"company_name": "Predibase", "dates_employed": "Mar 2021\u2013Present 1 yr 4 mos", "location": "Seattle, Washington, United States", "employment_duration": null, "title": "Co-Founder & CTO"}, {"company_name": "Uber", "employment_duration": "4 yrs 5 mos", "titles": ["Senior Software Engineer II, TLM", "Senior Software Engineer"], "dates_employed": ["Mar 2020\u2013Mar 2021 1 yr 1 mo", "Nov 2016\u2013Mar 2020 3 yrs 5 mos"]}, {"company_name": "Senior Software Engineer, AI", "employment_duration": "Super Evil Megacorp", "titles": ["Coffee With Zekent - Featuring SiliconSynapsed", "Vainglory | The MOBA Perfected For Touch"], "dates_employed": [null, null]}, {"company_name": "Storm8", "employment_duration": "9 mos", "titles": ["Lead Software Engineer", "Senior Software Engineer"], "dates_employed": ["Mar 2016\u2013May 2016 3 mos", "Sep 2015\u2013Mar 2016 7 mos"]}, {"company_name": "Software Engineer", "employment_duration": "Google", "titles": ["How Did Google Map The Whole Country?", "Making of Maps: Ground Truth glue"], "dates_employed": [null, null]}], "education": [{"institution": "Stanford University", "degree_details": {"degree_name": "Master of Science (M.S.)", "field_of_study": "Computer Science, Artificial Intelligence", "dates_attended_or_expected_graduation": "2015 \u2013 2018"}}, {"institution": "Northern Arizona University", "degree_details": {"degree_name": "Bachelor of Science (B.S.)", "field_of_study": "Computer Science, Mathematics (minor)", "dates_attended_or_expected_graduation": "2007 \u2013 2011"}}], "employee_name": "VWdfuuVjDBrvcilIHA==*kbWq83EQ2Xs05pvwryQ9cA==*Ix3fP2FmNLjUUDbNqT9wiA==*Ujqbe5O8Ueq1j/QlRcKp0A=="}, {"experience": [{"company_name": "Predibase", "dates_employed": "Mar 2021\u2013Present 1 yr 4 mos", "location": "San Francisco Bay Area", "employment_duration": null, "title": "Co-Founder & Chief Product Officer"}, {"company_name": "Google", "dates_employed": "Aug 2016\u2013Mar 2021 4 yrs 8 mos", "location": "San Francisco Bay Area", "employment_duration": null, "title": "Product Manager"}, {"company_name": "Harvard University", "dates_employed": "Aug 2015\u2013Dec 2015 5 mos", "location": "Cambridge, MA", "employment_duration": null, "title": "Teaching Fellow: Artificial Intelligence"}, {"company_name": "Google", "dates_employed": "May 2015\u2013Aug 2015 4 mos", "location": "Mountain View, CA", "employment_duration": null, "title": "Associate Product Manager Intern"}, {"company_name": "Booz Allen Hamilton", "dates_employed": "Dec 2014\u2013Jan 2015 2 mos", "location": "Washington, DC", "employment_duration": null, "title": "Cybersecurity Intern"}], "education": [{"institution": "Harvard University", "degree_details": {"degree_name": "Master\u2019s Degree", "field_of_study": "Computer Science", "dates_attended_or_expected_graduation": "2015 \u2013 2016"}}, {"institution": "Harvard University", "degree_details": {"degree_name": "AB", "field_of_study": "Computer Science", "dates_attended_or_expected_graduation": "2012 \u2013 2016"}}], "employee_name": "nuF8ulSzayGTQRk4iw==*AWtYHTSZl7r/yh8ynizsUA==*Z13xKV/mwMpWegaQ6XOEdg==*UQ8dz6yhKJnS3ina8ACPtg=="}, {"experience": [{"company_name": "Predibase", "dates_employed": "Apr 2022\u2013Present 3 mos", "location": null, "employment_duration": null, "title": "Product"}, {"company_name": "Aisera", "dates_employed": "2020\u2013Apr 2022 2 yrs", "location": null, "employment_duration": null, "title": "Product"}, {"company_name": "BlitzIQ", "dates_employed": "2018\u20132019 1 yr", "location": null, "employment_duration": null, "title": "Co-Founder and CTO"}, {"company_name": "SAP Concur", "dates_employed": "Jun 2018\u2013Aug 2018 3 mos", "location": "Bellevue, WA", "employment_duration": null, "title": "PM Intern"}, {"company_name": "BASF", "dates_employed": "May 2018\u2013Aug 2018 4 mos", "location": "San Francisco, California", "employment_duration": null, "title": "SWE Intern"}], "education": [{"institution": "Y Combinator", "degree_details": {"field_of_study": "YC W19", "dates_attended_or_expected_graduation": null, "degree_name": null}}, {"institution": "UC Berkeley Management, Entrepreneurship, & Technology (M.E.T.) program", "degree_details": {"degree_name": "Dual Degree Program", "field_of_study": "EECS + Business", "dates_attended_or_expected_graduation": null}}, {"institution": "UC Berkeley College of Engineering", "degree_details": {"field_of_study": "B.S. Electrical Engineering & Computer Science(EECS)", "dates_attended_or_expected_graduation": null, "degree_name": null}}], "employee_name": "ebZnNXWxaYi/b5Q=*MzdqZ2ZivazUL6jD+B1UJw==*W07i+Td4zhfsI7OvFU11HQ==*gX2gLk6lIm0WU5Ok8n6IHA=="}, {"experience": [{"company_name": "Greylock Partners", "dates_employed": "2016\u2013Present 6 yrs", "location": "Menlo Park, CA", "employment_duration": null, "title": "General Partner"}, {"company_name": "Abnormal Security", "dates_employed": "Mar 2018\u2013Present 4 yrs 4 mos", "location": null, "employment_duration": null, "title": "Founding Investor and Board Member"}, {"company_name": "Snorkel AI", "dates_employed": "Apr 2019\u2013Present 3 yrs 3 mos", "location": "San Francisco Bay Area", "employment_duration": null, "title": "Board Member"}, {"company_name": "apiiro", "dates_employed": "Jun 2019\u2013Present 3 yrs 1 mo", "location": null, "employment_duration": null, "title": "Board Member"}, {"company_name": "Cresta", "dates_employed": "Oct 2019\u2013Present 2 yrs 9 mos", "location": null, "employment_duration": null, "title": "Board Member"}], "education": [{"institution": "Stanford University", "degree_details": {"degree_name": "Bachelor of Science (B.S.)", "field_of_study": "Computer Science", "dates_attended_or_expected_graduation": null}}], "employee_name": "8AwQJZH1/+Wy14JtjQ==*o5p+ZONnxFzPjPR8c93wuw==*uX2k/xU5sSVOEhJe1COrIQ==*Z3FlfnfJb5Qi58JI8AAcUg=="}, {"experience": null, "education": null, "employee_name": null}, {"experience": [{"company_name": "Predibase", "dates_employed": "Nov 2021\u2013Present 8 mos", "location": null, "employment_duration": null, "title": "Founding Principal Engineer"}, {"company_name": "Komodo", "dates_employed": "Sep 2021\u2013Present 10 mos", "location": "Wellington Region, New Zealand", "employment_duration": null, "title": "Investor"}, {"company_name": "Muso", "dates_employed": "May 2021\u2013Present 1 yr 2 mos", "location": "Melbourne, Victoria, Australia", "employment_duration": null, "title": "Investor"}, {"company_name": "Amazon Web Services (AWS)", "employment_duration": "3 yrs 9 mos", "titles": ["Principal Solutions Architect, Machine Learning", "Senior Solutions Architect, Machine Learning", "Senior Solutions Architect, ISV"], "dates_employed": ["Sep 2021\u2013Nov 2021 3 mos", "Sep 2019\u2013Sep 2021 2 yrs 1 mo", "Mar 2018\u2013Sep 2019 1 yr 7 mos"]}, {"company_name": "Co Founder", "employment_duration": "Am\u00e9lie.ai", "titles": ["amelie.ai and its role in supporting people with mental health challenges | HISA Studio @ HIC"], "dates_employed": [null]}], "education": [{"institution": "University of Canberra", "degree_details": {"degree_name": "Engineering", "field_of_study": "Computer Software", "dates_attended_or_expected_graduation": "1997 \u2013 2001"}}], "employee_name": "8vldc1WzDp/dHgRQpA==*pVRr0VbDx1iuE/6eTV41kw==*VI0JvxjoCRjy/+Izgm3FkA==*0ihw9XEav3y3CxvUGtAyig=="}, {"experience": [{"company_name": "Data Scientist", "employment_duration": "Predibase", "titles": ["A Declarative Approach to ML | Greylock", "Predibase exits stealth with a low-code platform for building AI models"], "dates_employed": [null, null]}, {"company_name": "IBM", "employment_duration": "2 yrs 9 mos", "titles": ["Senior Data Scientist", "Research Scientist", "Research Scientist Intern"], "dates_employed": ["Jul 2021\u2013Mar 2022 9 mos", "Apr 2020\u2013Jul 2021 1 yr 4 mos", "Jul 2019\u2013Mar 2020 9 mos"]}, {"company_name": "Procter & Gamble", "dates_employed": "May 2019\u2013Jul 2019 3 mos", "location": "Belgium", "employment_duration": null, "title": "Associate Scientist Intern"}, {"company_name": "KU Leuven", "dates_employed": "Jan 2019\u2013May 2019 5 mos", "location": null, "employment_duration": null, "title": "Research Intern"}, {"company_name": "Zelfstandig / Eigenaar", "dates_employed": "Jan 2019\u2013May 2019 5 mos", "location": null, "employment_duration": null, "title": "Machine Learning Consultant"}], "education": [{"institution": "KU Leuven", "degree_details": {"degree_name": "Master of Science - MS", "field_of_study": "Information Management", "dates_attended_or_expected_graduation": null}}, {"institution": "KU Leuven", "degree_details": {"degree_name": "Bachelor of Science - BSc", "field_of_study": "Computer Science", "dates_attended_or_expected_graduation": null}}, {"institution": "Top Sports School Athletics - (Middle) Distance Running", "degree_details": {"degree_name": "High School", "field_of_study": "Mathematics-topsport", "dates_attended_or_expected_graduation": null}}], "employee_name": "dytFRr/1n+I=*6PMZdoNukB9xe5BuAC2aTQ==*o7jNemmBAPXUsPyVjkalhw==*1PreFntaRHFA3dq4FUrJ9w=="}, {"experience": [{"company_name": "Founding Engineer (We're Hiring!)", "employment_duration": "Predibase", "titles": ["Home | Predibase"], "dates_employed": [null]}, {"company_name": "Apple", "employment_duration": "2 yrs 2 mos", "titles": ["Senior Machine Learning Engineer @ Special Projects", "Machine Learning Engineer, Special Projects Group"], "dates_employed": ["Aug 2020\u2013Jul 2021 1 yr", "Jun 2019\u2013Aug 2020 1 yr 3 mos"]}, {"company_name": "drive.ai", "dates_employed": "Jul 2018\u2013Jun 2019 1 yr", "location": "Mountain View, California", "employment_duration": null, "title": "Software Engineer - Perception"}, {"company_name": "University of Illinois at Urbana-Champaign", "employment_duration": "1 yr 5 mos", "titles": ["Teaching Assistant", "Research Assistant"], "dates_employed": ["Jan 2018\u2013May 2018 5 mos", "Jan 2017\u2013Dec 2017 12 mos"]}, {"company_name": "Pinterest", "dates_employed": "May 2017\u2013Aug 2017 4 mos", "location": "San Francisco Bay Area", "employment_duration": null, "title": "Machine Learning Intern"}], "education": [{"institution": "University of Illinois Urbana-Champaign", "degree_details": {"degree_name": "Master\u2019s Degree", "field_of_study": "Computer Science", "dates_attended_or_expected_graduation": "2016 \u2013 2018"}}, {"institution": "Indian Institute of Technology, Delhi", "degree_details": {"degree_name": "Bachelor\u2019s Degree", "field_of_study": "Production and Industrial Engineering", "dates_attended_or_expected_graduation": "2012 \u2013 2016"}}], "employee_name": "9RdI+hlyogGf+0yYcw==*9mA0aVdgiJ/oBrFGrpXM/w==*j3ea9f3OnvbLUgFP1QRr+w==*DjRJgjXaTCBIrOjwLeM74Q=="}, {"experience": [{"company_name": "Founding Software Engineer", "employment_duration": "Predibase", "titles": ["", "", "", ""], "dates_employed": [null, null, null, null]}, {"company_name": "Senior Software Engineer", "employment_duration": "Google", "titles": ["Natural Language Generation at Google Research", "Using Machine Translation to Localize Task Oriented NLG Output"], "dates_employed": [null, null]}, {"company_name": "Founder and Music Director", "employment_duration": "Columbia Pops", "titles": ["Columbia Pops"], "dates_employed": [null]}, {"company_name": "Columbia University in the City of New York", "dates_employed": "Aug 2013\u2013May 2015 1 yr 10 mos", "location": "New York City, NY", "employment_duration": null, "title": "Resident Adviser"}, {"company_name": "Columbia Engineering", "dates_employed": "Jan 2013\u2013May 2015 2 yrs 5 mos", "location": "New York, NY", "employment_duration": null, "title": "Teaching Assistant"}], "education": [{"institution": "Columbia University in the City of New York", "degree_details": {"degree_name": "Bachelor's Degree", "field_of_study": "Computer Science and Music", "dates_attended_or_expected_graduation": null}}, {"institution": "University of North Texas", "degree_details": {"degree_name": "High School Diploma", "field_of_study": "N/A", "dates_attended_or_expected_graduation": null}}], "employee_name": "I1oduUFXLPAzNKU=*PGHHeYbxPSv9prH/N3YTCg==*Na29PDf6De+HxpCLmCBfQg==*Ao2h2Dx6u6IMD1mwEn3mbg=="}, {"experience": [{"company_name": "Founding Software Engineer", "employment_duration": "Predibase", "titles": ["", "", "", ""], "dates_employed": [null, null, null, null]}, {"company_name": "Senior Software Engineer", "employment_duration": "Google", "titles": ["Natural Language Generation at Google Research", "Using Machine Translation to Localize Task Oriented NLG Output"], "dates_employed": [null, null]}, {"company_name": "Founder and Music Director", "employment_duration": "Columbia Pops", "titles": ["Columbia Pops"], "dates_employed": [null]}, {"company_name": "Columbia University in the City of New York", "dates_employed": "Aug 2013\u2013May 2015 1 yr 10 mos", "location": "New York City, NY", "employment_duration": null, "title": "Resident Adviser"}, {"company_name": "Columbia Engineering", "dates_employed": "Jan 2013\u2013May 2015 2 yrs 5 mos", "location": "New York, NY", "employment_duration": null, "title": "Teaching Assistant"}], "education": [{"institution": "Columbia University in the City of New York", "degree_details": {"degree_name": "Bachelor's Degree", "field_of_study": "Computer Science and Music", "dates_attended_or_expected_graduation": null}}, {"institution": "University of North Texas", "degree_details": {"degree_name": "High School Diploma", "field_of_study": "N/A", "dates_attended_or_expected_graduation": null}}], "employee_name": "wzZoA10JRUr//rQ=*5h8dRKT/z+ITjQXItszVdA==*WeDtLaHjWpZ3TVkc4F3GKg==*IRryJkpnPNNwXZAKouQZWg=="}, {"experience": [{"company_name": "Predibase", "dates_employed": "Jan 2022\u2013Present 6 mos", "location": "San Francisco Bay Area", "employment_duration": null, "title": "Data Scientist"}, {"company_name": "Cisco", "dates_employed": "Aug 2019\u2013Dec 2021 2 yrs 5 mos", "location": "San Francisco Bay Area", "employment_duration": null, "title": "Data Scientist"}, {"company_name": "Kaiser Permanente", "employment_duration": "1 yr 2 mos", "titles": ["Data Science Intern", "Artificial Intelligence Intern"], "dates_employed": ["Sep 2018\u2013Jun 2019 10 mos", "May 2018\u2013Aug 2018 4 mos"]}, {"company_name": "Business Development Manager", "employment_duration": "Shepard Health", "titles": ["FIXXER CPM Software Platform | Shepard Health"], "dates_employed": [null]}, {"company_name": "Luxe", "dates_employed": "Sep 2016\u2013Jun 2017 10 mos", "location": "San Francisco Bay Area", "employment_duration": null, "title": "Business Development Representative"}], "education": [{"institution": "UC Berkeley School of Information", "degree_details": {"degree_name": "Master of Information and Data Science", "dates_attended_or_expected_graduation": "2021 \u2013 2023", "field_of_study": null}}, {"institution": "University of California, Berkeley", "degree_details": {"degree_name": "Bachelor of Arts - BA", "field_of_study": "Cognitive Science", "dates_attended_or_expected_graduation": "2015 \u2013 2019"}}, {"institution": "Fudan University", "degree_details": {"field_of_study": "Chinese Language and Literature", "dates_attended_or_expected_graduation": "2018", "degree_name": null}}], "employee_name": "vaY6FgvL6neuZwFild5MMg==*VEtPa/DJ/92Bj3jM/X7xtg==*xP5cxdW4xBMupkn4Z+Y76A==*PcJyG/yLOjHeTUDMk62smA=="}, {"experience": [{"company_name": "Software Engineer", "employment_duration": "Predibase", "titles": ["A Declarative Approach to ML | Greylock", "Predibase exits stealth with a low-code platform for building AI models"], "dates_employed": [null, null]}, {"company_name": "Amazon", "dates_employed": "Aug 2019\u2013May 2021 1 yr 10 mos", "location": "San Francisco Bay Area", "employment_duration": null, "title": "Software Engineer"}, {"company_name": "BlackRock", "dates_employed": "Jun 2018\u2013Aug 2018 3 mos", "location": "San Francisco Bay Area", "employment_duration": null, "title": "Summer Analyst"}, {"company_name": "Blue Shield of California", "dates_employed": "Jun 2017\u2013Aug 2017 3 mos", "location": "San Francisco Bay Area", "employment_duration": null, "title": "Software Engineering Intern"}, {"company_name": "Premium Technology", "dates_employed": "Jun 2016\u2013Aug 2016 3 mos", "location": "Greater New York City Area", "employment_duration": null, "title": "Software Engineering Intern"}], "education": [{"institution": "University of California, Berkeley", "degree_details": {"degree_name": "Bachelor\u2019s Degree", "field_of_study": "Computer Science", "dates_attended_or_expected_graduation": "2015 \u2013 2019"}}, {"institution": "West-Windsor Plainsboro High School North", "degree_details": {"degree_name": "High School", "dates_attended_or_expected_graduation": "2011 \u2013 2015", "field_of_study": null}}], "employee_name": "ZNzPUx6CNDcitKOF6xDA*YZXNfcXC1KDD2CRsptW0eQ==*3BhBajOJPZqkGj9KnM1hxw==*ZBs1rXFmMNYq5H1kfY2m5g=="}, {"experience": [{"company_name": "Predibase", "dates_employed": "May 2022\u2013Present 2 mos", "location": null, "employment_duration": null, "title": "Machine Learning Engineer"}, {"company_name": "Gridspace", "dates_employed": "Aug 2019\u2013May 2022 2 yrs 10 mos", "location": "Greater Los Angeles Area", "employment_duration": null, "title": "Machine Learning Engineer"}, {"company_name": "Stanford University", "dates_employed": "Sep 2018\u2013Jun 2019 10 mos", "location": "Stanford, United States", "employment_duration": null, "title": "Course Assistant"}, {"company_name": "Citi", "dates_employed": "Jun 2017\u2013Aug 2017 3 mos", "location": "London, United Kingdom", "employment_duration": null, "title": "Summer Analyst"}, {"company_name": "I Squared Capital", "dates_employed": "Aug 2016\u2013Sep 2016 2 mos", "location": "London", "employment_duration": null, "title": "Summer Analyst"}], "education": [{"institution": "Stanford University", "degree_details": {"degree_name": "Master of Science", "field_of_study": "Computer Science", "dates_attended_or_expected_graduation": "2018 \u2013 2019"}}, {"institution": "UCL", "degree_details": {"degree_name": "Bachelor of Engineering", "field_of_study": "Biomedical Engineering", "dates_attended_or_expected_graduation": "2014 \u2013 2017"}}, {"institution": "Cairo American College", "degree_details": {"dates_attended_or_expected_graduation": "2011 \u2013 2014", "degree_name": null, "field_of_study": null}}], "employee_name": "6Tv2uUIC9uP2QOE=*m00t+2ogk8GKzZaS+GXGkA==*/dfvs3WNZb2Vo3oL/3/JGA==*GjpCmQIP2mlU1Mm5NCRL2g=="}, {"experience": [{"company_name": "Product Designer", "employment_duration": "Predibase", "titles": ["Predibase exits stealth with a low-code platform for building AI models", "A Declarative Approach to ML | Greylock"], "dates_employed": [null, null]}, {"company_name": "Public Sector Portfolio Leadership & Staff Designer", "employment_duration": "VMware", "titles": ["Scaling Leadership of an Agile Software Factory: Lessons Learned"], "dates_employed": [null]}, {"company_name": "Pivotal Software, Inc.", "dates_employed": "Jun 2018\u2013Jan 2020 1 yr 8 mos", "location": "Greater New York City Area", "employment_duration": null, "title": "Design Practice Lead and Staff Designer"}, {"company_name": "Kipup", "dates_employed": "Oct 2015\u2013Aug 2019 3 yrs 11 mos", "location": null, "employment_duration": null, "title": "Co-Founder"}, {"company_name": "Pivotal Labs", "dates_employed": "Feb 2016\u2013Jun 2018 2 yrs 5 mos", "location": "Greater New York City Area", "employment_duration": null, "title": "Senior Product Designer"}], "education": [{"institution": "Columbia University in the City of New York", "degree_details": {"degree_name": "B.A.", "field_of_study": "Economics-Mathematics, Computer Science (Minor)", "dates_attended_or_expected_graduation": "2010 \u2013 2014"}}, {"institution": "The Harker School", "degree_details": {"dates_attended_or_expected_graduation": "2006 \u2013 2010", "degree_name": null, "field_of_study": null}}], "employee_name": "41eU3XDFtdQ8*0U0ZhBiBHAV6GAY55Pm/nA==*c5LGZb+ji/D1f8r+O2iAFw==*3ZRBLpWq2BOswsOR0mlLIg=="}, {"experience": [{"company_name": "Software Engineer", "employment_duration": "Predibase", "titles": ["Predibase exits stealth with a low-code platform for building AI models"], "dates_employed": [null]}, {"company_name": "Amazon Web Services (AWS)", "employment_duration": "1 yr 2 mos", "titles": ["Software Engineer (SDE 2)", "Software Engineer (SDE 1)"], "dates_employed": ["Jun 2021\u2013Sep 2021 4 mos", "Aug 2020\u2013Jun 2021 11 mos"]}, {"company_name": "Research Assistant", "employment_duration": "Computer Vision Research Lab (CVRL)", "titles": ["2001.06122.pdf"], "dates_employed": [null]}, {"company_name": "University of Notre Dame", "dates_employed": "Mar 2017\u2013Mar 2020 3 yrs 1 mo", "location": "Notre Dame, Indiana", "employment_duration": null, "title": "Student Recruitment Coordinator"}, {"company_name": "Amazon", "dates_employed": "May 2019\u2013Aug 2019 4 mos", "location": "Greater Seattle Area", "employment_duration": null, "title": "Software Development Engineer Intern"}], "education": [{"institution": "University of Notre Dame", "degree_details": {"degree_name": "Bachelor of Science - BS", "field_of_study": "Computer Science", "dates_attended_or_expected_graduation": "2016 \u2013 2020"}}], "employee_name": "8nRSxZBm3fdp0ZMk*OEyi6rH/jZDC7IhHSXTPLg==*baW9MeUI2UYQjhJizUQynA==*WQp821lrQUo+7fdduGm/yw=="}, {"experience": [{"company_name": "Predibase", "dates_employed": "Jun 2022\u2013Present 1 mo", "location": "San Francisco Bay Area", "employment_duration": null, "title": "Machine Learning Engineer"}, {"company_name": "Atlassian", "employment_duration": "1 yr 4 mos", "titles": ["Machine Learning Scientist, Core Machine Learning", "Associate Machine Learning Scientist, Core Machine Learning"], "dates_employed": ["Apr 2022\u2013May 2022 2 mos", "Feb 2021\u2013Mar 2022 1 yr 2 mos"]}, {"company_name": "hackNY.org", "dates_employed": "May 2021\u2013Aug 2021 4 mos", "location": "Remote", "employment_duration": null, "title": "Mentor"}, {"company_name": "DataRes at UCLA", "employment_duration": "2 yrs 4 mos", "titles": ["Technical Advisor", "Co-Founder and President"], "dates_employed": ["Jan 2021\u2013Mar 2021 3 mos", "Dec 2018\u2013Dec 2020 2 yrs 1 mo"]}, {"company_name": "Atlassian", "dates_employed": "Jun 2020\u2013Sep 2020 4 mos", "location": "Mountain View, California, United States", "employment_duration": null, "title": "Machine Learning Scientist Intern, Core Machine Learning"}], "education": [{"institution": "University of California, Los Angeles", "degree_details": {"degree_name": "Bachelor of Science - BS", "field_of_study": "Computer Science", "dates_attended_or_expected_graduation": "2017 \u2013 2020"}}, {"institution": "The International School Bangalore", "degree_details": {"dates_attended_or_expected_graduation": "2013 \u2013 2017", "degree_name": null, "field_of_study": null}}], "employee_name": "TdEpJgUO7ui3sg==*C3RJLzWRWtfkKWYCNAjmJA==*+7DJY8iRRhNoGoj4VSTCqg==*eleZtur0AtQ3mXS0kSgk3g=="}, {"experience": [{"company_name": "Founding Senior Software Engineer", "employment_duration": "Predibase", "titles": ["Predibase exits stealth with a low-code platform for building AI models"], "dates_employed": [null]}, {"company_name": "Cloudflare, Inc.", "dates_employed": "Oct 2019\u2013Sep 2021 2 yrs", "location": null, "employment_duration": null, "title": "Distributed Systems Engineer"}, {"company_name": "Google", "employment_duration": "4 yrs 2 mos", "titles": ["Software Engineer III", "Software Engineer II"], "dates_employed": ["Apr 2017\u2013Sep 2019 2 yrs 6 mos", "Aug 2015\u2013Apr 2017 1 yr 9 mos"]}, {"company_name": "Software Engineer Intern", "employment_duration": "Square", "titles": ["Resume"], "dates_employed": [null]}, {"company_name": "Telogis", "dates_employed": "Jun 2013\u2013Dec 2013 7 mos", "location": "Austin, TX", "employment_duration": null, "title": "Software Development Intern"}], "education": [{"institution": "The University of Texas at Austin", "degree_details": {"degree_name": "B.S.", "field_of_study": "Computer Science", "dates_attended_or_expected_graduation": "2013 \u2013 2015"}}, {"institution": "The University of Texas at Austin", "degree_details": {"degree_name": "English", "dates_attended_or_expected_graduation": "2005 \u2013 2008", "field_of_study": null}}], "employee_name": "B3qxB0fIpunJHv2F*yGXM4gyD2zhxbSn2kJbVRQ==*bO+L8/2kzdTmzRnMwEGn2A==*BOx7qnS/MKIaA7wuxn3pug=="}, {"experience": [{"company_name": "Predibase", "dates_employed": "2022\u2013Present less than a year", "location": "San Francisco, California, United States", "employment_duration": null, "title": "Machine Learning Engineer"}, {"company_name": "Google", "dates_employed": "2020\u20132022 2 yrs", "location": "Mountain View, California, United States", "employment_duration": null, "title": "Resident"}, {"company_name": "whiterabbit.ai", "dates_employed": "2020\u20132020 less than a year", "location": "Sunnyvale, California, United States", "employment_duration": null, "title": "Research Scientist, Machine Learning"}, {"company_name": "Stanford University", "employment_duration": "5 yrs", "titles": ["Research Assistant, Machine Learning", "Principal Instructor, Computer Science", "Section Leader, Computer Science"], "dates_employed": ["2018\u20132020 2 yrs", "2018\u20132018 less than a year", "2015\u20132018 3 yrs"]}, {"company_name": "Software Engineer", "employment_duration": "Instrumental Inc.", "titles": ["Instrumental | Manufacturing line intelligence that works"], "dates_employed": [null]}], "education": [{"institution": "Stanford University", "degree_details": {"degree_name": "Master of Science - MS", "field_of_study": "Computer Science", "dates_attended_or_expected_graduation": null}}, {"institution": "Stanford University", "degree_details": {"degree_name": "Bachelor of Science - BS", "field_of_study": "Computer Science", "dates_attended_or_expected_graduation": null}}, {"institution": "Heritage High School", "degree_details": {"degree_name": "High School", "dates_attended_or_expected_graduation": null, "field_of_study": null}}], "employee_name": "cYQhqtYc0f1SPri4zhM=*OPNCwoYrp36jNf1+Q03L0w==*6BpaoFw/3J/rZpYNYavnXw==*AbYi04NGwsIqk4pcMf+9EA=="}, {"experience": [{"company_name": "Predibase", "dates_employed": "Apr 2022\u2013Present 3 mos", "location": "San Francisco Bay Area", "employment_duration": null, "title": "Machine Learning Engineer"}, {"company_name": "Apple", "dates_employed": "Jun 2021\u2013Sep 2021 4 mos", "location": "Cupertino, California, United States", "employment_duration": null, "title": "Machine Learning Engineer Intern"}, {"company_name": "InstaDeep", "dates_employed": "Mar 2020\u2013Aug 2020 6 mos", "location": null, "employment_duration": null, "title": "Research Engineer Intern"}, {"company_name": "AfricInvest Group", "dates_employed": "Sep 2019\u2013Mar 2020 7 mos", "location": null, "employment_duration": null, "title": "Venture Capital Analyst Intern"}, {"company_name": "Stanford Artificial Intelligence Laboratory (SAIL)", "dates_employed": "Jun 2019\u2013Sep 2019 4 mos", "location": null, "employment_duration": null, "title": "Research Intern, NLP Group"}], "education": [{"institution": "Stanford University", "degree_details": {"degree_name": "Master's degree", "field_of_study": "Computer Science", "dates_attended_or_expected_graduation": null}}, {"institution": "Stanford University", "degree_details": {"degree_name": "Bachelor's degree", "field_of_study": "Computer Science", "dates_attended_or_expected_graduation": null}}], "employee_name": "jAG+vh9jBQ==*bbjEKqRI5D9DMKLlWugVIQ==*wAgWFbFlpg9KvqnlL/QmHg==*uk3w2BF7mvwT0W9NTUzGxg=="}, {"experience": [{"company_name": "Predibase", "dates_employed": "Aug 2021\u2013Present 11 mos", "location": null, "employment_duration": null, "title": "Software Engineer"}, {"company_name": "Microsoft", "dates_employed": null, "location": null, "employment_duration": null, "title": "Software Engineer"}], "education": null, "employee_name": "vSrE/NzJrU9Y+g==*gDbAr3GD9KajWh5inmAXxw==*sF4yWpl/5bnvNZRaZ5Xw8Q==*DgCMAPAqYiAg8dmuqM626w=="}]