[{"experience": [{"company_name": "Evolv AI", "dates_employed": "Mar 2022\u2013Present", "employment_duration": "3 mos", "location": null, "title": "Engineering"}, {"company_name": "Pattern Sciences", "dates_employed": "Mar 2021\u2013Mar 2022", "employment_duration": "1 yr 1 mo", "location": "Austin, Texas, United States", "title": "VP of Engineering"}, {"company_name": "Remedy", "dates_employed": "Aug 2020\u2013Oct 2020", "employment_duration": "3 mos", "location": "Austin, Texas, United States", "title": "Head of Data"}, {"company_name": "Cerebri AI", "dates_employed": "Jul 2015\u2013Aug 2020", "employment_duration": "5 yrs 2 mos", "location": "Austin, Texas Area", "title": "Co-founder and senior data scientist"}, {"company_name": "Learn to Be", "dates_employed": "Aug 2011\u2013Mar 2014", "employment_duration": "2 yrs 8 mos", "location": "Austin, Texas Area", "title": "Director of Operations"}], "education": [{"institution": "The University of Texas at Austin", "degree_details": {"degree_name": "Bachelor's Degree", "field_of_study": "Electrical and Computer Engineering, Computer Science", "dates_attended_or_expected_graduation": "2011 \u2013 2015"}}], "employee_name": "30djAacgkd7okdD1Gg==*QhdbUMXGS1FC9KJjaXf7sw==*2fLkfHHjxK1E4vjjTopc5g==*MKBnkA1H00JlqlyLwBCa5Q=="}, {"experience": [{"company_name": "Evolv AI", "dates_employed": "Mar 2019\u2013Present", "employment_duration": "3 yrs 3 mos", "location": "San Francisco, California", "title": "Chief Technology Officer"}, {"company_name": "Senient Systems Inc.", "dates_employed": "Oct 2014\u2013May 2019", "employment_duration": "4 yrs 8 mos", "location": "Boston, MA and Edinburgh, Scotland", "title": "Board Member (Chief Architect, Founding CEO)"}, {"company_name": "Sentient Technologies, Inc", "dates_employed": "Jul 2017\u2013Mar 2019", "employment_duration": "1 yr 9 mos", "location": "San Francisco, California", "title": "Vice President Of Engineering (Principal Software Engineer / Architect)"}, {"company_name": "Cloudera", "dates_employed": "May 2012\u2013Sep 2014", "employment_duration": "2 yrs 5 mos", "location": "San Francisco Bay Area", "title": "Software Engineer"}, {"company_name": "Apollo Group", "dates_employed": "Feb 2009\u2013May 2012", "employment_duration": "3 yrs 4 mos", "location": "Phoenix, AZ / San Francisco, CA", "title": "Principal Platform Architect"}], "education": null, "employee_name": "Xp7G6wDJHKD0bf7a*bldTTg+lzSZOp5GOIJGQ2g==*qB4rpCuXkLh2oaGCyPrFgA==*Wt3VGSaR8350a0XNQcAnLg=="}, {"experience": [{"company_name": "Big Friends Consulting Partners", "dates_employed": "Apr 2019\u2013Present", "employment_duration": "3 yrs 2 mos", "location": "Greater San Diego Area", "title": "Founder and CEO"}, {"company_name": "Evolv Technologies", "dates_employed": "Oct 2019\u2013Present", "employment_duration": "2 yrs 8 mos", "location": "Greater San Diego Area", "title": "Vice President, Channels and Alliances"}, {"company_name": "SMRT Mouth", "dates_employed": "May 2019\u2013Aug 2020", "employment_duration": "1 yr 4 mos", "location": null, "title": "Advisor"}, {"company_name": "Cision", "dates_employed": "Oct 2016\u2013Feb 2019", "employment_duration": "2 yrs 5 mos", "location": "Greater San Diego Area", "title": "SVP, Global Partnerships"}, {"company_name": "Marketo", "dates_employed": "Dec 2013\u2013Oct 2016", "employment_duration": "2 yrs 11 mos", "location": "San Mateo, CA", "title": "Vice President, Alliances"}], "education": [{"institution": "University of California, Los Angeles", "degree_details": {"degree_name": "1995", "field_of_study": "English", "dates_attended_or_expected_graduation": "1990 \u2013 1995"}}], "employee_name": "1za4gip5O/KeCRsFCfJpBFKo*aEU3f13ncMK0950qIo+ozQ==*eGBkHAD+ew54EQK4ds4NXA==*m5/VJ5J0ncT8vON209R9xQ=="}, {"experience": [{"company_name": "Evolv AI", "dates_employed": "Feb 2021\u2013Present", "employment_duration": "1 yr 4 mos", "location": null, "title": "Vice President Of Strategic Sales"}, {"company_name": "Evolv Technologies", "dates_employed": "Mar 2019\u2013Feb 2021", "employment_duration": "2 yrs", "location": "San Francisco Bay Area", "title": "Vice President, Customer Success"}, {"company_name": "Sentient Technologies", "dates_employed": "Mar 2018\u2013Mar 2019", "employment_duration": "1 yr 1 mo", "location": "San Francisco Bay Area", "title": "Director of Solutions Engineering, Global"}, {"company_name": "Sentient Technologies", "dates_employed": "Jun 2017\u2013Mar 2018", "employment_duration": "10 mos", "location": "San Francisco Bay Area", "title": "Head of Solutions Engineering"}, {"company_name": "Sentient Technologies", "dates_employed": "Jul 2016\u2013Jun 2017", "employment_duration": "1 yr", "location": "San Francisco Bay Area", "title": "Principal Sales Engineer"}], "education": [{"institution": "University of Utah", "degree_details": {"degree_name": "Bachelor of Science (BS)", "field_of_study": "Computer Engineering", "dates_attended_or_expected_graduation": "2004 \u2013 2009"}}], "employee_name": "0HurL/EQkZC0zQ==*wWIzV90jTluLvC8XxNRhgw==*NxvwlK5g77UQXXmp8fYtbg==*yRmUHsWdFVZKUboUFd4h8w=="}, {"experience": [{"company_name": "Evolv AI", "dates_employed": "Nov 2020\u2013Present", "employment_duration": "1 yr 7 mos", "location": "San Francisco, California, United States", "title": "Enterprise Business Development Manager"}, {"company_name": "ServiceTitan", "dates_employed": "Jun 2018\u2013Nov 2020", "employment_duration": "2 yrs 6 mos", "location": "Glendale, CA", "title": "Sr. Enterprise Sales Development"}, {"company_name": "UserZoom", "dates_employed": "May 2017\u2013Jun 2018", "employment_duration": "1 yr 2 mos", "location": "San Francisco Bay Area", "title": "Enterprise Business Development: Fintech"}, {"company_name": "Butler Box and Stake, Inc.", "dates_employed": "Jun 2015\u2013Nov 2017", "employment_duration": "2 yrs 6 mos", "location": "Santa Ana, CA", "title": "NorCal Account Manager"}, {"company_name": "CareCredit", "dates_employed": "Dec 2014\u2013Jun 2015", "employment_duration": "7 mos", "location": "Costa Mesa, CA", "title": "Sales Coordinator"}], "education": [{"institution": "Bloomsburg University of Pennsylvania - Zeigler College of Business", "degree_details": {"degree_name": "BSBA", "field_of_study": "Management Information Systems (MIS)", "dates_attended_or_expected_graduation": "2007 \u2013 2011"}}], "employee_name": "EwuTL2o3wz1fugBMgxc0*IJu/H7qmdbn2zm98tXOdsw==*73Xx4mtxk7K7UynkqC95RA==*bEmrOsmLuAWZDWka9SpEfg=="}, {"experience": [{"company_name": "Evolv AI", "dates_employed": "Mar 2019\u2013Present", "employment_duration": "3 yrs 3 mos", "location": "San Francisco Bay Area", "title": "Chief Executive Officer & Co-Founder"}, {"company_name": "Forbes Technology Council", "dates_employed": "Sep 2021\u2013Present", "employment_duration": "9 mos", "location": "Boston, Massachusetts, United States", "title": "Member, Forbes Technology Council"}, {"company_name": "Scharff Advisors, Inc.", "dates_employed": "Aug 2013\u2013Present", "employment_duration": "8 yrs 10 mos", "location": "Berkeley, CA", "title": "Founder & CEO"}, {"company_name": "Sentient Technologies (USA) LLC", "dates_employed": "Dec 2018\u2013Mar 2019", "employment_duration": "4 mos", "location": "San Francisco Bay Area", "title": "Chief Executive Officer"}, {"company_name": "Entangled Media Corp.", "dates_employed": "Apr 2010\u2013Dec 2018", "employment_duration": "8 yrs 9 mos", "location": null, "title": "Investor & Advisor"}], "education": [{"institution": "University of Iowa", "degree_details": {"field_of_study": "Computer Science", "dates_attended_or_expected_graduation": "1981 \u2013 1985", "degree_name": null}}, {"institution": "University of California, Berkeley", "degree_details": {"field_of_study": "Non-degree Marketing and Economics studies", "dates_attended_or_expected_graduation": null, "degree_name": null}}], "employee_name": "emr1jrLOEiac9D8H6Jgn*SNRIbWkHkAMbuePu0KdvOQ==*QjoaXulF75e+uWlUaJyKYQ==*ZR1tBW+w3ggpcftP0Vd6og=="}, {"experience": [{"company_name": "HealthJoy", "dates_employed": "Mar 2022\u2013Present", "employment_duration": "3 mos", "location": "North America", "title": "Chief Revenue Officer (CRO)"}, {"company_name": "Evolv AI", "dates_employed": "Aug 2021\u2013Present", "employment_duration": "10 mos", "location": "San Francisco Bay Area", "title": "Advisor"}, {"company_name": "BrightTALK (Acquired by TechTarget)", "dates_employed": "Dec 2020\u2013Dec 2021", "employment_duration": "1 yr 1 mo", "location": "San Francisco Bay Area", "title": "President & Chief Revenue Officer"}, {"company_name": "BrightTALK", "dates_employed": "Jan 2019\u2013Dec 2020", "employment_duration": "2 yrs", "location": "San Francisco Bay Area", "title": "President & Chief Revenue Officer"}, {"company_name": "BrightTALK", "dates_employed": "Jul 2017\u2013Dec 2018", "employment_duration": "1 yr 6 mos", "location": "San Francisco Bay Area", "title": "Chief Revenue Officer"}], "education": [{"institution": "California State University, Chico", "degree_details": {"degree_name": "BS", "field_of_study": "Finance", "dates_attended_or_expected_graduation": null}}], "employee_name": "gXXoE3yp1JhgVlZj*Ww35dy7Ayk62U1Em3apiyQ==*m5nZ790kbvXukr/ElQDDjw==*FuNikgG5NRGwLAZf8k1lQA=="}, {"experience": [{"company_name": "SILQ Finance", "dates_employed": "Mar 2022\u2013Present", "employment_duration": "3 mos", "location": "San Francisco Bay Area", "title": "Chief Executive Officer"}, {"company_name": "Surrealty", "dates_employed": "Sep 2019\u2013Present", "employment_duration": "2 yrs 9 mos", "location": "Kingston, Washington", "title": "Chairman and Co-founder"}, {"company_name": "Evolv Technologies", "dates_employed": "Jul 2019\u2013Present", "employment_duration": "2 yrs 11 mos", "location": "San Francisco Bay Area", "title": "Advisor"}, {"company_name": "Bidstack Group PLC", "dates_employed": "May 2019\u2013Present", "employment_duration": "3 yrs 1 mo", "location": null, "title": "Strategic Advisor"}, {"company_name": "Brewco", "dates_employed": "Jan 2021\u2013Feb 2022", "employment_duration": "1 yr 2 mos", "location": "San Francisco Bay Area", "title": "Co-Founder"}], "education": [{"institution": "Harvard University", "degree_details": {"degree_name": "BA", "field_of_study": "Physical Sciences", "dates_attended_or_expected_graduation": null}}, {"institution": "Redwood High School, TUHSD", "degree_details": {"dates_attended_or_expected_graduation": null, "degree_name": null, "field_of_study": null}}], "employee_name": "mjn8z2LuxFPhNIWEzdRd+Q==*BcExNw7UmthhJrPW3eMwSg==*icbFuvT/CBv7MRon251/FQ==*CxHUAIFz/4u/EZGLK/42Qw=="}, {"experience": [{"company_name": "Evolv AI", "dates_employed": "Jan 2020\u2013Present", "employment_duration": "2 yrs 5 mos", "location": "San Francisco Bay Area", "title": "Vice President of Marketing"}, {"company_name": "SoftwareONE", "dates_employed": "Apr 2019\u2013Feb 2020", "employment_duration": "11 mos", "location": "Portland, Oregon Area", "title": "Marketing Director for North America"}, {"company_name": "CheshireBeane", "dates_employed": "May 2018\u2013May 2019", "employment_duration": "1 yr 1 mo", "location": "Portland, Oregon Area", "title": "Managing Director and Partner"}, {"company_name": "Atmosera", "dates_employed": "Jun 2014\u2013May 2018", "employment_duration": "4 yrs", "location": "Portland, Oregon Area", "title": "Chief Marketing Officer"}, {"company_name": "Netformx", "dates_employed": "Nov 2010\u2013May 2014", "employment_duration": "3 yrs 7 mos", "location": null, "title": "Vice President of Marketing & Product Strategy"}], "education": [{"institution": "Willamette University", "degree_details": {"degree_name": "Bachelor's Degree", "field_of_study": "Economics", "dates_attended_or_expected_graduation": "1990 \u2013 1994"}}], "employee_name": "tRusxTynbrePlDk/CA==*Jg/LHlmrelB0CEfKRN6UMg==*3FN1o9Y9xArpE90C39UmZQ==*rfIcxYmlUCLjtKfIbn1/kg=="}, {"experience": [{"company_name": "Evolv AI", "dates_employed": "Jul 2021\u2013Present", "employment_duration": "11 mos", "location": "Remote", "title": "Product Marketing Manager"}, {"company_name": "Knuti & Co.", "dates_employed": "2018\u2013Present", "employment_duration": "4 yrs", "location": "New York, NY", "title": "Founder"}, {"company_name": "NYU Stern School of Business", "dates_employed": "Aug 2019\u2013Aug 2021", "employment_duration": "2 yrs 1 mo", "location": "Greater New York City Area", "title": "MBA Candidate"}, {"company_name": "Evolv Technologies", "dates_employed": "Feb 2021\u2013Jun 2021", "employment_duration": "5 mos", "location": null, "title": "Product Manager"}, {"company_name": "NYU Stern Center for Sustainable Business", "dates_employed": "Jun 2020\u2013Aug 2020", "employment_duration": "3 mos", "location": null, "title": "Sustainable Business Research Fellow"}], "education": [{"institution": "NYU Stern School of Business", "degree_details": {"degree_name": "Master of Business Administration - MBA", "dates_attended_or_expected_graduation": "2019 \u2013 2021", "field_of_study": null}}, {"institution": "Wesleyan University", "degree_details": {"degree_name": "Bachelor of Arts (BA)", "field_of_study": "College of Letters", "dates_attended_or_expected_graduation": "2008"}}, {"institution": "School for International Training", "degree_details": {"degree_name": "Study Abroad - Senegal", "field_of_study": "Photojournalism, French, Wolof", "dates_attended_or_expected_graduation": "2006"}}], "employee_name": "w/RPKlkzhhtYhpk=*8w3ZkjUCJFAUZeFFmvC1cw==*/rWLI8TiBnpA3aJttQxmkw==*0mqTVqPZXh+rn8GgEu3xKA=="}, {"experience": [{"company_name": "Project Voice Capital Partners", "dates_employed": "Apr 2022\u2013Present", "employment_duration": "2 mos", "location": null, "title": "Venture Partner"}, {"company_name": "BigSpeak Speakers Bureau", "dates_employed": "Feb 2016\u2013Present", "employment_duration": "6 yrs 4 mos", "location": null, "title": "Keynote Speaker"}, {"company_name": "Otter.ai", "dates_employed": "Sep 2020\u2013Present", "employment_duration": "1 yr 9 mos", "location": null, "title": "Advisor"}, {"company_name": "Riva Health", "dates_employed": "Jan 2021\u2013Present", "employment_duration": "1 yr 5 mos", "location": null, "title": "Advisor"}, {"company_name": "Evolv Technologies", "dates_employed": "Aug 2019\u2013Present", "employment_duration": "2 yrs 10 mos", "location": "San Francisco Bay Area", "title": "Advisor"}], "education": [{"institution": "University of California, Los Angeles", "degree_details": {"degree_name": "MS", "field_of_study": "Computer Science, Artificial Intelligence", "dates_attended_or_expected_graduation": "1992 \u2013 1993"}}, {"institution": "Brandeis University", "degree_details": {"degree_name": "BA", "field_of_study": "Computer Science", "dates_attended_or_expected_graduation": "1984 \u2013 1988"}}, {"institution": "Sharon High School", "degree_details": {"field_of_study": "Computer Science", "dates_attended_or_expected_graduation": "1980 \u2013 1984", "degree_name": null}}], "employee_name": "QvLZvhJIwu54/Jw=*v4IU1IpMPbrjJqAq7ND5xQ==*yzR57sjz8l4B3maWVAN/gQ==*jejFSHv5jqt34c37+FW79g=="}, {"experience": [{"company_name": "Evolv Technologies", "dates_employed": "Feb 2021\u2013Present", "employment_duration": "1 yr 4 mos", "location": null, "title": "VP Expert Services EMEA"}, {"company_name": "Kinaxis", "dates_employed": "Aug 2020\u2013Feb 2021", "employment_duration": "7 mos", "location": "Ireland", "title": "Business Consultant"}, {"company_name": "Rubikloud Technologies", "dates_employed": "Apr 2018\u2013Jul 2020", "employment_duration": "2 yrs 4 mos", "location": "UK & Ireland", "title": "Global Director of Sales Engineering"}, {"company_name": "Digital River", "dates_employed": "Mar 2014\u2013Mar 2018", "employment_duration": "4 yrs 1 mo", "location": null, "title": "Director, Technical Sales"}, {"company_name": "Digital River", "dates_employed": "Jun 2013\u2013Mar 2014", "employment_duration": "10 mos", "location": "Shannon", "title": "Senior Sales Engineer"}], "education": [{"institution": "Limerick Institute of Technology", "degree_details": {"degree_name": "BBS", "field_of_study": "Business Studies Computing", "dates_attended_or_expected_graduation": "1997 \u2013 2001"}}, {"institution": "Limerick Institute of Technology", "degree_details": {"degree_name": "BBS", "field_of_study": "Business with Computing", "dates_attended_or_expected_graduation": "1997 \u2013 2001"}}], "employee_name": "U53QAPy0AFaZgAqWBJo=*Kowm46GlPPPa0w/mTl9H0Q==*B5FzESIOUXcP2TIGOIs5Ew==*XILnMwgNC6wggjrvKxufDw=="}, {"experience": [{"company_name": "Evolv AI", "dates_employed": "Jun 2021\u2013Present", "employment_duration": "1 yr", "location": "United States", "title": "VP, Expert Services"}, {"company_name": "Model B", "dates_employed": "Dec 2021\u2013Present", "employment_duration": "6 mos", "location": "Washington DC-Baltimore Area", "title": "Strategic Advisor"}, {"company_name": "Bernstein-Rein Advertising", "dates_employed": "Oct 2015\u2013May 2021", "employment_duration": "5 yrs 8 mos", "location": "Kansas City, Missouri Area", "title": "Managing Director"}, {"company_name": "AnchorOps", "dates_employed": "Apr 2013\u2013Dec 2017", "employment_duration": "4 yrs 9 mos", "location": "Greater Boston Area", "title": "Board of Advisors"}, {"company_name": "StrawberryFrog", "dates_employed": "Nov 2014\u2013Oct 2015", "employment_duration": "1 yr", "location": "Greater New York City Area", "title": "Managing Director"}], "education": [{"institution": "Michigan State University", "degree_details": {"degree_name": "BA", "field_of_study": "Communications", "dates_attended_or_expected_graduation": "1982 \u2013 1987"}}], "employee_name": "3pA+g3QPwpbyEkkmnQ==*Wm1rCFw1IM/axoevzCUf8Q==*Er5L7ix4QSfQEdB7fn6HGw==*SIKvkQp5TRBfk4hECinLYg=="}, {"experience": [{"company_name": "Evolv AI", "dates_employed": "Feb 2021\u2013Present", "employment_duration": "1 yr 4 mos", "location": "London, England, United Kingdom", "title": "GM EMEA"}, {"company_name": "Rubikloud Technologies (Acquired by Kinaxis)", "dates_employed": "Apr 2018\u2013Jan 2021", "employment_duration": "2 yrs 10 mos", "location": "London, United Kingdom", "title": "VP Sales EMEA"}, {"company_name": "Digital River", "dates_employed": "Jan 2017\u2013Apr 2018", "employment_duration": "1 yr 4 mos", "location": "Slough, United Kingdom", "title": "Senior Sales Director, EMEA"}, {"company_name": "Demandware, a Salesforce company", "dates_employed": "Sep 2015\u2013Jan 2017", "employment_duration": "1 yr 5 mos", "location": "London, UK", "title": "Sales Executive"}, {"company_name": "Digital River", "dates_employed": "Sep 2012\u2013Sep 2015", "employment_duration": "3 yrs 1 mo", "location": "Maidenhead", "title": "Sales Director, Branded Manufacturers"}], "education": [{"institution": "The Open University", "degree_details": {"field_of_study": "Mathematics", "dates_attended_or_expected_graduation": null, "degree_name": null}}], "employee_name": "tRDHgQthm3OgvV0=*3nxO0zEwO6B41g2ZeQ0NFg==*4rBL+stdzFVw7CTpd+TSrw==*qf2AQz1PTNpALb3+TMKxhw=="}, {"experience": [{"company_name": "Evolv AI", "dates_employed": "May 2021\u2013Present", "employment_duration": "1 yr 1 mo", "location": "Los Angeles Metropolitan Area", "title": "Sales Director - West Coast"}, {"company_name": "Statista", "dates_employed": "Feb 2021\u2013May 2021", "employment_duration": "4 mos", "location": "Los Angeles Metropolitan Area", "title": "Associate Director | West Coast"}, {"company_name": "Statista", "dates_employed": "Aug 2019\u2013Feb 2021", "employment_duration": "1 yr 7 mos", "location": "Los Angeles, California, United States", "title": "Senior Business Development Manager - Agencies | AdTech | SaaS - West Coast"}, {"company_name": "Statista", "dates_employed": "Nov 2017\u2013Aug 2019", "employment_duration": "1 yr 10 mos", "location": "New York, New York, United States", "title": "Business Development Manager - Agencies & Media"}, {"company_name": "Galison + Mudpuppy", "dates_employed": "Jul 2017\u2013Nov 2017", "employment_duration": "5 mos", "location": "Greater New York City Area", "title": "Account Manager Christian Lacroix"}], "education": [{"institution": "Parsons School of Design - The New School", "degree_details": {"degree_name": "Strategic Design & Management", "field_of_study": "Strategic Design & Management", "dates_attended_or_expected_graduation": null}}, {"institution": "Linden Hall", "degree_details": {"degree_name": "High School Education", "field_of_study": "High School/Secondary Diplomas and Certificates", "dates_attended_or_expected_graduation": null}}], "employee_name": "mvQBVPjTymR9NKvm*BabjMwMyHaQLOiLejhoN3Q==*1FbyW1UIdxlA1jP28spuJA==*qDE2ZHk8YgXKkENhgen0xA=="}, {"experience": [{"company_name": "Evolv AI", "dates_employed": "Nov 2019\u2013Present", "employment_duration": "2 yrs 7 mos", "location": null, "title": "Head of Demand Generation"}, {"company_name": "SIFF.IO", "dates_employed": "Jan 2019\u2013Present", "employment_duration": "3 yrs 5 mos", "location": null, "title": "Advisor"}, {"company_name": "Personalization ONE", "dates_employed": "Nov 2018\u2013Present", "employment_duration": "3 yrs 7 mos", "location": null, "title": "Advisor"}, {"company_name": "Revcloud", "dates_employed": "May 2019\u2013Nov 2019", "employment_duration": "7 mos", "location": null, "title": "Client CMO"}, {"company_name": "Resolve Systems", "dates_employed": "Jan 2017\u2013Oct 2018", "employment_duration": "1 yr 10 mos", "location": "Irvine, California", "title": "Global Vice President of Marketing"}], "education": [{"institution": "California State University, Long Beach", "degree_details": {"degree_name": "Art", "field_of_study": "Graphic Design, Marketing", "dates_attended_or_expected_graduation": "1998 \u2013 2003"}}, {"institution": "Olentangy High School", "degree_details": {"dates_attended_or_expected_graduation": null, "degree_name": null, "field_of_study": null}}], "employee_name": "Xt4Jeo5DAI1nNK2N*KgJAsgDZA6oZqeVepoIvWg==*eKXQe9pNmr0oQs2Qp8hkfg==*0oPxpORIcjGhd7VXUqTcHQ=="}, {"experience": [{"company_name": "Evolv AI", "dates_employed": "Jan 2022\u2013Present", "employment_duration": "5 mos", "location": "Dublin, County Dublin, Ireland", "title": "Principal Consultant - EMEA"}, {"company_name": "IBM Data and AI Expert Services Group", "dates_employed": "Mar 2016\u2013Jan 2022", "employment_duration": "5 yrs 11 mos", "location": "Dublin", "title": "Senior Business Architect"}, {"company_name": "IBM Watson Group", "dates_employed": "Feb 2015\u20132016", "employment_duration": "1 yr", "location": "Dublin", "title": "Enterprise Business Architect - Watson European Centre of Competency"}, {"company_name": "IBM Software Group", "dates_employed": "Dec 2012\u2013Feb 2015", "employment_duration": "2 yrs 3 mos", "location": "Dublin", "title": "Business Development Manager Big Data & Analytics , IBM Ecosystems Group UK&Ireland"}, {"company_name": "Irish Software Association", "dates_employed": "Nov 2010\u2013Dec 2012", "employment_duration": "2 yrs 2 mos", "location": "Dublin", "title": "ISV Alliances Manager for IBM Software Group UK & Ireland"}], "education": [{"institution": "University of Limerick", "degree_details": {"degree_name": "BBS ML", "field_of_study": "Business Marketing Major", "dates_attended_or_expected_graduation": "1989 \u2013 1993"}}], "employee_name": "nz6802IcCd6mc6Y+*fxf4K+Pn8RISV/blOn5wTw==*gLbCr4Sxo1swXgylHucryA==*kXm0um4ig57CRf/a1v3fyQ=="}, {"experience": [{"company_name": "Fender Musical Instruments Corporation", "dates_employed": "Jul 2018\u2013Present", "employment_duration": "3 yrs 11 mos", "location": "Hollywood, California", "title": "Member Board Of Directors/Growth Advisor"}, {"company_name": "Tractive", "dates_employed": "May 2021\u2013Present", "employment_duration": "1 yr 1 mo", "location": "Pasching, Upper Austria, Austria", "title": "Member Board Of Directors"}, {"company_name": "Crehana", "dates_employed": "Feb 2021\u2013Present", "employment_duration": "1 yr 4 mos", "location": "Lima, Peru", "title": "Board Member"}, {"company_name": "Pathstream", "dates_employed": "Mar 2020\u2013Present", "employment_duration": "2 yrs 3 mos", "location": "San Francisco Bay Area", "title": "Chairman"}, {"company_name": "Evolv Technologies", "dates_employed": "Jun 2019\u2013Present", "employment_duration": "3 yrs", "location": "San Francisco", "title": "Board Member"}], "education": [{"institution": "University of California, Berkeley", "degree_details": {"degree_name": "BA", "field_of_study": "History", "dates_attended_or_expected_graduation": "1980 \u2013 1984"}}, {"institution": "Saint Mary's College of California", "degree_details": {"degree_name": "MBA", "field_of_study": "International Finance and Foreign Trade", "dates_attended_or_expected_graduation": "1990 \u2013 1991"}}], "employee_name": "hjm6LVzT9IvKlxI=*TsX9SJbbeSDDXSFQiCT07Q==*9hnLSdCZoOIpVEac9OL6MQ==*kqxQj/qynDENc6xe8Y4DXg=="}, {"experience": [{"company_name": "Haptik", "dates_employed": "Apr 2021\u2013Present", "employment_duration": "1 yr 2 mos", "location": "Austin, Texas", "title": "SVP Revenue & Partnerships, GM Americas"}, {"company_name": "Evolv Technologies", "dates_employed": "Mar 2021\u2013Present", "employment_duration": "1 yr 3 mos", "location": null, "title": "Strategic Advisor"}, {"company_name": "Evolv Technologies", "dates_employed": "Jan 2019\u2013Mar 2021", "employment_duration": "2 yrs 3 mos", "location": "Austin, Texas Area", "title": "General Manager"}, {"company_name": "Fallbrook Technologies", "dates_employed": "Jan 2017\u2013Dec 2018", "employment_duration": "2 yrs", "location": null, "title": "VP, Business Development and Sales"}, {"company_name": "Sentient Technologies", "dates_employed": "May 2016\u2013Dec 2018", "employment_duration": "2 yrs 8 mos", "location": null, "title": "Strategic Advisor"}], "education": [{"institution": "The University of Texas at Austin", "degree_details": {"degree_name": "BBA", "dates_attended_or_expected_graduation": null, "field_of_study": null}}], "employee_name": "ZdlR//JL5Cww2D7YSQ==*e5+BwEKRHt+1fdkZjlhXYw==*AXkX5+OiyP1ToBqVWuZ4fQ==*C4Si6IJHpfjQr2++WPOqpA=="}, {"experience": [{"company_name": "Evolv Technologies", "dates_employed": "Feb 2021\u2013Present", "employment_duration": "1 yr 4 mos", "location": "San Francisco, California, United States", "title": "VP of Finance"}, {"company_name": "Evolv Technologies", "dates_employed": "Mar 2019\u2013Present", "employment_duration": "3 yrs 3 mos", "location": "San Francisco Bay Area", "title": "Director of Finance"}, {"company_name": "Sentient Technologies (USA) LLC", "dates_employed": "May 2017\u2013Mar 2019", "employment_duration": "1 yr 11 mos", "location": "San Francisco Bay Area", "title": "Senior Accounting Manager @ Sentient Technologies"}, {"company_name": "Livefyre", "dates_employed": "Apr 2015\u2013Nov 2016", "employment_duration": "1 yr 8 mos", "location": "San Francisco Bay Area", "title": "Senior Accounting Manager"}, {"company_name": "Ask.com", "dates_employed": "Mar 2010\u2013Apr 2015", "employment_duration": "5 yrs 2 mos", "location": "Oakland, CA", "title": "Accounting Manager"}], "education": [{"institution": "University of Southern California", "degree_details": {"degree_name": "Bachelor's Degree", "field_of_study": "Business Administration and Management, General", "dates_attended_or_expected_graduation": null}}, {"institution": "University of Southern California - Marshall School of Business", "degree_details": {"dates_attended_or_expected_graduation": null, "degree_name": null, "field_of_study": null}}], "employee_name": "o94tOffBHk7Y8EoqxgMZ*H6Wv5KWEqOex6pGuVPDNFQ==*4CNbfsEMdc7lftR+5TzR+A==*8Ojl50x5gBOJgCKJ6Q/ZWQ=="}, {"experience": [{"company_name": "Evolv AI", "dates_employed": "Sep 2021\u2013Present", "employment_duration": "9 mos", "location": null, "title": "Principal Consultant, North America"}, {"company_name": "Sextant Marketing", "dates_employed": "Dec 2020\u2013Present", "employment_duration": "1 yr 6 mos", "location": "Chicago, Illinois, United States", "title": "Managing Director, Brand Strategy"}, {"company_name": "Bernstein-Rein Advertising", "dates_employed": "2017\u2013Dec 2020", "employment_duration": "3 yrs", "location": "Kansas City, Missouri Area", "title": "SVP, Group Account Director"}, {"company_name": "VML", "dates_employed": "2013\u20132016", "employment_duration": "3 yrs", "location": "Greater Chicago Area", "title": "Managing Director, Client Engagement"}, {"company_name": "VML", "dates_employed": "2009\u20132013", "employment_duration": "4 yrs", "location": "Greater Chicago Area", "title": "Vice President, Account Director"}], "education": [{"institution": "Augustana College", "degree_details": {"degree_name": "BA", "field_of_study": "English, History", "dates_attended_or_expected_graduation": null}}], "employee_name": "PtuwD0hZaT0AiA==*/hU5+pjxdj7oWcpSDjPzDw==*DXFvUohBrp9efqZwPj4UwQ==*nd/kn3/uCtTaBHygS7gZXw=="}, {"experience": [{"company_name": "Evolv AI", "dates_employed": "Jan 2021\u2013Present", "employment_duration": "1 yr 5 mos", "location": "San Francisco Bay Area", "title": "VP of Revenue Operations"}, {"company_name": "Evolv Technologies", "dates_employed": "Oct 2019\u2013Jan 2021", "employment_duration": "1 yr 4 mos", "location": "San Francisco Bay Area", "title": "Director of Revenue Operations"}, {"company_name": "Evolv Technologies", "dates_employed": "Oct 2018\u2013Oct 2019", "employment_duration": "1 yr 1 mo", "location": "San Francisco Bay Area", "title": "GTM Strategy and Operations"}, {"company_name": "Sentient Technologies (acquired by Cognizant)", "dates_employed": "Aug 2017\u2013Oct 2018", "employment_duration": "1 yr 3 mos", "location": "San Francisco Bay Area", "title": "Director, Business Development and Sales Operations"}, {"company_name": "Sentient Technologies (acquired by Cognizant)", "dates_employed": "Aug 2016\u2013Aug 2017", "employment_duration": "1 yr 1 mo", "location": "San Francisco Bay Area", "title": "Manager, Business Development and Sales Operations"}], "education": [{"institution": "California Polytechnic State University-San Luis Obispo", "degree_details": {"dates_attended_or_expected_graduation": null, "degree_name": null, "field_of_study": null}}], "employee_name": "mbtUz9vG5wUBxDiAhK5L*QdETPnjZO1IlJ3U5KfkF8g==*KoOYycwnpjc/q8OlQAbUuA==*N57fUzzxdgPfBf2SwRjFlw=="}, {"experience": [{"company_name": "Evolv Technologies", "dates_employed": "Mar 2021\u2013Present", "employment_duration": "1 yr 3 mos", "location": "United States", "title": "Head of Sales - North America"}, {"company_name": "SparkPost, a MessageBird company", "dates_employed": "Jan 2020\u2013Jan 2021", "employment_duration": "1 yr 1 mo", "location": "Greater New York City Area", "title": "Head Of Sales"}, {"company_name": "Posh Properties", "dates_employed": "2015\u20132020", "employment_duration": "5 yrs", "location": null, "title": "Co-founder & SVP of Sales"}, {"company_name": "Wayin acquired by Cheetah Experiences", "dates_employed": "2015\u20132016", "employment_duration": "1 yr", "location": "Greater New York City Area", "title": "Advisor"}, {"company_name": "Monetate acquired by Kibo", "dates_employed": "2011\u20132015", "employment_duration": "4 yrs", "location": "United States", "title": "VP of Sales - North America"}], "education": [{"institution": "Stockton University", "degree_details": {"degree_name": "Bachelor's Degree", "field_of_study": "Accounting", "dates_attended_or_expected_graduation": null}}], "employee_name": "pihnLKXW9y2cpQ==*yLQ0SnsLcGDeF+NJ/qgKCA==*ppdJ33CjACfly8SW09pwfA==*aM1AAWS/aw3SV4ys4l7eEA=="}, {"experience": [{"company_name": "Mayo Clinic", "dates_employed": "Mar 2021\u2013Present", "employment_duration": "1 yr 3 mos", "location": null, "title": "Vice Chair, Emerging Products"}, {"company_name": "Forbes Technology Council", "dates_employed": "2021\u2013Present", "employment_duration": "1 yr", "location": null, "title": "Official Member"}, {"company_name": "Evolv Technologies", "dates_employed": "Jan 2021\u2013Present", "employment_duration": "1 yr 5 mos", "location": null, "title": "Advisory Board Member | AI/ML Products"}, {"company_name": "Verizon", "dates_employed": "Apr 2018\u2013Dec 2020", "employment_duration": "2 yrs 9 mos", "location": null, "title": "Head of Optimization & Personalization | AI/ML & Analytics"}, {"company_name": "New Digital Collective", "dates_employed": "Nov 2016\u2013Mar 2018", "employment_duration": "1 yr 5 mos", "location": null, "title": "Managing Principal | Product Management"}], "education": [{"institution": "Tufts University", "degree_details": {"degree_name": "Master's Degree", "field_of_study": "Economics", "dates_attended_or_expected_graduation": null}}, {"institution": "Tsinghua University", "degree_details": {"degree_name": "Master's Degree", "field_of_study": "Management Information Systems", "dates_attended_or_expected_graduation": null}}, {"institution": "Southeast University", "degree_details": {"degree_name": "Bachelor's degree", "field_of_study": "Industrial Engineering", "dates_attended_or_expected_graduation": null}}], "employee_name": "/7+Ad7Facg==*drOMeljfcZ8ouEiEGyPDDw==*pXostSBN6YBASwJd20XrtA==*XSfa8GqFJwZqq0a0le2T+g=="}, {"experience": [{"company_name": "Evolv Technologies", "dates_employed": "Jul 2021\u2013Present", "employment_duration": "11 mos", "location": "New York City Metropolitan Area", "title": "Director, Solutions Engineering"}, {"company_name": "Optimizely", "dates_employed": "Dec 2018\u2013Jul 2021", "employment_duration": "2 yrs 8 mos", "location": "New York, New York, United States", "title": "Director, Solutions Architecture"}, {"company_name": "OneSpot [Acquired by Aclate]", "dates_employed": "Dec 2016\u2013Dec 2018", "employment_duration": "2 yrs 1 mo", "location": "New York City, New York", "title": "Sr. Director, Global Solutions Consulting"}, {"company_name": "Sailthru [Acquired by CMGroup]", "dates_employed": "Dec 2012\u2013Dec 2016", "employment_duration": "4 yrs 1 mo", "location": "New York City, New York", "title": "Director, Global Solutions Consulting"}, {"company_name": "Omniture [Acquired by Adobe]", "dates_employed": "Jul 2008\u2013Dec 2012", "employment_duration": "4 yrs 6 mos", "location": "Greater New York City Area", "title": "Senior Solutions Consultant"}], "education": [{"institution": "Syracuse University", "degree_details": {"degree_name": "BS", "field_of_study": "Computer Engineering", "dates_attended_or_expected_graduation": null}}, {"institution": "University of Central Florida", "degree_details": {"degree_name": "Certificate", "field_of_study": "Oracle DB", "dates_attended_or_expected_graduation": null}}], "employee_name": "AeSpzB8uGYqfmg==*Bm6AWr1xqk9PskcUUawm2g==*yIf3ayYTrUUBu66ElMYKnA==*Cxyvuvai8sqWhALWUt9cgA=="}, {"experience": [{"company_name": "Evolv AI", "dates_employed": "Nov 2021\u2013Present", "employment_duration": "7 mos", "location": "Dublin, County Dublin, Ireland", "title": "Staff Software Engineer"}, {"company_name": "SmartBear", "dates_employed": "Apr 2019\u2013Nov 2021", "employment_duration": "2 yrs 8 mos", "location": "County Galway, Ireland", "title": "Software Engineer"}, {"company_name": "Asan Pardakht", "dates_employed": "Dec 2017\u2013Mar 2019", "employment_duration": "1 yr 4 mos", "location": "Tehran Province, Iran", "title": "Senior Frontend Developer"}, {"company_name": "Soroush Messenger", "dates_employed": "Jun 2017\u2013Dec 2017", "employment_duration": "7 mos", "location": "Tehran Province, Iran", "title": "Senior Frontend Developer"}, {"company_name": "WebWalls", "dates_employed": "Apr 2014\u2013Dec 2017", "employment_duration": "3 yrs 9 mos", "location": "Tehran", "title": "Co Founder"}], "education": [{"institution": "Payame Noor University", "degree_details": {"degree_name": "Bs. IT", "field_of_study": "Information Technology", "dates_attended_or_expected_graduation": "2007 \u2013 2012"}}], "employee_name": "z4xerkOkmCZCEgPST+VdyA==*SmmmQt1kzgYD/+s2yckQ7w==*GzIsDZPM1ZCSSBJnXExFkQ==*Xjj40T0TGZdornERSx2tlw=="}, {"experience": [{"company_name": "Evolv Technologies", "dates_employed": "Jun 2017\u2013Present", "employment_duration": "5 yrs", "location": "San Francisco Bay Area", "title": "Software Engineer"}, {"company_name": "Sentient Technologies", "dates_employed": "Sep 2017\u2013Mar 2019", "employment_duration": "1 yr 7 mos", "location": "San Francisco Bay Area", "title": "Software Engineer"}, {"company_name": "Sentient Technologies", "dates_employed": "Jun 2017\u2013Sep 2017", "employment_duration": "4 mos", "location": "San Francisco", "title": "Software Engineering Intern"}, {"company_name": "A Family For Every Child (AFFEC)", "dates_employed": "Jan 2017\u2013Apr 2017", "employment_duration": "4 mos", "location": "Eugene, Oregon Area", "title": "Web Development Intern"}, {"company_name": "FusionOps, Inc", "dates_employed": "Jun 2016\u2013Sep 2016", "employment_duration": "4 mos", "location": "Mountain View, California", "title": "BI Development Intern"}], "education": [{"institution": "University of Oregon", "degree_details": {"degree_name": "Bachelor of Science (BS)", "field_of_study": "Computer and Information Science", "dates_attended_or_expected_graduation": "2013 \u2013 2017"}}], "employee_name": "bRzOik4fhWwgyRTfHA==*jeQ0p13Rod8lim9v9jORTw==*KQoqJ7RrV5dhKZ6sUAFrJA==*ORdgw+QGySvUW+ZgDGWTow=="}, {"experience": [{"company_name": "Evolv AI", "dates_employed": "Sep 2021\u2013Present", "employment_duration": "9 mos", "location": "San Francisco, California, United States", "title": "Machine Learning Engineer"}, {"company_name": "O'Neil Global Advisors", "dates_employed": "May 2020\u2013Sep 2021", "employment_duration": "1 yr 5 mos", "location": "Los Angeles, California, United States", "title": "Data Scientist"}, {"company_name": "Federal Reserve Bank of Cleveland", "dates_employed": "Oct 2015\u2013Aug 2017", "employment_duration": "1 yr 11 mos", "location": "Cleveland/Akron, Ohio Area", "title": "Economic Analyst"}, {"company_name": "PredictWallStreet", "dates_employed": "Sep 2014\u2013May 2015", "employment_duration": "9 mos", "location": "Santa Cruz, CA", "title": "Senior Researcher and Analyst"}, {"company_name": "Dept. of Mathematics and Statistics, Boston University", "dates_employed": "Jun 2014\u2013Aug 2014", "employment_duration": "3 mos", "location": "Boston, MA", "title": "Visiting Researcher"}], "education": [{"institution": "The University of Texas at Austin", "degree_details": {"degree_name": "PhD incomplete", "field_of_study": "Statistics and Data Science", "dates_attended_or_expected_graduation": "2017 \u2013 2020"}}, {"institution": "Massachusetts Institute of Technology", "degree_details": {"degree_name": "Master of Science (M.S.)", "field_of_study": "Management Studies (focused on quantitative methods in finance)", "dates_attended_or_expected_graduation": "2010 \u2013 2011"}}, {"institution": "Tsinghua University", "degree_details": {"degree_name": "Master of Business Administration", "field_of_study": "Finance", "dates_attended_or_expected_graduation": "2009 \u2013 2010"}}], "employee_name": "y/tV/RqK2QA=*me9rWyZyClC4t4RRzMgq5A==*nVi9zpOLWOxhJ8GQjqVn9A==*H4SIq25eQ8VO48kQUX6BxQ=="}, {"experience": [{"company_name": "Evolv Technologies", "dates_employed": "Mar 2019\u2013Present", "employment_duration": "3 yrs 3 mos", "location": "San Francisco Bay Area", "title": "Software Engineer"}, {"company_name": "Ketoeat.io", "dates_employed": "Sep 2018\u2013Sep 2019", "employment_duration": "1 yr 1 mo", "location": "San Francisco Bay Area", "title": "Full Stack Web Developer"}, {"company_name": "Make School", "dates_employed": "Mar 2018\u2013Mar 2019", "employment_duration": "1 yr 1 mo", "location": "San Francisco Bay Area", "title": "Teaching Assistant"}, {"company_name": "Full Stack Developer - Project", "dates_employed": "Sep 2018\u2013Feb 2019", "employment_duration": "6 mos", "location": "San Francisco Bay Area", "title": "Breezy Traveler"}, {"company_name": "Outbook.io", "dates_employed": "Oct 2018\u2013Jan 2019", "employment_duration": "4 mos", "location": "San Francisco", "title": "Frontend Developer"}], "education": [{"institution": "Make School Product College", "degree_details": {"field_of_study": "Computer Software Engineering", "dates_attended_or_expected_graduation": "2017 \u2013 2019", "degree_name": null}}, {"institution": "San Francisco State University", "degree_details": {"degree_name": "BS Graphic Design", "field_of_study": "Visual Communication Design", "dates_attended_or_expected_graduation": "2008 \u2013 2010"}}, {"institution": "UC Berkeley", "degree_details": {"degree_name": "CTE Credential", "field_of_study": "Education", "dates_attended_or_expected_graduation": "2011 \u2013 2014"}}], "employee_name": "wUnrsdiJq3zBzQ==*F5mC2GQV6WAN5Mq+w1qUcQ==*Mt6UeSNf44YZqgEzFZYu8w==*hLq0T4KsHEkR3GcaAbQpKw=="}, {"experience": [{"company_name": "Evolv AI", "dates_employed": "Mar 2022\u2013Present", "employment_duration": "3 mos", "location": "Lexington, Kentucky, United States", "title": "Software Engineer"}, {"company_name": "Robertson Design", "dates_employed": "Sep 2016\u2013Apr 2022", "employment_duration": "5 yrs 8 mos", "location": "New Orleans, Louisiana, United States", "title": "Web Developer"}, {"company_name": "Sediment Press LLC", "dates_employed": "May 2012\u2013Sep 2016", "employment_duration": "4 yrs 5 mos", "location": null, "title": "Creative Director"}], "education": [{"institution": "University of New Orleans", "degree_details": {"degree_name": "Bachelor of Arts - BA", "field_of_study": "Fine and Studio Arts", "dates_attended_or_expected_graduation": "2002 \u2013 2007"}}], "employee_name": "JSnLa7SlQiGCAA0keIwqjEg=*SMh4flAfPo9xfPOu9LO8LA==*LK4kwB4P+/xYTJ3VyWwBhw==*x2jjMZB+Ix39VKmh5BkE4w=="}, {"experience": [{"company_name": "Evolv Technologies", "dates_employed": "Jul 2016\u2013Present", "employment_duration": "5 yrs 11 mos", "location": "San Francisco Bay Area", "title": "Staff Software Engineer"}, {"company_name": "Sentient Technologies", "dates_employed": "May 2018\u2013Mar 2019", "employment_duration": "11 mos", "location": "San Francisco Bay Area", "title": "Staff Software Engineer"}, {"company_name": "Sentient Technologies", "dates_employed": "Jul 2016\u2013May 2018", "employment_duration": "1 yr 11 mos", "location": "San Francisco Bay Area", "title": "Senior Software Engineer"}, {"company_name": "El Loco LLC", "dates_employed": "Jun 2014\u2013Apr 2016", "employment_duration": "1 yr 11 mos", "location": "Emeryville, CA", "title": "Front End Web Software Engineer"}, {"company_name": "Technology Concepts Group, Inc.", "dates_employed": "Feb 2010\u2013Jun 2014", "employment_duration": "4 yrs 5 mos", "location": "Champaign, IL", "title": "Software Engineer"}], "education": [{"institution": "University of Illinois Urbana-Champaign", "degree_details": {"degree_name": "Bachelor\u2019s Degree", "field_of_study": "Computer Engineering", "dates_attended_or_expected_graduation": "2003 \u2013 2009"}}], "employee_name": "A8OsF7mDTUEmNQ==*1D1DGzI3+PkhvAtpADw5nQ==*36+aqthR3gahpYzJMAo4JQ==*Zc4uwT1p97AoVKj54m6ZOg=="}, {"experience": [{"company_name": "Evolv AI", "dates_employed": "Aug 2021\u2013Present", "employment_duration": "10 mos", "location": "Ireland", "title": "QA Engineer"}, {"company_name": "Freelance", "dates_employed": "Oct 2019\u2013Aug 2021", "employment_duration": "1 yr 11 mos", "location": "Home", "title": "Freelance Testing and Upskilling| TestBirds, LinkedIn Learning"}, {"company_name": "QAD", "dates_employed": "Sep 2014\u2013Oct 2019", "employment_duration": "5 yrs 2 mos", "location": "Limerick, County Limerick, Ireland", "title": "Software QA Engineer at QAD Europe (Ireland) LTD"}, {"company_name": "Workday", "dates_employed": "Jun 2012\u2013Feb 2013", "employment_duration": "9 mos", "location": "Ireland, Dublin", "title": "DevQA Intern at Workday, Inc. Dublin, Ireland"}], "education": [{"institution": "University of Limerick", "degree_details": {"degree_name": "Bachelor of Science (B.Sc.)", "field_of_study": "Computer Systems Information Technology", "dates_attended_or_expected_graduation": "2010 \u2013 2014"}}, {"institution": "St. Leos College Carlow", "degree_details": {"dates_attended_or_expected_graduation": "2008 \u2013 2010", "degree_name": null, "field_of_study": null}}], "employee_name": "VI7e5Mrtbmi4u97gLDg=*JqpIMqDm2TqydQbwHDePzw==*+GfJiTnVZkqB3oIvwNVlZw==*KE4m4QKzZHo5xOuZhI6wfw=="}, {"experience": [{"company_name": "Evolv AI", "dates_employed": "Oct 2021\u2013Present", "employment_duration": "8 mos", "location": null, "title": "Senior Graphic Designer"}, {"company_name": "Evolv AI", "dates_employed": "Oct 2018\u2013Oct 2021", "employment_duration": "3 yrs 1 mo", "location": "San Francisco, CA", "title": "Graphic Design Manager"}, {"company_name": "Sentient Technologies", "dates_employed": "Apr 2017\u2013Oct 2018", "employment_duration": "1 yr 7 mos", "location": "San Francisco", "title": "Graphic Design Manager"}, {"company_name": "Sentient Technologies", "dates_employed": "Jul 2016\u2013Mar 2017", "employment_duration": "9 mos", "location": null, "title": "Graphic Designer"}, {"company_name": "RichRelevance", "dates_employed": "Sep 2012\u2013Apr 2016", "employment_duration": "3 yrs 8 mos", "location": "San Francisco, CA", "title": "Senior Designer"}], "education": [{"institution": "Westmont College", "degree_details": {"degree_name": "Bachelor of Arts (B.A.)", "field_of_study": "Graphic Design & Photography", "dates_attended_or_expected_graduation": "2004 \u2013 2008"}}, {"institution": "Studio Arts College International", "degree_details": {"field_of_study": "Photography, Graphic Design, and Printmaking", "dates_attended_or_expected_graduation": "2007 \u2013 2007", "degree_name": null}}], "employee_name": "kyW77NlxmI3pw2AGqYbn*U4GIvpw7zF9gq8qdaWf0+Q==*kOp3Z7Gcl5yvWUyzjSxoZA==*MSkdnpWNmwVn7N+qXqkSfQ=="}, {"experience": [{"company_name": "Evolv AI", "dates_employed": "Oct 2021\u2013Present", "employment_duration": "8 mos", "location": "Atlanta, Georgia, United States", "title": "Software Engineer"}, {"company_name": "InfluxData", "dates_employed": "Sep 2019\u2013Oct 2021", "employment_duration": "2 yrs 2 mos", "location": "San Francisco Bay Area", "title": "Software Engineer"}, {"company_name": "Black Girls CODE", "dates_employed": "Jul 2019\u2013Aug 2019", "employment_duration": "2 mos", "location": "San Francisco Bay Area", "title": "Technical Instructor"}, {"company_name": "Make School", "dates_employed": "Feb 2019\u2013Aug 2019", "employment_duration": "7 mos", "location": "San Francisco Bay Area", "title": "RAMP Teaching Assistant"}, {"company_name": "Make School", "dates_employed": "Sep 2018\u2013Aug 2019", "employment_duration": "1 yr", "location": "San Francisco Bay Area", "title": "Student Council Representative"}], "education": [{"institution": "Georgia State University", "degree_details": {"degree_name": "Bachelor of Arts (B.A.)", "field_of_study": "International Business/Spanish", "dates_attended_or_expected_graduation": "2012 \u2013 2015"}}, {"institution": "Make School", "degree_details": {"degree_name": "Bachelor of Science - BS", "field_of_study": "Computer Science", "dates_attended_or_expected_graduation": "2018 \u2013 2019"}}], "employee_name": "Y8tWhvkg1xt+z2N/Z0iB*p7aRmPG7OxcdajmBiH4DRA==*JMKM43ASR8iwYfhTkJ2J3Q==*V69f7XV0aKfRVX4s5ovBPg=="}, {"experience": null, "education": null, "employee_name": "GKtVaJ1ohPKE5EJAhrme*fOHB41vV+NkHOaqDUJGABw==*F6t1RrPQCgYTTmOSavm+ww==*8gu4ST0B7ONrTWJ3mYrkgg=="}, {"experience": [{"company_name": "Evolv AI", "dates_employed": "Jan 2021\u2013Present", "employment_duration": "1 yr 5 mos", "location": "San Francisco Bay Area", "title": "Solutions Architect"}, {"company_name": "InRhythm", "dates_employed": "Jul 2018\u2013Jan 2021", "employment_duration": "2 yrs 7 mos", "location": "New York", "title": "Director, Web Engineering"}, {"company_name": "E*TRADE", "dates_employed": "Jun 2020\u2013Nov 2020", "employment_duration": "6 mos", "location": "Jersey City, New Jersey, United States", "title": "Senior Software Engineer"}, {"company_name": "American Express", "dates_employed": "Nov 2019\u2013Jun 2020", "employment_duration": "8 mos", "location": "New York, New York, United States", "title": "Senior Software Engineer"}, {"company_name": "Goldman Sachs", "dates_employed": "Oct 2017\u2013Nov 2019", "employment_duration": "2 yrs 2 mos", "location": "New York, New York, United States", "title": "Senior Software Engineer"}], "education": null, "employee_name": "rtqUjMk7onDZKw==*UdwsdMp39sDS/M+MnjXWyg==*TRbeLc5jLhlMK0WqAGE+ug==*VVhK0JerTPMA2IKOExrEKw=="}, {"experience": [{"company_name": "Evolv AI", "dates_employed": "Jan 2022\u2013Present", "employment_duration": "5 mos", "location": "Austin, Texas, United States", "title": "UX Strategy Director"}, {"company_name": "Adobe", "dates_employed": "Jan 2015\u2013Jan 2022", "employment_duration": "7 yrs 1 mo", "location": "San Francisco Bay Area", "title": "Senior Business Consultant"}, {"company_name": "Walmart eCommerce", "dates_employed": "Jan 2014\u2013Jan 2015", "employment_duration": "1 yr 1 mo", "location": "San Bruno, CA", "title": "A/B Testing Consultant"}, {"company_name": "Breakthrough Ads", "dates_employed": "May 2013\u2013Jan 2014", "employment_duration": "9 mos", "location": "Greater Los Angeles Area", "title": "Director of Optimization"}, {"company_name": "Closed Loop Marketing", "dates_employed": "2012\u20132013", "employment_duration": "1 yr", "location": "Sacramento, California Area", "title": "Conversion Optimization Manager"}], "education": [{"institution": "Reichman University (IDC Herzliya)", "degree_details": {"degree_name": "MA", "field_of_study": "Government with a concentration in Counter-Terrorism and Homeland Security Studies", "dates_attended_or_expected_graduation": "2008 \u2013 2009"}}, {"institution": "University of North Texas", "degree_details": {"degree_name": "BA", "field_of_study": "History, Political Science", "dates_attended_or_expected_graduation": "2005 \u2013 2007"}}], "employee_name": "9ZpChB+DNmD3o/pDnDE=*KPKmRG7wN9/I0PnQ1JvLOg==*UWUcgIRqPk+M4XTK3f4G3A==*gLKPjmo4vlF0Ho8oJlVtdw=="}, {"experience": [{"company_name": "Evolv AI", "dates_employed": "Apr 2021\u2013Present", "employment_duration": "1 yr 2 mos", "location": "Dublin, County Dublin, Ireland", "title": "Head Of Programs"}, {"company_name": "CSG", "dates_employed": "Jan 2017\u2013Dec 2020", "employment_duration": "4 yrs", "location": "Denver, Colorado, United States", "title": "Senior Business Consultant"}, {"company_name": "NDRC", "dates_employed": "May 2016\u2013Jan 2017", "employment_duration": "9 mos", "location": "County Dublin, Ireland", "title": "Digital Product Owner"}, {"company_name": "The Digital Hub Development Agency", "dates_employed": "Apr 2015\u2013Apr 2016", "employment_duration": "1 yr 1 mo", "location": "County Dublin, Ireland", "title": "Agile Project Manager"}, {"company_name": "Celtic Relocations", "dates_employed": "Sep 2010\u2013Feb 2013", "employment_duration": "2 yrs 6 mos", "location": "County Dublin, Ireland", "title": "Executive Relocations Consultant for Apple, Twitter, Google and Symantec"}], "education": [{"institution": "Technological University Dublin", "degree_details": {"degree_name": "Hons Bachelor of Science (BSc Hons)", "field_of_study": "Digital Technology, Design and Innovation", "dates_attended_or_expected_graduation": "2013 \u2013 2015"}}], "employee_name": "BVPZ3nh3iR7CtazQ*ThwLI+YtzxLv9e02l4daNQ==*b9wXhxeFsneUvpOkmfMIaw==*SjLn3709pUVAEQUu8N602A=="}, {"experience": [{"company_name": "Evolv AI", "dates_employed": "Feb 2022\u2013Present", "employment_duration": "4 mos", "location": "San Francisco Bay Area", "title": "Senior Program Manager"}, {"company_name": "T-Mobile", "dates_employed": "Jul 2021\u2013Mar 2022", "employment_duration": "9 mos", "location": "Bellevue, Washington, United States", "title": "Senior Program Manager"}, {"company_name": "Teague", "dates_employed": "Sep 2018\u2013Apr 2021", "employment_duration": "2 yrs 8 mos", "location": "Everett, WA", "title": "Senior Project Manager/Producer/Program Manager"}, {"company_name": "Disney Parks, Experiences and Products", "dates_employed": "Oct 2017\u2013Sep 2018", "employment_duration": "1 yr", "location": "Greater Seattle Area", "title": "Senior Project Manager"}, {"company_name": "POSSIBLE", "dates_employed": "Jul 2017\u2013Nov 2017", "employment_duration": "5 mos", "location": null, "title": "Freelance Senior Project Manager/Producer"}], "education": [{"institution": "Memphis State University", "degree_details": {"degree_name": "English", "dates_attended_or_expected_graduation": null, "field_of_study": null}}, {"institution": "Printmaking/Letterpress printing \u00ad Pratt Fine Arts Center", "degree_details": {"degree_name": "Fine Arts", "field_of_study": "Sociology; English", "dates_attended_or_expected_graduation": null}}, {"institution": "South Seattle Community", "degree_details": {"dates_attended_or_expected_graduation": null, "degree_name": null, "field_of_study": null}}], "employee_name": "ldq7vmq18Aoq*/9BItjwzXqjoJRVvomtYHg==*A4liUWeuaHkW01GsXFKlaw==*m4O1iy6246pVzkgdbmP+yw=="}, {"experience": [{"company_name": "Evolv AI", "dates_employed": "Mar 2022\u2013Present", "employment_duration": "3 mos", "location": "San Francisco Bay Area", "title": "Software Engineer"}, {"company_name": "Clovers AI", "dates_employed": "Mar 2021\u2013Mar 2022", "employment_duration": "1 yr 1 mo", "location": null, "title": "Software Engineer"}, {"company_name": "RetailNext", "dates_employed": "Sep 2019\u2013Mar 2021", "employment_duration": "1 yr 7 mos", "location": null, "title": "Software Engineer"}, {"company_name": "Deloitte", "dates_employed": "Jan 2019\u2013Nov 2019", "employment_duration": "11 mos", "location": "Madrid Area, Spain", "title": "Senior Engineering Manager, Software Development and Artificial Intelligence"}, {"company_name": "Uselabs LLC", "dates_employed": "Sep 2008\u2013Nov 2019", "employment_duration": "11 yrs 3 mos", "location": null, "title": "CTO, Software Engineer"}], "education": [{"institution": "Universitat Aut\u00f2noma de Barcelona", "degree_details": {"degree_name": "Bachelor's degree", "field_of_study": "Mathematics and Computer Science", "dates_attended_or_expected_graduation": "1997 \u2013 2000"}}], "employee_name": "C8ZfmHf4qtDEAqPQz5JZGpRu*BKu3QcpG6lHZqpKqkQE8Iw==*Zzr99WKsZXOS5dcYwVy9Mw==*7Jb0v+uwdF42/X/Gk+DKtQ=="}, {"experience": [{"company_name": "Evolv AI", "dates_employed": "Mar 2022\u2013Present", "employment_duration": "3 mos", "location": "Australia", "title": "Lead Field Engineer"}, {"company_name": "Evolv AI", "dates_employed": "Aug 2021\u2013Mar 2022", "employment_duration": "8 mos", "location": "Australia", "title": "Field Engineer"}, {"company_name": "Evolv Technologies", "dates_employed": "Feb 2021\u2013Aug 2021", "employment_duration": "7 mos", "location": "Australia", "title": "Solutions Architect"}, {"company_name": "CANSTAR", "dates_employed": "Apr 2018\u2013Feb 2021", "employment_duration": "2 yrs 11 mos", "location": "Brisbane, Australia", "title": "Digital Optimisation Lead"}, {"company_name": "Reprise Media Australia", "dates_employed": "Feb 2017\u2013Feb 2018", "employment_duration": "1 yr 1 mo", "location": "Brisbane, Australia", "title": "Associate Digital Solutions Director"}], "education": [{"institution": "CQUniversity", "degree_details": {"degree_name": "Bachelor's Degree", "field_of_study": "Information Technology", "dates_attended_or_expected_graduation": "2000 \u2013 2003"}}], "employee_name": "YOqfrK2QuLq9lYt3Kxc=*vLDC4Sjog9zYVizCNdvZwg==*nWvKz4mi24gaGa6K3V7OMg==*Ir0+7N7/wYk3a38pW3NNkw=="}, {"experience": [{"company_name": "Evolv AI", "dates_employed": "Oct 2021\u2013Present", "employment_duration": "8 mos", "location": null, "title": "Group Account Director"}, {"company_name": "Evolv AI", "dates_employed": "Sep 2021\u2013Oct 2021", "employment_duration": "2 mos", "location": "United States", "title": "Program Director"}, {"company_name": "Cognizant", "dates_employed": "Jul 2019\u2013Aug 2021", "employment_duration": "2 yrs 2 mos", "location": "United States", "title": "Business Analyst Consultant"}], "education": [{"institution": "Arizona State University", "degree_details": {"degree_name": "Global Leadership and Global Logistics Management", "field_of_study": "International Business", "dates_attended_or_expected_graduation": "2015 \u2013 2018"}}, {"institution": "Brigham Young University", "degree_details": {"field_of_study": "Global Supply Chain Management", "dates_attended_or_expected_graduation": "2013 \u2013 2015", "degree_name": null}}], "employee_name": "9HWdbXSyk5m81Y+oiiM=*q45Y68ZoVNGyPyOdSFSWRw==*kbXBYUPdYmPulK8IOCAluQ==*sQYm8YolOTFhcM4VHmNF3w=="}, {"experience": [{"company_name": "Evolv AI", "dates_employed": "Oct 2021\u2013Present", "employment_duration": "8 mos", "location": "San Francisco Bay Area", "title": "Senior Accounting Manager"}, {"company_name": "Hays", "dates_employed": "Aug 2020\u2013Oct 2021", "employment_duration": "1 yr 3 mos", "location": null, "title": "Consultant"}, {"company_name": "Double Lake LLC", "dates_employed": "Nov 2016\u2013Aug 2020", "employment_duration": "3 yrs 10 mos", "location": null, "title": "Controller"}, {"company_name": "Front Porch", "dates_employed": "Apr 2015\u2013Oct 2016", "employment_duration": "1 yr 7 mos", "location": "Glendale, CA", "title": "Assistant Controller"}, {"company_name": "Green Dot Corporation", "dates_employed": "Jul 2014\u2013Apr 2015", "employment_duration": "10 mos", "location": "Pasadena, CA", "title": "Accounting Manager"}], "education": [{"institution": "California State University-Dominguez Hills", "degree_details": {"degree_name": "Bachelor\u2019s Degree", "field_of_study": "Business Administration", "dates_attended_or_expected_graduation": null}}], "employee_name": "gTTkoslvP2WS7HNDzfaiBgKd1g==*PfHLn4hle1h6woj630Wv2w==*pQl96R6MNXOvI0wLBoaC/Q==*c1aLWD5neqCH4WzVusII5g=="}, {"experience": [{"company_name": "Evolv AI", "dates_employed": "Sep 2021\u2013Present", "employment_duration": "9 mos", "location": "Ireland", "title": "Solutions Architect"}, {"company_name": "Overstock.com", "dates_employed": "May 2020\u2013Sep 2021", "employment_duration": "1 yr 5 mos", "location": "Ireland", "title": "Dev Team Lead"}, {"company_name": "Overstock.com", "dates_employed": "Feb 2019\u2013May 2020", "employment_duration": "1 yr 4 mos", "location": "County Sligo, Ireland", "title": "Senior Frontend Developer"}, {"company_name": "Firefly Orthoses Ltd", "dates_employed": "Jan 2018\u2013Jan 2019", "employment_duration": "1 yr 1 mo", "location": "County Sligo, Ireland", "title": "Software Engineer"}, {"company_name": "Independent / Freelancer", "dates_employed": "Jul 2010\u2013Jan 2018", "employment_duration": "7 yrs 7 mos", "location": "County Dublin, Ireland", "title": "Frontend Developer"}], "education": [{"institution": "National University of Ireland, Galway", "degree_details": {"degree_name": "Master\u2019s Degree", "field_of_study": "Computer Software Engineering", "dates_attended_or_expected_graduation": "2015 \u2013 2017"}}, {"institution": "D\u00fan Laoghaire Institute of Art, Design and Technology", "degree_details": {"degree_name": "Bachelor\u2019s Degree", "field_of_study": "Multimedia Programming", "dates_attended_or_expected_graduation": "2000 \u2013 2004"}}], "employee_name": "NeK/6Kz9DPkhLkzjeQ==*FKU1LRmefFSJmkjdP8efwQ==*CkRp5jraGBTZUMspgzuLsw==*FIgEF5cVm8sA8x6KtrZkAg=="}, {"experience": [{"company_name": "Evolv AI", "dates_employed": "Mar 2019\u2013Present", "employment_duration": "3 yrs 3 mos", "location": "San Francisco Bay Area", "title": "Director of Legal and Human Resources"}, {"company_name": "Sentient Technologies", "dates_employed": "May 2017\u2013Mar 2019", "employment_duration": "1 yr 11 mos", "location": "San Francisco, California", "title": "Sr. Legal Analyst"}, {"company_name": "University of California San Diego", "dates_employed": "2011\u2013May 2017", "employment_duration": "6 yrs", "location": "La Jolla, CA", "title": "Financial Analyst at San Diego Supercomputer Center"}, {"company_name": "Apple", "dates_employed": "Jan 2016\u2013Aug 2016", "employment_duration": "8 mos", "location": "Cupertino, CA", "title": "Analyst"}, {"company_name": "Emotient", "dates_employed": "2010\u2013Jan 2016", "employment_duration": "6 yrs", "location": "San Diego, CA", "title": "Business Operations Manager"}], "education": [{"institution": "Cleveland State University - Cleveland-Marshall College of Law", "degree_details": {"degree_name": "JD", "field_of_study": "Law; Employment and Labor", "dates_attended_or_expected_graduation": "2004 \u2013 2007"}}, {"institution": "UC San Diego", "degree_details": {"degree_name": "BA", "field_of_study": "Political Science", "dates_attended_or_expected_graduation": "2000 \u2013 2004"}}], "employee_name": "42niqHkdxNzBcTFyqcADQRShhA==*zoWeb/6ngAuW+p5Y2rv8cg==*wcscabS2yixrv9WkDg9FuQ==*O4W/Hc0LY5r/KQb56dQwzg=="}, {"experience": [{"company_name": "Evolv AI", "dates_employed": "Sep 2021\u2013Present", "employment_duration": "9 mos", "location": "New York, NY", "title": "Account Executive"}, {"company_name": "Optimizely", "dates_employed": "Mar 2021\u2013May 2021", "employment_duration": "3 mos", "location": "New York, United States", "title": "Account Executive"}, {"company_name": "Optimizely", "dates_employed": "Apr 2020\u2013Mar 2021", "employment_duration": "1 yr", "location": "New York, New York, United States", "title": "Sales Development Manager, North America (Episerver, now Optimizely)"}, {"company_name": "Optimizely", "dates_employed": "Oct 2019\u2013Mar 2020", "employment_duration": "6 mos", "location": "New York, New York", "title": "Strategic Account Associate (Idio, acquired by Episerver)"}, {"company_name": "Optimizely", "dates_employed": "Dec 2018\u2013Oct 2019", "employment_duration": "11 mos", "location": "New York, New York", "title": "Senior Sales Development Representative (Idio, acquired by Episerver)"}], "education": [{"institution": "Northeastern University", "degree_details": {"degree_name": "Bachelor's Degree", "field_of_study": "Communication, General", "dates_attended_or_expected_graduation": null}}, {"institution": "Bond University", "degree_details": {"degree_name": "Study Abroad", "field_of_study": "Communication and Media Studies", "dates_attended_or_expected_graduation": "2012 \u2013 2012"}}, {"institution": "American College of Thessaloniki", "degree_details": {"degree_name": "Study Abroad Nu-in Program", "field_of_study": "General Studies", "dates_attended_or_expected_graduation": "2010 \u2013 2010"}}], "employee_name": "C8TIMlts457zbsFc*Bs+xxFqPdu2vT9qOHX//0g==*wrVTVHks7ltWn0M2nDd1VA==*BUmCQ/m5vZM4WownSJGzyA=="}, {"experience": [{"company_name": "Evolv AI", "dates_employed": "Jun 2021\u2013Present", "employment_duration": "1 yr", "location": "London, England, United Kingdom", "title": "Commercial Account Executive"}, {"company_name": "Oracle", "dates_employed": "Mar 2021\u2013Jun 2021", "employment_duration": "4 mos", "location": "London, England, United Kingdom", "title": "Business Development- Strategic Accounts"}, {"company_name": "Watchmycompetitor.Com Ltd", "dates_employed": "May 2020\u2013Feb 2021", "employment_duration": "10 mos", "location": "London, England, United Kingdom", "title": "Sales Development Representative | EMEA & US |"}, {"company_name": "Sakare", "dates_employed": "Jun 2012\u2013May 2016", "employment_duration": "4 yrs", "location": "Central London", "title": "Area Sales Manager"}, {"company_name": "Sakare", "dates_employed": "Jul 2011\u2013May 2012", "employment_duration": "11 mos", "location": "Sheffield, United Kingdom, London", "title": "Sales Agent"}], "education": [{"institution": "University of Greenwich", "degree_details": {"degree_name": "Bachelor of Arts - BA", "field_of_study": "International Business", "dates_attended_or_expected_graduation": "2016 \u2013 2019"}}], "employee_name": "+YDBwPT0lw==*hFgNwxNVjl3/kcfW8lZVXQ==*xmJS2M0wZ2sAQ6Dw+fnQFQ==*u8C1bHg44rUrVgj2UpDXQg=="}, {"experience": [{"company_name": "numo llc", "dates_employed": "Jan 2022\u2013Present", "employment_duration": "5 mos", "location": null, "title": "Chief Technology Officer, triple"}, {"company_name": "United States Parachute Association", "dates_employed": "Sep 2018\u2013Present", "employment_duration": "3 yrs 9 mos", "location": null, "title": "US and Continental speed record - US Parachute Team 2019"}, {"company_name": "Evolv Technologies", "dates_employed": "Apr 2019\u2013Present", "employment_duration": "3 yrs 2 mos", "location": "USA", "title": "Adviser, technology board"}, {"company_name": "Horizons Ventures", "dates_employed": "Mar 2012\u2013Present", "employment_duration": "10 yrs 3 mos", "location": "San Francisco | Moscow | London", "title": "Friend of the Company - Venture Capital & Private Equity"}, {"company_name": "CIME Software Labs", "dates_employed": "Mar 2009\u2013Present", "employment_duration": "13 yrs 3 mos", "location": null, "title": "Partner, non-executive director"}], "education": [{"institution": "Universidad Aut\u00f3noma de Guadalajara", "degree_details": {"degree_name": "Computer Engineering", "field_of_study": "Computer Engineering, systems infrastructure", "dates_attended_or_expected_graduation": "1985 \u2013 1989"}}, {"institution": "University of Guanajuato", "degree_details": {"degree_name": "Bachillerato", "field_of_study": "Humanities", "dates_attended_or_expected_graduation": "1983 \u2013 1985"}}], "employee_name": "nEdOW5epKiJa2pw4IGo=*jUKQxwcT52zimk3QADfJ7w==*IrEhaBX7WSSSp0PKjOC4Qg==*wNpML4clSu0ED5jo+ZzReQ=="}, {"experience": [{"company_name": "Evolv AI", "dates_employed": "Jan 2022\u2013Present", "employment_duration": "5 mos", "location": null, "title": "Senior UX Designer"}, {"company_name": "EPAM Systems", "dates_employed": "Feb 2021\u2013Jan 2022", "employment_duration": "1 yr", "location": null, "title": "Senior UX Designer"}, {"company_name": "MRM//McCann", "dates_employed": "Jun 2019\u2013Jun 2021", "employment_duration": "2 yrs 1 mo", "location": "Greater Salt Lake City Area", "title": "Product Designer"}, {"company_name": "Primary Residential Mortgage", "dates_employed": "Apr 2018\u2013Jun 2019", "employment_duration": "1 yr 3 mos", "location": "Greater Salt Lake City Area", "title": "UX/UI Designer"}, {"company_name": "Navitaire, an Amadeus company", "dates_employed": "Jan 2018\u2013Apr 2018", "employment_duration": "4 mos", "location": "Cottonwood Heights, UT", "title": "UX/UI Designer"}], "education": [{"institution": "Brigham Young University", "degree_details": {"degree_name": "Bachelor's Degree", "field_of_study": "Linguistics", "dates_attended_or_expected_graduation": "2013 \u2013 2015"}}, {"institution": "Universidad de Vi\u00f1a del Mar", "degree_details": {"field_of_study": "Spanish Education", "dates_attended_or_expected_graduation": "2012 \u2013 2012", "degree_name": null}}, {"institution": "Miles Community College", "degree_details": {"degree_name": "Associate\u2019s Degree", "field_of_study": "Associates of Arts", "dates_attended_or_expected_graduation": "2008 \u2013 2012"}}], "employee_name": "cob7SrRho6WNfLQ=*dxh/dIupB1I+ng2icJqzvA==*DvbeDqON1PG378TmExy2QQ==*TtkPLJoQegfEItW5dnPhMQ=="}, {"experience": [{"company_name": "Evolv Technologies", "dates_employed": "Jun 2021\u2013Present", "employment_duration": "1 yr", "location": "San Francisco Bay Area", "title": "User Experience Strategist"}, {"company_name": "Cro Metrics", "dates_employed": "Mar 2020\u2013Jun 2021", "employment_duration": "1 yr 4 mos", "location": null, "title": "Conversion Rate Optimization Program Manager"}, {"company_name": "Optiwatt", "dates_employed": "Nov 2017\u2013Mar 2020", "employment_duration": "2 yrs 5 mos", "location": "San Francisco Bay Area", "title": "Operations Manager"}, {"company_name": "Capital Group | American Funds", "dates_employed": "Apr 2014\u2013Feb 2017", "employment_duration": "2 yrs 11 mos", "location": null, "title": "Territory Manager"}, {"company_name": "The Ruth Group", "dates_employed": "2012\u20132014", "employment_duration": "2 yrs", "location": null, "title": "Construction Project Manager"}], "education": [{"institution": "California Polytechnic State University-San Luis Obispo", "degree_details": {"degree_name": "Bachelors of Science", "field_of_study": "Business, Management, Marketing, and Related Support Services", "dates_attended_or_expected_graduation": "2008 \u2013 2010"}}], "employee_name": "A1LTfRprbci4RmCC*qrQHsuhQUgOuQrrgJ6K/OA==*hinfiTrdN6PLMqFaGTvjaA==*BZu03gKMx0RFUxZRUMVWRw=="}, {"experience": [{"company_name": "Evolv AI", "dates_employed": "Jul 2021\u2013Present", "employment_duration": "11 mos", "location": "Castle Rock, Colorado, United States", "title": "Front End Solution Architect"}, {"company_name": "Cro Metrics", "dates_employed": "Feb 2020\u2013Jul 2021", "employment_duration": "1 yr 6 mos", "location": "Castle Rock, CO", "title": "Engineering Manager"}, {"company_name": "Cro Metrics", "dates_employed": "Sep 2018\u2013Feb 2020", "employment_duration": "1 yr 6 mos", "location": "Castle Rock, CO", "title": "Experiment Engineer"}, {"company_name": "The Buckle, Inc.", "dates_employed": "Jun 2015\u2013Sep 2018", "employment_duration": "3 yrs 4 mos", "location": null, "title": "Web Developer"}, {"company_name": "The Buckle, Inc.", "dates_employed": "Jan 2015\u2013May 2015", "employment_duration": "5 mos", "location": null, "title": "Web Development Intern"}], "education": [{"institution": "University of Nebraska at Kearney", "degree_details": {"degree_name": "Bachelor of Science (B.S.)", "field_of_study": "Information Technology: Web Development Emphasis", "dates_attended_or_expected_graduation": "2011 \u2013 2013"}}, {"institution": "University of Nebraska at Omaha", "degree_details": {"dates_attended_or_expected_graduation": "2010 \u2013 2011", "degree_name": null, "field_of_study": null}}], "employee_name": "nt294jnKFRvCqFfD*1VSYdXY6hBwzgHZ/7RpyHQ==*VdMFerxARGqeGZIG/1Jmow==*Tsw4WZ0gzhxJpc1Hkevzbw=="}, {"experience": [{"company_name": "Evolv AI", "dates_employed": "Jan 2021\u2013Present", "employment_duration": "1 yr 5 mos", "location": "San Francisco Bay Area", "title": "HR Manager"}, {"company_name": "Evolv Technologies", "dates_employed": "Oct 2018\u2013Jan 2021", "employment_duration": "2 yrs 4 mos", "location": "San Francisco, CA", "title": "Executive Assistant"}, {"company_name": "Evolv Technologies", "dates_employed": "Oct 2018\u2013Jan 2021", "employment_duration": "2 yrs 4 mos", "location": "San Francisco, CA", "title": "Office Manager"}, {"company_name": "Sentient Technologies", "dates_employed": "Oct 2018\u2013Mar 2019", "employment_duration": "6 mos", "location": "San Francisco, CA", "title": "Executive Assistant"}, {"company_name": "Sentient Technologies", "dates_employed": "Jan 2018\u2013Mar 2019", "employment_duration": "1 yr 3 mos", "location": "San Francisco, CA", "title": "Office Coordinator"}], "education": [{"institution": "SAE Expression College", "degree_details": {"degree_name": "Bachelor of Applied Sciences", "field_of_study": "Sound Arts", "dates_attended_or_expected_graduation": "2003 \u2013 2005"}}, {"institution": "University of Washington", "degree_details": {"degree_name": "Communication", "field_of_study": "Music History and Theory", "dates_attended_or_expected_graduation": "2001 \u2013 2003"}}], "employee_name": "djJpJoZ4G1oGV8zeGc8=*BmVj+jXnBAVkMfVaxyCvwQ==*bsr74CO9YA8GlbsAIxbrrg==*N4OViiRk+/nWDuhvclUE1A=="}, {"experience": [{"company_name": "Evolv AI", "dates_employed": "Jul 2019\u2013Present", "employment_duration": "2 yrs 11 mos", "location": "San Francisco Bay Area", "title": "Solutions Engineer"}, {"company_name": "Williams-Sonoma, Inc.", "dates_employed": "Apr 2018\u2013Jul 2019", "employment_duration": "1 yr 4 mos", "location": "San Francisco Bay Area", "title": "Senior Front-End Developer"}, {"company_name": "BlackRock", "dates_employed": "Nov 2010\u2013Feb 2018", "employment_duration": "7 yrs 4 mos", "location": "San Francisco Bay Area", "title": "Associate"}, {"company_name": "Method", "dates_employed": "Feb 2010\u2013Aug 2010", "employment_duration": "7 mos", "location": null, "title": "Sr. Program Manager"}, {"company_name": "Gap Inc./Gap Inc. Direct", "dates_employed": "Nov 2009\u2013Feb 2010", "employment_duration": "4 mos", "location": null, "title": "Lead UI Engineer"}], "education": [{"institution": "Wesleyan University", "degree_details": {"degree_name": "BA", "field_of_study": "Theater", "dates_attended_or_expected_graduation": null}}, {"institution": "Dominican University of California", "degree_details": {"dates_attended_or_expected_graduation": "2008 \u2013 2009", "degree_name": null, "field_of_study": null}}, {"institution": "The Dalton School", "degree_details": {"dates_attended_or_expected_graduation": null, "degree_name": null, "field_of_study": null}}], "employee_name": "XCNhZZjTTTUPwl8BTI4G*w4JSaVvcEEzedbT4UbLcSg==*risBvFuqaz/DYMu/VS8gmQ==*mHoA0QM8KTMpEY5JNxbmrw=="}, {"experience": [{"company_name": "Evolv AI", "dates_employed": "Apr 2019\u2013Present", "employment_duration": "3 yrs 2 mos", "location": null, "title": "Solutions Architect"}, {"company_name": "freelance", "dates_employed": "May 2015\u2013Apr 2019", "employment_duration": "4 yrs", "location": null, "title": "software development"}, {"company_name": "Spiceworks", "dates_employed": "Mar 2014\u2013May 2015", "employment_duration": "1 yr 3 mos", "location": null, "title": "Senior Software Engineer"}, {"company_name": "Myself", "dates_employed": "May 2013\u2013Mar 2014", "employment_duration": "11 mos", "location": null, "title": "Freelance Developer"}, {"company_name": "Crossroads", "dates_employed": "Dec 2009\u2013Mar 2013", "employment_duration": "3 yrs 4 mos", "location": null, "title": "Writing Software"}], "education": [{"institution": "University of Oklahoma", "degree_details": {"degree_name": "BS", "field_of_study": "Computer Science", "dates_attended_or_expected_graduation": "1981 \u2013 1984"}}], "employee_name": "/Cf1TO8jfpc869RTLQ==*bsrGx6++6PGsGqCK1hhn7w==*TSR78kJYdZ7JKALz7nKjaQ==*iENh13R9cTgM87MmyhHopA=="}, {"experience": [{"company_name": "Evolv AI", "dates_employed": "Aug 2019\u2013Present", "employment_duration": "2 yrs 10 mos", "location": null, "title": "VP of Engineering"}, {"company_name": "Sentient Technologies", "dates_employed": "Jan 2016\u2013Present", "employment_duration": "6 yrs 5 mos", "location": "San Francisco Bay Area", "title": "Senior Software Engineer"}, {"company_name": "Aurasma", "dates_employed": "Oct 2013\u2013Present", "employment_duration": "8 yrs 8 mos", "location": "San Francisco Bay Area", "title": "Head of Development"}, {"company_name": "Autonomy, an HP company", "dates_employed": "Apr 2008\u2013Present", "employment_duration": "14 yrs 2 mos", "location": "San Francisco Bay Area", "title": "Software Developer"}, {"company_name": "Evolv Technologies", "dates_employed": "Mar 2019\u2013Aug 2019", "employment_duration": "6 mos", "location": "San Francisco Bay Area", "title": "Senior Director of Product Management"}], "education": [{"institution": "University of Cambridge", "degree_details": {"degree_name": "Bachelor\u2019s Degree", "field_of_study": "Mathematics", "dates_attended_or_expected_graduation": "2003 \u2013 2006"}}], "employee_name": "8cRzjageTQs67g==*IDdNC7Uaur+l6YOozv/gWA==*YHwtDY+wRJKceWBYy/clyA==*PT94ZbX6hVJX3UGKVBWjrA=="}, {"experience": [{"company_name": "Evolv Technologies", "dates_employed": "Jun 2021\u2013Present", "employment_duration": "1 yr", "location": "Dublin, County Dublin, Ireland", "title": "Interaction Designer"}, {"company_name": "Strata3", "dates_employed": "Jan 2019\u2013Jun 2021", "employment_duration": "2 yrs 6 mos", "location": null, "title": "Senior UX/UI Designer"}, {"company_name": "Click&GoHolidays", "dates_employed": "Jan 2017\u2013Jan 2019", "employment_duration": "2 yrs 1 mo", "location": "Dublin, Leinster, Ireland", "title": "UX Design Manager"}, {"company_name": "CarTrawler", "dates_employed": "Oct 2014\u2013Jan 2017", "employment_duration": "2 yrs 4 mos", "location": "Dublin", "title": "Web Design Manager"}, {"company_name": "BWMP Creative", "dates_employed": "Jun 2012\u2013Oct 2014", "employment_duration": "2 yrs 5 mos", "location": "Dublin", "title": "Co Owner"}], "education": [{"institution": "Digital Skills Academy", "degree_details": {"degree_name": "Level 7 Bachelor of Science (BSc Ord) in Digital Technology and Design, awarded by Dublin Institute", "field_of_study": "UX & Advanced Graphics", "dates_attended_or_expected_graduation": "2012 \u2013 2013"}}, {"institution": "Technological University Dublin", "degree_details": {"field_of_study": "Professional Diploma in Advertising", "dates_attended_or_expected_graduation": "2006 \u2013 2007", "degree_name": null}}, {"institution": "State Institute of Cinematography - Moscow", "degree_details": {"field_of_study": "Film Making", "dates_attended_or_expected_graduation": "1992 \u2013 1993", "degree_name": null}}], "employee_name": "M/ytBT5EYte4BEiHTio=*iCeCNAJdVXeKMTdNxpmA4g==*KxZbrzfgDDQy0sRyKnNhQA==*yHpAf5R+y3QMPMxjlJ66hg=="}, {"experience": [{"company_name": "PRO5 Baseball Academy", "dates_employed": "Aug 2020\u2013Present", "employment_duration": "1 yr 10 mos", "location": "Holly Springs, North Carolina, United States", "title": "Associate Head Coach/Director of Player Development"}, {"company_name": "Evolv Technologies", "dates_employed": "Feb 2020\u2013Present", "employment_duration": "2 yrs 4 mos", "location": "Raleigh-Durham, North Carolina Area", "title": "Enterprise Account Executive"}, {"company_name": "Wiser Solutions, Inc.", "dates_employed": "2018\u20132020", "employment_duration": "2 yrs", "location": null, "title": "Director of Partnerhips"}, {"company_name": "Wiser Solutions, Inc.", "dates_employed": "Mar 2018\u2013Nov 2018", "employment_duration": "9 mos", "location": "Boston, MA", "title": "Director of Sales"}, {"company_name": "ChannelAdvisor", "dates_employed": "2016\u20132018", "employment_duration": "2 yrs", "location": "Morrisville, NC", "title": "Sr. Enterprise Sales Executive, Brands"}], "education": [{"institution": "Wake Forest University", "degree_details": {"degree_name": "B.A.", "field_of_study": "Communications", "dates_attended_or_expected_graduation": null}}, {"institution": "United States Sports Academy", "degree_details": {"degree_name": "Master of Sports Science", "field_of_study": "Sports Marketing and Administration", "dates_attended_or_expected_graduation": null}}, {"institution": "Bishop Denis J. O'Connell", "degree_details": {"dates_attended_or_expected_graduation": null, "degree_name": null, "field_of_study": null}}], "employee_name": "qjO4QtwFpI4O+fSovw==*Ukwmv/gP4xp+gGigAR8Y5Q==*YjhivMdeMKLfcS1wUXI2tA==*7xsvRt4K+mYl9OAXBKkdXA=="}, {"experience": [{"company_name": "Evolv AI", "dates_employed": "Apr 2021\u2013Present", "employment_duration": "1 yr 2 mos", "location": "New York, United States", "title": "Lead Product Designer"}, {"company_name": "Edwina McGregor Design", "dates_employed": "2015\u2013Present", "employment_duration": "7 yrs", "location": "New York, New York", "title": "Senior Product Designer"}, {"company_name": "Springboard", "dates_employed": "Oct 2020\u2013Apr 2021", "employment_duration": "7 mos", "location": "Melbourne, Victoria, Australia", "title": "Product Design Mentor"}, {"company_name": "Rokkan", "dates_employed": "2019\u20132020", "employment_duration": "1 yr", "location": "Greater New York City Area", "title": "Senior Product Designer"}, {"company_name": "McKinsey & Company", "dates_employed": "2017\u20132019", "employment_duration": "2 yrs", "location": "New York, New York", "title": "Senior Experience Designer"}], "education": [{"institution": "Monash University", "degree_details": {"degree_name": "Bachelor of Design", "field_of_study": "Visual Communications", "dates_attended_or_expected_graduation": "2008 \u2013 2010"}}, {"institution": "General Assembly", "degree_details": {"degree_name": "User Experience Design Immersive (UXDI)", "field_of_study": "UX Design", "dates_attended_or_expected_graduation": "2016 \u2013 2016"}}, {"institution": "Wesley College", "degree_details": {"degree_name": "High School", "dates_attended_or_expected_graduation": "2003 \u2013 2007", "field_of_study": null}}], "employee_name": "Wo281YGq/kwg359MRF02*g6T66sIvWncdqcpifuFVQw==*yFEKO3Vs5QHb3uzxEjcEhg==*pusPaL1dJfxxUl06yuP+pg=="}, {"experience": [{"company_name": "Evolv AI", "dates_employed": "Feb 2022\u2013Present", "employment_duration": "4 mos", "location": null, "title": "Senior Test Engineer"}, {"company_name": "Fiserv", "dates_employed": "Apr 2021\u2013Feb 2022", "employment_duration": "11 mos", "location": "Dublin, County Dublin, Ireland", "title": "Senior Test Analyst"}, {"company_name": "Unum Ireland Ltd. - IT", "dates_employed": "Nov 2018\u2013Apr 2021", "employment_duration": "2 yrs 6 mos", "location": "County Carlow, Ireland", "title": "Software Test Engineer I"}, {"company_name": "ALTV Media", "dates_employed": "Nov 2017\u2013Jan 2018", "employment_duration": "3 mos", "location": null, "title": "Q&A tester"}, {"company_name": "Herdwatch Farming App", "dates_employed": "Jul 2017\u2013Sep 2017", "employment_duration": "3 mos", "location": "Roscrea", "title": "Software QA Tester"}], "education": [{"institution": "Trinity College Dublin", "degree_details": {"degree_name": "Bachelor's degree", "field_of_study": "Computer and electronic engineering", "dates_attended_or_expected_graduation": "2013 \u2013 2018"}}], "employee_name": "rRZ6c8UfsVL5ApGJ*7bVJ7Tt2tK4xV3tFpTVgPw==*oIM23j/sTy93ZA28w31u4w==*b8Ch5MVFGbuEMGBbrdO7gQ=="}, {"experience": [{"company_name": "Evolv Technologies", "dates_employed": "Nov 2018\u2013Present", "employment_duration": "3 yrs 7 mos", "location": "San Francisco Bay Area", "title": "Senior User Experience Designer"}, {"company_name": "Freelance", "dates_employed": "Jul 2020\u2013Present", "employment_duration": "1 yr 11 mos", "location": "Oakland, California, United States", "title": "Toy Sculptor"}, {"company_name": "Fast Forward", "dates_employed": "Jan 2018\u2013Oct 2018", "employment_duration": "10 mos", "location": "San Francisco Bay Area", "title": "Head of Product"}, {"company_name": "Intellum", "dates_employed": "Dec 2016\u2013Jan 2018", "employment_duration": "1 yr 2 mos", "location": "San Francisco Bay Area", "title": "Director Of User Experience"}, {"company_name": "UniversityNow, Inc.", "dates_employed": "Oct 2013\u2013Nov 2016", "employment_duration": "3 yrs 2 mos", "location": "San Francisco, California", "title": "Director of Product & User Experience"}], "education": [{"institution": "Pratt Institute", "degree_details": {"degree_name": "BFA", "field_of_study": "Communication Design", "dates_attended_or_expected_graduation": "2002 \u2013 2006"}}], "employee_name": "wDRm+Md6NNSeTTNHq6o0VwR6*+B795mPBS88jy/fP4pfRow==*NbjJYxAI4BEo+abo2mGM1A==*yseMmaZKsOmf0I0K/ugAuA=="}]