[{"experience": [{"company_name": "CLARA Analytics", "dates_employed": "Apr 2022\u2013Present", "employment_duration": "2 mos", "location": "Santa Clara, California, United States", "title": "Vice President Of Product Management"}, {"company_name": "Agero, Inc.", "dates_employed": "Nov 2018\u2013Apr 2022", "employment_duration": "3 yrs 6 mos", "location": "Medford, Massachusetts", "title": "Senior Director of Product Management"}, {"company_name": "Agero, Inc.", "dates_employed": "Feb 2017\u2013Nov 2018", "employment_duration": "1 yr 10 mos", "location": "Greater Boston Area", "title": "Director of Product Management"}, {"company_name": "Liberty Mutual Insurance", "dates_employed": "Apr 2015\u2013Dec 2016", "employment_duration": "1 yr 9 mos", "location": "Greater Boston Area", "title": "AVP, USCM Auto Claims Process"}, {"company_name": "Liberty Mutual Insurance", "dates_employed": "Dec 2012\u2013Apr 2015", "employment_duration": "2 yrs 5 mos", "location": "Greater Boston Area", "title": "Asst. Product Manager, Auto Claims Property Damage Liability"}], "education": [{"institution": "Carnegie Mellon University - Tepper School of Business", "degree_details": {"degree_name": "MBA", "field_of_study": "Strategy, Operations, Finance", "dates_attended_or_expected_graduation": "2005 \u2013 2007"}}, {"institution": "Boston University", "degree_details": {"degree_name": "BA", "field_of_study": "Computer Science", "dates_attended_or_expected_graduation": "1997 \u2013 2001"}}], "employee_name": "Gp9ZRP+QZFp086Hc8bk=*tpMbwZk3yRijJe6v6KWZ7w==*kPLIB76gJ2qFkBISqZt0Ew==*toe8GRtoUsXwXYz1ByhY7g=="}, {"experience": [{"company_name": "CLARA Analytics", "dates_employed": "Jan 2022\u2013Present", "employment_duration": "5 mos", "location": "Santa Clara, California, United States", "title": "Chief Customer and Marketing Officer"}, {"company_name": "Kaiser Permanente", "dates_employed": "May 2018\u2013Jan 2022", "employment_duration": "3 yrs 9 mos", "location": "Oakland, California", "title": "Executive Director and Vice President - Revenue Management Technology"}, {"company_name": "Various Companies", "dates_employed": "Jul 2016\u2013May 2018", "employment_duration": "1 yr 11 mos", "location": "Various", "title": "Principal Consultant - Technology Strategy and Product Management"}, {"company_name": "AIG", "dates_employed": "Dec 2014\u2013May 2016", "employment_duration": "1 yr 6 mos", "location": "New York City, NY", "title": "Global Head of Data Strategy & Innovation"}, {"company_name": "Kaiser Permanente", "dates_employed": "Aug 2008\u2013Nov 2014", "employment_duration": "6 yrs 4 mos", "location": "Oakland, CA", "title": "Director Information Technology Strategy"}], "education": [{"institution": "UCLA Anderson School of Management", "degree_details": {"degree_name": "Master of Business Administration - MBA", "field_of_study": "Finance, General", "dates_attended_or_expected_graduation": null}}, {"institution": "University of Utah - David Eccles School of Business", "degree_details": {"degree_name": "BS", "field_of_study": "Marketing/Marketing Management, General", "dates_attended_or_expected_graduation": null}}], "employee_name": "alR5FwbYkWnN86U=*fEmtH8X6vyiiRsDSNBrVVw==*ERQ/WS8xNfsrcmLoDQepyA==*vagUVFqSJXNk3225mVJd9A=="}, {"experience": [{"company_name": "CLARA Analytics", "dates_employed": "Oct 2021\u2013Present", "employment_duration": "8 mos", "location": "United States", "title": "Product Lead"}, {"company_name": "IBM", "dates_employed": "Apr 2019\u2013Oct 2021", "employment_duration": "2 yrs 7 mos", "location": "San Francisco, California", "title": "Senior Product Manager"}, {"company_name": "Pawsh", "dates_employed": "2018\u20132020", "employment_duration": "2 yrs", "location": "San Francisco Bay Area", "title": "Co-Founder - Head Growth and Product"}, {"company_name": "ClosedWon (Stealth)", "dates_employed": "May 2018\u2013Apr 2019", "employment_duration": "1 yr", "location": "San Francisco, California", "title": "Head of Product"}, {"company_name": "UniCarriers", "dates_employed": "Jan 2018\u2013Jun 2018", "employment_duration": "6 mos", "location": "Greater Chicago Area", "title": "Project Lead Data Analytics"}], "education": [{"institution": "Northern Illinois University", "degree_details": {"degree_name": "Master of Science - MS", "field_of_study": "Management Information Systems - Business Analytics", "dates_attended_or_expected_graduation": "2017 \u2013 2018"}}, {"institution": "Symbiosis Centre for Management Studies- Pune", "degree_details": {"degree_name": "Master of Business Administration - MBA", "field_of_study": "International Business", "dates_attended_or_expected_graduation": "2014 \u2013 2016"}}, {"institution": "Anna University", "degree_details": {"degree_name": "Bachelor of Engineering - BE", "field_of_study": "Computer Science", "dates_attended_or_expected_graduation": "2008 \u2013 2012"}}], "employee_name": "Xjh3AzqceycMrTaYK5zn+cwusP5iKQ==*AaoNAm0yT7W3NiP+JwWIcg==*xcUkfFsj+fhkuUcPY7Mhkw==*jiROJYywASiEbW8rTHbnjw=="}, {"experience": [{"company_name": "CLARA Analytics", "dates_employed": "2021\u2013Present", "employment_duration": "1 yr", "location": "New York, New York, United States", "title": "Chief Financial Officer"}, {"company_name": "Flutterwave", "dates_employed": "2020\u20132021", "employment_duration": "1 yr", "location": "New York City Metropolitan Area", "title": "Senior Vice President - Global Head of Finance"}, {"company_name": "WeWork", "dates_employed": "2016\u20132020", "employment_duration": "4 yrs", "location": null, "title": "Vice President - Head of Financial Planning and Analysis"}, {"company_name": "CLEAR (by Alclear, LLC)", "dates_employed": "2013\u20132016", "employment_duration": "3 yrs", "location": null, "title": "Vice President of Finance"}, {"company_name": "Moore Capital Management", "dates_employed": "2011\u20132012", "employment_duration": "1 yr", "location": "New York, New York", "title": "Senior Analyst / Vice President Level"}], "education": [{"institution": "University of Michigan - Stephen M. Ross School of Business", "degree_details": {"degree_name": "BBA", "field_of_study": "Finance", "dates_attended_or_expected_graduation": "1998 \u2013 2002"}}], "employee_name": "bqqBBe+WcSPglX2nmrSEm3EeYA==*ZTIihB4jqOILyvEMTq1jeQ==*ua13MOjb3cohZpW+PE5axA==*2dCFCqclJCuycRZtSH0EZQ=="}, {"experience": [{"company_name": "CLARA Analytics", "dates_employed": "Apr 2022\u2013Present", "employment_duration": "2 mos", "location": "United States", "title": "Chief Technology Officer"}, {"company_name": "Kaiser Permanente", "dates_employed": "Jan 2020\u2013Apr 2022", "employment_duration": "2 yrs 4 mos", "location": "Pleasanton, California", "title": "Senior Director, Revenue Management Integration Engineering"}, {"company_name": "Kaiser Permanente", "dates_employed": "Jan 2019\u2013Jan 2020", "employment_duration": "1 yr 1 mo", "location": "Pleasanton, California", "title": "Director IT Engineering"}, {"company_name": "Kaiser Permanente", "dates_employed": "Jul 2017\u2013Dec 2018", "employment_duration": "1 yr 6 mos", "location": "Pleasanton, California", "title": "Principal Architect - Revenue Management Program"}, {"company_name": "Kaiser Permanente", "dates_employed": "Apr 2015\u2013Jul 2017", "employment_duration": "2 yrs 4 mos", "location": "Pleasanton, California", "title": "Principal Enterprise Architect - KPHC (EMR) and ePIMS (Pharmacy) Applications"}], "education": [{"institution": "Bharathidasan University", "degree_details": {"degree_name": "Master's in Computer Applications", "field_of_study": "Computer Science", "dates_attended_or_expected_graduation": "1993 \u2013 1996"}}, {"institution": "Bharathidasan University", "degree_details": {"degree_name": "Bachelor's in Computer Science", "field_of_study": "Computer Science", "dates_attended_or_expected_graduation": "1990 \u2013 1993"}}], "employee_name": "KIPYJ6MNhMflLjx8*nWAl4lrcXjg4ACEidBRqdQ==*msvQSRU/RNhIiPO72TpJbQ==*1jpQaLIZWcWzEicUnvddMg=="}, {"experience": [{"company_name": "CLARA analytics", "dates_employed": "Jan 2019\u2013Present", "employment_duration": "3 yrs 5 mos", "location": "Santa Clara, CA", "title": "Director Of Engineering"}, {"company_name": "CLARA analytics", "dates_employed": "Oct 2018\u2013Dec 2018", "employment_duration": "3 mos", "location": "santa clara, CA", "title": "Sr Engineering Manager"}, {"company_name": "LeanTaaS", "dates_employed": "Jun 2016\u2013Sep 2018", "employment_duration": "2 yrs 4 mos", "location": "469 El Camino Real #220, Santa Clara, CA 95050", "title": "Engineering Manager"}, {"company_name": "LeanTaas", "dates_employed": "May 2012\u2013Jan 2016", "employment_duration": "3 yrs 9 mos", "location": "United States", "title": "Senior Software Engineer"}, {"company_name": "Infosys", "dates_employed": "Mar 2010\u2013Apr 2012", "employment_duration": "2 yrs 2 mos", "location": "Cupertino, California Area", "title": "Technology Lead"}], "education": [{"institution": "vishweshwaraiah technological university", "degree_details": {"degree_name": "Bachelors", "field_of_study": "Computer Science", "dates_attended_or_expected_graduation": "1999 \u2013 2003"}}], "employee_name": "Ekfra6vpIYdsywRJcg==*Q3265Q/CwVQquak88f+7YA==*uO9LOGyMWps9QgMeB/Sivg==*Gw2be5zTFTGNDvvnvy0XZQ=="}, {"experience": [{"company_name": "CLARA Analytics", "dates_employed": "Jul 2021\u2013Present", "employment_duration": "11 mos", "location": "Santa Clara, California, United States and Remote", "title": "Chief Insurance and Science Officer"}, {"company_name": "RocketML", "dates_employed": "Apr 2021\u2013Present", "employment_duration": "1 yr 2 mos", "location": null, "title": "Member Of The Board Of Advisors"}, {"company_name": "Beez", "dates_employed": "Apr 2021\u2013Present", "employment_duration": "1 yr 2 mos", "location": null, "title": "Insurance Domain Advisor"}, {"company_name": "EMPLOYERS", "dates_employed": "May 2017\u2013Mar 2021", "employment_duration": "3 yrs 11 mos", "location": "Reno, Nevada Area", "title": "SVP -- Chief Data and Analytics Officer"}, {"company_name": "AIG Life and Retirement / AIG Consumer Lines", "dates_employed": "2012\u20132016", "employment_duration": "4 yrs", "location": "Houston, TX", "title": "Chief Data Officer / Head of Consumer Data Integration and Analytics"}], "education": [{"institution": "Harvard Business School", "degree_details": {"degree_name": "MBA", "field_of_study": "Finance", "dates_attended_or_expected_graduation": null}}, {"institution": "The Ohio State University", "degree_details": {"degree_name": "BS", "field_of_study": "Accounting and Finance", "dates_attended_or_expected_graduation": null}}], "employee_name": "p9L0aj6qYVG9CA==*FXq8U25alJxq3Onbn3+LHw==*fZKmPL84x3LP5xnLmTGdyQ==*tToKCV1ORxWDR+KR/BlMJA=="}, {"experience": [{"company_name": "CLARA Analytics", "dates_employed": "2021\u2013Present", "employment_duration": "1 yr", "location": null, "title": "Chief Executive Officer"}, {"company_name": "Shenandoah University", "dates_employed": "2003\u2013Present", "employment_duration": "19 yrs", "location": null, "title": "Board Of Trustee Member"}, {"company_name": "Equifax", "dates_employed": "May 2019\u2013Present", "employment_duration": "3 yrs 1 mo", "location": null, "title": "Equifax Board Director, Audit Committee and Technology Committee"}, {"company_name": "L Brands", "dates_employed": "2016\u20132020", "employment_duration": "4 yrs", "location": null, "title": "Executive Vice President, Enterprise Chief Analytics and Artificial Intelligence Officer"}, {"company_name": "AIG", "dates_employed": "2012\u20132016", "employment_duration": "4 yrs", "location": null, "title": "Senior Vice President, Enterprise Chief Data Officer"}], "education": [{"institution": "Nanzan University, Japan", "degree_details": {"field_of_study": "Japanese Language and International Business", "dates_attended_or_expected_graduation": null, "degree_name": null}}, {"institution": "Moscow International University", "degree_details": {"field_of_study": "Russian Language and International Business", "dates_attended_or_expected_graduation": null, "degree_name": null}}, {"institution": "Shenandoah University", "degree_details": {"degree_name": "Summa Cum Laude, BBA", "field_of_study": "International Business", "dates_attended_or_expected_graduation": null}}], "employee_name": "rZM+3KK6xpQj9+BIyGhDZfk=*I33O+lBW+jHy67BglZ4Gsw==*pBJCS3TEDIMdNF5zeoTTFw==*88qGgNQZsvWm+jnBzrevMw=="}, {"experience": [{"company_name": "Cityblock Health", "dates_employed": "Jan 2022\u2013Present", "employment_duration": "5 mos", "location": "San Jose, California, United States", "title": "Head Of Engineering, Data Platform"}, {"company_name": "CLARA analytics", "dates_employed": "Nov 2019\u2013Present", "employment_duration": "2 yrs 7 mos", "location": null, "title": "VP Engineering and Operations"}, {"company_name": "Orbital Insight", "dates_employed": "Sep 2017\u2013Nov 2019", "employment_duration": "2 yrs 3 mos", "location": "Mountain View, CA", "title": "VP Engineering and Operations"}, {"company_name": "Support.com", "dates_employed": "Jan 2016\u2013Aug 2017", "employment_duration": "1 yr 8 mos", "location": "Redwood City, CA", "title": "VP Product and Engineering - Section 16 Officer"}, {"company_name": "Support.com", "dates_employed": "Aug 2014\u2013Dec 2015", "employment_duration": "1 yr 5 mos", "location": null, "title": "VP Engineering and Operations"}], "education": [{"institution": "University of California, Berkeley", "degree_details": {"degree_name": "Bachelor of Science (BS)", "field_of_study": "Biophysics", "dates_attended_or_expected_graduation": "1990 \u2013 1990"}}, {"institution": "University of California, Santa Cruz", "degree_details": {"degree_name": "Bachelor of Science (BS)", "field_of_study": "Computer Science", "dates_attended_or_expected_graduation": "1990 \u2013 1990"}}], "employee_name": "MLESRnhK8tjde3fdq4w=*q6URMUZk4iVEsX3VG+PZMg==*ikpfX1x+jcNlqutHr+wNzw==*3bc6A9GEUPUNm3ETmz6a1A=="}, {"experience": [{"company_name": "CLARA analytics", "dates_employed": "Feb 2020\u2013Present", "employment_duration": "2 yrs 4 mos", "location": null, "title": "Senior Manager of FP&A"}, {"company_name": "Wells Fargo", "dates_employed": "2019\u20132019", "employment_duration": "less than a year", "location": "San Francisco Bay Area", "title": "Marketing Strategy & Planning Consultant / Self Employed"}, {"company_name": "SurveyMonkey", "dates_employed": "2018\u20132019", "employment_duration": "1 yr", "location": null, "title": "Sales Finance Manager"}, {"company_name": "Cloudera", "dates_employed": "2016\u20132018", "employment_duration": "2 yrs", "location": "Palo Alto, CA", "title": "FP&A Manager"}, {"company_name": "Banana Republic", "dates_employed": "2010\u20132012", "employment_duration": "2 yrs", "location": "San Francisco Bay Area", "title": "Senior Financial Analyst"}], "education": [{"institution": "Northwestern University - Kellogg School of Management", "degree_details": {"degree_name": "Master of Business Administration (M.B.A.)", "field_of_study": "Business, Management, Marketing, and Related Support Services", "dates_attended_or_expected_graduation": "2013"}}, {"institution": "University of California, Berkeley, Haas School of Business", "degree_details": {"degree_name": "Bachelor of Science (BS)", "field_of_study": "Business at Haas School of Business", "dates_attended_or_expected_graduation": "2005"}}, {"institution": "Notre Dame Belmont", "degree_details": {"degree_name": "High School Diploma", "dates_attended_or_expected_graduation": "2001", "field_of_study": null}}], "employee_name": "rF+N9PYGbmE8Ow==*1dhG5oHKTKbSdjKhE8gz5g==*zDReQk5RAmIskBxLwC6f7Q==*DspOCDNgs+fNIwrgmfJl/w=="}, {"experience": [{"company_name": "WTW", "dates_employed": "May 2017\u2013Present", "employment_duration": "5 yrs 1 mo", "location": "New York, New York", "title": "Head of Casualty Claims (North Am.), Liability Claim Consulting & Carrier Relations"}, {"company_name": "CLARA analytics", "dates_employed": "Sep 2020\u2013Present", "employment_duration": "1 yr 9 mos", "location": "Santa Clara, California, United States", "title": "Member, CLARA Advisory Panel"}, {"company_name": "Marsh", "dates_employed": "May 2016\u2013May 2017", "employment_duration": "1 yr 1 mo", "location": "Greater New York City Area", "title": "Chief Claim Officer, US Casualty & Specialty Lines"}, {"company_name": "Marsh", "dates_employed": "Aug 2009\u2013May 2017", "employment_duration": "7 yrs 10 mos", "location": "Greater New York City Area", "title": "Managing Director - Global Practice Leader, Complex Liability Consulting"}, {"company_name": "Marsh", "dates_employed": "Jul 2004\u2013Aug 2009", "employment_duration": "5 yrs 2 mos", "location": "Greater Chicago Area", "title": "Senior Vice President"}], "education": [{"institution": "Western New England University School of Law", "degree_details": {"degree_name": "JD", "dates_attended_or_expected_graduation": null, "field_of_study": null}}], "employee_name": "NhSjxtq5sU9wyKaSI3PX415o*uwXXPFcdIux0hAB1NI9Hhw==*X1PhOvWi6HpN7g/rBHtutw==*ccSb9hceAVg3LNb5QHBB4Q=="}, {"experience": [{"company_name": "CLARA analytics", "dates_employed": "Feb 2020\u2013Present", "employment_duration": "2 yrs 4 mos", "location": "Santa Clara, California, United States", "title": "Engineering Manager"}, {"company_name": "CLARA analytics", "dates_employed": "Jan 2018\u2013Feb 2020", "employment_duration": "2 yrs 2 mos", "location": "San Francisco Bay Area", "title": "Staff Software Engineer"}, {"company_name": "LeanTaaS", "dates_employed": "Jun 2016\u2013Dec 2017", "employment_duration": "1 yr 7 mos", "location": "San Francisco Bay Area", "title": "Software Engineer"}, {"company_name": "HigherUp", "dates_employed": "Jan 2016\u2013May 2016", "employment_duration": "5 mos", "location": "Greater Los Angeles Area", "title": "Software Development Intern (Spring)"}, {"company_name": "HigherUp", "dates_employed": "May 2015\u2013Aug 2015", "employment_duration": "4 mos", "location": "Greater Los Angeles Area", "title": "Software Development Intern (Summer)"}], "education": [{"institution": "University of Southern California", "degree_details": {"degree_name": "Master's Degree", "field_of_study": "Computer Science", "dates_attended_or_expected_graduation": "2014 \u2013 2016"}}, {"institution": "The National Institute of Engineering", "degree_details": {"degree_name": "Bachelor of Engineering (BE)", "field_of_study": "Computer Science and Engineering", "dates_attended_or_expected_graduation": "2007 \u2013 2011"}}], "employee_name": "upnOG+ONc3b8GLFwrN9zSaQ=*r5tfpQVbiK6kdpcDvTA2Nw==*JM9wWpfXYypqCOIqeqEQyA==*ST2pcvriWTXQpAxtnMqEag=="}, {"experience": [{"company_name": "CLARA Analytics", "dates_employed": "Dec 2021\u2013Present", "employment_duration": "6 mos", "location": "Santa Clara, CA / Washington, DC", "title": "Director, Claims Solutions"}, {"company_name": "CLARA analytics", "dates_employed": "Aug 2020\u2013Dec 2021", "employment_duration": "1 yr 5 mos", "location": "Santa Clara, CA / Washington, DC", "title": "Claims Solutions Manager"}, {"company_name": "DC Express Lacrosse", "dates_employed": "Aug 2016\u2013Aug 2021", "employment_duration": "5 yrs 1 mo", "location": null, "title": "Coach"}, {"company_name": "Chaikin, Sherman, Cammarata & Siegel", "dates_employed": "Jul 2019\u2013Aug 2020", "employment_duration": "1 yr 2 mos", "location": "Washington D.C. Metro Area", "title": "Claims Manager"}, {"company_name": "Marriott International", "dates_employed": "Mar 2019\u2013Jul 2019", "employment_duration": "5 mos", "location": null, "title": "Senior Claims Adjuster"}], "education": [{"institution": "Washington College", "degree_details": {"dates_attended_or_expected_graduation": null, "degree_name": null, "field_of_study": null}}], "employee_name": "fNjTh3Ci4INZPkL4Uw==*G5hsmiVwqXvOEHOXiaWtCw==*yW1u3WEiDJLUuaW5vzz8iA==*/tRvpu8f1oAv1SC0hDDS3w=="}, {"experience": [{"company_name": "Northwestern Mutual", "dates_employed": "Sep 2021\u2013Present", "employment_duration": "9 mos", "location": null, "title": "Board of Trustees"}, {"company_name": "CLARA Analytics", "dates_employed": "Sep 2020\u2013Present", "employment_duration": "1 yr 9 mos", "location": null, "title": "Board Director"}, {"company_name": "Westfield", "dates_employed": "Jan 2020\u2013Present", "employment_duration": "2 yrs 5 mos", "location": "Westfield Center, Ohio, United States", "title": "Board Member"}, {"company_name": "FINEOS", "dates_employed": "Oct 2019\u2013Present", "employment_duration": "2 yrs 8 mos", "location": "Dublin, Ireland", "title": "Board Member"}, {"company_name": "Distinguished Programs", "dates_employed": "Jul 2019\u2013Present", "employment_duration": "2 yrs 11 mos", "location": "New York, United States", "title": "Board Member"}], "education": [{"institution": "The Wharton School", "degree_details": {"degree_name": "BS", "field_of_study": "Economics", "dates_attended_or_expected_graduation": "1976 \u2013 1980"}}, {"institution": "Syracuse University", "degree_details": {"dates_attended_or_expected_graduation": null, "degree_name": null, "field_of_study": null}}], "employee_name": "9mD6YX5PsV1SfsktgHEY*mvQpULpnwkYfS6kakMn/VQ==*mkQHuVU/TSiscaYHdZ2l0g==*N08Dfs2SmL+u23zninOR1g=="}, {"experience": [{"company_name": "CLARA analytics", "dates_employed": "Oct 2017\u2013Present", "employment_duration": "4 yrs 8 mos", "location": "Santa Clara", "title": "Software Engineering Manager (Data Engineering)"}, {"company_name": "LeanTaaS", "dates_employed": "Aug 2016\u2013Oct 2017", "employment_duration": "1 yr 3 mos", "location": "Santa Clara, CA", "title": "Technical Lead"}, {"company_name": "Walmart eCommerce", "dates_employed": "Oct 2012\u2013Jul 2016", "employment_duration": "3 yrs 10 mos", "location": "Sunnyvale", "title": "Principal Software Engineer"}, {"company_name": "eBay", "dates_employed": "Jan 2006\u2013Oct 2012", "employment_duration": "6 yrs 10 mos", "location": null, "title": "Staff Software Engineer/Technical Lead"}, {"company_name": "ThinkingVoice", "dates_employed": "Mar 2005\u2013Jan 2006", "employment_duration": "11 mos", "location": null, "title": "Sr Software Engineer"}], "education": [{"institution": "Vilniaus universitetas / Vilnius University", "degree_details": {"degree_name": "Master of Science (MS)", "field_of_study": "Applied Mathematics/Computer Science", "dates_attended_or_expected_graduation": "1988 \u2013 1993"}}], "employee_name": "tnvaeZFGUQ5zJTIhtA==*2K8mgoIxo5f3f9iH5rpKaA==*+5i8tVWA0qu0TEQqKTWmGw==*OKkVMPOac+af30L9OrZrWQ=="}, {"experience": [{"company_name": "CLARA Analytics", "dates_employed": "Nov 2021\u2013Present", "employment_duration": "7 mos", "location": "Reno, Nevada, United States", "title": "Director of Data and MLOps"}, {"company_name": "Big Data and Brews", "dates_employed": "Mar 2018\u2013Present", "employment_duration": "4 yrs 3 mos", "location": "Reno, Nevada, United States", "title": "Organizer"}, {"company_name": "CLARA Analytics", "dates_employed": "Aug 2021\u2013Nov 2021", "employment_duration": "4 mos", "location": "Reno, Nevada, United States", "title": "Director of Data Science"}, {"company_name": "EMPLOYERS", "dates_employed": "Dec 2019\u2013Jul 2021", "employment_duration": "1 yr 8 mos", "location": "Reno, Nevada", "title": "Director of Data Products"}, {"company_name": "EMPLOYERS", "dates_employed": "Dec 2018\u2013Dec 2019", "employment_duration": "1 yr 1 mo", "location": "Reno, Nevada Area", "title": "Data Scientist"}], "education": [{"institution": "The Johns Hopkins University", "degree_details": {"degree_name": "Master of Science (MS)", "field_of_study": "Bioinformatics", "dates_attended_or_expected_graduation": "2013 \u2013 2016"}}, {"institution": "Thinkful", "degree_details": {"degree_name": "Data Science Bootcamp", "field_of_study": "Data Science", "dates_attended_or_expected_graduation": "2017 \u2013 2017"}}, {"institution": "University of California, Santa Cruz", "degree_details": {"degree_name": "Bachelor\u2019s Degree", "field_of_study": "Biology (Minor:Physics)", "dates_attended_or_expected_graduation": "2007 \u2013 2010"}}], "employee_name": "FTFyAThH0N+tGXnU*9l3GNGLJubnc7yGQ6kviBw==*jJVby835oJKeLbnLMydHlA==*KwX4xAd8Ty5FCx3paBazSw=="}, {"experience": [{"company_name": "CLARA Analytics", "dates_employed": "Mar 2022\u2013Present", "employment_duration": "3 mos", "location": "United States", "title": "Director of Sales Operations and Enablement"}, {"company_name": "Duck Creek Technologies", "dates_employed": "Dec 2019\u2013Mar 2022", "employment_duration": "2 yrs 4 mos", "location": "Greater Boston Area", "title": "Associate Manager, Sales Operations"}, {"company_name": "GE Healthcare", "dates_employed": "Feb 2019\u2013Dec 2019", "employment_duration": "11 mos", "location": "Marlborough, MA", "title": "Contract Specialist"}, {"company_name": "Zimmer Biomet", "dates_employed": "Dec 2017\u2013Jan 2019", "employment_duration": "1 yr 2 mos", "location": "Greater Boston Area", "title": "Contract and Sales Ops Associate Manager"}, {"company_name": "Zimmer Biomet", "dates_employed": "Jun 2016\u2013Dec 2017", "employment_duration": "1 yr 7 mos", "location": "Dover, Ohio", "title": "Contracts and Pricing Analyst"}], "education": [{"institution": "The University of Akron", "degree_details": {"degree_name": "Bachelor of Business Administration (BBA)", "field_of_study": "Finance and Financial Management Services", "dates_attended_or_expected_graduation": "2009 \u2013 2013"}}, {"institution": "The University of Akron", "degree_details": {"degree_name": "Bachelor of Business Administration", "field_of_study": "Corporate Finance", "dates_attended_or_expected_graduation": "2009 \u2013 2013"}}], "employee_name": "87nMp0IHX8nXlR0PtFVeqw==*lHgGpmStdPcs7+jwqmWokw==*QecgMlpdhn+RM6KN7akqqg==*9Ryf1B3lzWRqbe8fG3pcow=="}, {"experience": [{"company_name": "CLARA analytics", "dates_employed": "Apr 2017\u2013Present", "employment_duration": "5 yrs 2 mos", "location": "Santa Clara, California", "title": "Strategic Partnerships Manager"}, {"company_name": "Total Quality Logistics", "dates_employed": "Jun 2014\u2013Apr 2017", "employment_duration": "2 yrs 11 mos", "location": "Sarasota, Florida Area", "title": "Senior Sales Account Manager"}, {"company_name": "IBusinessSolutions", "dates_employed": "Nov 2012\u2013Jun 2014", "employment_duration": "1 yr 8 mos", "location": null, "title": "Sales Account Executive"}, {"company_name": "US Army", "dates_employed": "2006\u20132012", "employment_duration": "6 yrs", "location": "Ft.Bragg, NC", "title": "Team Chief"}], "education": [{"institution": "American Military University", "degree_details": {"dates_attended_or_expected_graduation": null, "degree_name": null, "field_of_study": null}}, {"institution": "Palmetto High School", "degree_details": {"dates_attended_or_expected_graduation": "2002 \u2013 2006", "degree_name": null, "field_of_study": null}}], "employee_name": "ZsArx/4IOvvuTd6sN1W5MQ==*0y2e0H6GP85euRFtihyJ/A==*HTwKGEtp9V8a4pxmgRQzUA==*5QZ60I8y6aXB1rHNIK0prA=="}, {"experience": [{"company_name": "CLARA Analytics", "dates_employed": "Mar 2022\u2013Present", "employment_duration": "3 mos", "location": null, "title": "Director of Customer Success"}, {"company_name": "Aspire Systems", "dates_employed": "Apr 2020\u2013Mar 2022", "employment_duration": "2 yrs", "location": null, "title": "Head Insurance Sales & Customer Success - North America, Guidewire Partner Manager"}, {"company_name": "Lore IO", "dates_employed": "Nov 2019\u2013Apr 2020", "employment_duration": "6 mos", "location": "San Francisco Bay Area", "title": "Advisory & Growth Leader - Insurance"}, {"company_name": "Mindtree", "dates_employed": "Apr 2018\u2013Sep 2019", "employment_duration": "1 yr 6 mos", "location": null, "title": "General Manager"}, {"company_name": "Mindtree", "dates_employed": "Apr 2016\u2013Mar 2018", "employment_duration": "2 yrs", "location": "Greater New York City Area", "title": "Sr. Director"}], "education": [{"institution": "Annamalai University", "degree_details": {"degree_name": "Masters in Commerce", "field_of_study": "Financial Management & Cost Accounting", "dates_attended_or_expected_graduation": "1995 \u2013 1997"}}, {"institution": "Annamalai University", "degree_details": {"degree_name": "Bachelors in Commerce", "field_of_study": "Insurance", "dates_attended_or_expected_graduation": "1992 \u2013 1995"}}, {"institution": "SBOA School and Junior College", "degree_details": {"degree_name": "AISSCE", "field_of_study": "Insurance & Finance", "dates_attended_or_expected_graduation": "1990 \u2013 1992"}}], "employee_name": "YxzwsdTnz5Fp5c5/UiAWhHaIbJw2jlY=*VBCJKXhCXK7MxGDkK11HFw==*7pFd2Iakm2pdtsKUf5xDCg==*Qbu7nFuisYQI1wJ1l/7u9Q=="}, {"experience": [{"company_name": "CLARA Analytics", "dates_employed": "Oct 2021\u2013May 2022", "employment_duration": "8 mos", "location": null, "title": "Senior Data Scientist"}, {"company_name": "Mercury Data Science", "dates_employed": "Jun 2018\u2013Oct 2021", "employment_duration": "3 yrs 5 mos", "location": "Houston, Texas Area", "title": "Data Scientist"}, {"company_name": "Baylor College of Medicine", "dates_employed": "Sep 2009\u2013Jan 2018", "employment_duration": "8 yrs 5 mos", "location": "Houston, Texas Area", "title": "Graduate Research Assistant"}, {"company_name": "Enventure", "dates_employed": "2018\u20132018", "employment_duration": "less than a year", "location": "Houston, Texas", "title": "ENRICH Fellow (Market Research)"}, {"company_name": "BioVentures Cohort IV", "dates_employed": "2018\u20132018", "employment_duration": "less than a year", "location": "Houston, Texas", "title": "Fellow (Medical Devices)"}], "education": [{"institution": "Stanford University", "degree_details": {"degree_name": "Artificial Intelligence Professional Program", "field_of_study": "Artificial Intelligence, Natural Language Processing", "dates_attended_or_expected_graduation": "2020 \u2013 2021"}}, {"institution": "Baylor College of Medicine", "degree_details": {"degree_name": "Doctor of Philosophy - PhD", "field_of_study": "Quantitative and Computational Biosciences", "dates_attended_or_expected_graduation": "2018"}}, {"institution": "Banasthali University", "degree_details": {"degree_name": "Masters", "field_of_study": "Bioinformatics", "dates_attended_or_expected_graduation": "2007 \u2013 2009"}}], "employee_name": "J2z7p7CcvicpHyEfSD4=*GGgbOHIXa0SVlkvx0rM9Ng==*CqC676H64Zb4aqEbSBWUOw==*0utqLcb6zVU/TEPHEv6EuQ=="}, {"experience": [{"company_name": "CLARA analytics", "dates_employed": "Feb 2020\u2013Present", "employment_duration": "2 yrs 4 mos", "location": "San Francisco Bay Area", "title": "Senior Vice President Of Global Sales"}, {"company_name": "Cloud Academy, Inc.", "dates_employed": "Nov 2017\u2013Dec 2019", "employment_duration": "2 yrs 2 mos", "location": "San Francisco Bay Area", "title": "Vice President, Global Sales and Customer Success"}, {"company_name": "Support.com", "dates_employed": "Jan 2016\u2013Apr 2018", "employment_duration": "2 yrs 4 mos", "location": "Redwood City, CA", "title": "Vice President of Global Sales, Marketing and Customer Success"}, {"company_name": "BrightEdge", "dates_employed": "Feb 2014\u2013Jan 2016", "employment_duration": "2 yrs", "location": "San Mateo, CA", "title": "Senior Director of Sales - Global and Enterprise Teams"}, {"company_name": "Good Powered by BlackBerry", "dates_employed": "Apr 2013\u2013Jan 2014", "employment_duration": "10 mos", "location": "Sunnyvale, CA", "title": "Director, Corporate Sales and Public Sector"}], "education": [{"institution": "University of San Francisco", "degree_details": {"degree_name": "Bachelor of Science (BS)", "field_of_study": "Business/Management", "dates_attended_or_expected_graduation": null}}], "employee_name": "LuSI4OXb+H1zTS1Kw592*b0LayLgM/KHmMyVXmgRhuA==*SDs4DrLWZYyycayFuh78yA==*CWzyuABHbizVchLs4rSE5g=="}, {"experience": [{"company_name": "Aspen Capital Group", "dates_employed": "2019\u2013Present", "employment_duration": "3 yrs", "location": null, "title": "Partner"}, {"company_name": "Sureify", "dates_employed": "2021\u2013Present", "employment_duration": "1 yr", "location": "San Jose, California, United States", "title": "Board Observer"}, {"company_name": "Transcend", "dates_employed": "2021\u2013Present", "employment_duration": "1 yr", "location": "Princeton, New Jersey, United States", "title": "Board Member"}, {"company_name": "Deposco", "dates_employed": "2021\u2013Present", "employment_duration": "1 yr", "location": "Alpharetta, Georgia, United States", "title": "Investor"}, {"company_name": "CLARA analytics", "dates_employed": "2020\u2013Present", "employment_duration": "2 yrs", "location": "Santa Clara, California, United States", "title": "Board Observer"}], "education": [{"institution": "University of Michigan", "degree_details": {"degree_name": "Bachelor of Business Administration (BBA)", "dates_attended_or_expected_graduation": null, "field_of_study": null}}, {"institution": "Minnetonka High School", "degree_details": {"dates_attended_or_expected_graduation": null, "degree_name": null, "field_of_study": null}}], "employee_name": "8ug3PMBg8ktHc1hW*pzk0YLUAYJlp2s7u66rH3w==*YUyV46tKWuzrFmBUz/f95w==*H97+Ze40Vh2QueO3Bwe44g=="}, {"experience": [{"company_name": "CLARA analytics", "dates_employed": "Jul 2019\u2013Present", "employment_duration": "2 yrs 11 mos", "location": null, "title": "Senior Product Manager"}, {"company_name": "Autodesk", "dates_employed": "Oct 2016\u2013Jun 2019", "employment_duration": "2 yrs 9 mos", "location": "San Francisco Bay Area", "title": "Product Manager"}, {"company_name": "Verizon Wireless", "dates_employed": "Jun 2015\u2013Jul 2015", "employment_duration": "2 mos", "location": "Greater New York City Area", "title": "Product/Internal Strategy Intern \u2013 Customer Experience"}, {"company_name": "Accenture", "dates_employed": "Sep 2013\u2013Jul 2014", "employment_duration": "11 mos", "location": "Washington D.C. Metro Area", "title": "Consultant"}, {"company_name": "Accenture", "dates_employed": "Oct 2010\u2013Aug 2013", "employment_duration": "2 yrs 11 mos", "location": "Washington D.C. Metro Area", "title": "Analyst"}], "education": [{"institution": "Cornell Johnson Graduate School of Management", "degree_details": {"degree_name": "Master of Business Administration (M.B.A.)", "dates_attended_or_expected_graduation": "2014 \u2013 2016", "field_of_study": null}}, {"institution": "Penn State University", "degree_details": {"degree_name": "Finance", "field_of_study": "Finance, Psychology, International Business", "dates_attended_or_expected_graduation": "2005 \u2013 2009"}}], "employee_name": "5iWrXQyGAA50zw==*EExYFv6vNelCa5MKM3FFhw==*P51G9GpRUCwQh94Ro5Sfzg==*KMYxu4hYgpgoS4yz6icSiA=="}, {"experience": [{"company_name": "CLARA Analytics", "dates_employed": "Feb 2022\u2013Present", "employment_duration": "4 mos", "location": "Atlanta, Georgia, United States", "title": "Senior Data Engineer"}, {"company_name": "Anthem, Inc.", "dates_employed": "Jun 2019\u2013Feb 2022", "employment_duration": "2 yrs 9 mos", "location": "Greater Atlanta Area", "title": "Senior Data Engineer"}, {"company_name": "Coordinated Care Inc", "dates_employed": "Jan 2019\u2013May 2019", "employment_duration": "5 mos", "location": "Greater Atlanta Area", "title": "Data Science Intern"}, {"company_name": "Georgia State University - J. Mack Robinson College of Business", "dates_employed": "Aug 2018\u2013May 2019", "employment_duration": "10 mos", "location": "Atlanta, Georgia", "title": "Graduate Research Assistant"}, {"company_name": "Heal Advisors Private Limited", "dates_employed": "Nov 2013\u2013Aug 2016", "employment_duration": "2 yrs 10 mos", "location": "New Delhi Area, India", "title": "Co-Founder & Director (Tech Services)"}], "education": [{"institution": "Georgia State University - J. Mack Robinson College of Business", "degree_details": {"degree_name": "Master of Science - MS", "field_of_study": "Information Systems- Big Data Analytics", "dates_attended_or_expected_graduation": "2018 \u2013 2019"}}, {"institution": "GL Bajaj Institute of Technology and Management", "degree_details": {"degree_name": "Bachelor's degree", "field_of_study": "Electrical and Electronics Engineering", "dates_attended_or_expected_graduation": "2008 \u2013 2012"}}, {"institution": "Delhi Public School Aligarh", "degree_details": {"degree_name": "High School", "field_of_study": "Mathematics, Physics, Chemistry", "dates_attended_or_expected_graduation": "2006 \u2013 2008"}}], "employee_name": "Z70ZxXbXpd96*vlkjT780vXH0eVm6pWRmHg==*XOWWy+0cWWJhJe9trmW2Zg==*eQKjNEK5UOjZZqw5SYzvng=="}, {"experience": [{"company_name": "CLARA Analytics", "dates_employed": "Dec 2021\u2013Present", "employment_duration": "6 mos", "location": null, "title": "Director of Data Strategy and Quality Assurance"}, {"company_name": "Pie Insurance", "dates_employed": "Jun 2021\u2013Dec 2021", "employment_duration": "7 mos", "location": null, "title": "Director of Claims"}, {"company_name": "EMPLOYERS", "dates_employed": "Feb 2020\u2013May 2021", "employment_duration": "1 yr 4 mos", "location": "Henderson, Nevada", "title": "Director, Claims Process Models"}, {"company_name": "EMPLOYERS", "dates_employed": "Aug 2018\u2013Feb 2020", "employment_duration": "1 yr 7 mos", "location": "Reno, Nevada", "title": "Director, Business Analytics"}, {"company_name": "EMPLOYERS", "dates_employed": "Feb 2018\u2013Aug 2018", "employment_duration": "7 mos", "location": "Las Vegas, Nevada", "title": "Senior Analytics Catalyst"}], "education": [{"institution": "AICPCU", "degree_details": {"degree_name": "AIC", "field_of_study": "Insurance", "dates_attended_or_expected_graduation": "2008 \u2013 2010"}}, {"institution": "AICPCU", "degree_details": {"degree_name": "CPCU", "dates_attended_or_expected_graduation": "2012 \u2013 2023", "field_of_study": null}}, {"institution": "State of Florida", "degree_details": {"degree_name": "Independent Insurance Adjuster", "field_of_study": "Insurance", "dates_attended_or_expected_graduation": "2016 \u2013 2018"}}], "employee_name": "td98zeYIFPhNwxEakw==*jhoZKjHQ1U7UUp4BAYpRmQ==*gp1nKKK9UnyQ9rmnb2v7rA==*rUPu5m7WaF7Xxek+Lk55bQ=="}, {"experience": [{"company_name": "CLARA analytics", "dates_employed": "2020\u2013Present", "employment_duration": "2 yrs", "location": null, "title": "Principal Engineer"}, {"company_name": "Orbital Insight", "dates_employed": "2016\u20132020", "employment_duration": "4 yrs", "location": null, "title": "Principal Engineer"}, {"company_name": "Cisco Systems (formerly Insieme Networks)", "dates_employed": "2011\u20132016", "employment_duration": "5 yrs", "location": null, "title": "MTS"}, {"company_name": "Menlo Group, LLC / Ferris, Baker Watts", "dates_employed": "2005\u20132010", "employment_duration": "5 yrs", "location": null, "title": "Partner, Investment Banker, Research Associate"}, {"company_name": "Predictive Financial Technologies, LLC", "dates_employed": "2002\u20132007", "employment_duration": "5 yrs", "location": null, "title": "Partner"}], "education": [{"institution": "Moscow Aviation Institute", "degree_details": {"degree_name": "BS/MS", "field_of_study": "Computer Engineering", "dates_attended_or_expected_graduation": "1976 \u2013 1981"}}, {"institution": "Central Telecommunication Research Institute (ZNIIS)", "degree_details": {"degree_name": "PhD", "field_of_study": "EE", "dates_attended_or_expected_graduation": "1983 \u2013 1987"}}], "employee_name": "tLzG/2pfrzh6lqmVcmpN1Q==*PETmTnaLQQ/pcgmnCo3/DA==*6+a2V4aBQIp6kZDtStWYyw==*RHQwpBxDPcocQ+39hoeHbA=="}, {"experience": [{"company_name": "CLARA analytics", "dates_employed": "Jan 2020\u2013Present", "employment_duration": "2 yrs 5 mos", "location": "Silicon Valley CA USA", "title": "Member CLARA Adviory Panel"}, {"company_name": "QBE Insurance", "dates_employed": "Nov 2018\u2013Present", "employment_duration": "3 yrs 7 mos", "location": "Sydney, Australia", "title": "General Manager People Risk Claims (CTP & WC)"}, {"company_name": "QBE Insurance", "dates_employed": "May 2016\u2013Nov 2018", "employment_duration": "2 yrs 7 mos", "location": "Sydney, Australia", "title": "Head of CTP and Workers Compensation Statutory Claims"}, {"company_name": "QBE Insurance", "dates_employed": "Mar 2015\u2013May 2016", "employment_duration": "1 yr 3 mos", "location": "Sydney, Australia", "title": "Head of CTP Claims"}, {"company_name": "QBE Insurance", "dates_employed": "Oct 2010\u2013Feb 2015", "employment_duration": "4 yrs 5 mos", "location": "Sydney, Australia", "title": "Claims Operations Manager"}], "education": [{"institution": "McKinsey & Company", "degree_details": {"degree_name": "Executive Leadership Program", "dates_attended_or_expected_graduation": "2018 \u2013 2019", "field_of_study": null}}, {"institution": "The University of Queensland", "degree_details": {"degree_name": "Master\u2019s Degree", "field_of_study": "Ergonomics & Human Factors", "dates_attended_or_expected_graduation": "2001 \u2013 2003"}}, {"institution": "University of Sydney", "degree_details": {"degree_name": "Bachelor\u2019s Degree", "field_of_study": "Applied Science (Occupational Therapy)", "dates_attended_or_expected_graduation": "1995 \u2013 1998"}}], "employee_name": "3wSO02KeZewAWqs=*Zs/B8g3E8CNa1VK0b7GnpQ==*i90jqg2AtlUTRE7L35esUQ==*zao2o7/SCd1fT+OBoCqwNQ=="}, {"experience": [{"company_name": "CLARA Analytics", "dates_employed": "Jun 2019\u2013Present", "employment_duration": "3 yrs", "location": "San Francisco Bay Area", "title": "Senior Data Engineer"}, {"company_name": "Google", "dates_employed": "Jan 2017\u2013Jun 2019", "employment_duration": "2 yrs 6 mos", "location": "San Francisco Bay Area", "title": "Development Functional Lead (Vendor)"}, {"company_name": "ExxonMobil Limited", "dates_employed": "Jun 2013\u2013Jan 2016", "employment_duration": "2 yrs 8 mos", "location": "Bangkok Metropolitan Area, Thailand", "title": "Application Support Engineer"}, {"company_name": "DST Systems", "dates_employed": "Aug 2010\u2013May 2013", "employment_duration": "2 yrs 10 mos", "location": "Bangkok Metropolitan Area, Thailand", "title": "Quality Assurance Engineer"}, {"company_name": "IBM Solutions Delivery", "dates_employed": "Jun 2009\u2013Jul 2010", "employment_duration": "1 yr 2 mos", "location": "Bangkok Metropolitan Area, Thailand", "title": "Quality Assurance Engineer"}], "education": [{"institution": "Chulalongkorn University", "degree_details": {"degree_name": "Bachelor\u2019s Degree", "field_of_study": "Computer Engineering", "dates_attended_or_expected_graduation": "2005 \u2013 2009"}}, {"institution": "Microsoft Professional Program", "degree_details": {"field_of_study": "Data Science (edX)", "dates_attended_or_expected_graduation": "2016 \u2013 2017", "degree_name": null}}], "employee_name": "yx4LR6kGdTURDBieeIASWHwSDxE=*0NnpIHwzk7cCxeUaJasI8w==*LHacx5R5h5cWR8PpNxMRnQ==*WGLJo/UPQFm2e3SLb3Mi9w=="}, {"experience": [{"company_name": "Aspen Capital Group", "dates_employed": "Apr 2002\u2013Present", "employment_duration": "20 yrs 2 mos", "location": null, "title": "Managing Partner"}, {"company_name": "Sureify", "dates_employed": "May 2021\u2013Present", "employment_duration": "1 yr 1 mo", "location": "San Jose, California, United States", "title": "Board of Directors"}, {"company_name": "Transcend", "dates_employed": "May 2021\u2013Present", "employment_duration": "1 yr 1 mo", "location": "Princeton, New Jersey, United States", "title": "Lead Investor"}, {"company_name": "Deposco", "dates_employed": "Feb 2021\u2013Present", "employment_duration": "1 yr 4 mos", "location": "Alpharetta, Georgia, United States", "title": "Investor & Board Observer"}, {"company_name": "CLARA analytics", "dates_employed": "May 2020\u2013Present", "employment_duration": "2 yrs 1 mo", "location": "Santa Clara, California, United States", "title": "Board of Directors"}], "education": [{"institution": "The Wharton School", "degree_details": {"degree_name": "MBA", "field_of_study": "Corporate Finance & Accounting", "dates_attended_or_expected_graduation": "1989 \u2013 1991"}}, {"institution": "University of Michigan", "degree_details": {"degree_name": "BS", "field_of_study": "Computer Engineering", "dates_attended_or_expected_graduation": "1981 \u2013 1985"}}], "employee_name": "Wkoccu/1sVDSf/zD*97R/NDDPziZXPdgBZunrQg==*bygSomLJUNjGCVtacOz2Sw==*7p33aBEHZzd4H6+vhoQbmw=="}, {"experience": [{"company_name": "CNA Insurance", "dates_employed": "Feb 2021\u2013Present", "employment_duration": "1 yr 4 mos", "location": "Greater Chicago Area", "title": "Director, Medical Bill Review"}, {"company_name": "CLARA analytics", "dates_employed": "Nov 2019\u2013Present", "employment_duration": "2 yrs 7 mos", "location": null, "title": "Member, CLARA Advisory Panel"}, {"company_name": "QBE North America", "dates_employed": "Jan 2019\u2013Feb 2021", "employment_duration": "2 yrs 2 mos", "location": null, "title": "AVP - Technical Ops & Workers' Compensation Procurement"}, {"company_name": "QBE North America", "dates_employed": "Oct 2016\u2013Dec 2018", "employment_duration": "2 yrs 3 mos", "location": "Itasca, IL", "title": "AVP - Claims Vendor Management"}, {"company_name": "Zurich North America", "dates_employed": "Jun 2015\u2013Oct 2016", "employment_duration": "1 yr 5 mos", "location": "Zurich Insurance", "title": "AVP - Claims Procurement Global Purchasing Consultant"}], "education": [{"institution": "DePaul University", "degree_details": {"degree_name": "Bachelor of Arts - BA", "field_of_study": "Management & Leadership", "dates_attended_or_expected_graduation": null}}, {"institution": "Harper College", "degree_details": {"degree_name": "Associate of Arts and Sciences - AAS", "field_of_study": "Business Administration and Management", "dates_attended_or_expected_graduation": null}}], "employee_name": "ZfyZs9lCkRyqxRaWtNE0*ReAAxPKKuTQlqmGXPx3l0A==*5CjI/HFmC0qiii+pQCabBA==*LZryQgbbJVsdNxLdLivLZg=="}, {"experience": [{"company_name": "CLARA Analytics", "dates_employed": "Mar 2022\u2013Present", "employment_duration": "3 mos", "location": null, "title": "Business Value Analyst"}, {"company_name": "Truckee Meadows Community College", "dates_employed": "Sep 2021\u2013Mar 2022", "employment_duration": "7 mos", "location": "Reno, Nevada, United States", "title": "Research Analyst"}, {"company_name": "Truckee Meadows Community College", "dates_employed": "Jul 2020\u2013Sep 2021", "employment_duration": "1 yr 3 mos", "location": null, "title": "Operations Assistant"}, {"company_name": "Truckee Meadows Community College", "dates_employed": "Jan 2019\u2013Sep 2021", "employment_duration": "2 yrs 9 mos", "location": "Reno, Nevada Area", "title": "Tutoring Coordinator"}, {"company_name": "Truckee Meadows Community College", "dates_employed": "Aug 2017\u2013Jan 2019", "employment_duration": "1 yr 6 mos", "location": "Reno, Nevada Area", "title": "Lead Tutor"}], "education": [{"institution": "University of Nevada, Reno", "degree_details": {"degree_name": "Master's", "field_of_study": "Business Analytics", "dates_attended_or_expected_graduation": "2021 \u2013 2022"}}, {"institution": "University of Nevada, Reno", "degree_details": {"degree_name": "Bachelor's", "field_of_study": "Discrete Mathematics", "dates_attended_or_expected_graduation": "2015 \u2013 2019"}}], "employee_name": "TnVs660M+6bXyTEqK/wn*8EGxjg/Q3UPSooGPni3FcQ==*vJ9fD7CGpirSWxhiJs4UpA==*UoyvC5uvM3ciI0O6NXz7KA=="}, {"experience": [{"company_name": "CLARA Analytics", "dates_employed": "Apr 2022\u2013Present", "employment_duration": "2 mos", "location": null, "title": "Data Quality Analyst"}, {"company_name": "StoneRiver, Inc. - A Sapiens Company", "dates_employed": "Dec 2018\u2013Apr 2022", "employment_duration": "3 yrs 5 mos", "location": null, "title": "Senior Data Architect"}, {"company_name": "StoneRiver", "dates_employed": "Aug 2002\u2013Apr 2022", "employment_duration": "19 yrs 9 mos", "location": null, "title": "Lead Software Development Engineer / Sr. Software Modeler"}, {"company_name": "StoneRiver", "dates_employed": "Aug 2002\u2013Apr 2022", "employment_duration": "19 yrs 9 mos", "location": "Greater Denver Area", "title": "Sr. Technical Business Analyst"}], "education": [{"institution": "Colorado State University", "degree_details": {"degree_name": "CIS", "field_of_study": "Computer Information Systems; Business", "dates_attended_or_expected_graduation": "1985 \u2013 1989"}}], "employee_name": "FJ+Fqrm8XCvH6Q==*UWAD6tSa9v2O0KeTJjDHAA==*f4PeFlQ509rFwRwwuPQfLw==*Niw8xP24H+jfzBbF7mWqmg=="}, {"experience": [{"company_name": "CLARA Analytics", "dates_employed": "Sep 2018\u2013Present", "employment_duration": "3 yrs 9 mos", "location": null, "title": "Associate Full-stack Developer"}, {"company_name": "Infosys", "dates_employed": "Jul 2017\u2013Sep 2018", "employment_duration": "1 yr 3 mos", "location": null, "title": "Associate Software Engineer (Client - Apple Inc.)"}, {"company_name": "Energy Efficiency Center", "dates_employed": "Oct 2015\u2013Nov 2016", "employment_duration": "1 yr 2 mos", "location": "Davis, California, United States", "title": "Student Programmer - UC Davis Energy Efficiency Center (EEC)"}, {"company_name": "UC Davis Help Desk", "dates_employed": "Sep 2013\u2013Apr 2015", "employment_duration": "1 yr 8 mos", "location": "University of California Davis, California, United States", "title": "Student Assistant IV"}, {"company_name": "Pittsburg High School", "dates_employed": "Sep 2010\u2013Sep 2011", "employment_duration": "1 yr 1 mo", "location": "Pittsburg, California, United States", "title": "Pirate Tech"}], "education": [{"institution": "University of California, Davis", "degree_details": {"degree_name": "B.S.", "field_of_study": "Computer Science", "dates_attended_or_expected_graduation": "2012 \u2013 2016"}}, {"institution": "Pittsbug High School", "degree_details": {"degree_name": "High School Diploma", "dates_attended_or_expected_graduation": "2008 \u2013 2012", "field_of_study": null}}], "employee_name": "epMb1L7NghOVsT4=*QAH7wW26nFNqs6ZsZGCF9g==*MWD3/HT3JdAmCcXYjW6DGw==*Q3CRsvs0lAWmPLJc/UC9AQ=="}, {"experience": [{"company_name": "CLARA Analytics", "dates_employed": "Feb 2022\u2013Present", "employment_duration": "4 mos", "location": null, "title": "MSP Compliance Conditional Payments Resolution Specialist"}, {"company_name": "York Risk Services Group", "dates_employed": "Jul 2017\u2013Present", "employment_duration": "4 yrs 11 mos", "location": "Lafayette, Louisiana", "title": "Medicare Secondary Payer Compliance Conditional Payments"}, {"company_name": "Sedgwick", "dates_employed": "Jun 2019\u2013Jan 2020", "employment_duration": "8 mos", "location": null, "title": "Medical Allocator"}], "education": null, "employee_name": "qe0hEFo3bVyTFvy3kQ==*DJ4GCBKch3xOGpWqozCHtg==*OABDu/9nrVSxYX4Dog/K4w==*KnX1yJOwliwnbyYbZTSAtg=="}, {"experience": [{"company_name": "CLARA Analytics", "dates_employed": "Apr 2021\u2013Present", "employment_duration": "1 yr 2 mos", "location": "Santa Clara County, California, United States", "title": "Medicare Set-aside Specialist"}, {"company_name": "...", "dates_employed": "Aug 2017\u2013Present", "employment_duration": "4 yrs 10 mos", "location": null, "title": "Medicare Set-Aside Specialist"}, {"company_name": "York Risk Services Group", "dates_employed": "Aug 2017\u2013Feb 2020", "employment_duration": "2 yrs 7 mos", "location": "Lafayette, Louisiana", "title": "Nurse Medical Allocator"}, {"company_name": "LHC Group", "dates_employed": "Feb 2013\u2013Aug 2016", "employment_duration": "3 yrs 7 mos", "location": "Lafayette, Louisiana Area", "title": "Nurse/Financial Intake Revenue Cycle"}, {"company_name": "Rehabilitation Hospital of Jennings", "dates_employed": "Sep 2001\u2013Feb 2013", "employment_duration": "11 yrs 6 mos", "location": "Jennings, Louisiana, United States", "title": "Quality Assurance Specialist"}], "education": [{"institution": "Louisiana Technical College - Acadian Campus", "degree_details": {"degree_name": "Licensed Practical Nurse", "field_of_study": "Nursing Practice", "dates_attended_or_expected_graduation": "1998 \u2013 1999"}}, {"institution": "Crowley High School", "degree_details": {"degree_name": "Graduate", "field_of_study": "General Studies", "dates_attended_or_expected_graduation": "1978 \u2013 1981"}}], "employee_name": "GRoKwo18Wl2MZzd0do8o1yYk0B8=*pPntaTBiCl3gotMgPOgq0Q==*I5b2ReEIBXSkNbJ5XeC+LA==*LAXCJXLME8NUFF/efg5pfA=="}, {"experience": [{"company_name": "CLARA Analytics", "dates_employed": "Nov 2020\u2013Present", "employment_duration": "1 yr 7 mos", "location": null, "title": "CMS Specialist"}, {"company_name": "CAPITOL BRIDGE, LLC", "dates_employed": "Nov 2018\u2013Nov 2020", "employment_duration": "2 yrs 1 mo", "location": null, "title": "Consultant WCRC"}, {"company_name": "Self-Employed", "dates_employed": "Mar 2018\u2013Nov 2020", "employment_duration": "2 yrs 9 mos", "location": null, "title": "Independent Contractor"}, {"company_name": "Provider Resources, Inc.", "dates_employed": "Dec 2013\u2013Nov 2020", "employment_duration": "7 yrs", "location": null, "title": "Worker's Compensation Medical Reviewer"}, {"company_name": "Independent Contractor", "dates_employed": "2012\u2013Dec 2013", "employment_duration": "1 yr", "location": "Greater Chicago Area", "title": "Medicare Set-Aside Consultant Certified"}], "education": [{"institution": "College of Lake County", "degree_details": {"degree_name": "Associates Degree, Applied Science", "field_of_study": "Health Information Technology", "dates_attended_or_expected_graduation": "2010"}}, {"institution": "International Commission on Health Care Certification (ICHCC)", "degree_details": {"degree_name": "Medicare Set-Aside Consultant Certification (MSCC)", "field_of_study": "Insurance", "dates_attended_or_expected_graduation": "2010"}}, {"institution": "University of Florida", "degree_details": {"dates_attended_or_expected_graduation": null, "degree_name": null, "field_of_study": null}}], "employee_name": "RHIWYkcdHePjzA2b*aKUNIDk8htRe+soq6ZhSkw==*K1F3O2ed2lWk4+wXKIMKIw==*PwgIjx3L/NwKacYGP04w3g=="}, {"experience": [{"company_name": "CLARA analytics", "dates_employed": "Sep 2018\u2013Present", "employment_duration": "3 yrs 9 mos", "location": "San Francisco Bay Area", "title": "Systems Engineer"}, {"company_name": "Aruba, a Hewlett Packard Enterprise company", "dates_employed": "Jun 2017\u2013Aug 2018", "employment_duration": "1 yr 3 mos", "location": "San Francisco Bay Area", "title": "System Engineer"}, {"company_name": "Terp Solar (Solar City)", "dates_employed": "Jul 2015\u2013May 2017", "employment_duration": "1 yr 11 mos", "location": "Washington D.C. Metro Area", "title": "Renewable Energy Systems Engineer"}, {"company_name": "Women's Learning Partnership", "dates_employed": "Nov 2011\u2013Jul 2015", "employment_duration": "3 yrs 9 mos", "location": "Bethesda, MD", "title": "IT Manager"}, {"company_name": "Cisco", "dates_employed": "Jun 2013\u2013Aug 2013", "employment_duration": "3 mos", "location": "Columbia, MD", "title": "Systems Engineer Intern"}], "education": [{"institution": "University of Maryland", "degree_details": {"degree_name": "Master's degree", "field_of_study": "Systems Engineering", "dates_attended_or_expected_graduation": "2013 \u2013 2015"}}, {"institution": "Yazd University", "degree_details": {"degree_name": "Bachelor's degree", "field_of_study": "Electrical and Electronics Engineering", "dates_attended_or_expected_graduation": "2003 \u2013 2007"}}], "employee_name": "lgmf8psNSDrtMVI/eAx1nco=*+Y4VKLWfgsBfBqXya3HYmw==*OSDGIn3wZp3Smcq4xSsFHg==*W4O1bCb0UbJCNa2sLbdmuw=="}, {"experience": [{"company_name": "CLARA Analytics", "dates_employed": "Feb 2020\u2013Present", "employment_duration": "2 yrs 4 mos", "location": "Santa Clara, California, United States", "title": "Principal UX/UI Designer"}, {"company_name": "LinkedIn", "dates_employed": "Mar 2019\u2013Present", "employment_duration": "3 yrs 3 mos", "location": "sunnyvale", "title": "UX Design Contractor"}, {"company_name": "VipShop.Inc", "dates_employed": "Dec 2014\u2013Mar 2019", "employment_duration": "4 yrs 4 mos", "location": "san jose", "title": "Senior Product Designer"}, {"company_name": "Spirent Communications", "dates_employed": "Aug 2013\u2013Dec 2014", "employment_duration": "1 yr 5 mos", "location": "santa clara", "title": "Staff UX Designer"}, {"company_name": "Apple", "dates_employed": "May 2013\u2013Aug 2013", "employment_duration": "4 mos", "location": "Cupertino, CA", "title": "Product Design Contractor"}], "education": [{"institution": "Academy of Art University", "degree_details": {"degree_name": "Master", "field_of_study": "Computer Art", "dates_attended_or_expected_graduation": null}}], "employee_name": "4nDDEFrlDr4=*jpTiYUmphUkJVhdgkttDqA==*u3d0z8vWoLSZWO6xHQ7kpg==*JteYiuAosQdUq5GzS5boTQ=="}, {"experience": [{"company_name": "CLARA analytics", "dates_employed": "Jul 2018\u2013Present", "employment_duration": "3 yrs 11 mos", "location": "Santa Clara, California", "title": "Case Analyst"}, {"company_name": "Ro Health", "dates_employed": "2017\u2013Present", "employment_duration": "5 yrs", "location": null, "title": "Nurse"}, {"company_name": "Children's Hospital Los Angeles (CHLA)", "dates_employed": "Jul 2017\u2013Jan 2018", "employment_duration": "7 mos", "location": "Campbell, California, United States", "title": "Nurse"}, {"company_name": "IHSS and Premiere", "dates_employed": "Jan 2012\u2013Jul 2016", "employment_duration": "4 yrs 7 mos", "location": "Morgan Hill", "title": "In-home caretaker"}], "education": [{"institution": "San Jose State University", "degree_details": {"field_of_study": "Nursing", "dates_attended_or_expected_graduation": "2010 \u2013 2011", "degree_name": null}}], "employee_name": "5rm9rzlV575OKp47*qnTFoRk4pQ0RMSNK3sAavg==*N7RHw+nb8+RQZnerXoAq3w==*vQ5NbAQGo0UhK31om7X3Pg=="}, {"experience": [{"company_name": "CLARA Analytics", "dates_employed": "Jan 2022\u2013Present", "employment_duration": "5 mos", "location": null, "title": "Business Development Representative"}, {"company_name": "Jackson Hole Mountain Resort", "dates_employed": "Jun 2019\u2013Jan 2022", "employment_duration": "2 yrs 8 mos", "location": "Teton Village, Wyoming", "title": "Gondola Supervisor"}, {"company_name": "Ramped", "dates_employed": "Oct 2021\u2013Dec 2021", "employment_duration": "3 mos", "location": "New York, NY (Remote)", "title": "Sales Development Representative Training"}, {"company_name": "Stio\u00ae", "dates_employed": "Jun 2019\u2013Mar 2020", "employment_duration": "10 mos", "location": "Jackson, Wyoming, United States", "title": "Customer Service Sales Representative"}, {"company_name": "Minneapolis Institute of Art", "dates_employed": "Aug 2014\u2013May 2019", "employment_duration": "4 yrs 10 mos", "location": "Minneapolis, Minnesota, United States", "title": "Security Controller"}], "education": [{"institution": "University of Minnesota", "degree_details": {"degree_name": "Bachelor of Fine Arts - BFA", "field_of_study": "Fine/Studio Arts, General", "dates_attended_or_expected_graduation": "2010 \u2013 2013"}}], "employee_name": "W7byBRmDCVTWf3Ak*JoKyftQViKa659JvfVl28A==*51DzK742nkME+UjDkZbJjQ==*Pk2JiBivrUPpSAbQMfjOdQ=="}, {"experience": [{"company_name": "Chesapeake Employers' Insurance Company", "dates_employed": "Mar 2019\u2013Present", "employment_duration": "3 yrs 3 mos", "location": "United States", "title": "Chief Results Officer for Subsidiary Initiatives"}, {"company_name": "iCubed Ventures, LLC", "dates_employed": "Apr 2019\u2013Present", "employment_duration": "3 yrs 2 mos", "location": "United States", "title": "President and Chief Executive Officer"}, {"company_name": "CLARA analytics", "dates_employed": "Nov 2019\u2013Present", "employment_duration": "2 yrs 7 mos", "location": null, "title": "Member, Clara Advisory Panel"}, {"company_name": "Transverse Insurance Group", "dates_employed": "Apr 2021\u2013Present", "employment_duration": "1 yr 2 mos", "location": null, "title": "Member, Transverse Limited Partnership Advisory Committee"}, {"company_name": "Lea's Foundation for Leukemia Research", "dates_employed": "Jan 2016\u2013Present", "employment_duration": "6 yrs 5 mos", "location": "http://leasfoundation.org/", "title": "Board Member"}], "education": [{"institution": "Clarkson University", "degree_details": {"degree_name": "BS", "field_of_study": "Mathematics", "dates_attended_or_expected_graduation": "1988 \u2013 1992"}}], "employee_name": "jj6P+5Sl90eQVpN/qw==*5BMLgU/UyPfiq7fFfPeU7A==*+FCGmxcC33U4OP+KTTP6Lg==*JDGQS7bKLKt4X8lD2IHY5w=="}, {"experience": [{"company_name": "Randall & Quilter Investment Holdings Ltd.", "dates_employed": "Oct 2021\u2013Present", "employment_duration": "8 mos", "location": "Hartford, Connecticut, United States", "title": "Global CEO Randall & Quilter Legacy Insurance, Randall & Quilter Investment Holdings, Ltd."}, {"company_name": "ProSight", "dates_employed": "Aug 2021\u2013Present", "employment_duration": "10 mos", "location": "New Jersey, United States", "title": "Independent Board Director"}, {"company_name": "CLARA analytics", "dates_employed": "Sep 2020\u2013Present", "employment_duration": "1 yr 9 mos", "location": null, "title": "Independent Board Director"}, {"company_name": "CodeBlue | MadSky", "dates_employed": "Oct 2020\u2013Present", "employment_duration": "1 yr 8 mos", "location": "Ohio, United States", "title": "Independent Board Director"}, {"company_name": "Ontellus", "dates_employed": "Aug 2020\u2013Present", "employment_duration": "1 yr 10 mos", "location": null, "title": "Independent Board Director"}], "education": [{"institution": "Connecticut College", "degree_details": {"degree_name": "Bachelor of Arts (B.A.), Cum Laude", "field_of_study": "Distinction in History/Sociology", "dates_attended_or_expected_graduation": "1980 \u2013 1984"}}, {"institution": "Western New England University School of Law", "degree_details": {"degree_name": "Doctor of Law (J.D.), Cum Laude", "dates_attended_or_expected_graduation": "1984 \u2013 1987", "field_of_study": null}}], "employee_name": "o192ECsHTb+uP2umow==*4OaSwehOCMIcyWP6mYO0oQ==*7hhgqt5/46Rhixe8Br7lWQ==*tzcTTU4DQq1he4zTCS4IoQ=="}, {"experience": [{"company_name": "CLARA Analytics", "dates_employed": "Feb 2022\u2013Present", "employment_duration": "4 mos", "location": null, "title": "Sales Executive"}, {"company_name": "McGriff", "dates_employed": "Apr 2018\u2013Feb 2022", "employment_duration": "3 yrs 11 mos", "location": null, "title": "Commercial Account Executive"}, {"company_name": "Various High Schools", "dates_employed": "Apr 2010\u2013Dec 2021", "employment_duration": "11 yrs 9 mos", "location": null, "title": "Private Music Tutor"}, {"company_name": "McGriff", "dates_employed": "Aug 2014\u2013Apr 2018", "employment_duration": "3 yrs 9 mos", "location": "Columbia, South Carolina", "title": "Account Manager"}, {"company_name": "Allstate", "dates_employed": "Jun 2013\u2013Jun 2014", "employment_duration": "1 yr 1 mo", "location": null, "title": "Licensed Sales Producer"}], "education": [{"institution": "University of South Carolina", "degree_details": {"degree_name": "Bachelor of Science (B.S.)", "field_of_study": "Criminology", "dates_attended_or_expected_graduation": "2003 \u2013 2007"}}], "employee_name": "HJW0EAO5/sQpgCG/nQ==*45bJaILcLZ/Mj7dqfyXI+w==*Yb7bM185L4Ic7cLnKthqaQ==*EnBtPkrvzTH9aaHuzFrDnA=="}, {"experience": [{"company_name": "CLARA Analytics", "dates_employed": "Mar 2022\u2013Present", "employment_duration": "3 mos", "location": "Baltimore, Maryland, United States", "title": "Claims Solutions Manager"}, {"company_name": "Marriott International", "dates_employed": "Apr 2018\u2013Mar 2022", "employment_duration": "4 yrs", "location": "Washington D.C. Metro Area", "title": "Claims Unit Manager"}, {"company_name": "CorVel Corporation", "dates_employed": "Sep 2013\u2013Apr 2018", "employment_duration": "4 yrs 8 mos", "location": "Baltimore, Maryland Area", "title": "Workers Compensation Supervisor"}, {"company_name": "The Wedding Gym", "dates_employed": "Aug 2012\u2013Sep 2013", "employment_duration": "1 yr 2 mos", "location": "New York, NY", "title": "Director of Operations"}, {"company_name": "Royle Claims", "dates_employed": "Mar 2012\u2013Aug 2012", "employment_duration": "6 mos", "location": "Owings Mills, Maryland", "title": "Chief Executive Officer"}], "education": [{"institution": "University of Delaware", "degree_details": {"degree_name": "Bachelors of Science", "field_of_study": "Criminal Justice", "dates_attended_or_expected_graduation": "2007 \u2013 2009"}}, {"institution": "Embry-Riddle Aeronautical University", "degree_details": {"field_of_study": "Aerospace, Aeronautical and Astronautical Engineering", "dates_attended_or_expected_graduation": "2006 \u2013 2007", "degree_name": null}}], "employee_name": "LKPr1qmUUWdw5JqDpA==*ly0dW5odo/5LZ+SozH50mA==*VAjxHynj4kDLMuOOMrIV0w==*IjKF/HRK2vL6fO2qZRlqBQ=="}, {"experience": [{"company_name": "CLARA analytics", "dates_employed": "Jan 2018\u2013Present", "employment_duration": "4 yrs 5 mos", "location": "Santa Clara, California", "title": "Engineering Manager"}, {"company_name": "Indecomm Global Services", "dates_employed": "Jan 2016\u2013Jan 2018", "employment_duration": "2 yrs 1 mo", "location": "Santa Clara, California, United States", "title": "Programmer Analyst"}, {"company_name": "Indecomm Global Services", "dates_employed": "Feb 2012\u2013Jan 2016", "employment_duration": "4 yrs", "location": "Bengaluru Area, India", "title": "Technical Lead"}, {"company_name": "PeopleFluent", "dates_employed": "Apr 2010\u2013Jan 2012", "employment_duration": "1 yr 10 mos", "location": "Bengaluru Area, India", "title": "Software Engineer"}, {"company_name": "Misys Software Development Pvt. Ltd", "dates_employed": "Dec 2008\u2013Apr 2010", "employment_duration": "1 yr 5 mos", "location": "Bengaluru Area, India", "title": "Software Engineer"}], "education": [{"institution": "Anna University", "degree_details": {"degree_name": "B.E", "field_of_study": "Computer Science and Engineering", "dates_attended_or_expected_graduation": null}}], "employee_name": "Elz4i6R4ipRN/VSGD51e2aY=*5mGTnMlyOUrb4Z4q/R+1YA==*2kcriwkhOFvVUNlZFimCBw==*4KON27So6pXdMl4L4fAoqw=="}, {"experience": [{"company_name": "QBE Insurance", "dates_employed": "Jan 2022\u2013Present", "employment_duration": "5 mos", "location": "Texas, United States", "title": "Global Transformation Lead - Brilliant Basics Claims+ Program"}, {"company_name": "QBE Insurance", "dates_employed": "Mar 2018\u2013Present", "employment_duration": "4 yrs 3 mos", "location": "Dallas/Fort Worth Area", "title": "Data & Analytics Global Lead - Brilliant Basics Claims Program"}, {"company_name": "Hyperscience", "dates_employed": "Sep 2021\u2013Present", "employment_duration": "9 mos", "location": null, "title": "Client Advisory Board"}, {"company_name": "Massachusetts Institute of Technology", "dates_employed": "Feb 2019\u2013Present", "employment_duration": "3 yrs 4 mos", "location": null, "title": "MIT CISR Data Research Advisory Board"}, {"company_name": "Novarica", "dates_employed": "Jun 2020\u2013Present", "employment_duration": "2 yrs", "location": "North America", "title": "Research Council Member"}], "education": [{"institution": "Texas Tech University", "degree_details": {"degree_name": "Master of Business Administration - MBA", "field_of_study": "Business Administration and Management, General", "dates_attended_or_expected_graduation": "1987 \u2013 1989"}}, {"institution": "Texas Tech University - Rawls College of Business", "degree_details": {"degree_name": "Master of Business Administration (M.B.A.)", "field_of_study": "Marketing/Marketing Management", "dates_attended_or_expected_graduation": "1987 \u2013 1989"}}, {"institution": "Texas Tech University - Rawls College of Business", "degree_details": {"degree_name": "Bachelor of Business Administration (B.B.A.)", "field_of_study": "Marketing/Marketing Management, General", "dates_attended_or_expected_graduation": "1980 \u2013 1984"}}], "employee_name": "Anrr9/reyokmsQ==*4ahOGicQc/5KdRmSnuD2/A==*lkDocrULlUBS87/iDKzdtA==*j0/wMj46aIiSLxu/rninag=="}, {"experience": [{"company_name": "CLARA Analytics", "dates_employed": "Jan 2021\u2013Present", "employment_duration": "1 yr 5 mos", "location": "San Francisco Bay Area", "title": "Data Engineer"}, {"company_name": "CLARA Analytics", "dates_employed": "Jan 2020\u2013Dec 2020", "employment_duration": "12 mos", "location": "San Francisco Bay Area", "title": "Data Engineer Intern"}, {"company_name": "The University of Texas at Dallas", "dates_employed": "Sep 2019\u2013Dec 2019", "employment_duration": "4 mos", "location": null, "title": "Graduate Student Assistant"}, {"company_name": "Tata Consultancy Services", "dates_employed": "Aug 2016\u2013Dec 2018", "employment_duration": "2 yrs 5 mos", "location": "New Delhi Area, India", "title": "Data Analyst"}], "education": [{"institution": "The University of Texas at Dallas", "degree_details": {"degree_name": "Master of Science - MS", "field_of_study": "information technology and management", "dates_attended_or_expected_graduation": "2019 \u2013 2020"}}, {"institution": "IMS ENGINEERING COLLEGE, GHAZIABAD", "degree_details": {"degree_name": "Bachelor of Technology - BTech", "field_of_study": "Computer Science", "dates_attended_or_expected_graduation": "2012 \u2013 2016"}}], "employee_name": "sX6IVlAJQlIipEDH+tI=*ibl0Uit6oWXHdA72TyQBaw==*225qTdQ+JmUo0Bgh7JlBlg==*kbNVEaG0wq3shX0vvMgBjA=="}, {"experience": [{"company_name": "CLARA Analytics", "dates_employed": "Jan 2022\u2013Present", "employment_duration": "5 mos", "location": "Columbia, South Carolina Metropolitan Area", "title": "Vice President of Sales"}, {"company_name": "Duck Creek Technologies", "dates_employed": "Sep 2018\u2013Jan 2022", "employment_duration": "3 yrs 5 mos", "location": "Columbia, South Carolina Area", "title": "National Sales Director"}, {"company_name": "Duck Creek Technologies", "dates_employed": "Jan 2016\u2013Sep 2018", "employment_duration": "2 yrs 9 mos", "location": "Columbia, South Carolina Area", "title": "Client Account Manager"}, {"company_name": "Accenture", "dates_employed": "Jan 2016\u2013Aug 2016", "employment_duration": "8 mos", "location": "Columbia, South Carolina", "title": "Software Account Lead"}], "education": [{"institution": "Darla Moore School of Business", "degree_details": {"degree_name": "Bachelor\u2019s Degree", "field_of_study": "Management, Risk Management and Insurance", "dates_attended_or_expected_graduation": "2007 \u2013 2011"}}], "employee_name": "wZw3OhpDEMgPaV4=*xOyWgjUvLQ4Ex5sDzs1Mfw==*Jl8Vawrvl0WTVnlvlDuZkg==*XYNaUPUg9xLDb2eZyF5d/A=="}, {"experience": [{"company_name": "CLARA Analytics", "dates_employed": "Mar 2022\u2013Present", "employment_duration": "3 mos", "location": "Columbia, South Carolina Metropolitan Area", "title": "Sales Executive"}, {"company_name": "Duck Creek Technologies", "dates_employed": "2017\u2013Mar 2022", "employment_duration": "5 yrs", "location": "Columbia, South Carolina Area", "title": "Software Pre-Sales Manager"}, {"company_name": "Accenture", "dates_employed": "Dec 2015\u2013Mar 2022", "employment_duration": "6 yrs 4 mos", "location": "Columbia, South Carolina", "title": "Software Pre-Sales Manager"}, {"company_name": "DXC Technology", "dates_employed": "Feb 2014\u2013Nov 2015", "employment_duration": "1 yr 10 mos", "location": "Blythewood, South Carolina", "title": "Senior Professional - Insurance Pre-Sales"}, {"company_name": "DXC Technology", "dates_employed": "Jan 2010\u2013Jan 2014", "employment_duration": "4 yrs 1 mo", "location": "Blythewood, South Carolina", "title": "Senior Business Analyst"}], "education": [{"institution": "University of South Carolina", "degree_details": {"degree_name": "Bachelor of Science (B.S.)", "field_of_study": "Business Administration and Management", "dates_attended_or_expected_graduation": "2004 \u2013 2008"}}], "employee_name": "CpNtZIOjn779thI=*5kvwdIkSBzjUMweOpR46JA==*W7FNy2McU2RG2GbFtbHJgg==*ctDVyh4N4x/3m1cnN5F+bw=="}, {"experience": [{"company_name": "CLARA Analytics", "dates_employed": "Aug 2021\u2013Present", "employment_duration": "10 mos", "location": "San Francisco Bay Area", "title": "Senior Data Scientist"}, {"company_name": "CLARA Analytics", "dates_employed": "Mar 2020\u2013Aug 2021", "employment_duration": "1 yr 6 mos", "location": "San Francisco Bay Area", "title": "Data Scientist"}, {"company_name": "CLARA analytics", "dates_employed": "Mar 2019\u2013Feb 2020", "employment_duration": "1 yr", "location": "San Francisco Bay Area", "title": "Associate Data Scientist"}, {"company_name": "University of Southern California", "dates_employed": "Aug 2018\u2013Dec 2018", "employment_duration": "5 mos", "location": "Greater Los Angeles Area", "title": "Graduate Teaching Assistant"}, {"company_name": "University of Southern California", "dates_employed": "Aug 2017\u2013Aug 2018", "employment_duration": "1 yr 1 mo", "location": "Greater Los Angeles Area", "title": "Graduate Research Assistant"}], "education": [{"institution": "University of Southern California", "degree_details": {"degree_name": "Master's degree", "field_of_study": "Computer Science", "dates_attended_or_expected_graduation": "2017 \u2013 2018"}}, {"institution": "North Carolina State University", "degree_details": {"degree_name": "Master of Science - MS", "field_of_study": "Electrical and Computer Engineering", "dates_attended_or_expected_graduation": "2014 \u2013 2017"}}, {"institution": "Sharif University of Technology", "degree_details": {"degree_name": "Bachelor's degree", "field_of_study": "Electrical Engineering", "dates_attended_or_expected_graduation": "2009 \u2013 2014"}}], "employee_name": "BBI8xhwpKE8h1rKRsQ==*9+RRBeOyj47gn0dPfevgfQ==*MCbkBdfkBESviTb1vNptww==*oTubKdHEXCacSfZxxrQ7Vg=="}, {"experience": [{"company_name": "Aspen Capital Group", "dates_employed": "2019\u2013Present", "employment_duration": "3 yrs", "location": null, "title": "Partner"}, {"company_name": "Sureify", "dates_employed": "2021\u2013Present", "employment_duration": "1 yr", "location": "San Jose, California, United States", "title": "Board Observer"}, {"company_name": "Transcend", "dates_employed": "2021\u2013Present", "employment_duration": "1 yr", "location": "Princeton, New Jersey, United States", "title": "Board Observer"}, {"company_name": "Deposco", "dates_employed": "2021\u2013Present", "employment_duration": "1 yr", "location": "Alpharetta, Georgia, United States", "title": "Investor"}, {"company_name": "CLARA Analytics", "dates_employed": "2020\u2013Present", "employment_duration": "2 yrs", "location": "Santa Clara, California, United States", "title": "Board Observer"}], "education": [{"institution": "University of Michigan", "degree_details": {"degree_name": "Bachelor of Business Administration (BBA)", "field_of_study": "Accounting and Finance", "dates_attended_or_expected_graduation": null}}], "employee_name": "uT9zMeYpkh5FTg==*gzoP/E4iIeYP51t5v4lq7g==*HAP3TWIrdq726Xp7q2DM8w==*J9CRvZvE2P6gGHF2ODmw1Q=="}, {"experience": [{"company_name": "Zuma", "dates_employed": "Dec 2020\u2013Present", "employment_duration": "1 yr 6 mos", "location": "San Francisco Bay Area", "title": "Board"}, {"company_name": "Publish IQ", "dates_employed": "Nov 2019\u2013Present", "employment_duration": "2 yrs 7 mos", "location": "San Francisco Bay Area", "title": "Chairman"}, {"company_name": "FFE Connect", "dates_employed": "Oct 2018\u2013Present", "employment_duration": "3 yrs 8 mos", "location": "San Francisco Bay Area", "title": "Member Board Of Trustees"}, {"company_name": "CLARA Analytics", "dates_employed": "Sep 2016\u2013Present", "employment_duration": "5 yrs 9 mos", "location": "San Francisco Bay Area", "title": "Member Board Of Directors"}, {"company_name": "Calibrated Group", "dates_employed": "Nov 2003\u2013Present", "employment_duration": "18 yrs 7 mos", "location": null, "title": "Chairman & CEO"}], "education": [{"institution": "UCLA Anderson School of Management", "degree_details": {"degree_name": "MBA", "field_of_study": "Finance", "dates_attended_or_expected_graduation": "1986 \u2013 1988"}}, {"institution": "Indian Institute of Technology, Delhi", "degree_details": {"degree_name": "B. Tech", "field_of_study": "Engineering", "dates_attended_or_expected_graduation": "1977 \u2013 1982"}}, {"institution": "Lawrence School Sanawar", "degree_details": {"dates_attended_or_expected_graduation": null, "degree_name": null, "field_of_study": null}}], "employee_name": "dtPziUuyXs03461P*mLMtp0i+iQO3VoNidnrz2w==*NJaYsG75+/mAV7MOUEkrBw==*G6J89JFxnowttKoY3PHMkQ=="}, {"experience": [{"company_name": "Clearview Advisory Services", "dates_employed": "Jun 2018\u2013Present", "employment_duration": "4 yrs", "location": "@Washington, DC", "title": "President/Founder"}, {"company_name": "CLARA analytics", "dates_employed": "Nov 2019\u2013Present", "employment_duration": "2 yrs 7 mos", "location": "Santa Clara, California, United States", "title": "Advisory Board"}, {"company_name": "Montgomery County Fire and Rescue Service", "dates_employed": "Dec 2019\u2013Present", "employment_duration": "2 yrs 6 mos", "location": "Montgomery County, Maryland, United States", "title": "Firefighter/EMT"}, {"company_name": "Markel Corporation", "dates_employed": "Jun 2015\u2013Jun 2018", "employment_duration": "3 yrs 1 mo", "location": "Richmond, VA", "title": "Chief Operating Officer, Markel Claims"}, {"company_name": "Markel Corporation", "dates_employed": "Feb 2012\u2013Jun 2015", "employment_duration": "3 yrs 5 mos", "location": "Richmond, VA", "title": "Managing Director, Office of the President"}], "education": [{"institution": "University of Virginia Darden School of Business", "degree_details": {"degree_name": "MBA", "dates_attended_or_expected_graduation": "1994 \u2013 1996", "field_of_study": null}}, {"institution": "Boston College", "degree_details": {"degree_name": "BA", "field_of_study": "Mathematics, Computer Science", "dates_attended_or_expected_graduation": "1988 \u2013 1992"}}, {"institution": "Gonzaga College High School", "degree_details": {"degree_name": "HS", "dates_attended_or_expected_graduation": "1984 \u2013 1988", "field_of_study": null}}], "employee_name": "ihfIgo4FHtiNjLNZFcs=*SA6/zlL1ZG/LPpSnzGKXcA==*5KqjHcKysfOPkhr5fJoYxw==*PFO9qSTI5gTW2paNXfb2Yw=="}, {"experience": [{"company_name": "CLARA analytics", "dates_employed": "Jul 2019\u2013Present", "employment_duration": "2 yrs 11 mos", "location": "Greater New Orleans Area", "title": "Director of Regulatory Compliance"}, {"company_name": "Cobalt Compliance Partners, LLC", "dates_employed": "Jun 2017\u2013Present", "employment_duration": "5 yrs", "location": "Mandeville, La.", "title": "Operations Strategist"}, {"company_name": "MSA Administrators", "dates_employed": "Jun 2015\u2013Jun 2018", "employment_duration": "3 yrs 1 mo", "location": "New Orleans/St.Louis", "title": "Co-Managing Director - MSP Compliance Products"}, {"company_name": "Ez-MSA", "dates_employed": "Jan 2009\u2013May 2017", "employment_duration": "8 yrs 5 mos", "location": null, "title": "Co-Founder and V.P. of Operations"}, {"company_name": "NOLA Medical Management", "dates_employed": "Jul 2007\u2013Mar 2009", "employment_duration": "1 yr 9 mos", "location": null, "title": "MSA Allocator"}], "education": [{"institution": "Charity Hospital School of Nursing", "degree_details": {"dates_attended_or_expected_graduation": null, "degree_name": null, "field_of_study": null}}, {"institution": "CMSP Training", "degree_details": {"dates_attended_or_expected_graduation": null, "degree_name": null, "field_of_study": null}}, {"institution": "University of Florida/Medipro", "degree_details": {"field_of_study": "MSCC", "dates_attended_or_expected_graduation": null, "degree_name": null}}], "employee_name": "pyqqFgvEL0dWweRHJKOEoh3+Ul1EKR3UaWJi48vBnOzzP/o=*0Nj1OEKFeM2zDjC+g1YfiQ==*3Dq+gNE64+XDQsoMAcFUWA==*oov+PF9yMnRf1dY9T0PlfA=="}, {"experience": [{"company_name": "CLARA Analytics", "dates_employed": "Feb 2022\u2013Present", "employment_duration": "4 mos", "location": "Remote", "title": "Principal Data Architect"}, {"company_name": "Comcast", "dates_employed": "Jun 2016\u2013Feb 2022", "employment_duration": "5 yrs 9 mos", "location": "Pennsylvania, United States", "title": "Principal Engineer"}, {"company_name": "ColdLight, A PTC Business", "dates_employed": "Sep 2013\u2013Jun 2016", "employment_duration": "2 yrs 10 mos", "location": "king of prussia,pa", "title": "Technical Lead"}, {"company_name": "PointRoll", "dates_employed": "Jun 2012\u2013Sep 2013", "employment_duration": "1 yr 4 mos", "location": "King of prussia, PA", "title": "Database Developer"}, {"company_name": "Pacmid Technologies", "dates_employed": "Aug 2011\u2013Jun 2012", "employment_duration": "11 mos", "location": "Greater New York City Area", "title": "Database Developer/ Administrator"}], "education": [{"institution": "The University of Texas at Arlington", "degree_details": {"degree_name": "Masters", "field_of_study": "Computer Science", "dates_attended_or_expected_graduation": "2003 \u2013 2006"}}], "employee_name": "VxCikLf1Msq0Xj7t*hV0P+Z5vR1bbgzxe7W73dg==*xmzHwcQWPwiBKTRV7g3dgA==*UyskRwtMTpMC63Cy4teQxg=="}, {"experience": [{"company_name": "CLARA Analytics", "dates_employed": "Feb 2022\u2013Present", "employment_duration": "4 mos", "location": null, "title": "Account Executive"}, {"company_name": "owl.co", "dates_employed": "Aug 2021\u2013Feb 2022", "employment_duration": "7 mos", "location": null, "title": "Account Executive"}, {"company_name": "LexisNexis", "dates_employed": "Mar 2021\u2013Aug 2021", "employment_duration": "6 mos", "location": null, "title": "Corporate Legal Account Executive"}, {"company_name": "Heartland", "dates_employed": "Jun 2020\u2013Mar 2021", "employment_duration": "10 mos", "location": "Dayton, Ohio, United States", "title": "Senior Sales Account Executive"}, {"company_name": "Paycor", "dates_employed": "Nov 2019\u2013Apr 2020", "employment_duration": "6 mos", "location": "Cincinnati, Ohio, United States", "title": "Account Executive"}], "education": [{"institution": "Wright State University", "degree_details": {"degree_name": "Bachelor of Science (B.S.)", "field_of_study": "Organizational Leadership", "dates_attended_or_expected_graduation": null}}], "employee_name": "2UEBNgGyE/71wuflVQ==*h7mgVSHEkTU0+A62cs6pqA==*lkLwIZe3Gdcg+d4HBF7w5Q==*wExf20xCYnb31/jlifmBTg=="}, {"experience": [{"company_name": "Oak HC/FT", "dates_employed": "Mar 2015\u2013Present", "employment_duration": "7 yrs 3 mos", "location": "New York, NY", "title": "Partner"}, {"company_name": "ZenBusiness", "dates_employed": "Oct 2021\u2013Present", "employment_duration": "8 mos", "location": "Austin, Texas, United States", "title": "Board Member"}, {"company_name": "Justt", "dates_employed": "Aug 2021\u2013Present", "employment_duration": "10 mos", "location": "Tel Aviv, Israel", "title": "Board Member"}, {"company_name": "Highnote", "dates_employed": "Oct 2020\u2013Present", "employment_duration": "1 yr 8 mos", "location": "San Francisco Bay Area", "title": "Board Member"}, {"company_name": "Paxos", "dates_employed": "Apr 2021\u2013Present", "employment_duration": "1 yr 2 mos", "location": "New York, United States", "title": "Investor"}], "education": [{"institution": "The George Washington University", "degree_details": {"degree_name": "BBA, Finance; Summa Cum Laude", "dates_attended_or_expected_graduation": null, "field_of_study": null}}], "employee_name": "xuKftOmYnr0nSJfcfWam*Nd+H98Ekh92Q0fnsbENLwA==*D/X8nMBo1DIvVkdOoRuKHg==*FQwfHzjdV7ak5tOPlM0e2A=="}, {"experience": [{"company_name": "CLARA Analytics", "dates_employed": "Nov 2021\u2013Present", "employment_duration": "7 mos", "location": "Santa Clara, California, United States", "title": "Business Value Analyst"}, {"company_name": "Corporate Technologies", "dates_employed": "Aug 2020\u2013Nov 2021", "employment_duration": "1 yr 4 mos", "location": "Burlington, Massachusetts", "title": "Senior Data & Analytics Consultant"}, {"company_name": "John Hancock", "dates_employed": "May 2019\u2013Feb 2020", "employment_duration": "10 mos", "location": "Portsmouth, New Hampshire", "title": "Data Scientist"}, {"company_name": "Goji", "dates_employed": "Jan 2018\u2013Nov 2018", "employment_duration": "11 mos", "location": "Boston, Massachusetts", "title": "Data Scientist"}, {"company_name": "Liberty Mutual Insurance", "dates_employed": "Oct 2014\u2013Dec 2017", "employment_duration": "3 yrs 3 mos", "location": "Dover, New Hampshire", "title": "Data Analyst"}], "education": [{"institution": "University of Massachusetts Lowell", "degree_details": {"degree_name": "Master of Science", "field_of_study": "Mathematics: Probability and Statistics Concentration", "dates_attended_or_expected_graduation": "2015"}}, {"institution": "University of Massachusetts Lowell", "degree_details": {"degree_name": "Bachelor of Science", "field_of_study": "Mathematics: Applied Computational Concentration", "dates_attended_or_expected_graduation": "2012"}}, {"institution": "University of Massachusetts Lowell", "degree_details": {"degree_name": "Bachelor of Arts", "field_of_study": "Economics", "dates_attended_or_expected_graduation": "2012"}}], "employee_name": "yDiia3YRpk09mSbj9w==*SI9vToZz9+43TMGjw2uPPA==*pxNnDRZ0m7Jdt3gsKpDGFA==*/w2KMkYGofpA5aJKWnkcbQ=="}, {"experience": [{"company_name": "CLARA Analytics", "dates_employed": "Aug 2021\u2013Present", "employment_duration": "10 mos", "location": "Santa Clara, California, United States", "title": "Staff Research Scientist"}, {"company_name": "CLARA analytics", "dates_employed": "Feb 2020\u2013Aug 2021", "employment_duration": "1 yr 7 mos", "location": "Santa Clara, California", "title": "Senior Research Scientist"}, {"company_name": "CLARA analytics", "dates_employed": "Jan 2019\u2013Feb 2020", "employment_duration": "1 yr 2 mos", "location": "Santa Clara, California, USA", "title": "Research Scientist"}, {"company_name": "OPO Group", "dates_employed": "Oct 2018\u2013Jan 2019", "employment_duration": "4 mos", "location": "San Jose, California, United Sates of America", "title": "Front End Developer"}, {"company_name": "NTD Digital", "dates_employed": "May 2018\u2013Jan 2019", "employment_duration": "9 mos", "location": "Santa Clara, CA, USA", "title": "Data Scientist"}], "education": [{"institution": "Lancaster University", "degree_details": {"degree_name": "Doctor of Philosophy (Ph.D.)", "field_of_study": "Condensed Matter and Materials Physics", "dates_attended_or_expected_graduation": "2011 \u2013 2015"}}, {"institution": "Jilin University", "degree_details": {"degree_name": "Doctor of Philosophy (Ph.D.)", "field_of_study": "Theoretical and Mathematical Physics", "dates_attended_or_expected_graduation": "2000 \u2013 2010"}}], "employee_name": "uVx6A3zmcE3XzKaku7PuA5U=*PK/u1GG/9Kwi9RY1kcpqDw==*2c8CrDJ12PxTBKIslSUhZA==*DxI53i4+eCGRUlcEVyB7bw=="}, {"experience": [{"company_name": "CLARA Analytics", "dates_employed": "Jan 2022\u2013Present", "employment_duration": "5 mos", "location": null, "title": "Sales Development Representative"}, {"company_name": "Workplace from Facebook", "dates_employed": "Jun 2021\u2013Dec 2021", "employment_duration": "7 mos", "location": null, "title": "Enterprise Growth Team"}], "education": null, "employee_name": "sN5pJmQOpnPxUL0pLohP*kMXlZH5CgqRDqfDnh5990Q==*DbkXROSUSIbtvve0VNvOpw==*DJdQsC39urWFp2ulCGu9Og=="}, {"experience": [{"company_name": "CLARA Analytics", "dates_employed": "Feb 2021\u2013Present", "employment_duration": "1 yr 4 mos", "location": "Santa Clara County, California, United States", "title": "Senior Engineering Manager"}, {"company_name": "CLARA analytics", "dates_employed": "Jan 2019\u2013Feb 2021", "employment_duration": "2 yrs 2 mos", "location": "Santa Clara, California, United States", "title": "Engineering Manager"}, {"company_name": "CLARA analytics", "dates_employed": "Jun 2018\u2013Dec 2018", "employment_duration": "7 mos", "location": "Santa Clara, CA", "title": "Senior Lead Software Engineer"}, {"company_name": "Harman International", "dates_employed": "Oct 2011\u2013Jun 2018", "employment_duration": "6 yrs 9 mos", "location": "Mountain View, CA", "title": "Software Lead"}, {"company_name": "Satyam Computer Services Ltd", "dates_employed": "Jun 2004\u2013Oct 2011", "employment_duration": "7 yrs 5 mos", "location": null, "title": "Software Engineer"}], "education": null, "employee_name": "Js7/O2B59yJI*eSqgPfnTLX109RCoBmO6gQ==*KgeUoVzkVCD4okdgn/MYYQ==*MuETqKDmYslYo80jicTv6Q=="}, {"experience": [{"company_name": "CLARA analytics", "dates_employed": "Jun 2020\u2013Present", "employment_duration": "2 yrs", "location": null, "title": "MSA Analyst"}, {"company_name": "Synergy Settlement Services", "dates_employed": "Oct 2019\u2013Present", "employment_duration": "2 yrs 8 mos", "location": null, "title": "Medicare Set Aside Specialist"}, {"company_name": "MedLiable", "dates_employed": "Nov 2014\u2013Present", "employment_duration": "7 yrs 7 mos", "location": "Castle Rock Colorado", "title": "President/Owner MedLiable,LLC"}, {"company_name": "MedAllocators/Gould and lamb/ Examworks", "dates_employed": "Aug 2007\u2013Nov 2014", "employment_duration": "7 yrs 4 mos", "location": "castle Rock CO 80108", "title": "RN, LNCC, MSCC, CLCP"}, {"company_name": "Holy Rosary Catholic School", "dates_employed": "2003\u20132006", "employment_duration": "3 yrs", "location": "Houston, Texas Area", "title": "RN"}], "education": [{"institution": "Nicholls State University", "degree_details": {"field_of_study": "Nursing", "dates_attended_or_expected_graduation": "1989 \u2013 1992", "degree_name": null}}, {"institution": "San Jacinto College", "degree_details": {"degree_name": "Nursing", "dates_attended_or_expected_graduation": "1998 \u2013 1999", "field_of_study": null}}, {"institution": "Community College of Denver", "degree_details": {"field_of_study": "Legal Nurse consulting", "dates_attended_or_expected_graduation": "2010 \u2013 2010", "degree_name": null}}], "employee_name": "1IaTdmqygVMaDrbs3igQ+2Cq*EVMv5jXR3YIfaiu3YFbKdg==*+p9X2+nR/el51hjqgYdn/w==*1xBIuLUjRDu8tQ/X4S/fUQ=="}, {"experience": [{"company_name": "CLARA Analytics", "dates_employed": "Mar 2022\u2013Present", "employment_duration": "3 mos", "location": null, "title": "Customer Success Manager"}, {"company_name": "CCC Intelligent Solutions", "dates_employed": "Aug 2021\u2013Mar 2022", "employment_duration": "8 mos", "location": "Birmingham, Alabama, United States", "title": "Customer Success Manager"}, {"company_name": "Kemper", "dates_employed": "Jul 2020\u2013Sep 2021", "employment_duration": "1 yr 3 mos", "location": "Birmingham, Alabama, United States", "title": "Senior Claims Manager - Express"}, {"company_name": "Kemper", "dates_employed": "Mar 2020\u2013Jul 2020", "employment_duration": "5 mos", "location": "Dallas, Texas", "title": "Claims Product Manager"}, {"company_name": "Kemper", "dates_employed": "Jun 2018\u2013Mar 2020", "employment_duration": "1 yr 10 mos", "location": "Dallas, Texas", "title": "Casualty Claims Team Manager II"}], "education": [{"institution": "Olivet College", "degree_details": {"degree_name": "Master of Business Administration - MBA", "field_of_study": "Insurance", "dates_attended_or_expected_graduation": "2017 \u2013 2019"}}, {"institution": "Huston-Tillotson University", "degree_details": {"degree_name": "Bachelor's degree", "field_of_study": "Accounting and Business/Management", "dates_attended_or_expected_graduation": "2008 \u2013 2012"}}], "employee_name": "z88YcnsjPcnIWY5k6wSLoyapohU8a2y0Njwvcw==*Ovk90oRbGQzzxmglrlG3IA==*2iRAkP5KDz2WaRG/FlbjCg==*cKNs9dcbq5EGOcJuNl23eQ=="}, {"experience": [{"company_name": "CLARA analytics", "dates_employed": "Jun 2020\u2013Present", "employment_duration": "2 yrs", "location": "Santa Clara, California, United States", "title": "Head Of Analytics"}, {"company_name": "QuanticMind", "dates_employed": "Jul 2019\u2013Jun 2020", "employment_duration": "1 yr", "location": "San Francisco Bay Area", "title": "Head Of Analytics"}, {"company_name": "QuanticMind", "dates_employed": "Jul 2018\u2013Jul 2019", "employment_duration": "1 yr 1 mo", "location": "Redwood City, CA", "title": "Analytics Manager"}, {"company_name": "QuanticMind", "dates_employed": "Jan 2017\u2013Jul 2018", "employment_duration": "1 yr 7 mos", "location": "Redwood City, CA", "title": "Data Analyst"}, {"company_name": "Acumen, LLC", "dates_employed": "Aug 2014\u2013May 2016", "employment_duration": "1 yr 10 mos", "location": "Burlingame, CA", "title": "Senior Policy Lead"}], "education": [{"institution": "UC Santa Barbara", "degree_details": {"degree_name": "B.S.", "field_of_study": "Financial Mathematics and Statistics", "dates_attended_or_expected_graduation": "2005 \u2013 2009"}}, {"institution": "UC Santa Barbara", "degree_details": {"degree_name": "B.A.", "field_of_study": "Economics", "dates_attended_or_expected_graduation": "2005 \u2013 2009"}}], "employee_name": "+b2ieM52D/gqpTY8*ITl69I16utsECL9C3cXsdQ==*9jgRxqXsHzB+8l86uVmhEA==*axzw6kgJR4WiLRoxqeJy8A=="}]