[{"experience": [{"company_name": "DigitalGenius", "dates_employed": "Nov 2019\u2013Present", "employment_duration": "2 yrs 7 mos", "location": null, "title": "CEO"}, {"company_name": "DigitalGenius", "dates_employed": "May 2013\u2013Nov 2019", "employment_duration": "6 yrs 7 mos", "location": "London, United Kingdom", "title": "CTO"}, {"company_name": "London Brand Management Ltd.", "dates_employed": "Jul 2012\u2013May 2013", "employment_duration": "11 mos", "location": null, "title": "Head of Product Development"}, {"company_name": "MathsNaked", "dates_employed": "Jul 2011\u2013Mar 2013", "employment_duration": "1 yr 9 mos", "location": "London", "title": "Founder & CEO"}, {"company_name": "UKSTUDYHELP", "dates_employed": "Nov 2008\u2013Mar 2013", "employment_duration": "4 yrs 5 mos", "location": "Oxford, United Kingdom", "title": "Founder & CEO"}], "education": [{"institution": "University of Oxford", "degree_details": {"degree_name": "Master\u2019s Degree", "field_of_study": "Software Engineering", "dates_attended_or_expected_graduation": null}}, {"institution": "Cass Business School", "degree_details": {"degree_name": "Bachelor\u2019s Degree", "field_of_study": "Finance", "dates_attended_or_expected_graduation": null}}, {"institution": "Winchester College", "degree_details": {"degree_name": "Cambridgde Pre-U", "dates_attended_or_expected_graduation": null, "field_of_study": null}}], "employee_name": "1Qi/yrtKVcz8Z4lwqA==*dB+Iow1V1XqC4mL1v7VkaA==*4mjOo2GV2N55Pr2QZT0g5w==*X8Lih3SgG36WDef7ofJSSA=="}, {"experience": [{"company_name": "DigitalGenius", "dates_employed": "Apr 2022\u2013Present", "employment_duration": "2 mos", "location": null, "title": "Sales Development Representative"}, {"company_name": "Inda Pubs Ltd", "dates_employed": "Feb 2019\u2013Apr 2022", "employment_duration": "3 yrs 3 mos", "location": null, "title": "Bartender"}, {"company_name": "INE dental practice", "dates_employed": "Sep 2020\u2013Sep 2020", "employment_duration": "1 mo", "location": "New malden, London, England", "title": "Dental Receptionist"}, {"company_name": "NHS", "dates_employed": "Apr 2018\u2013May 2018", "employment_duration": "2 mos", "location": "Tooting, England, United Kingdom", "title": "Healthcare Assistant"}], "education": [{"institution": "St George's, University of London (for students and alumni)", "degree_details": {"degree_name": "Bachelor's degree", "field_of_study": "Biomedical Sciences, Cell and Molecular Biology", "dates_attended_or_expected_graduation": "2017 \u2013 2021"}}, {"institution": "King's College School Wimbledon", "degree_details": {"dates_attended_or_expected_graduation": null, "degree_name": null, "field_of_study": null}}], "employee_name": "xsF48kEAieM=*KphCjDNK8H4mPivk1MrhOQ==*n0mAr8QrjbGMypo1MeMmeA==*EnKgqvGS6tjbJH7/pAmr8w=="}, {"experience": [{"company_name": "DigitalGenius", "dates_employed": "Dec 2021\u2013Present", "employment_duration": "6 mos", "location": "London, England, United Kingdom", "title": "Head of Customer Operations"}, {"company_name": "Mobius Labs", "dates_employed": "Sep 2021\u2013Dec 2021", "employment_duration": "4 mos", "location": null, "title": "Customer Success Lead"}, {"company_name": "Trintech", "dates_employed": "Jan 2019\u2013Sep 2021", "employment_duration": "2 yrs 9 mos", "location": null, "title": "Manager, Customer Success, Europe"}, {"company_name": "DigitalGenius", "dates_employed": "Dec 2017\u2013Nov 2018", "employment_duration": "1 yr", "location": null, "title": "Senior Customer Success Manager"}, {"company_name": "DigitalGenius", "dates_employed": "Apr 2017\u2013Dec 2017", "employment_duration": "9 mos", "location": null, "title": "Customer Success Manager"}], "education": [{"institution": "University of Birmingham", "degree_details": {"degree_name": "Bachelor of Arts (B.A.)", "field_of_study": "Philosophy", "dates_attended_or_expected_graduation": "2011 \u2013 2014"}}], "employee_name": "MOCIo3HjN/6OpEw=*XQ3GOz6uqbXAmmCHphvT5w==*n4C8abgklu1ZKrHZwyF4iA==*62mPWPe7ygtoPvN0ysPyOA=="}, {"experience": [{"company_name": "Runa Capital", "dates_employed": "2019\u2013Present", "employment_duration": "3 yrs", "location": null, "title": "Principal"}, {"company_name": "Cube RM", "dates_employed": "Oct 2021\u2013Present", "employment_duration": "8 mos", "location": "Zurich, Switzerland", "title": "Board Observer"}, {"company_name": "Forest Admin", "dates_employed": "Nov 2019\u2013Present", "employment_duration": "2 yrs 7 mos", "location": "Paris Area, France", "title": "Board Observer"}, {"company_name": "DigitalGenius", "dates_employed": "Nov 2017\u2013Present", "employment_duration": "4 yrs 7 mos", "location": "London, United Kingdom", "title": "Board Observer"}, {"company_name": "SimpliField", "dates_employed": "Apr 2017\u2013Present", "employment_duration": "5 yrs 2 mos", "location": "Paris, France", "title": "Board Observer"}], "education": [{"institution": "Moscow Institute of Physics and Technology (State University) (MIPT)", "degree_details": {"degree_name": "Master of Science (MS)", "field_of_study": "Innovation Management", "dates_attended_or_expected_graduation": "2012 \u2013 2014"}}, {"institution": "Moscow Institute of Physics and Technology (State University) (MIPT)", "degree_details": {"degree_name": "Bachelor of Science (BS)", "field_of_study": "Applied Mathematics and Physics", "dates_attended_or_expected_graduation": "2008 \u2013 2012"}}], "employee_name": "yA3VrH5bS6G5mH0VhBN9CmvJBwsB*bdSGXQ2X3iuaZfVR299W3w==*vfq9q7RdekIKgqoec6B2EA==*VvY9T7LBa6ZBR2wqeO+yOQ=="}, {"experience": [{"company_name": "DigitalGenius", "dates_employed": "Mar 2016\u2013Present", "employment_duration": "6 yrs 3 mos", "location": "London, United Kingdom", "title": "Global VP Sales & Partnerships"}, {"company_name": "Pavilion", "dates_employed": "Dec 2020\u2013Present", "employment_duration": "1 yr 6 mos", "location": "London, England, United Kingdom", "title": "Member"}, {"company_name": "Voiamo", "dates_employed": "Oct 2013\u2013Feb 2016", "employment_duration": "2 yrs 5 mos", "location": "London, United Kingdom", "title": "Head of European Business Development"}, {"company_name": "Voiamo Group", "dates_employed": "Aug 2012\u2013Sep 2013", "employment_duration": "1 yr 2 mos", "location": null, "title": "Head of Corporate Sales"}, {"company_name": "Nomura", "dates_employed": "Oct 2010\u2013Dec 2011", "employment_duration": "1 yr 3 mos", "location": "London", "title": "Fixed Income Sales Senior Analyst"}], "education": [{"institution": "Cass Business School", "degree_details": {"degree_name": "MSC", "field_of_study": "Investment Management", "dates_attended_or_expected_graduation": "2009 \u2013 2010"}}, {"institution": "University of Nottingham", "degree_details": {"degree_name": "BA (Honours)", "field_of_study": "Finance, Accounting and Management", "dates_attended_or_expected_graduation": "2006 \u2013 2009"}}, {"institution": "highgate", "degree_details": {"dates_attended_or_expected_graduation": null, "degree_name": null, "field_of_study": null}}], "employee_name": "M+oc3wjoojzErDMnC4VNlf9kRQ==*XXi0Yqfyn0vD54d6VdFkkA==*YplOxEX/E+MA5tkXCR5nPg==*DAup1KziUzYXNEF7SaqOPQ=="}, {"experience": [{"company_name": "DigitalGenius", "dates_employed": "Feb 2022\u2013Present", "employment_duration": "4 mos", "location": null, "title": "Business Development"}, {"company_name": "Bezos.ai", "dates_employed": "Aug 2021\u2013Feb 2022", "employment_duration": "7 mos", "location": null, "title": "Business Development Representative"}, {"company_name": "Reward360 Global Services Pvt Ltd.", "dates_employed": "Sep 2019\u2013Jun 2021", "employment_duration": "1 yr 10 mos", "location": "Bengaluru Area, India", "title": "Business Development Representative"}, {"company_name": "Pay'N'Park", "dates_employed": "May 2018\u2013Aug 2019", "employment_duration": "1 yr 4 mos", "location": "Greater Los Angeles Area", "title": "Marketing Executive"}, {"company_name": "MOFILM", "dates_employed": "May 2015\u2013Sep 2015", "employment_duration": "5 mos", "location": "Bengaluru Area, India", "title": "Business Development Intern"}], "education": [{"institution": "University of Southern California", "degree_details": {"degree_name": "Bachelor's degree", "field_of_study": "Economics", "dates_attended_or_expected_graduation": "2014 \u2013 2018"}}, {"institution": "University of Westminster", "degree_details": {"degree_name": "Masters of Science", "field_of_study": "Entrepreneurship, Innovation and Enterprise Development", "dates_attended_or_expected_graduation": "2020 \u2013 2021"}}, {"institution": "Mallya Aditi International School", "degree_details": {"degree_name": "ICSE ( 9th, 10th grade ) A levels ( 11th, 12th grade)", "dates_attended_or_expected_graduation": "2001 \u2013 2014", "field_of_study": null}}], "employee_name": "ufSpJggoHq2O*d3kCXRmZ8OBNo9im1KCh3A==*7lJMg5ImwafV3kzy42G8sw==*JKbQl4VhJ4cvD9mJObfV8Q=="}, {"experience": [{"company_name": "DigitalGenius", "dates_employed": "Apr 2022\u2013Present", "employment_duration": "2 mos", "location": null, "title": "Business Development"}, {"company_name": "Kluster", "dates_employed": "Jan 2022\u2013Apr 2022", "employment_duration": "4 mos", "location": null, "title": "Interviewing Revenue Leaders"}, {"company_name": "Post Office Ltd", "dates_employed": "Sep 2021\u2013Nov 2021", "employment_duration": "3 mos", "location": null, "title": "Junior Organisational Design Analyst"}], "education": [{"institution": "Bangor University", "degree_details": {"degree_name": "Bachelor's degree", "field_of_study": "Psychology", "dates_attended_or_expected_graduation": "2018 \u2013 2021"}}, {"institution": "Bangor University", "degree_details": {"degree_name": "Bachelor of Science - BSc", "field_of_study": "Psychology", "dates_attended_or_expected_graduation": "2018 \u2013 2021"}}], "employee_name": "Ynd/s49po2/tDfJy9UCpNTzXAMPvHQ==*ssMyJRtvf0YZiNFNaDX1jA==*xskj+BT6rqP9cAJ5lugZNA==*/AeLaFgKiUEYTyGM/RBapA=="}, {"experience": [{"company_name": "DigitalGenius", "dates_employed": "Nov 2021\u2013Present", "employment_duration": "7 mos", "location": "London, England, United Kingdom", "title": "Global VP, Customer Success & Service Delivery"}, {"company_name": "DigitalGenius", "dates_employed": "Nov 2019\u2013Oct 2021", "employment_duration": "2 yrs", "location": "London, United Kingdom", "title": "VP of Customer Success"}, {"company_name": "DigitalGenius", "dates_employed": "Apr 2019\u2013Oct 2019", "employment_duration": "7 mos", "location": "San Francisco Bay Area", "title": "Principal CSM"}, {"company_name": "DigitalGenius", "dates_employed": "May 2018\u2013Apr 2019", "employment_duration": "1 yr", "location": "San Francisco Bay Area", "title": "Sr. CSM, North America Lead"}, {"company_name": "DigitalGenius", "dates_employed": "Jun 2017\u2013May 2018", "employment_duration": "1 yr", "location": "San Francisco Bay Area", "title": "Customer Succcess Manager"}], "education": [{"institution": "UC Irvine", "degree_details": {"degree_name": "B.A.", "field_of_study": "International Studies", "dates_attended_or_expected_graduation": null}}, {"institution": "University of California, Berkeley", "degree_details": {"field_of_study": "Project Management Certificate Program", "dates_attended_or_expected_graduation": null, "degree_name": null}}, {"institution": "Lynbrook High School", "degree_details": {"dates_attended_or_expected_graduation": null, "degree_name": null, "field_of_study": null}}], "employee_name": "/qix14UtE08bGQY9*Mmo/e5CuUi03uFkAaaKAOw==*xcY4mTtitlM1mVIJ49SywQ==*4rGO94CZLdPqrxozaa3q5w=="}, {"experience": [{"company_name": "DigitalGenius", "dates_employed": "Nov 2021\u2013Present", "employment_duration": "7 mos", "location": "London, England, United Kingdom", "title": "Customer Success Manager"}, {"company_name": "Freelance Interpreter", "dates_employed": "Jan 2012\u2013Present", "employment_duration": "10 yrs 5 mos", "location": "London, Regno Unito", "title": "Freelance Interpreter and translator"}, {"company_name": "Global Lingo", "dates_employed": "Jan 2019\u2013Nov 2021", "employment_duration": "2 yrs 11 mos", "location": "London, United Kingdom", "title": "EMEA Account Manager"}, {"company_name": "Language Connect", "dates_employed": "Apr 2017\u2013Dec 2018", "employment_duration": "1 yr 9 mos", "location": "London, United Kingdom", "title": "Operations Manager - Interpreting"}, {"company_name": "Language Connect", "dates_employed": "May 2016\u2013May 2017", "employment_duration": "1 yr 1 mo", "location": "London, United Kingdom", "title": "Interpreting Manager"}], "education": [{"institution": "Universit\u00e0 degli Studi di Trieste", "degree_details": {"degree_name": "Community interpreting and technical translation. English, Spanish, French", "field_of_study": "Advanced School of Modern Languages for Interpreters and Translators (SSLMIT)", "dates_attended_or_expected_graduation": "2009 \u2013 2011"}}, {"institution": "Universit\u00e0 degli Studi di Trieste", "degree_details": {"degree_name": "Applied Interlinguistic Communication", "field_of_study": "Advanced School of Modern Languages for Interpreters and Translators (SSLMIT)", "dates_attended_or_expected_graduation": "2006 \u2013 2010"}}, {"institution": "University of Hull", "degree_details": {"degree_name": "Bachelor's degree", "field_of_study": "Language Interpretation and Translation", "dates_attended_or_expected_graduation": "2007 \u2013 2008"}}], "employee_name": "rPsys3fTI/TwmoUAHhk=*HXT5yAzAMiD0QaIF9+a2QQ==*8XMlMGsCckhmr6IC4y1hbQ==*DjoaF21B6YCYe4G3nnDnlQ=="}, {"experience": [{"company_name": "DigitalGenius", "dates_employed": "Jan 2022\u2013Present", "employment_duration": "5 mos", "location": "London, England, United Kingdom", "title": "Account Executive"}, {"company_name": "JamJar Investments", "dates_employed": "Dec 2021\u2013Present", "employment_duration": "6 mos", "location": null, "title": "Limited Partner"}, {"company_name": "DigitalGenius", "dates_employed": "Oct 2020\u2013Jan 2022", "employment_duration": "1 yr 4 mos", "location": "London, England Metropolitan Area", "title": "Business Development Manager"}, {"company_name": "UCL School of Management", "dates_employed": "Sep 2019\u2013Oct 2020", "employment_duration": "1 yr 2 mos", "location": "London, England, United Kingdom", "title": "MSc Entrepreneurship (Formerly Technology Entrepreneurship) - Distinction"}, {"company_name": "WillYouClick Dating App", "dates_employed": "Apr 2019\u2013Jun 2020", "employment_duration": "1 yr 3 mos", "location": "London, United Kingdom", "title": "Co-Founder"}], "education": [{"institution": "UCL School of Management", "degree_details": {"degree_name": "Master of Science - MS", "field_of_study": "Entrepreneurship", "dates_attended_or_expected_graduation": "2019 \u2013 2020"}}, {"institution": "UCL", "degree_details": {"degree_name": "BSc Information Management for Business", "field_of_study": "Computer/Information Technology Administration and Management", "dates_attended_or_expected_graduation": "2014 \u2013 2017"}}, {"institution": "Bromsgrove School", "degree_details": {"field_of_study": "Economics, Geography, Politics", "dates_attended_or_expected_graduation": "2001 \u2013 2013", "degree_name": null}}], "employee_name": "NmyR48CDo2hdfDniizM=*xQky9rHzj0FK0SHafDEmCg==*7bDzsSMd3SPlTNoGCVSBHQ==*+gj1F2HotoxwDfdcdtVJig=="}, {"experience": [{"company_name": "DigitalGenius", "dates_employed": "Mar 2021\u2013Present", "employment_duration": "1 yr 3 mos", "location": "Atlanta, GA, United States", "title": "Strategic Customer Success Manager - North America Lead"}, {"company_name": "Clearwave Corporation", "dates_employed": "Sep 2020\u2013Mar 2021", "employment_duration": "7 mos", "location": "Atlanta, Georgia, United States", "title": "Implementation Consultant"}, {"company_name": "Deputy", "dates_employed": "Oct 2019\u2013Jun 2020", "employment_duration": "9 mos", "location": "Atlanta, GA, United States", "title": "Enterprise Account Manager"}, {"company_name": "Patientco", "dates_employed": "Oct 2018\u2013Oct 2019", "employment_duration": "1 yr 1 mo", "location": "Atlanta, Georgia", "title": "Customer Success Manager"}, {"company_name": "Clockwise.MD by DocuTAP", "dates_employed": "Jun 2018\u2013Oct 2018", "employment_duration": "5 mos", "location": "Greater Atlanta Area", "title": "Customer Success Manager"}], "education": [{"institution": "Georgia State University, College of Arts and Sciences", "degree_details": {"degree_name": "Bachelor of Science", "field_of_study": "Major in Journalism with a concentration in Public Relations and a Minor in Hospitality", "dates_attended_or_expected_graduation": "2008 \u2013 2012"}}], "employee_name": "W3DsdVdCSwX6GdYGcQsRdw==*dABMK/XgaYpx52UHSfXW3A==*EwjGu7SJ39178INZXMbNyQ==*aIAflBnSFHwfN7Ixowv0kg=="}, {"experience": [{"company_name": "DigitalGenius", "dates_employed": "Mar 2022\u2013Present", "employment_duration": "3 mos", "location": "Remote", "title": "Solutions Engineer"}, {"company_name": "IBM", "dates_employed": "Mar 2021\u2013Mar 2022", "employment_duration": "1 yr 1 mo", "location": "Montreal, Quebec, Canada", "title": "Business Transformation Consultant"}, {"company_name": "Tangible AI", "dates_employed": "Oct 2021\u2013Feb 2022", "employment_duration": "5 mos", "location": "California, United States", "title": "Product Manager"}, {"company_name": "BundleEats", "dates_employed": "Mar 2021\u2013Jan 2022", "employment_duration": "11 mos", "location": null, "title": "Founder, CEO"}, {"company_name": "SSENSE", "dates_employed": "Sep 2020\u2013Mar 2021", "employment_duration": "7 mos", "location": "Montreal, Quebec, Canada", "title": "Business Technology Analyst"}], "education": [{"institution": "McGill University", "degree_details": {"degree_name": "Bachelor of Arts and Science", "field_of_study": "Honours Cognitive Science", "dates_attended_or_expected_graduation": "2017 \u2013 2020"}}, {"institution": "McGill University", "degree_details": {"degree_name": "Minor", "field_of_study": "Computer Science", "dates_attended_or_expected_graduation": "2017 \u2013 2020"}}, {"institution": "WeCloudData", "degree_details": {"field_of_study": "Data Analytics Bootcamp", "dates_attended_or_expected_graduation": "2020 \u2013 2020", "degree_name": null}}], "employee_name": "+kC/vcavA63W*1aXTXkKwy4O+d9DmQfC6/w==*uXNm3SnSFdTsNFdliIpPew==*u/S8ar/TrYRzMgEdNrsnNQ=="}, {"experience": [{"company_name": "DigitalGenius", "dates_employed": "Aug 2020\u2013Present", "employment_duration": "1 yr 10 mos", "location": null, "title": "Solutions Engineer"}, {"company_name": "DigitalGenius", "dates_employed": "Nov 2018\u2013Dec 2018", "employment_duration": "2 mos", "location": "London, United Kingdom", "title": "Solutions Engineer (part-time, remotely)"}, {"company_name": "DigitalGenius", "dates_employed": "Jul 2018\u2013Sep 2018", "employment_duration": "3 mos", "location": "London, United Kingdom", "title": "Engineering Intern"}], "education": [{"institution": "Technical University of Cluj Napoca", "degree_details": {"degree_name": "Bachelor's Degree", "field_of_study": "Computer Science", "dates_attended_or_expected_graduation": "2016 \u2013 2020"}}, {"institution": "Gymnasium \u21165 \u0421hernivtsi", "degree_details": {"dates_attended_or_expected_graduation": "2012 \u2013 2016", "degree_name": null, "field_of_study": null}}], "employee_name": "0N68F7CLpdWiNUpnrw==*ire+WCcbUq4+pLtF+UaECg==*2IRFEOtO9TapEaVJvfT4NQ==*IvK7zu/dCvz10vW94kAASw=="}, {"experience": [{"company_name": "DigitalGenius", "dates_employed": "Oct 2018\u2013Present", "employment_duration": "3 yrs 8 mos", "location": "London, Royaume-Uni", "title": "Machine Learning Engineer"}, {"company_name": "Onogone", "dates_employed": "Mar 2018\u2013Oct 2018", "employment_duration": "8 mos", "location": "R\u00e9gion de Paris, France", "title": "NLP Data Scientist"}, {"company_name": "ERCOM", "dates_employed": "Jul 2017\u2013Jan 2018", "employment_duration": "7 mos", "location": "Paris Area, France", "title": "Deep Learning Engineer"}, {"company_name": "Le Point", "dates_employed": "Nov 2016\u2013Jun 2017", "employment_duration": "8 mos", "location": "R\u00e9gion de Paris, France", "title": "Data Scientist"}, {"company_name": "SAP", "dates_employed": "Oct 2015\u2013Oct 2016", "employment_duration": "1 yr 1 mo", "location": "Levallois-Perret", "title": "Apprenticeship, Data Scientist"}], "education": [{"institution": "T\u00e9l\u00e9com Paris", "degree_details": {"degree_name": "Post Master's Degree", "field_of_study": "Big Data", "dates_attended_or_expected_graduation": "2016 \u2013 2017"}}, {"institution": "Institut national des Sciences appliqu\u00e9es de Rouen", "degree_details": {"degree_name": "Dipl\u00f4me d'ing\u00e9nieur", "field_of_study": "Applied Mathematics", "dates_attended_or_expected_graduation": "2010 \u2013 2016"}}, {"institution": "Lyc\u00e9e Gustave Flaubert", "degree_details": {"dates_attended_or_expected_graduation": null, "degree_name": null, "field_of_study": null}}], "employee_name": "okStqSNYgRAnZmlo6Lo=*nuzX6rG1q7lDIJMuytVz4g==*dWtVZN7ZNPnUtfUG9PZ4kA==*YNcEIuhdZgx+UeXowU8HfQ=="}, {"experience": [{"company_name": "DigitalGenius", "dates_employed": "Dec 2019\u2013Present", "employment_duration": "2 yrs 6 mos", "location": "London, United Kingdom", "title": "Customer Success Manager"}, {"company_name": "IBM", "dates_employed": "Jan 2019\u2013Dec 2019", "employment_duration": "12 mos", "location": "London, United Kingdom", "title": "Data Science and AI Account Executive - Industrial Sector"}, {"company_name": "Loughborough University", "dates_employed": "Oct 2012\u2013Dec 2019", "employment_duration": "7 yrs 3 mos", "location": null, "title": "Program Representative"}, {"company_name": "IBM", "dates_employed": "Jul 2018\u2013Jan 2019", "employment_duration": "7 mos", "location": "London, United Kingdom", "title": "IBM Watson AI lead for Distribution for UKI"}, {"company_name": "IBM", "dates_employed": "Aug 2016\u2013Jul 2018", "employment_duration": "2 yrs", "location": "London, United Kingdom", "title": "IBM Watson Business Developement"}], "education": [{"institution": "Loughborough University", "degree_details": {"degree_name": "Bachelor of Science (B.Sc.)", "field_of_study": "Information Management and Business", "dates_attended_or_expected_graduation": "2012 \u2013 2016"}}, {"institution": "Walton High Sixth Form", "degree_details": {"degree_name": "High School", "field_of_study": "Business, Economics and Psychology", "dates_attended_or_expected_graduation": "2010 \u2013 2012"}}], "employee_name": "RYk54UMc7EbLo5WEXrLx*vJNubOEEFIcWMg0z2iWP7w==*+ireTTv8ZAHOpaMB9qb/Ag==*g9St8xSxzkcxRKTXp1vzkg=="}, {"experience": [{"company_name": "DigitalGenius", "dates_employed": "May 2014\u2013Present", "employment_duration": "8 yrs 1 mo", "location": "London, United Kingdom", "title": "Senior Product Designer (UX/UI)"}, {"company_name": "Awake!", "dates_employed": "Oct 2011\u2013Sep 2012", "employment_duration": "1 yr", "location": "London, United Kingdom", "title": "Creative Designer"}, {"company_name": "The Tailor of Shoreditch", "dates_employed": "2011\u20132011", "employment_duration": "less than a year", "location": null, "title": "Intern"}], "education": [{"institution": "General Assembly", "degree_details": {"field_of_study": "User Experience Design", "dates_attended_or_expected_graduation": null, "degree_name": null}}, {"institution": "Ravensbourne University London", "degree_details": {"degree_name": "BA(hons)", "field_of_study": "Motion Graphics", "dates_attended_or_expected_graduation": null}}, {"institution": "Ravensbourne University London", "degree_details": {"degree_name": "Foundation Course in Art & Design", "field_of_study": "Graphic Design", "dates_attended_or_expected_graduation": null}}], "employee_name": "+9fwyZ72NcVA2/KB5Wg=*9JPGxT0A9Cf8dLCxHR+M/g==*gtF7YkOK4UX2PmM3mXfMvw==*1J6+vSANzKJeAa4SxBgJlw=="}, {"experience": [{"company_name": "DigitalGenius", "dates_employed": "Jul 2017\u2013Present", "employment_duration": "4 yrs 11 mos", "location": null, "title": "Machine Learning Engineer"}, {"company_name": "Roundtable News", "dates_employed": "Jan 2015\u2013Aug 2018", "employment_duration": "3 yrs 8 mos", "location": "London, United Kingdom", "title": "Co-Founder"}, {"company_name": "City, University of London", "dates_employed": "Jan 2016\u2013Oct 2017", "employment_duration": "1 yr 10 mos", "location": "London, United Kingdom", "title": "Research Engineer"}, {"company_name": "Euro Games Technology Ltd.", "dates_employed": "Aug 2014\u2013Sep 2015", "employment_duration": "1 yr 2 mos", "location": null, "title": "Software Engineer Intern"}], "education": [{"institution": "City, University of London", "degree_details": {"degree_name": "Doctor of Philosophy - PhD", "field_of_study": "Machine Learning & Cyber Security", "dates_attended_or_expected_graduation": "2027"}}, {"institution": "City, University of London", "degree_details": {"degree_name": "Bachelor\u2019s Degree", "field_of_study": "Computer Science", "dates_attended_or_expected_graduation": null}}], "employee_name": "8qbBCvGQaosIAM5ENQ==*/CzQt3GKMKASIco2p3LEJQ==*iArN+iLZ9KZ8WbKc5GqS9Q==*C2ZupDNvZlotrHxJNy35YQ=="}, {"experience": [{"company_name": "DigitalGenius", "dates_employed": "Mar 2022\u2013Present", "employment_duration": "3 mos", "location": null, "title": "Solutions Engineer"}, {"company_name": "Holisun", "dates_employed": "Feb 2020\u2013Feb 2022", "employment_duration": "2 yrs 1 mo", "location": "Baia Mare, Maramure\u015f, Rom\u00e2nia", "title": "Software Programmer"}], "education": [{"institution": "Technical University of Cluj Napoca", "degree_details": {"degree_name": "-", "field_of_study": "Inginerie, Calculatoare", "dates_attended_or_expected_graduation": "2016 \u2013 2020"}}], "employee_name": "EJf7FiNQvwaxMtb2TRU=*Tqi6YhliyHpI2KqItNeC8A==*du+ysAOmgMEVCAk6ThvEMg==*DqH+GAfDU/YkhxdorgYmDg=="}, {"experience": [{"company_name": "DigitalGenius", "dates_employed": "Apr 2021\u2013Present", "employment_duration": "1 yr 2 mos", "location": "London, England, United Kingdom", "title": "Solutions Engineer"}, {"company_name": "Programming Pool", "dates_employed": "Oct 2019\u2013Apr 2021", "employment_duration": "1 yr 7 mos", "location": "Baia Mare, Maramure\u015f, Romania", "title": ".NET Developer"}, {"company_name": "Programming Pool", "dates_employed": "Jul 2019\u2013Sep 2019", "employment_duration": "3 mos", "location": "Baia Mare, Maramure\u015f, Romania", "title": "Junior .Net Developer"}, {"company_name": "Universal Alloy Corporation Europe Dumbravita", "dates_employed": "Jul 2018\u2013Sep 2018", "employment_duration": "3 mos", "location": "Romania", "title": "Junior .Net Developer"}], "education": [{"institution": "Technical University of Cluj Napoca", "degree_details": {"degree_name": "Master of Engineering - MEng", "field_of_study": "Innovation and Technology Development Management", "dates_attended_or_expected_graduation": "2020 \u2013 2022"}}, {"institution": "Technical University of Cluj Napoca", "degree_details": {"degree_name": "Bachelor of Engineering - BE", "field_of_study": "Computer Science", "dates_attended_or_expected_graduation": "2016 \u2013 2020"}}, {"institution": "Cisco Networking Academy", "degree_details": {"field_of_study": "Introduction to Networks CCNA R&S", "dates_attended_or_expected_graduation": "2018 \u2013 2019", "degree_name": null}}], "employee_name": "rGlK2YN42kEmTgH4vVUyTw==*ostN6xZ6DhvtMI4vpDLqLA==*Ct3gjurkIdu9EvROULtZJA==*Vj6h+7fFM4o6souUmLXtBw=="}, {"experience": [{"company_name": "DigitalGenius", "dates_employed": "Feb 2018\u2013Present", "employment_duration": "4 yrs 4 mos", "location": "London, United Kingdom", "title": "Senior Backend Engineer"}, {"company_name": "Eloquentix", "dates_employed": "Jul 2015\u2013Feb 2018", "employment_duration": "2 yrs 8 mos", "location": "Remote", "title": "Software Engineering Consultant"}, {"company_name": "Endava", "dates_employed": "Nov 2014\u2013Jul 2015", "employment_duration": "9 mos", "location": "Bucharest, Romania", "title": "Senior Software Developer"}, {"company_name": "Thales", "dates_employed": "Jan 2013\u2013Oct 2014", "employment_duration": "1 yr 10 mos", "location": "Bucharest, Romania", "title": "Software Development Engineer"}, {"company_name": "Asentinel", "dates_employed": "Feb 2012\u2013Dec 2012", "employment_duration": "11 mos", "location": "Bucharest, Romania", "title": "Software Engineer"}], "education": [{"institution": "University POLITEHNICA of Bucharest", "degree_details": {"degree_name": "Bachelor's degree", "field_of_study": "Electronics, Telecommunications and Information Technology", "dates_attended_or_expected_graduation": "2008 \u2013 2012"}}, {"institution": "National College \u201eZinca Golescu\u201d , Pitesti", "degree_details": {"degree_name": "Bacalaureat", "field_of_study": "Mate-Info Bilingv Engleza", "dates_attended_or_expected_graduation": "2004 \u2013 2008"}}], "employee_name": "zKyBXR/Ricmh5RU=*uCmuRCbN+EG+p1S5ZJh84A==*qXnGkpdDYtmjftjWVfCbdg==*Gbx5kbV4ek+dQvlfW1COiQ=="}, {"experience": [{"company_name": "DigitalGenius", "dates_employed": "Sep 2018\u2013Present", "employment_duration": "3 yrs 9 mos", "location": "London, Greater London, United Kingdom", "title": "Lead Frontend Developer"}, {"company_name": "Elsevier", "dates_employed": "Oct 2017\u2013Sep 2018", "employment_duration": "1 yr", "location": "London, United Kingdom", "title": "Senior Software Engineer"}, {"company_name": "Tesco", "dates_employed": "Mar 2016\u2013Oct 2017", "employment_duration": "1 yr 8 mos", "location": "London, United Kingdom", "title": "Software Development Engineer"}, {"company_name": "Charles Stanley & Co. Limited", "dates_employed": "Apr 2013\u2013Mar 2016", "employment_duration": "3 yrs", "location": "Old Street, London", "title": "Senior Frontend Web Developer"}, {"company_name": "Thomson Reuters", "dates_employed": "Jul 2011\u2013Mar 2013", "employment_duration": "1 yr 9 mos", "location": "Canary Wharf", "title": "Frontend Web Developer"}], "education": [{"institution": "De Montfort University", "degree_details": {"degree_name": "Bsc", "field_of_study": "Multimedia Technology", "dates_attended_or_expected_graduation": null}}], "employee_name": "QYn6DafmF/K8jh7OQo8=*M02/HqKl1taTcqFeeeoKoQ==*k6XoNqAUfMCmsyr+Aj6i3Q==*BYtV6IUnHK5at2ZnTi6Jgw=="}, {"experience": [{"company_name": "DigitalGenius", "dates_employed": "Sep 2017\u2013Present", "employment_duration": "4 yrs 9 mos", "location": null, "title": "Sales And Marketing Specialist"}, {"company_name": "Procter & Gamble", "dates_employed": "Jan 2016\u2013Sep 2017", "employment_duration": "1 yr 9 mos", "location": "Costa Rica", "title": "Sales Specialist"}, {"company_name": "Equifax", "dates_employed": "Jul 2013\u2013Mar 2015", "employment_duration": "1 yr 9 mos", "location": "Costa Rica", "title": "Software Engineer"}], "education": [{"institution": "Universidad Veritas", "degree_details": {"degree_name": "Licentiate degree", "field_of_study": "General Sales, Merchandising and Related Marketing Operations", "dates_attended_or_expected_graduation": "2017 \u2013 2018"}}, {"institution": "Universidad Veritas", "degree_details": {"degree_name": "Bachelor's degree", "field_of_study": "International Marketing", "dates_attended_or_expected_graduation": "2014 \u2013 2017"}}, {"institution": "Tecnol\u00f3gico de Costa Rica", "degree_details": {"degree_name": "Bachelor's degree", "field_of_study": "Computer Engineering", "dates_attended_or_expected_graduation": "2012 \u2013 2017"}}], "employee_name": "EGnLkDCn1kCQ*AWB9PP0g2LnJiX3msBVwZQ==*mMXOu30LRdFs03of5f9tFg==*79KppmuXkr70h6Nz9W82mQ=="}, {"experience": [{"company_name": "DigitalGenius", "dates_employed": null, "employment_duration": null, "location": null, "title": "Frontend Developer"}], "education": [{"institution": "Russian State University for the Humanities", "degree_details": {"field_of_study": "International Relations and Affairs", "dates_attended_or_expected_graduation": "2012 \u2013 2016", "degree_name": null}}], "employee_name": "TWlduMW8u2Cyh4uwxmI47g==*KoIG0oHqDzLq1cr9TysWPA==*vLX/K3HfA+fyhOV7kSNMdg==*76kiRqaRVv/n9Nnxz8EH0A=="}, {"experience": [{"company_name": "Huawei Technologies", "dates_employed": null, "employment_duration": null, "location": null, "title": "Video production&actor"}, {"company_name": "DigitalGenius", "dates_employed": "Jan 2021\u2013Present", "employment_duration": "1 yr 5 mos", "location": "Dar es Salaam, Tanzania", "title": "Chief Executive Officer"}], "education": [{"institution": "VSB - Technical University of Ostrava", "degree_details": {"dates_attended_or_expected_graduation": "2012 \u2013 2016", "degree_name": null, "field_of_study": null}}], "employee_name": "g1yVlTKjdqjIl4HS8e8=*AZkHUt+7OF0UuOjhzOdq7Q==*XNJxp3ikCZD2t3MfFUspnw==*9lSzPaZDqiHe0tIFAsHykQ=="}, {"experience": [{"company_name": "DigitalGenius", "dates_employed": "Jun 2021\u2013Present", "employment_duration": "1 yr", "location": null, "title": "Frontend Developer"}, {"company_name": "Lead Excellence | Gewinnbringende Entscheidergespr\u00e4che. Online.", "dates_employed": "May 2020\u2013Jun 2021", "employment_duration": "1 yr 2 mos", "location": null, "title": "Frontend Developer"}, {"company_name": "Freelance at Upwork", "dates_employed": "Sep 2015\u2013May 2020", "employment_duration": "4 yrs 9 mos", "location": null, "title": "Front-end developer"}, {"company_name": "Pure App", "dates_employed": "Dec 2017\u2013Mar 2019", "employment_duration": "1 yr 4 mos", "location": null, "title": "Frontend Developer"}, {"company_name": "\u041d\u0435\u0442\u043e\u043b\u043e\u0433\u0438\u044f-\u0433\u0440\u0443\u043f\u043f", "dates_employed": "Apr 2015\u2013Sep 2015", "employment_duration": "6 mos", "location": null, "title": "Front-end developer"}], "education": [{"institution": "Moscow State Technological University \"Stankin\"", "degree_details": {"dates_attended_or_expected_graduation": "2008 \u2013 2012", "degree_name": null, "field_of_study": null}}], "employee_name": "/wUSyWyApH1KLBKD*6QfB1uXfOjcMT+fI5kRYuA==*4CysdiJ+945p3f4urMLkUA==*toZtXp9+xQBbB3wukOxnZQ=="}, {"experience": [{"company_name": "DigitalGenius", "dates_employed": null, "employment_duration": null, "location": null, "title": "QA Engineer"}], "education": null, "employee_name": "T6kfziApApq4CjWf5ARC*nC20CJpEtBkB5gL0r9bBjQ==*+hiE/BsvxqcXbQru1Em/1A==*a6z34OvJV4810wJu5ji9jg=="}, {"experience": [{"company_name": "ISSM, IP-RAM - Instituto de Seguran\u00e7a Social da Madeira", "dates_employed": "Jul 2009\u2013Present", "employment_duration": "12 yrs 11 mos", "location": "Funchal, Madeira Island, Portugal", "title": "Social Worker"}, {"company_name": "DigitalGenius", "dates_employed": "May 2020\u2013Present", "employment_duration": "2 yrs 1 mo", "location": null, "title": "Ai Team Assistant"}, {"company_name": "Bombay Spice - Indian Restaurant", "dates_employed": "Mar 2014\u2013Mar 2018", "employment_duration": "4 yrs 1 mo", "location": "Funchal, Madeira Island, Portugal", "title": "Business Owner"}], "education": [{"institution": "Universidade de Tr\u00e1s-os-Montes e Alto Douro", "degree_details": {"degree_name": "Licentiate degree", "field_of_study": "Social Work", "dates_attended_or_expected_graduation": "2001 \u2013 2005"}}], "employee_name": "kgjvLfpO2YdyQ891oLdY0w==*D4M3WoEnhY60s7jAxvL30Q==*t/y6ar34QiQcMZeraIkIAw==*qcxhyptYwNg30U/A9LdqkQ=="}]