[{"experience": [{"company_name": "arago AG", "dates_employed": "Dec 1995\u2013Present", "employment_duration": "26 yrs 6 mos", "location": null, "title": "Managing Director"}, {"company_name": "DIRI - Dresdner International Research Institute", "dates_employed": "Jul 1993\u2013Oct 1995", "employment_duration": "2 yrs 4 mos", "location": null, "title": "Management an Information Systems"}], "education": [{"institution": "ETH Z\u00fcrich", "degree_details": {"dates_attended_or_expected_graduation": null, "degree_name": null, "field_of_study": null}}, {"institution": "Technische Universit\u00e4t Darmstadt", "degree_details": {"dates_attended_or_expected_graduation": null, "degree_name": null, "field_of_study": null}}], "employee_name": "75icaScpG0s03f/R9VFKLkoTiA==*nQ/yptIPPT9SF92D26zerA==*EQMUXAqzmPq0PKxWIX2jjw==*cobC2On5bL850HXhEvDgNg=="}, {"experience": [{"company_name": "arago GmbH", "dates_employed": "Aug 2016\u2013Present", "employment_duration": "5 yrs 10 mos", "location": "Frankfurt am Main und Umgebung, Deutschland", "title": "Vice President IT Operations"}, {"company_name": "arago GmbH", "dates_employed": "Jun 2014\u2013Jul 2016", "employment_duration": "2 yrs 2 mos", "location": "Frankfurt am Main und Umgebung, Deutschland", "title": "Director Customer Success Management"}, {"company_name": "arago AG", "dates_employed": "May 2010\u2013May 2014", "employment_duration": "4 yrs 1 mo", "location": null, "title": "Software Tester"}, {"company_name": "Main-Taunus-Recycling", "dates_employed": "Jul 2009\u2013Dec 2009", "employment_duration": "6 mos", "location": null, "title": "Software Developer"}], "education": null, "employee_name": "PT132Qksp1M6D4s7eJfWNzQ=*Xb0DCRv+vwkcuiHV07kg8w==*Gp6lkciT2JlINL/1dvMQ6w==*83hLd1HK/nYHvTHk1FPWkg=="}, {"experience": [{"company_name": "arago GmbH", "dates_employed": "2020\u2013Present", "employment_duration": "2 yrs", "location": "Frankfurt, Hesse, Germany", "title": "Head of Customer Success"}, {"company_name": "arago GmbH", "dates_employed": "Jul 2019\u2013Present", "employment_duration": "2 yrs 11 mos", "location": "Frankfurt Am Main Area, Germany", "title": "MBA Summer Intern - Product Management (KKR portfolio company)"}, {"company_name": "Procter & Gamble", "dates_employed": "2017\u20132019", "employment_duration": "2 yrs", "location": "Schwalbach am Taunus, Hessen, Germany", "title": "Supply Chain - Initiatives Operations Leader"}, {"company_name": "Procter & Gamble", "dates_employed": "2016\u20132017", "employment_duration": "1 yr", "location": "Frankfurt Am Main Area, Germany", "title": "Supply Chain - Networks Operations Manager"}, {"company_name": "Henkel", "dates_employed": "2015\u20132016", "employment_duration": "1 yr", "location": "D\u00fcsseldorf Area, Germany", "title": "Manager Business Process Owner, Finance & Controlling"}], "education": [{"institution": "INSEAD", "degree_details": {"degree_name": "Master of Business Administration - MBA", "field_of_study": "Business Administration and Management, General", "dates_attended_or_expected_graduation": "2019 \u2013 2019"}}, {"institution": "Technische Universit\u00e4t Berlin", "degree_details": {"degree_name": "Masters of Science", "field_of_study": "Global Production Engineering - Manufacturing", "dates_attended_or_expected_graduation": "2012 \u2013 2015"}}], "employee_name": "om3rikeK8/zwww==*5aa77pE6ZeOgDqUuKqk/fw==*yL6cwPlQpu8ynNbecb8hGQ==*nszzyJf4/FeKMuqWZosFQQ=="}, {"experience": [{"company_name": "arago GmbH", "dates_employed": "Jun 2019\u2013Present", "employment_duration": "3 yrs", "location": "Frankfurt am Main, Hessen, Deutschland", "title": "CFO"}, {"company_name": "arago GmbH", "dates_employed": "Oct 2015\u2013Present", "employment_duration": "6 yrs 8 mos", "location": "Frankfurt am Main und Umgebung, Deutschland", "title": "Head of Finance / Prokurist"}, {"company_name": "arago GmbH", "dates_employed": "Apr 2015\u2013Oct 2015", "employment_duration": "7 mos", "location": "Frankfurt am Main und Umgebung, Deutschland", "title": "Financial Controller"}, {"company_name": "H\u00f4tel B&B", "dates_employed": "Apr 2012\u2013Mar 2015", "employment_duration": "3 yrs", "location": null, "title": "Financial Reporting Manager"}, {"company_name": "PricewaterhouseCoopers", "dates_employed": "Sep 2006\u2013Mar 2012", "employment_duration": "5 yrs 7 mos", "location": null, "title": "Senior Consultant"}], "education": [{"institution": "Goethe University", "degree_details": {"degree_name": "Dipl. Kfm", "field_of_study": "Wirtschaftswissenschaften", "dates_attended_or_expected_graduation": "1999 \u2013 2005"}}], "employee_name": "CU0jr8GI+q79i/Cr/rCV*o5PDNMf0XrjpFi6pqdKcHQ==*8oh2FOAOdrJlxRsOlj1zfA==*6FDaOdZAG2i8H5F2aPx24Q=="}, {"experience": [{"company_name": "arago GmbH", "dates_employed": "May 2018\u2013Present", "employment_duration": "4 yrs 1 mo", "location": "Frankfurt am Main und Umgebung, Deutschland", "title": "Product Director"}, {"company_name": "AGT International", "dates_employed": "Oct 2016\u2013Apr 2018", "employment_duration": "1 yr 7 mos", "location": "Darmstadt, Deutschland", "title": "Product Manager"}, {"company_name": "AGT International", "dates_employed": "Nov 2014\u2013Sep 2016", "employment_duration": "1 yr 11 mos", "location": "Darmstadt, Deutschland", "title": "Product Owner Smart Cities & Industry 4.0"}, {"company_name": "AGT International", "dates_employed": "Aug 2013\u2013Oct 2014", "employment_duration": "1 yr 3 mos", "location": "Darmstadt, Deutschland", "title": "Team Lead Software Development"}, {"company_name": "AGT International", "dates_employed": "Jan 2011\u2013Jul 2013", "employment_duration": "2 yrs 7 mos", "location": "Darmstadt, Deutschland", "title": "Project Manager / Scrum Master"}], "education": [{"institution": "Technische Universit\u00e4t Darmstadt", "degree_details": {"degree_name": "Doktor (Ph.D.)", "dates_attended_or_expected_graduation": "2005 \u2013 2008", "field_of_study": null}}, {"institution": "Technische Universit\u00e4t Darmstadt", "degree_details": {"degree_name": "Diplom", "field_of_study": "Informatik", "dates_attended_or_expected_graduation": "1999 \u2013 2005"}}], "employee_name": "SZj5RLJIIhoU1dg=*/XW7RDiIgtxzESvJxDmktw==*jGSbUBu+rYH/AnQODSVLfQ==*1wiodyahsgrG19CDqOKmNw=="}, {"experience": [{"company_name": "arago GmbH", "dates_employed": "Apr 2014\u2013Present", "employment_duration": "8 yrs 2 mos", "location": "London, United Kingdom & Frankfurt, Germany", "title": "Director Product - HIRO UI"}, {"company_name": "Fantasy Shopper", "dates_employed": "Nov 2010\u2013Mar 2014", "employment_duration": "3 yrs 5 mos", "location": null, "title": "CTO and Co-Founder"}, {"company_name": "Acando", "dates_employed": "Oct 2008\u2013Mar 2011", "employment_duration": "2 yrs 6 mos", "location": null, "title": "Senior IT Consultant"}, {"company_name": "COR Deutschland GmbH", "dates_employed": "Jan 2006\u2013Sep 2008", "employment_duration": "2 yrs 9 mos", "location": null, "title": "Software Engineer, Consultant"}, {"company_name": "Allianz Life Insurance Company, Stuttgart, Germany", "dates_employed": "Oct 2004\u2013Dec 2005", "employment_duration": "1 yr 3 mos", "location": null, "title": "Software Engineer"}], "education": [{"institution": "Berufsakademie Stuttgart", "degree_details": {"degree_name": "Diploma", "field_of_study": "Business Informatics", "dates_attended_or_expected_graduation": "2001 \u2013 2004"}}], "employee_name": "+qEmtMAGtSH5tw==*IZ/vUnJkGzYclYxPzF4NFQ==*Zi0wF326ToeTSM2c3GftEw==*QXrpFdyCQad72fpZLlNklQ=="}, {"experience": [{"company_name": "arago GmbH", "dates_employed": "Jul 2020\u2013Present", "employment_duration": "1 yr 11 mos", "location": "Frankfurt am Main, Hessen, Deutschland", "title": "Chief Information Security Officer"}, {"company_name": "arago GmbH", "dates_employed": "Apr 2017\u2013Jul 2020", "employment_duration": "3 yrs 4 mos", "location": "Frankfurt am Main und Umgebung, Deutschland", "title": "Information Security Officer"}, {"company_name": "arago GmbH", "dates_employed": "Jan 2014\u2013Mar 2017", "employment_duration": "3 yrs 3 mos", "location": "Frankfurt am Main und Umgebung, Deutschland", "title": "Senior Automation Solution Architect, arago Engineer"}, {"company_name": "arago GmbH", "dates_employed": "Jan 2013\u2013Jan 2015", "employment_duration": "2 yrs 1 mo", "location": null, "title": "Senior Automation Expert, arago Engineer"}, {"company_name": "arago AG", "dates_employed": "1999\u20132012", "employment_duration": "13 yrs", "location": null, "title": "Bereichsleiter Systembetrieb & Security"}], "education": [{"institution": "ETH Z\u00fcrich", "degree_details": {"field_of_study": "Chemie", "dates_attended_or_expected_graduation": null, "degree_name": null}}, {"institution": "HTWG Konstanz", "degree_details": {"field_of_study": "Technische Informatik", "dates_attended_or_expected_graduation": null, "degree_name": null}}], "employee_name": "ielmqJ4+1u2ftiMy*t8kP48rHwUPddgHxJ7xx/g==*CHZocKQZmW19Qjt4g0giDg==*A4TTR8SN9y1chtK0PaP02A=="}, {"experience": [{"company_name": "Arago Gmbh", "dates_employed": "Mar 2020\u2013Present", "employment_duration": "2 yrs 3 mos", "location": "Frankfurt", "title": "Head of Delivery and Product Manager"}, {"company_name": "IGT", "dates_employed": "Sep 2014\u2013Dec 2018", "employment_duration": "4 yrs 4 mos", "location": "Rome/London", "title": "PMO coordinator and Project Manager"}, {"company_name": "Deloitte Italia", "dates_employed": "Jul 2013\u2013Aug 2014", "employment_duration": "1 yr 2 mos", "location": "Roma, Italia", "title": "Business Analyst"}, {"company_name": "Finmeccanica", "dates_employed": "Oct 2012\u2013Apr 2013", "employment_duration": "7 mos", "location": "Roma, Italia", "title": "IP Management Intern"}], "education": [{"institution": "INSEAD", "degree_details": {"degree_name": "Master of Business Administration - MBA", "dates_attended_or_expected_graduation": "2019", "field_of_study": null}}, {"institution": "University of Rome Tor Vergata", "degree_details": {"degree_name": "Master's degree", "field_of_study": "Engineering/Industrial Management", "dates_attended_or_expected_graduation": "2011 \u2013 2013"}}, {"institution": "Universidad de Cantabria", "degree_details": {"field_of_study": "Industrial Engineering", "dates_attended_or_expected_graduation": "2011 \u2013 2012", "degree_name": null}}], "employee_name": "HHsIC3kmwc9VJhjoGnHo1g==*bOMQQirrbp9ZvomtexOwhw==*TBRcwGR0UIkKJQwMU+5UkA==*+CzgZS692EVZ1UleSAt3cA=="}, {"experience": [{"company_name": "arago GmbH", "dates_employed": "May 2020\u2013Present", "employment_duration": "2 yrs 1 mo", "location": "Madrid, Community of Madrid, Spain", "title": "COO"}, {"company_name": "INSEAD", "dates_employed": "2017\u2013Present", "employment_duration": "5 yrs", "location": "Singapore and Fontainebleau France", "title": "Entrepreneur In Residence"}, {"company_name": "WISeKey SA", "dates_employed": "Feb 2021\u2013Sep 2021", "employment_duration": "8 mos", "location": "Madrid, Community of Madrid, Spain", "title": "Chief Operating Officer"}, {"company_name": "arago GmbH", "dates_employed": "2018\u20132020", "employment_duration": "2 yrs", "location": "Frankfurt Am Main Area, Germany", "title": "Chief Product Officer"}, {"company_name": "Dockstr", "dates_employed": "Mar 2017\u2013Apr 2018", "employment_duration": "1 yr 2 mos", "location": "London, United Kingdom", "title": "Advisor"}], "education": [{"institution": "INSEAD", "degree_details": {"degree_name": "MBA", "field_of_study": "International Business", "dates_attended_or_expected_graduation": "2002 \u2013 2002"}}, {"institution": "McGill University", "degree_details": {"degree_name": "Certificate", "field_of_study": "IT/MIS", "dates_attended_or_expected_graduation": "1995 \u2013 1997"}}, {"institution": "University of Waterloo", "degree_details": {"degree_name": "B. Applied Science", "field_of_study": "Engineering", "dates_attended_or_expected_graduation": "1990 \u2013 1995"}}], "employee_name": "Jodg4QnkAUwHveBDnAuc1JYz*48Ld4XrDwXY0KQTKkdF5mw==*y3FNKWsDkgSJRCo224Pj+Q==*YM18pqgF7zJHppMeQDjfTg=="}, {"experience": [{"company_name": "arago GmbH", "dates_employed": "May 2020\u2013Present", "employment_duration": "2 yrs 1 mo", "location": "Exeter, England, United Kingdom", "title": "Vice President Of Engineering"}, {"company_name": "arago GmbH", "dates_employed": "Dec 2017\u2013Present", "employment_duration": "4 yrs 6 mos", "location": "Exeter, United Kingdom", "title": "Director of Knowledge Management"}, {"company_name": "arago GmbH", "dates_employed": "Feb 2014\u2013Dec 2017", "employment_duration": "3 yrs 11 mos", "location": "Exeter, United Kingdom", "title": "Senior Software Engineer"}], "education": [{"institution": "University of Exeter", "degree_details": {"degree_name": "1st BSc Hons", "field_of_study": "Computer Science", "dates_attended_or_expected_graduation": "2006 \u2013 2009"}}], "employee_name": "SXInaflba8w=*jV3fIxuhIArYP85G8CcEVg==*QK+COQzQ3hxuzhU8fSY61w==*pWg3t5HDlIHtv+t+2aDc/Q=="}, {"experience": [{"company_name": "arago GmbH", "dates_employed": "Jul 2020\u2013Present", "employment_duration": "1 yr 11 mos", "location": "Frankfurt am Main, Hesse, Germany", "title": "Chief Technology Officer"}, {"company_name": "arago GmbH", "dates_employed": "Apr 2015\u2013Jul 2020", "employment_duration": "5 yrs 4 mos", "location": "Frankfurt Am Main Area, Germany", "title": "Vice President Research & Development"}, {"company_name": "arago GmbH", "dates_employed": "May 2011\u2013Mar 2015", "employment_duration": "3 yrs 11 mos", "location": null, "title": "Head of Technologies"}, {"company_name": "arago GmbH", "dates_employed": "Mar 2009\u2013Apr 2011", "employment_duration": "2 yrs 2 mos", "location": "Frankfurt Am Main Area, Germany", "title": "Senior Software Engineer"}, {"company_name": "CONWEAVER GmbH", "dates_employed": "Oct 2008\u2013Feb 2009", "employment_duration": "5 mos", "location": "Darmstadt Area, Germany", "title": "Software Architect"}], "education": [{"institution": "Technische Universit\u00e4t Darmstadt", "degree_details": {"degree_name": "Dipl.-Ing.-Inf.", "field_of_study": "Informatics", "dates_attended_or_expected_graduation": null}}], "employee_name": "XSPyj0BBV1PRx+U=*aSLkdRXP+PZ8AUMY7MFmRw==*0CXOsRFLtPjoJ3+ssHmLIA==*26PspGeHHFAJb2tN2vVNuw=="}, {"experience": [{"company_name": "arago GmbH", "dates_employed": "May 2017\u2013Present", "employment_duration": "5 yrs 1 mo", "location": "Frankfurt Am Main Area, Germany", "title": "Consultant - AI Strategy & Special Projects"}, {"company_name": "M&A Review", "dates_employed": "Mar 2015\u2013Jul 2016", "employment_duration": "1 yr 5 mos", "location": "St. Gallen", "title": "Editor"}, {"company_name": "Greenhill & Co.", "dates_employed": "Sep 2014\u2013Jan 2015", "employment_duration": "5 mos", "location": "Frankfurt Am Main Area, Germany", "title": "Intern: Investment Banking Division (IBD)"}, {"company_name": "KPMG", "dates_employed": "Oct 2013\u2013Dec 2013", "employment_duration": "3 mos", "location": "Frankfurt am Main und Umgebung, Deutschland", "title": "Intern: Transaction Services"}, {"company_name": "WMPartners Wealth Management Ltd.", "dates_employed": "Jul 2012\u2013Sep 2012", "employment_duration": "3 mos", "location": "Z\u00fcrich und Umgebung, Schweiz", "title": "Intern: Wealth and M&A Research"}], "education": [{"institution": "University of St.Gallen", "degree_details": {"degree_name": "Master of Arts (M.A.)", "field_of_study": "Accounting and Finance", "dates_attended_or_expected_graduation": "2015 \u2013 2016"}}, {"institution": "Stellenbosch University", "degree_details": {"degree_name": "Visiting Postgraduate Student", "field_of_study": "Accounting and Finance", "dates_attended_or_expected_graduation": "2016 \u2013 2016"}}, {"institution": "University of St.Gallen", "degree_details": {"degree_name": "Bachelor of Arts (BA)", "field_of_study": "Business Administration", "dates_attended_or_expected_graduation": "2010 \u2013 2015"}}], "employee_name": "JYPy3cRJn79gvnQUWus=*HV+QAM9+UFPIsqUL4QRq+Q==*On6VlDqS8Sp1k1mLuoXZTg==*CoOA7s4wRf47KQcBn68d0w=="}, {"experience": [{"company_name": "arago GmbH", "dates_employed": "Apr 1998\u2013Present", "employment_duration": "24 yrs 2 mos", "location": "Frankfurt am Main und Umgebung, Deutschland", "title": "Automation Expert"}], "education": [{"institution": "Ulm University", "degree_details": {"field_of_study": "E-Technik", "dates_attended_or_expected_graduation": "1990 \u2013 1998", "degree_name": null}}], "employee_name": "P9VwOUENGTAJPmbYmQ==*YZh0WeyldskeXYd/Cz+yDw==*UUWGwU5DmicUGxR2gUqZbA==*4YXkRLeGmUqn1N6BIvRXTg=="}, {"experience": [{"company_name": "arago GmbH", "dates_employed": "Oct 2018\u2013Present", "employment_duration": "3 yrs 8 mos", "location": "Frankfurt am Main und Umgebung, Deutschland", "title": "IT Project Manager"}, {"company_name": "Profidata Group", "dates_employed": "2013\u20132018", "employment_duration": "5 yrs", "location": "Frankfurt am Main und Umgebung, Deutschland", "title": "IT Project Consultant"}], "education": [{"institution": "Leuphana University of L\u00fcneburg", "degree_details": {"degree_name": "Bachelor of Laws - LLB", "field_of_study": "Wirtschaftswissenschaften", "dates_attended_or_expected_graduation": null}}], "employee_name": "qHRPDJ+zvO6e6r3wLGU=*Th8lQWXu6SHut4LVYLs2lA==*FUPHZkl84YI6gAQ558UjaA==*rWUyWR9Ru+3XVzrXI7hclQ=="}, {"experience": [{"company_name": "arago GmbH", "dates_employed": "Apr 1999\u2013Present", "employment_duration": "23 yrs 2 mos", "location": null, "title": "DevOps Engineer"}, {"company_name": "PC-Klinik", "dates_employed": "Jan 1995\u2013Mar 1999", "employment_duration": "4 yrs 3 mos", "location": "R\u00fcsselsheim", "title": "Deputy General Manager"}], "education": [{"institution": "Werner Heisenberg, R\u00fcsselsheim", "degree_details": {"dates_attended_or_expected_graduation": "1989 \u2013 1991", "degree_name": null, "field_of_study": null}}, {"institution": "Max-Planck, R\u00fcsselsheim", "degree_details": {"dates_attended_or_expected_graduation": "1984 \u2013 1989", "degree_name": null, "field_of_study": null}}], "employee_name": "lqbJa7ZDsbrcNMqo8KlX*3AhpdNsT3x6nKHGAtCpsnA==*AUfq/R4MxW5uqQishQjW3Q==*oIQzee79Xc9Mp5xumJbyBQ=="}, {"experience": [{"company_name": "arago GmbH", "dates_employed": "May 1999\u2013Present", "employment_duration": "23 yrs 1 mo", "location": null, "title": "Manager"}], "education": null, "employee_name": "4lScZa7HNsjTAb2S71Zb*Vhm5rfSz80Ntreqte8ZONw==*UBko05IAoyox/nS0ebqEZQ==*/J2RFpoi5DMmCl60l/r4wg=="}, {"experience": [{"company_name": "arago GmbH", "dates_employed": "Aug 2020\u2013Present", "employment_duration": "1 yr 10 mos", "location": "Frankfurt am Main, Hesse, Germany", "title": "Entwicklungsleiter"}, {"company_name": "arago GmbH", "dates_employed": "Nov 2019\u2013Aug 2020", "employment_duration": "10 mos", "location": "Frankfurt am Main, Hesse, Germany", "title": "Senior Software Engineer"}, {"company_name": "arago GmbH", "dates_employed": "Jul 2017\u2013Nov 2019", "employment_duration": "2 yrs 5 mos", "location": "Frankfurt Am Main Area, Germany", "title": "Researcher"}, {"company_name": "IBM Deutschland", "dates_employed": "Nov 2016\u2013Jun 2017", "employment_duration": "8 mos", "location": "Kelsterbach, Germany", "title": "Master Thesis Student"}, {"company_name": "die-masterarbeit.de", "dates_employed": "Sep 2016\u2013Oct 2016", "employment_duration": "2 mos", "location": "Berlin Area, Germany", "title": "Software Developer"}], "education": [{"institution": "Technische Universit\u00e4t Darmstadt", "degree_details": {"degree_name": "Master's Degree", "field_of_study": "Informatik/ Distributed Software Systems", "dates_attended_or_expected_graduation": "2013 \u2013 2016"}}, {"institution": "Government Engineering college sector-28, Gandhinagar", "degree_details": {"degree_name": "Bachelor's Degree", "field_of_study": "Computer Engineering", "dates_attended_or_expected_graduation": "2008 \u2013 2012"}}, {"institution": "M.N.J Patel HIghschool", "degree_details": {"degree_name": "High School", "dates_attended_or_expected_graduation": "2011 \u2013 2012", "field_of_study": null}}], "employee_name": "+n/v7fVbR9AjaNSLzkZ1auI=*RtXFxn1ly+D61QcSMrW17Q==*TzubrwDEyse7hX1QAsLJzA==*iYWgP0/EON7n6AbcBvd9vQ=="}, {"experience": [{"company_name": "arago GmbH", "dates_employed": "May 2018\u2013Present", "employment_duration": "4 yrs 1 mo", "location": null, "title": "Marketing Video Producer"}, {"company_name": "\u00f6ffentliche Einrichtungen", "dates_employed": "2011\u2013Present", "employment_duration": "11 yrs", "location": null, "title": "Trainer"}, {"company_name": "Goethe-Universit\u00e4t Frankfurt a. Main, zentrale eLearning-Einrichtung", "dates_employed": "Feb 2011\u2013Jan 2018", "employment_duration": "7 yrs", "location": "Frankfurt am Main und Umgebung, Deutschland", "title": "Projektmanager Medienproduktion/Leiter des Videostudios"}], "education": [{"institution": "Hochschule f\u00fcr angewandte Wissenschaften W\u00fcrzburg-Schweinfurt", "degree_details": {"degree_name": "Diplom-Designer", "field_of_study": "Kommunikationsdesign", "dates_attended_or_expected_graduation": "2004 \u2013 2009"}}, {"institution": "Hochschule Harz", "degree_details": {"degree_name": "Grundstudium", "field_of_study": "Medieninformatik", "dates_attended_or_expected_graduation": "2002 \u2013 2004"}}], "employee_name": "jDJ0/LSKH7VU46g=*9XnWCUxw5sKUtdlo+aFKig==*k7ay1YCQF13UYNX03GHFRw==*gPxhUNtsq1+EziXRHZp/lQ=="}, {"experience": [{"company_name": "arago GmbH", "dates_employed": "Jul 2020\u2013Present", "employment_duration": "1 yr 11 mos", "location": "Frankfurt am Main, Hessen, Deutschland", "title": "Head of HR"}, {"company_name": "arago GmbH", "dates_employed": "Feb 2017\u2013Jul 2020", "employment_duration": "3 yrs 6 mos", "location": "Frankfurt am Main und Umgebung, Deutschland", "title": "HR Manager"}], "education": [{"institution": "Technische Hochschule Mittelhessen", "degree_details": {"dates_attended_or_expected_graduation": "2011 \u2013 2016", "degree_name": null, "field_of_study": null}}], "employee_name": "DmpffCR8lMS75Kiv328=*Dpu9DBWFXLiJtYF+3/Wiyg==*AVrz1TPwTjSrCoImQn2Gyw==*1TGas+N5yoCoAEgS7FqQYw=="}, {"experience": [{"company_name": "arago GmbH", "dates_employed": "Jul 2017\u2013Present", "employment_duration": "4 yrs 11 mos", "location": "Bengaluru, Karnataka, India", "title": "AI Expert"}, {"company_name": "Oracle India", "dates_employed": "Jul 2014\u2013Jun 2017", "employment_duration": "3 yrs", "location": "bangalore", "title": "Senior Application Engineer"}, {"company_name": "Tata Consultancy Services", "dates_employed": "Sep 2011\u2013Jul 2014", "employment_duration": "2 yrs 11 mos", "location": "Bengaluru Area, India", "title": "Software Engineer"}], "education": [{"institution": "Guru Nanak Dev University", "degree_details": {"degree_name": "Bachelor of Technology (BTech)", "field_of_study": "Computer Science", "dates_attended_or_expected_graduation": "2007 \u2013 2011"}}, {"institution": "M G N Public School Kapurthala", "degree_details": {"degree_name": "CBSE 10th", "dates_attended_or_expected_graduation": null, "field_of_study": null}}, {"institution": "M G N Public School Jalandhar", "degree_details": {"degree_name": "12th CBSE", "dates_attended_or_expected_graduation": null, "field_of_study": null}}], "employee_name": "OzqR9aKgKLGt/A==*VdAZcdYX3BUG52MvKOimmg==*Q/Ll/f8RnkkrWbxBGeCyGA==*KWn/gfB2RjwVmFS3VeHIsQ=="}, {"experience": [{"company_name": "arago GmbH", "dates_employed": "Feb 2022\u2013Present", "employment_duration": "4 mos", "location": "Frankfurt am Main, Hessen, Deutschland", "title": "Head Of Finance Department"}, {"company_name": "arago GmbH", "dates_employed": "Oct 2020\u2013Jan 2022", "employment_duration": "1 yr 4 mos", "location": null, "title": "HR Manager"}, {"company_name": "passcon GmbH", "dates_employed": "Mar 2018\u2013Feb 2021", "employment_duration": "3 yrs", "location": "Frankfurt am Main, Hessen, Deutschland", "title": "Controller Buchhaltung"}, {"company_name": "arago GmbH", "dates_employed": "Oct 2014\u2013Feb 2018", "employment_duration": "3 yrs 5 mos", "location": "Frankfurt am Main, Hessen, Deutschland", "title": "Accountant"}, {"company_name": "Frankfurter Volksbank eG", "dates_employed": "Oct 2012\u2013Sep 2014", "employment_duration": "2 yrs", "location": "Frankfurt am Main, Hessen, Deutschland", "title": "Kundenberaterin"}], "education": null, "employee_name": "r2q0N0tqy7n8DUqvx01rK60=*xdSb67xs82dxlUx6Q8d9Kw==*U0FZBTU1v3nUWlD/tKIhHQ==*y0Kpm9qMiE7qRUY6tJGw/A=="}, {"experience": [{"company_name": "arago AG", "dates_employed": "Mar 2003\u2013Present", "employment_duration": "19 yrs 3 mos", "location": null, "title": "Projektleiter IT"}], "education": [{"institution": "Technische Universit\u00e4t Darmstadt", "degree_details": {"degree_name": "Vordiplom", "field_of_study": "Wirtschaftsinformatik", "dates_attended_or_expected_graduation": "1998 \u2013 2003"}}], "employee_name": "lYpL1hRFnmLVvO7ezKYz*qO8kxhUc/7Pu8HsS4HuKhw==*zxpj+TZ+4cBYzMTE85S+0g==*uVbZoU8I1StLiggJs4qNJQ=="}, {"experience": [{"company_name": "arago GmbH", "dates_employed": "Nov 2019\u2013Present", "employment_duration": "2 yrs 7 mos", "location": "Frankfurt am Main, Hesse", "title": "Senior Elixir Developer"}, {"company_name": "Talking Bytes", "dates_employed": "Mar 2016\u2013Present", "employment_duration": "6 yrs 3 mos", "location": "Belgrade, Serbia", "title": "System Architect and Elixir team lead"}, {"company_name": "Vibe Network", "dates_employed": "Feb 2016\u2013Present", "employment_duration": "6 yrs 4 mos", "location": "Belgrade, Serbia", "title": "Software Architect / Technical Lead"}, {"company_name": "Wunder Mobility", "dates_employed": "Apr 2019\u2013Aug 2019", "employment_duration": "5 mos", "location": "Hamburg Area, Germany", "title": "Principal Elixir Engineer"}, {"company_name": "Nutanix", "dates_employed": "Aug 2018\u2013Mar 2019", "employment_duration": "8 mos", "location": "Serbia", "title": "Technical Consultant for Elixir"}], "education": [{"institution": "University of Belgrade", "degree_details": {"dates_attended_or_expected_graduation": "1997 \u2013 2001", "degree_name": null, "field_of_study": null}}, {"institution": "Nikola Tesla", "degree_details": {"degree_name": "Technician", "field_of_study": "Computer Science", "dates_attended_or_expected_graduation": "1993 \u2013 1997"}}], "employee_name": "de1z9SS8OmSvpB2CIg==*B87Ms07sRatd0LGxIHEfJg==*uzSSeqS48TmrQadbMueSew==*0BjIEq0X9rp4OInNync08w=="}, {"experience": [{"company_name": "arago GmbH", "dates_employed": "Nov 2019\u2013Present", "employment_duration": "2 yrs 7 mos", "location": "Frankfurt Am Main Area, Germany", "title": "Systems Architect"}, {"company_name": "arago GmbH", "dates_employed": "Jul 2018\u2013Nov 2019", "employment_duration": "1 yr 5 mos", "location": "Frankfurt Am Main Area, Germany", "title": "Head of Backend Development"}, {"company_name": "arago GmbH", "dates_employed": "Jul 1997\u2013Jul 2018", "employment_duration": "21 yrs 1 mo", "location": "Frankfurt am Main, Deutschland", "title": "Director HIRO Engine"}], "education": [{"institution": "Fachhochschule Wiesbaden", "degree_details": {"degree_name": "Diplom", "field_of_study": "Informatik", "dates_attended_or_expected_graduation": "1994 \u2013 2001"}}], "employee_name": "qUaDIWFNpvhYyIEisP5dJVU=*q8PJ8M8fel+rxzi4Yi4t2g==*Wlai2Jh9Z2tVSZox7pfn/Q==*LLe2ceRldVLiJsR3/RVZ/w=="}, {"experience": [{"company_name": "arago GmbH", "dates_employed": "Sep 2018\u2013Present", "employment_duration": "3 yrs 9 mos", "location": "Hyderabad Area, India", "title": "Sales Director"}, {"company_name": "HCL Technologies", "dates_employed": "Oct 2014\u2013Sep 2018", "employment_duration": "4 yrs", "location": "Hyderabad Area, India", "title": "Delivery Head"}, {"company_name": "Wipro", "dates_employed": "Jul 2013\u2013Sep 2014", "employment_duration": "1 yr 3 mos", "location": "Hyderabad Area, India", "title": "Head of Business Operations"}, {"company_name": "Wipro", "dates_employed": "Mar 2010\u2013Jun 2013", "employment_duration": "3 yrs 4 mos", "location": "Hyderabad Area, India", "title": "Delivery Head"}, {"company_name": "Tata Consultancy Services", "dates_employed": "Aug 2008\u2013Feb 2010", "employment_duration": "1 yr 7 mos", "location": "Hyderabad Area, India", "title": "Delivery Head"}], "education": [{"institution": "Indian Institute of Technology, Kharagpur", "degree_details": {"degree_name": "M. Tech", "field_of_study": "Environmental Engineering", "dates_attended_or_expected_graduation": "1993 \u2013 1995"}}, {"institution": "Andhra University", "degree_details": {"degree_name": "B.E.", "field_of_study": "Civil Engineering", "dates_attended_or_expected_graduation": "1989 \u2013 1993"}}], "employee_name": "Mrm7mjI+vNgrzDhKIPms7kk=*+bZZyG92ephzpJcd64f4BQ==*BCql5UO5uy4ROUjDw60ANQ==*QxPfUmuk9/f5oniYCN8pUg=="}, {"experience": [{"company_name": "arago GmbH", "dates_employed": "Feb 2017\u2013Present", "employment_duration": "5 yrs 4 mos", "location": "New York City", "title": "AI Expert"}, {"company_name": "IBM", "dates_employed": "Apr 2013\u2013Dec 2016", "employment_duration": "3 yrs 9 mos", "location": "Wroclaw, Lower Silesian District, Poland", "title": "Delivery Technology & Engineering Tivoli Team Manager"}, {"company_name": "IBM GSDC Polska Sp. z o.o.", "dates_employed": "Dec 2011\u2013Mar 2013", "employment_duration": "1 yr 4 mos", "location": "Wroc\u0142aw Area, Poland", "title": "Team Leader"}, {"company_name": "IBM", "dates_employed": "Apr 2011\u2013Mar 2013", "employment_duration": "2 yrs", "location": null, "title": "Wintel Administrator 2nd level"}, {"company_name": "Bank Zachodni WBK S.A.", "dates_employed": "Jul 2008\u2013Mar 2011", "employment_duration": "2 yrs 9 mos", "location": null, "title": "Senior IT Engineer"}], "education": [{"institution": "2004 -2009 Wroclaw University of Technology Faculty of Electronics", "degree_details": {"degree_name": "of Computer Science M. Sc", "field_of_study": "Computer Engineering", "dates_attended_or_expected_graduation": "2004 \u2013 2009"}}, {"institution": "Wroclaw University of Science and Technology", "degree_details": {"degree_name": "MSc", "field_of_study": "Information Technology", "dates_attended_or_expected_graduation": "2003 \u2013 2008"}}], "employee_name": "Zsi+uqiuFVt7TrPdu9QC*Vc4yZe7fIKgOvr/1yJx/YQ==*q7TDNPEpCpjDXmapD+8T7g==*k49rIGAxEoUa5g7Zgyw/1Q=="}, {"experience": [{"company_name": "ARES FORMATION - Alpha Primo", "dates_employed": "May 2017\u2013Present", "employment_duration": "5 yrs 1 mo", "location": "ROANNE", "title": "Directeur d'\u00e9tablissement technique priv\u00e9"}, {"company_name": "Minist\u00e8re du Travail", "dates_employed": "Dec 2019\u2013Present", "employment_duration": "2 yrs 6 mos", "location": "Auvergne-Rh\u00f4ne-Alpes, France", "title": "Jury pour le titre professionnel d\u00e9veloppeur web et web mobile"}, {"company_name": "Alpha PRIMO", "dates_employed": "Jun 2013\u2013Present", "employment_duration": "9 yrs", "location": null, "title": "G\u00e9rant - Chef de projet"}, {"company_name": "Centre de formation Arago Saint anne", "dates_employed": "Sep 2010\u2013Present", "employment_duration": "11 yrs 9 mos", "location": null, "title": "Formateur pour BTS Assistant de Gestion"}, {"company_name": "ALPHAPRIMO", "dates_employed": "Sep 2016\u2013Dec 2017", "employment_duration": "1 yr 4 mos", "location": "ROANNE", "title": "Chef de projet"}], "education": [{"institution": "Universit\u00e9 Jean Monnet Saint-Etienne", "degree_details": {"degree_name": "Licence professionnelle Syst\u00e8me Infomatique et Logiciel", "field_of_study": "Informatique - Gestion de projet", "dates_attended_or_expected_graduation": "2003 \u2013 2007"}}, {"institution": "freeCodeCamp", "degree_details": {"degree_name": "Responsive Web Design Certification", "field_of_study": "D\u00e9veloppement Web", "dates_attended_or_expected_graduation": "2018 \u2013 2018"}}, {"institution": "Cisco Networking Academy", "degree_details": {"degree_name": "l'Internet of Everything - obtenu en octobre 2016", "field_of_study": "Gestion / responsable des syst\u00e8mes, r\u00e9seaux et LAN / WAN", "dates_attended_or_expected_graduation": null}}], "employee_name": "rTHI/uY6J3dBYPc=*3IuS7FJg5vB6hTNjlFeNPw==*YxR9pB7FeAmPDES59gVv9A==*ybb75Jm70LDZlzsYreVZKg=="}, {"experience": [{"company_name": "arago GmbH", "dates_employed": "Sep 2018\u2013Present", "employment_duration": "3 yrs 9 mos", "location": "Frankfurt am Main und Umgebung, Deutschland", "title": "Change Agent"}, {"company_name": "International School of Management, Germany", "dates_employed": "Sep 2019\u2013Present", "employment_duration": "2 yrs 9 mos", "location": "Frankfurt am Main, Hessen", "title": "Lehrbeauftragte f\u00fcr Psychologie"}, {"company_name": "Hochschule Fresenius University of Applied Sciences", "dates_employed": "Sep 2018\u2013Feb 2019", "employment_duration": "6 mos", "location": "Frankfurt am Main und Umgebung, Deutschland", "title": "Lehrbeauftragte an der Hochschule Fresenius"}, {"company_name": "Willis Towers Watson", "dates_employed": "Jun 2016\u2013Jul 2018", "employment_duration": "2 yrs 2 mos", "location": null, "title": "Junior HR Consultant - Executive Compensation"}, {"company_name": "Kienbaum", "dates_employed": "Oct 2012\u2013Jan 2013", "employment_duration": "4 mos", "location": "D\u00fcsseldorf und Umgebung, Deutschland", "title": "Praktikant im Hochschulmarketing"}], "education": [{"institution": "Quantic School of Business and Technology", "degree_details": {"degree_name": "Master of Business Administration - MBA", "field_of_study": "Business, Management, Marketing und verbundene unterst\u00fctzende Dienste", "dates_attended_or_expected_graduation": "2021 \u2013 2022"}}, {"institution": "Graduate School of Systemic Neurosciences - LMU Munich", "degree_details": {"degree_name": "Doctor of Philosophy - PhD", "field_of_study": "Psychologie", "dates_attended_or_expected_graduation": "2013 \u2013 2016"}}, {"institution": "Ludwig-Maximilians-Universit\u00e4t M\u00fcnchen", "degree_details": {"degree_name": "Doktor (Ph.D.)", "field_of_study": "Psychologie", "dates_attended_or_expected_graduation": "2013 \u2013 2016"}}], "employee_name": "qedjU+Fyuq5xJYEOas71MlcEWPc+6x2E*Qjfkxqoq6ipzbhe0htM2VQ==*f2gO/gOxIDI09YSZkqE2Dw==*Y7YN29s9JkKgjbvfcBdvvg=="}, {"experience": [{"company_name": "arago GmbH", "dates_employed": "Oct 2020\u2013Present", "employment_duration": "1 yr 8 mos", "location": "Madrid, Community of Madrid, Spain", "title": "Agile Automation Coach"}, {"company_name": "Extron Electronics", "dates_employed": "Sep 2016\u2013May 2020", "employment_duration": "3 yrs 9 mos", "location": "Madrid Area, Spain", "title": "Technical Trainer"}, {"company_name": "Extron", "dates_employed": "Nov 2011\u2013May 2020", "employment_duration": "8 yrs 7 mos", "location": "Amersfoort", "title": "Applications Engineer"}, {"company_name": "INESC (Institute for Systems and computer Engineering of Porto)", "dates_employed": "Sep 2008\u2013Jul 2010", "employment_duration": "1 yr 11 mos", "location": "Porto, Portugal", "title": "Researcher at the Multimedia and Telecommunication Deparment"}, {"company_name": "Universidad Polit\u00e9cnica de Madrid", "dates_employed": "Nov 2005\u2013Jul 2006", "employment_duration": "9 mos", "location": "Madrid Area, Spain", "title": "Internship at the Physics and Mathematics Department."}], "education": [{"institution": "KeepCoding", "degree_details": {"degree_name": "FULL STACK BIG DATA, AI Y MACHINE LEARNING BOOTCAMP", "field_of_study": "Artificial Intelligence", "dates_attended_or_expected_graduation": "2020"}}, {"institution": "Blekinge Institute of Technology", "degree_details": {"dates_attended_or_expected_graduation": "2006 \u2013 2007", "degree_name": null, "field_of_study": null}}, {"institution": "Universidad Polit\u00e9cnica de Madrid", "degree_details": {"degree_name": "BSc in Telecommunications Engineering, majored Sound and Image", "field_of_study": "Telecommunications", "dates_attended_or_expected_graduation": "2001 \u2013 2007"}}], "employee_name": "h6TbQfEyidM868Ix*CHm/P5OSMuMsUiWop+qXiA==*Cy0MgiWKjPLuJYPACZdoUA==*eRhtwGkEkxgGeZgqVpVXuQ=="}, {"experience": [{"company_name": "arago GmbH", "dates_employed": "2012\u2013Present", "employment_duration": "10 yrs", "location": "Frankfurt am Main", "title": "HR Manager Administration"}, {"company_name": "arago AG", "dates_employed": "2006\u20132011", "employment_duration": "5 yrs", "location": "Frankfurt am Main", "title": "Assistentin des Vorstands"}, {"company_name": "Officemanagement Barbara Schmidt", "dates_employed": "2005\u20132006", "employment_duration": "1 yr", "location": "Gro\u00dfraum Rhein-Main", "title": "Officemanager"}, {"company_name": "Hospiz Arche Noah", "dates_employed": "2003\u20132004", "employment_duration": "1 yr", "location": "Schmitten im Taunus", "title": "Heimleiterin"}, {"company_name": "Helaba Invest Kapitalanlagegesellschaft mbH", "dates_employed": "1995\u20132003", "employment_duration": "8 yrs", "location": null, "title": "Gruppenleiterin EDV/Reporting"}], "education": [{"institution": "Verwaltungs- und Wirtschafts-Akademie Frankfurt", "degree_details": {"degree_name": "Diplom-Betriebswirt (VWA)", "field_of_study": "Organisation, Personalwesen", "dates_attended_or_expected_graduation": "1992 \u2013 1995"}}, {"institution": "RWE Betriebsverwaltung Nike", "degree_details": {"degree_name": "Industriekauffrau", "dates_attended_or_expected_graduation": "1986 \u2013 1988", "field_of_study": null}}], "employee_name": "tE+rCBBl+uRajSP1abSb*rasvk1h5eTzhbx56FcCIbg==*hL0kPttivu61GgNKFoPB+g==*Sjo0WWhTzVCKyPm1wOAhxQ=="}, {"experience": [{"company_name": "arago Consulting GmbH", "dates_employed": "2000\u2013Present", "employment_duration": "22 yrs", "location": "Frankfurt am Main und Umgebung, Deutschland", "title": "Gesch\u00e4ftsf\u00fchrer"}, {"company_name": "arago AG", "dates_employed": "Nov 1995\u2013Present", "employment_duration": "26 yrs 7 mos", "location": null, "title": "Gesch\u00e4ftsf\u00fchrer"}], "education": null, "employee_name": "YYLqD0/UE+zr8nAId+SZhw==*eJUaYDzlm7eVQF1YCcy5tw==*E9tbiPy0ShiE7oHTAnMLyQ==*EQl2k5Rm3ckVpUaMaP4rRw=="}, {"experience": null, "education": null, "employee_name": "Pe2C0O/vXPl+vi7vGg8c*ZaNmAoiOMeH23gzjcGvN4g==*W2WOIUsY/F4phoyV6tP/DA==*7+rj4398OLFyoFvmToRQ/A=="}, {"experience": null, "education": null, "employee_name": "uEwjAla9eXP1/G8r5mxe*DSzqas6VkcHCvWiJ2AoZxg==*psKCQwWNNeUDkR2p5FzGBw==*U2l90iLF9HQ0SDkbNzXf4Q=="}, {"experience": [{"company_name": "arago GmbH", "dates_employed": "Dec 2012\u2013Present", "employment_duration": "9 yrs 6 mos", "location": "Frankfurt Am Main, Germany", "title": "Senior Software Engineer"}, {"company_name": "Festo Bionic Lab, Arago", "dates_employed": "Nov 2017\u2013Apr 2018", "employment_duration": "6 mos", "location": "Stuttgart Area, Germany", "title": "BionicWorkplace"}, {"company_name": "Software MacKiev", "dates_employed": "Dec 2005\u2013Sep 2012", "employment_duration": "6 yrs 10 mos", "location": "Kiev, Ukraine", "title": "Software Engineer"}], "education": [{"institution": "Hochschule Darmstadt, Germany", "degree_details": {"degree_name": "Master of Science (M.S.)", "field_of_study": "Computer Science", "dates_attended_or_expected_graduation": "2012 \u2013 2015"}}, {"institution": "Odessa I.I.Mechnikov National University", "degree_details": {"degree_name": "Bachelor of Applied Science (B.A.Sc.)", "field_of_study": "Theoretical Mechanics", "dates_attended_or_expected_graduation": "2000 \u2013 2005"}}], "employee_name": "yDs5kirg/POL1DmD9gFHEr7Cr7NN*2pKDBWBen8CSwGWA2ZGxCQ==*p81PyuKMLXBzfWJ0oYOX+A==*0hsU2robmOXVCdfWv0e0Cw=="}, {"experience": [{"company_name": "arago GmbH", "dates_employed": "Mar 2020\u2013Present", "employment_duration": "2 yrs 3 mos", "location": "Frankfurt am Main, Hessen", "title": "Executive Assistant to Founder"}, {"company_name": "arago GmbH", "dates_employed": "Sep 2013\u2013Mar 2020", "employment_duration": "6 yrs 7 mos", "location": null, "title": "Executive Assistant To Chief Executive Officer and Founder"}, {"company_name": "YIT Germany GmbH", "dates_employed": "2008\u20132013", "employment_duration": "5 yrs", "location": "Frankfurt am Main und Umgebung, Deutschland", "title": "Sekret\u00e4rin des Projektleiters \u201cThe Squaire\"/ Flughafen Frankfurt"}, {"company_name": "JetConnection Businessflight AG", "dates_employed": "2002\u20132008", "employment_duration": "6 yrs", "location": "Frankfurt am Main und Umgebung, Deutschland", "title": "Assistentin der Gesch\u00e4ftsleitung"}, {"company_name": "AEG Hausger\u00e4te GmbH", "dates_employed": "1995\u20132001", "employment_duration": "6 yrs", "location": "Frankfurt am Main und Umgebung, Deutschland", "title": "Sekret\u00e4rin des Vorstandsvorsitzenden"}], "education": null, "employee_name": "KxEkJ5qKLxkuhre+*I47vWeyUT5rqubOIfrWLJw==*1D9swL4PPW7hkXuWIvF+2w==*UspeF70tUTcQ2umRIQAECQ=="}, {"experience": [{"company_name": "arago GmbH", "dates_employed": "Jan 2021\u2013Present", "employment_duration": "1 yr 5 mos", "location": "Madrid, Community of Madrid, Spain", "title": "KI Writer"}, {"company_name": "IBM", "dates_employed": "Jul 2018\u2013Jan 2021", "employment_duration": "2 yrs 7 mos", "location": "Lisbon Area, Portugal", "title": "Robotic Process Automation Engineer/Scrum Master"}, {"company_name": "Central de Cervejas e Bebidas", "dates_employed": "Jun 2018\u2013Aug 2018", "employment_duration": "3 mos", "location": "Lisbon Area, Portugal", "title": "Operational Processes Designer"}, {"company_name": "SIBS", "dates_employed": "Mar 2018\u2013Aug 2018", "employment_duration": "6 mos", "location": "Lisbon", "title": "API Automation Engineer/Scrum Master"}, {"company_name": "Portugal Telecom - IBM", "dates_employed": "Oct 2017\u2013Feb 2018", "employment_duration": "5 mos", "location": "Lisbon Area, Portugal", "title": "Scrum Master"}], "education": [{"institution": "Universidade Lus\u00f3fona de Tecnologias, Portugal", "degree_details": {"degree_name": "Master's Degree", "field_of_study": "Computer Engineering", "dates_attended_or_expected_graduation": "1996 \u2013 2004"}}], "employee_name": "zVdZx94S6cdFBQlzzA/0KS8=*wI8t0P2JGfup93pEr5ozoA==*EgJCD0EBZaDaZWNSLcFK9g==*z3ndzTJJCyBNOdLn2dZtCA=="}, {"experience": [{"company_name": "Move Technologies", "dates_employed": "Apr 2018\u2013Present", "employment_duration": "4 yrs 2 mos", "location": null, "title": "Senior Software Engineer"}, {"company_name": "arago GmbH", "dates_employed": null, "employment_duration": null, "location": null, "title": "Software Engineer"}], "education": [{"institution": "Royal Holloway, University of London", "degree_details": {"degree_name": "Master of Science - MS", "field_of_study": "Information Security", "dates_attended_or_expected_graduation": "2017 \u2013 2021"}}, {"institution": "Imperial College London", "degree_details": {"degree_name": "Bachelor of Science - BS", "field_of_study": "Mathematics", "dates_attended_or_expected_graduation": "1999 \u2013 2002"}}], "employee_name": "dTtiXyvNktBxbcPD*DO0u1EPlJXviQ4hhMB+R6g==*XiBg6Se6BhoxV5d7+1xSJA==*HSFiYsEblA0r8x3bTrn/Hw=="}, {"experience": [{"company_name": "arago GmbH", "dates_employed": "Sep 1999\u2013Present", "employment_duration": "22 yrs 9 mos", "location": null, "title": "Softwareingenieur"}], "education": [{"institution": "RheinMain University of Applied Sciences", "degree_details": {"degree_name": "Diplom", "field_of_study": "Informatik", "dates_attended_or_expected_graduation": null}}], "employee_name": "Pfl03pVlspRxCqgCmaiVhQ==*vknt4i3o8ZFsxjm6WG25lw==*Ahk6jJXoEPYa5jsDOWse+Q==*XKPyryrhHh4x+Kq62bkYyQ=="}, {"experience": [{"company_name": "arago GmbH", "dates_employed": "Jul 2015\u2013Present", "employment_duration": "6 yrs 11 mos", "location": null, "title": "DevOps-Ingenieur"}, {"company_name": "\u00d6RAG Rechtsschutzversicherungs-AG", "dates_employed": "May 2010\u2013Jun 2015", "employment_duration": "5 yrs 2 mos", "location": "D\u00fcsseldorf, Nordrhein-Westfalen, Deutschland", "title": "Systemadministrator"}, {"company_name": "ATX Europe GmbH", "dates_employed": "Jan 2002\u2013Apr 2010", "employment_duration": "8 yrs 4 mos", "location": "D\u00fcsseldorf, Nordrhein-Westfalen, Deutschland", "title": "Systemadministrator"}], "education": [{"institution": "TU Dortmund University", "degree_details": {"degree_name": "Diplom", "field_of_study": "Mathematik", "dates_attended_or_expected_graduation": null}}], "employee_name": "05wkT1n8yLvyBmC0fNCHMg==*D4PkKc3MLQIMOqJB85NQ8Q==*tsjT7me2VC5CFZGxu3rFrg==*Ngbbt8s6OnO0B/ppcp9WwA=="}, {"experience": [{"company_name": "arago GmbH", "dates_employed": "Oct 2017\u2013Present", "employment_duration": "4 yrs 8 mos", "location": "Wien/Frankfurt", "title": "Sales Director"}, {"company_name": "Arago Institut f\u00fcr komplexes Datenmanagement", "dates_employed": "2003\u2013Present", "employment_duration": "19 yrs", "location": null, "title": "Sales Manager"}, {"company_name": "arago AG", "dates_employed": "Oct 2002\u2013Present", "employment_duration": "19 yrs 8 mos", "location": null, "title": "Sales & Key Account Manager"}, {"company_name": "AIESEC in Germany", "dates_employed": "1996\u20132002", "employment_duration": "6 yrs", "location": null, "title": "Member"}], "education": [{"institution": "University of Bayreuth", "degree_details": {"dates_attended_or_expected_graduation": "1996 \u2013 2002", "degree_name": null, "field_of_study": null}}, {"institution": "University of Nebraska-Lincoln", "degree_details": {"dates_attended_or_expected_graduation": null, "degree_name": null, "field_of_study": null}}], "employee_name": "+eCq7Hu77GkoBubwo+jQSsOCYA==*tRPop3lhge1bysX4CoUjtg==*NNRSSwUMsSFgY7m8U51+gw==*91cSPle7/3qA83yt0v6ULw=="}, {"experience": [{"company_name": "arago GmbH", "dates_employed": null, "employment_duration": null, "location": null, "title": "Head of Finance"}], "education": null, "employee_name": "a7jxdiuaBAs/NiJKdIC5*TOhOYpHb4hjqzutnJVLQpw==*qHKX5FpyOAaiCNwaik4yfg==*OA54dPGkbHkNjBep8abz4Q=="}, {"experience": null, "education": null, "employee_name": "6ghpQbO5rtNp5VAmrmlJ*Vtgu0JC1Z1NbqaxXAgNg4A==*Wag1hK+CjIdevjb7QSmJag==*jTHZKXrpn/gC5gF89TwbGw=="}, {"experience": [{"company_name": "arago AG", "dates_employed": "Jan 2013\u2013Present", "employment_duration": "9 yrs 5 mos", "location": null, "title": "Technical Presales Consultant"}, {"company_name": "arago AG", "dates_employed": "Feb 2012\u2013Dec 2012", "employment_duration": "11 mos", "location": null, "title": "Project Administrator"}, {"company_name": "arago AG", "dates_employed": "Apr 1998\u2013Feb 2012", "employment_duration": "13 yrs 11 mos", "location": null, "title": "System Engineer"}], "education": [{"institution": "Ulm University", "degree_details": {"degree_name": "none", "dates_attended_or_expected_graduation": "1991 \u2013 1998", "field_of_study": null}}], "employee_name": "Gb+zfc/9GN5SZpKdUg==*PzWSL8fdSmUHBO/WyjH31Q==*VrJ+oTPe/VLod1mWLcsgzg==*W/SI0eQAlMQkBQjRklXlgg=="}, {"experience": [{"company_name": "arago GmbH", "dates_employed": "Aug 2008\u2013Present", "employment_duration": "13 yrs 10 mos", "location": "Frankfurt und Umgebung, Deutschland", "title": "UI/UX Designerin"}], "education": [{"institution": "Gutenbergschule Frankfurt am Main", "degree_details": {"dates_attended_or_expected_graduation": "2008 \u2013 2015", "degree_name": null, "field_of_study": null}}], "employee_name": "kFqwu5Dqde3iUhy34wE=*C+fxn/rKLTJd9rikqW/tyQ==*YJsb+H5QbJcHnII2+//wzQ==*aywJJsZ1NJboiRvcpjlQSA=="}, {"experience": [{"company_name": "arago Consulting GmbH", "dates_employed": "Jul 2009\u2013Present", "employment_duration": "12 yrs 11 mos", "location": null, "title": "Assistentin Vertrieb"}, {"company_name": "arago teleservice, arago AG", "dates_employed": "Nov 1998\u2013Jul 2001", "employment_duration": "2 yrs 9 mos", "location": null, "title": "Assistentin der Gesch\u00e4ftsleitung, Sekretariat"}], "education": [{"institution": "Universit\u00e4t Belgrad, Serbien, Universit\u00e4t Heidelberg", "degree_details": {"degree_name": "Diplom, M.A.", "field_of_study": "Anglistik und Germanistik", "dates_attended_or_expected_graduation": "1979 \u2013 1998"}}], "employee_name": "cg7Hqm8uXD41z7NkvXkcCw==*fXzX6VtD5JSsf6c7JjGVIA==*J7yrfXxDorFT6xGsgQ4wvA==*WtPh0pdO0dV3/iLnKKJU6w=="}, {"experience": [{"company_name": "arago AG", "dates_employed": null, "employment_duration": null, "location": null, "title": "Assistent to technical director"}], "education": null, "employee_name": "xN2VgijTesEYqNCICg==*ws+ygAjhBxkheKvr7/7+Lg==*lD+et75s09KLhIJq4sCQPg==*pG7Q5xwdSm68/Sg7B/6ZgQ=="}, {"experience": [{"company_name": "arago GmbH", "dates_employed": "Apr 2020\u2013Present", "employment_duration": "2 yrs 2 mos", "location": "Frankfurt Rhine-Main Metropolitan Area", "title": "Software Test Engineer"}, {"company_name": "arago GmbH", "dates_employed": "Jun 2017\u2013Mar 2020", "employment_duration": "2 yrs 10 mos", "location": "Frankfurt Am Main Area, Germany", "title": "Intern"}, {"company_name": "Technische Universit\u00e4t Darmstadt", "dates_employed": "Jun 2017\u2013Nov 2017", "employment_duration": "6 mos", "location": "Darmstadt Area, Germany", "title": "Student Hilfskraft"}, {"company_name": "Fraunhofer Institute for Secure Information Technology SIT", "dates_employed": "Oct 2015\u2013Feb 2016", "employment_duration": "5 mos", "location": "Darmstadt Area, Germany", "title": "Student Hilfskraft"}, {"company_name": "Thomson Reuters", "dates_employed": "Sep 2012\u2013Sep 2014", "employment_duration": "2 yrs 1 mo", "location": "Bangalore", "title": "Associate Software Engineer"}], "education": [{"institution": "Technische Universit\u00e4t Darmstadt", "degree_details": {"degree_name": "Master's degree", "field_of_study": "Distributed Software System", "dates_attended_or_expected_graduation": "2014 \u2013 2016"}}, {"institution": "SRINIVAS INSTITUTE OF TECHNOLOGY", "degree_details": {"degree_name": "Bachelor of Engineering (BEng)", "field_of_study": "Computer Science", "dates_attended_or_expected_graduation": "2008 \u2013 2012"}}, {"institution": "Canara Girls High School", "degree_details": {"dates_attended_or_expected_graduation": "2001 \u2013 2006", "degree_name": null, "field_of_study": null}}], "employee_name": "od6/E2vhRsy8Vg==*LsT0SbCh8A2TYFjVCTmWig==*8g0a1uKa4Dr7GiV7eK1agg==*gaxp01zNufpTZ+SSH4clMQ=="}, {"experience": null, "education": null, "employee_name": "lMod1jIF4uke5CB4xCvk*hi4TH4cG79Teg6IexytBpQ==*PTdxH1i7bV8uc8AMMwMUxQ==*ZcuVnmmIiC9Ykh3XM3AhkQ=="}, {"experience": null, "education": null, "employee_name": "+/Gn4n9zSdwGz8w0Iiy6*sbQITmdyfPn9RK4UZ5kjzg==*GJBwJD3o4wGIsNrnqJFfDA==*G2kLBeTFhBsPvbTX0QZ2Jw=="}, {"experience": [{"company_name": "arago AG", "dates_employed": null, "employment_duration": null, "location": null, "title": "Empfangssekret\u00e4rin"}, {"company_name": "arago AG", "dates_employed": null, "employment_duration": null, "location": null, "title": "Empfangssekret\u00e4rin"}, {"company_name": "arago AG", "dates_employed": null, "employment_duration": null, "location": null, "title": "Empfangssekret\u00c3\u00a4rin"}, {"company_name": "arago AG", "dates_employed": null, "employment_duration": null, "location": null, "title": "Empfangssekret\u00c3\u00a4rin"}, {"company_name": "arago AG", "dates_employed": null, "employment_duration": null, "location": null, "title": "Empfangssekret\u00e4rin"}], "education": null, "employee_name": "c1kqn7d5vr4YR2A1*q1r1ZbXdpzKDpaaK3IwTVQ==*qaU0GwUcJ8nWR5OhX+MW7Q==*3UMXvA8yKXJhiC13R1CfLA=="}]