[{"experience": [{"company_name": "SymphonyAI", "dates_employed": "Jan 2018\u2013Present", "employment_duration": "4 yrs 5 mos", "location": "Bengaluru Area, India", "title": "VP and Head of AI & Data Science"}, {"company_name": "Symphony AyasdiAI", "dates_employed": "Sep 2019\u2013Present", "employment_duration": "2 yrs 9 mos", "location": "Bengaluru Area, India", "title": "Fintech AI Leader"}, {"company_name": "Virtusa", "dates_employed": "Jan 2016\u2013Jan 2018", "employment_duration": "2 yrs 1 mo", "location": "bangalore", "title": "Solutions Head - Machine Learning &AI(Fintech Lab) and Chief Data Scientist"}, {"company_name": "EMC", "dates_employed": "Sep 2013\u2013Dec 2015", "employment_duration": "2 yrs 4 mos", "location": "Bangalore", "title": "Senior Architect (Data Science)"}, {"company_name": "Pivotal Software, Inc.", "dates_employed": "Sep 2013\u2013Dec 2015", "employment_duration": "2 yrs 4 mos", "location": "Bangalore", "title": "Senior Architect"}], "education": [{"institution": "Indian School of Business", "degree_details": {"degree_name": "Certificate on Business Analytics", "field_of_study": "Machine Learning and Advanced Analytics", "dates_attended_or_expected_graduation": "2014 \u2013 2015"}}, {"institution": "Jadavpur University", "degree_details": {"degree_name": "Bachelor of Engineering; in B.E", "field_of_study": "Instrumentation", "dates_attended_or_expected_graduation": "1995 \u2013 1999"}}, {"institution": "Burdwan Municipal High School", "degree_details": {"degree_name": "Higher Secondary", "field_of_study": "Sciences", "dates_attended_or_expected_graduation": "1983 \u2013 1995"}}], "employee_name": "qOJxfwAfU0LPuIK8vZIyZ/c7czH5*sstcsKpTRIjb7bAsXmrUrg==*5o6j/dVdF324jy/evVlWeQ==*T3/BUtsGwVZpJAt0GZbvKQ=="}, {"experience": [{"company_name": "Symphony AyasdiAI", "dates_employed": "Jan 2020\u2013Present", "employment_duration": "2 yrs 5 mos", "location": "Greater New York City Area", "title": "Chief Executive Officer"}, {"company_name": "Symphony AyasdiAI", "dates_employed": "May 2020\u2013Present", "employment_duration": "2 yrs 1 mo", "location": "New York, United States", "title": "Board Member"}, {"company_name": "Infosys Consulting", "dates_employed": "Oct 2019\u2013Jan 2020", "employment_duration": "4 mos", "location": "Greater New York City Area", "title": "Partner, Global Head of R&D and Solutions, AI & Automation"}, {"company_name": "Infosys", "dates_employed": "Aug 2019\u2013Jan 2020", "employment_duration": "6 mos", "location": "New York", "title": "Partner, Automation and Artifical Intelligence"}, {"company_name": "Teradata", "dates_employed": "Sep 2017\u2013Aug 2019", "employment_duration": "2 yrs", "location": "Greater New York City Area", "title": "Vice President, Consulting and Solutions, The Americas"}], "education": [{"institution": "University of Hull", "degree_details": {"degree_name": "Bachelors with honours", "dates_attended_or_expected_graduation": "1987 \u2013 1992", "field_of_study": null}}], "employee_name": "adFlq6qpzah7TQ==*Md4NoLl5Rc73UOgavjCmXQ==*gR9MFE3pPy71Hl0iFn94Ag==*tuPgm0aJoLflDPToLZhlgg=="}, {"experience": [{"company_name": "Stealth", "dates_employed": "2019\u2013Present", "employment_duration": "3 yrs", "location": "San Carlos, California, United States", "title": "Co-Founder, CTO"}, {"company_name": "Ayasdi", "dates_employed": "2018\u2013Present", "employment_duration": "4 yrs", "location": "Menlo Park, CA", "title": "Principal Engineer, Architect, Compute AI"}, {"company_name": "IoT Startup", "dates_employed": "2017\u2013Present", "employment_duration": "5 yrs", "location": "Menlo Park", "title": "Co-Founder, CTO"}, {"company_name": "Wipro Technologies", "dates_employed": "2013\u20132016", "employment_duration": "3 yrs", "location": null, "title": "Sr. Architect, CTO Office, Emerging Technologies"}, {"company_name": "Gur Inc.", "dates_employed": "2011\u20132013", "employment_duration": "2 yrs", "location": null, "title": "Founder / CTO / Advisor"}], "education": [{"institution": "Tel Aviv University", "degree_details": {"degree_name": "MSc", "field_of_study": "Computer Science", "dates_attended_or_expected_graduation": "1999 \u2013 2000"}}, {"institution": "Technion - Israel Institute of Technology", "degree_details": {"degree_name": "BA", "field_of_study": "Computer Science", "dates_attended_or_expected_graduation": "1994 \u2013 1997"}}], "employee_name": "+YwayaCkVLk=*1vtacTFQaGGfhIsqWMPrEA==*iO0edRtf0Pbl0ZNOU2kZYw==*6T0QoJV80kSGUjgIr4SuGQ=="}, {"experience": [{"company_name": "Symphony AyasdiAI", "dates_employed": "Jan 2021\u2013Present", "employment_duration": "1 yr 5 mos", "location": "New York, United States", "title": "Chief Marketing Officer"}, {"company_name": "Illusive Networks", "dates_employed": "Apr 2018\u2013Dec 2020", "employment_duration": "2 yrs 9 mos", "location": "Greater New York City Area", "title": "Director, NA Marketing"}, {"company_name": "FIS", "dates_employed": "Jun 2015\u2013Aug 2017", "employment_duration": "2 yrs 3 mos", "location": "Greater New York City Area", "title": "North America, Field Marketing Director"}, {"company_name": "Ankh Concepts", "dates_employed": "2012\u20132017", "employment_duration": "5 yrs", "location": null, "title": "Founder"}, {"company_name": "Rumble Inc", "dates_employed": "Feb 2014\u2013Jun 2014", "employment_duration": "5 mos", "location": null, "title": "Director of Marketing"}], "education": [{"institution": "London South Bank University", "degree_details": {"degree_name": "BA (Honours)", "field_of_study": "Business Studies with Marketing", "dates_attended_or_expected_graduation": "1984 \u2013 1988"}}, {"institution": "Magenta Business School", "degree_details": {"degree_name": "PostGraduate Diploma", "field_of_study": "Marketing", "dates_attended_or_expected_graduation": "1991 \u2013 1992"}}], "employee_name": "LECGef6tKd9H6tyPnA82xw==*opdcOUZnIt48I/6PLafNSw==*oLElbhShqMDIl2XBFnDpew==*bSP6cTGDmBOHnJi9CIS4eQ=="}, {"experience": [{"company_name": "Symphony AyasdiAI", "dates_employed": "Sep 2021\u2013Present", "employment_duration": "9 mos", "location": "London, England, United Kingdom", "title": "Director, Product Management"}, {"company_name": "Symphony AyasdiAI", "dates_employed": "Apr 2021\u2013Sep 2021", "employment_duration": "6 mos", "location": "London, England, United Kingdom", "title": "Senior Solutions Consultant"}, {"company_name": "GBG Plc", "dates_employed": "Jan 2021\u2013Apr 2021", "employment_duration": "4 mos", "location": "London, England, United Kingdom", "title": "Head of Product - Fraud"}, {"company_name": "Symphony AyasdiAI", "dates_employed": "Sep 2020\u2013Jan 2021", "employment_duration": "5 mos", "location": "London, England, United Kingdom", "title": "Senior Solutions Consultant"}, {"company_name": "Featurespace", "dates_employed": "Feb 2020\u2013Sep 2020", "employment_duration": "8 mos", "location": "Cambridge/London, United Kingdom", "title": "Principal Product Manager"}], "education": [{"institution": "The University of Manchester", "degree_details": {"degree_name": "MPhys (Hons)", "field_of_study": "Physics", "dates_attended_or_expected_graduation": "2003 \u2013 2007"}}], "employee_name": "xUEi225ao+M=*cBxRZrZtn010svNkU8yP5w==*AmVw0ZyiZG9KBastIZRX2g==*7GeeVtN07mRhVjNlE7y5oA=="}, {"experience": [{"company_name": "Symphony AyasdiAI", "dates_employed": "2019\u2013Present", "employment_duration": "3 yrs", "location": "Redwood Shores, CA", "title": "CFO"}, {"company_name": "Xeeva, Inc.", "dates_employed": "2018\u20132019", "employment_duration": "1 yr", "location": "Detroit, MI", "title": "CFO (Consulting)"}, {"company_name": "Qooco", "dates_employed": "2015\u20132018", "employment_duration": "3 yrs", "location": "San Francisco, CA", "title": "CFO"}, {"company_name": "Strevus", "dates_employed": "2014\u20132015", "employment_duration": "1 yr", "location": "San Francisco, CA", "title": "CFO (Consulting)"}, {"company_name": "NComputing", "dates_employed": "2007\u20132014", "employment_duration": "7 yrs", "location": "Santa Clara, CA", "title": "CFO"}], "education": [{"institution": "University of California, Berkeley", "degree_details": {"degree_name": "Bachelor\u2019s Degree", "dates_attended_or_expected_graduation": null, "field_of_study": null}}, {"institution": "University of California, Berkeley, Haas School of Business", "degree_details": {"degree_name": "Master\u2019s Degree", "dates_attended_or_expected_graduation": null, "field_of_study": null}}], "employee_name": "19a+Cafbj0mq5qbNi044+Q==*m7BMypjU5CHbbGpzb8AyCQ==*rt16T10kKdcpsFb5qvnyqw==*sqoHSvxkNofQBm8b498hVw=="}, {"experience": [{"company_name": "Symphony AyasdiAI", "dates_employed": "Sep 2020\u2013Present", "employment_duration": "1 yr 9 mos", "location": "New York, New York, United States", "title": "Head Of Market Research"}, {"company_name": "SymphonyAI", "dates_employed": "Mar 2020\u2013Sep 2020", "employment_duration": "7 mos", "location": "New York, New York, United States", "title": "Investment Research Analyst"}, {"company_name": "Chelsea Piers Connecticut", "dates_employed": "Nov 2019\u2013Jun 2020", "employment_duration": "8 mos", "location": "Stamford, Connecticut", "title": "Water Polo Coach"}, {"company_name": "Baxter Investment Management", "dates_employed": "Jun 2019\u2013Feb 2020", "employment_duration": "9 mos", "location": "Greenwich Connecticut", "title": "Analyst"}, {"company_name": "Pneuron", "dates_employed": "Jan 2019\u2013May 2019", "employment_duration": "5 mos", "location": "Greater New York City Area", "title": "Financial Analyst Internship"}], "education": [{"institution": "Loyola Marymount University", "degree_details": {"degree_name": "Bachelor's degree", "field_of_study": "Economics", "dates_attended_or_expected_graduation": "2015 \u2013 2019"}}], "employee_name": "LvRi12FJfujhbEg=*UcoaJbSt2MpZBKhkrLCavw==*qjur/Ffz1CN3gsTQHSDUSw==*ERzKCoxDhIzOX+2D7iT4YQ=="}, {"experience": [{"company_name": "Symphony AyasdiAI", "dates_employed": "Nov 2020\u2013Present", "employment_duration": "1 yr 7 mos", "location": "London, England Metropolitan Area", "title": "Sales Executive"}, {"company_name": "FIS", "dates_employed": "Nov 2017\u2013Nov 2020", "employment_duration": "3 yrs 1 mo", "location": "Canary Wharf", "title": "Sales Executive"}, {"company_name": "GryfflePay", "dates_employed": "Mar 2016\u2013Nov 2017", "employment_duration": "1 yr 9 mos", "location": "Hertford", "title": "Co Founder"}, {"company_name": "Aviso Novate", "dates_employed": "May 2012\u2013Mar 2016", "employment_duration": "3 yrs 11 mos", "location": "Killorglin", "title": "Head of Sales"}, {"company_name": "S1 Global, formerly Postilion", "dates_employed": "Jan 2008\u2013May 2012", "employment_duration": "4 yrs 5 mos", "location": null, "title": "EVP Business Development Europe"}], "education": null, "employee_name": "iaLpf52pWusTmg==*1x5As/3HEBuLz44CHRG52g==*7CDSIB77TmpXl+G+EBdJKg==*mmVBqyc7hcYVRDxM9ScaYQ=="}, {"experience": [{"company_name": "Symphony AyasdiAI", "dates_employed": "Nov 2020\u2013Present", "employment_duration": "1 yr 7 mos", "location": null, "title": "Chief Revenue Officer"}, {"company_name": "Symphony AyasdiAI", "dates_employed": "Aug 2019\u2013Nov 2020", "employment_duration": "1 yr 4 mos", "location": null, "title": "Head of Sales"}, {"company_name": "Nasdaq", "dates_employed": "Jul 2018\u2013Aug 2019", "employment_duration": "1 yr 2 mos", "location": null, "title": "Account Director"}, {"company_name": "Pitney Bowes Software", "dates_employed": "May 2013\u2013Jul 2018", "employment_duration": "5 yrs 3 mos", "location": null, "title": "Strategic Account Director - Financial Services"}, {"company_name": "Satmetrix Systems", "dates_employed": "2012\u20132013", "employment_duration": "1 yr", "location": "London, United Kingdom", "title": "AE - Global Mid-Market Solutions"}], "education": null, "employee_name": "EjhuCIJtGCibDyubcA==*C98JnxhMGkQ013Fp/8C2TA==*wSZXcj25/Jyz/8skyE59tA==*67AfsS8JzfcBAg4iE8m0XA=="}, {"experience": [{"company_name": "Symphony AyasdiAI", "dates_employed": "Jan 2022\u2013Present", "employment_duration": "5 mos", "location": "London, New York", "title": "Chief Technology Officer"}, {"company_name": "Symphony AyasdiAI", "dates_employed": "Dec 2020\u2013Present", "employment_duration": "1 yr 6 mos", "location": "New York, London", "title": "Vice President Of Engineering"}, {"company_name": "Emergynt", "dates_employed": "Oct 2019\u2013Present", "employment_duration": "2 yrs 8 mos", "location": "Greater New York City Area", "title": "Senior Advisor"}, {"company_name": "Tulane University", "dates_employed": "Oct 2018\u2013Present", "employment_duration": "3 yrs 8 mos", "location": "Greater New Orleans Area", "title": "Adjunct Faculty"}, {"company_name": "ShardSecure", "dates_employed": "Aug 2019\u2013Present", "employment_duration": "2 yrs 10 mos", "location": "Greater New York City Area", "title": "Senior Advisor"}], "education": [{"institution": "Baruch College", "degree_details": {"degree_name": "MBA", "field_of_study": "CIS", "dates_attended_or_expected_graduation": "1989"}}, {"institution": "NYU Wagner School of Public Policy", "degree_details": {"degree_name": "MPA", "field_of_study": "Finance and Financial Management Services", "dates_attended_or_expected_graduation": "1985"}}, {"institution": "New York University", "degree_details": {"degree_name": "BA", "field_of_study": "Economics", "dates_attended_or_expected_graduation": "1984"}}], "employee_name": "VTMVZ+R0avhmxwIXdw==*qcqYe5oVntz3nsf2YhZuxQ==*uEUyhv4cV89NqvUvRquq1Q==*J/50SwEwVSu19VsQFG4Wmg=="}, {"experience": [{"company_name": "Symphony AyasdiAI", "dates_employed": "Jan 2021\u2013Present", "employment_duration": "1 yr 5 mos", "location": "Austin, Texas Metropolitan Area", "title": "Senior Director, Application Architecture & DevOps"}, {"company_name": "Symphony AyasdiAI", "dates_employed": "Sep 2020\u2013Jan 2021", "employment_duration": "5 mos", "location": "Austin, Texas, United States", "title": "Director, Application Architecture & DevOps"}, {"company_name": "Lifesize", "dates_employed": "Mar 2020\u2013Sep 2020", "employment_duration": "7 mos", "location": "Austin, Texas, United States", "title": "Principal Architect, Engineering"}, {"company_name": "Serenova", "dates_employed": "Aug 2019\u2013Mar 2020", "employment_duration": "8 mos", "location": "Austin, Texas Area", "title": "Sr. Architect / Director Cloud Operations"}, {"company_name": "Capstone IT - We're Docker's premier partner", "dates_employed": "Mar 2019\u2013Aug 2019", "employment_duration": "6 mos", "location": "Austin, Texas Area", "title": "Cloud Solution Architect"}], "education": [{"institution": "University of Phoenix", "degree_details": {"degree_name": "Master of Science (M.S.)", "field_of_study": "Computer Information Management", "dates_attended_or_expected_graduation": "2003 \u2013 2006"}}, {"institution": "Franciscan University of Steubenville", "degree_details": {"degree_name": "Bachelor of Science", "field_of_study": "Computer Science", "dates_attended_or_expected_graduation": "1998 \u2013 2002"}}], "employee_name": "uxGtw+8slAG3UIDWkBfg*DI+blcBHqTJCECZbPMMAAQ==*llRu1RzT5uCeuoHMMZ6ZVQ==*ni9rboo6yvUni5bIbpmE9Q=="}, {"experience": [{"company_name": "Symphony AyasdiAI", "dates_employed": "May 2022\u2013Present", "employment_duration": "1 mo", "location": null, "title": "Global Head of Field Marketing"}, {"company_name": "BAE Systems Digital Intelligence", "dates_employed": "Mar 2013\u2013May 2022", "employment_duration": "9 yrs 3 mos", "location": null, "title": "Senior Marketing Manager, North America"}, {"company_name": "Staples Business Advantage", "dates_employed": "May 2012\u2013Dec 2012", "employment_duration": "8 mos", "location": "Description", "title": "B2B Marketing Project Manager"}, {"company_name": "Epicor Software", "dates_employed": "Sep 2007\u2013Sep 2011", "employment_duration": "4 yrs 1 mo", "location": null, "title": "Marketing Communications Manager"}, {"company_name": "Intuit", "dates_employed": "Nov 2005\u2013Sep 2007", "employment_duration": "1 yr 11 mos", "location": null, "title": "Associate Marketing Manager"}], "education": [{"institution": "California State University, Fresno", "degree_details": {"degree_name": "Bachelor of Science - BS", "field_of_study": "Business Management and Marketing", "dates_attended_or_expected_graduation": null}}, {"institution": "Community College of the Air Force", "degree_details": {"degree_name": "AS", "field_of_study": "Electronic Systems Technology", "dates_attended_or_expected_graduation": null}}], "employee_name": "9XqgsTO36fmzbig4j0dZHIXm*mZSSRtaeUtC7wp9ABJhibQ==*pt+AhZPmNJs3MZBPdX/Gtg==*QbOW6tj2SCdUf+fH3Fwm8Q=="}, {"experience": [{"company_name": "Symphony AyasdiAI", "dates_employed": "Mar 2021\u2013Present", "employment_duration": "1 yr 3 mos", "location": "Kansas City Metropolitan Area", "title": "SALES DIRECTOR"}, {"company_name": "KYC Global Technologies", "dates_employed": "Jan 2021\u2013Mar 2021", "employment_duration": "3 mos", "location": "United Kingdom", "title": "VICE PRESIDENT \u2013 NORTH AMERICAN SALES"}, {"company_name": "Pegasystems", "dates_employed": "Oct 2019\u2013Dec 2020", "employment_duration": "1 yr 3 mos", "location": "Cambridge, Massachusetts, United States", "title": "CLIENT LIFECYCLE MANAGEMENT/KYC SALES SPECIALIST & FINANCIAL CRIMES"}, {"company_name": "IBM", "dates_employed": "Jan 2017\u2013Oct 2019", "employment_duration": "2 yrs 10 mos", "location": "Armonk, New York, United States", "title": "WATSON FINANCIAL SERVICES BRAND SPECIALIST"}, {"company_name": "IBM", "dates_employed": "Jun 2014\u2013Sep 2019", "employment_duration": "5 yrs 4 mos", "location": "Armonk, New York, United States", "title": "SAFER PLANET SALES MANAGER \u2013 NORTH AMERICA"}], "education": [{"institution": "Kansas State University", "degree_details": {"degree_name": "Bachelor of Science", "field_of_study": "Computer Science", "dates_attended_or_expected_graduation": "1984 \u2013 1990"}}], "employee_name": "rd578xdK6yl5+g==*ea1YwLYG+J/0QI/f/EjveA==*euZJaO9DL+Z/EohPxtExeg==*9N94yC8HKmREBjr1Eziy4g=="}, {"experience": [{"company_name": "Symphony AyasdiAI", "dates_employed": "Jul 2021\u2013Present", "employment_duration": "11 mos", "location": "Redwood City, California, United States", "title": "Sr. Account Director"}, {"company_name": "ICE Mortgage Technology", "dates_employed": "Mar 2019\u2013May 2021", "employment_duration": "2 yrs 3 mos", "location": "San Francisco Bay Area", "title": "Senior Enterprise Account Executive"}, {"company_name": "Roostify", "dates_employed": "Oct 2017\u2013Mar 2019", "employment_duration": "1 yr 6 mos", "location": "San Francisco, California", "title": "Enterprise Sales Director"}, {"company_name": "Black Knight", "dates_employed": "Apr 2016\u2013Oct 2017", "employment_duration": "1 yr 7 mos", "location": null, "title": "Senior Vice President Of Sales"}, {"company_name": "Wolters Kluwer - Financial Services Solutions", "dates_employed": "Feb 2011\u2013Apr 2016", "employment_duration": "5 yrs 3 mos", "location": null, "title": "Director, Major Accounts Sales and Account Management"}], "education": [{"institution": "St. Cloud State University", "degree_details": {"degree_name": "Bachelor of Science (B.S.)", "field_of_study": "Business, Marketing, Public Relations & Speech Communication", "dates_attended_or_expected_graduation": "1987 \u2013 1991"}}], "employee_name": "TQrRRRg3Bib8RyqX*xJhggsenCqIfqMdMLrOhSg==*8Jkb1/qNqpH0XlxVJThBYQ==*JgwBbg8UiVdRqVz1ADpAEg=="}, {"experience": [{"company_name": "Symphony AyasdiAI", "dates_employed": "May 2022\u2013Present", "employment_duration": "1 mo", "location": "United States", "title": "Executive Assistant to C-Suite"}, {"company_name": "Hackensack Meridian Health", "dates_employed": "Jan 2022\u2013May 2022", "employment_duration": "5 mos", "location": "United States", "title": "Executive Assistant to C-Suite (contract)"}, {"company_name": "Select Dental Management LLC", "dates_employed": "Apr 2021\u2013Jan 2022", "employment_duration": "10 mos", "location": "Florham Park, New Jersey, United States", "title": "Executive Assistant To Chief Executive Officer"}, {"company_name": "Dun & Bradstreet", "dates_employed": "May 2019\u2013Mar 2020", "employment_duration": "11 mos", "location": "Short Hills, New Jersey, United States", "title": "Senior Executive Assistant"}, {"company_name": "Citi", "dates_employed": "Aug 2018\u2013Apr 2019", "employment_duration": "9 mos", "location": "New York, New York", "title": "Executive Assistant"}], "education": [{"institution": "Los Medanos College , Pittsburg, Ca - Business Administration", "degree_details": {"field_of_study": "Business Administration", "dates_attended_or_expected_graduation": "1994 \u2013 1996", "degree_name": null}}], "employee_name": "xT7sYXE9eCiE0/o=*VWPHGVJYt89lOXH7buz4OA==*HyaWXWNNykTDTYzCOav0EA==*Tp3DJfgJ56zgqwraGZzx8A=="}, {"experience": [{"company_name": "Symphony AyasdiAI", "dates_employed": "May 2022\u2013Present", "employment_duration": "1 mo", "location": "United States", "title": "VP of Finance"}, {"company_name": "Symphony AyasdiAI", "dates_employed": "Sep 2019\u2013Present", "employment_duration": "2 yrs 9 mos", "location": "California, United States", "title": "Controller/Director Finance"}, {"company_name": "Xeeva, Inc.", "dates_employed": "May 2018\u2013Sep 2019", "employment_duration": "1 yr 5 mos", "location": null, "title": "Director & Global Controller Finance"}, {"company_name": "Xeeva, Inc.", "dates_employed": "Aug 2017\u2013May 2018", "employment_duration": "10 mos", "location": null, "title": "Global Controller"}, {"company_name": "Integra Software Services Private Ltd", "dates_employed": "May 2015\u2013Aug 2017", "employment_duration": "2 yrs 4 mos", "location": null, "title": "Manager Finance"}], "education": [{"institution": "The Institute of Chartered Accountants of India", "degree_details": {"degree_name": "CA", "field_of_study": "Accounting", "dates_attended_or_expected_graduation": "1998 \u2013 2006"}}, {"institution": "Gujarat University", "degree_details": {"degree_name": "Master's degree", "field_of_study": "Accounts & Finance", "dates_attended_or_expected_graduation": "1995 \u2013 1998"}}], "employee_name": "wXxQdWuyYW2LeGMK*jAi1APL41jn1iVqbfFBIMw==*CqtY5VS4KyyljfWRS/QwPA==*ptD6RioQVPb+VGMNyVMX/A=="}, {"experience": [{"company_name": "Symphony AyasdiAI", "dates_employed": "Apr 2022\u2013Present", "employment_duration": "2 mos", "location": null, "title": "Senior Product Manager"}, {"company_name": "Lloyd's List Intelligence", "dates_employed": "Feb 2020\u2013Apr 2022", "employment_duration": "2 yrs 3 mos", "location": null, "title": "Product Manager"}, {"company_name": "Cuscal Limited", "dates_employed": "Jul 2018\u2013Jan 2020", "employment_duration": "1 yr 7 mos", "location": null, "title": "Product Manager"}, {"company_name": "ANZ", "dates_employed": "Jun 2017\u2013Jun 2018", "employment_duration": "1 yr 1 mo", "location": null, "title": "Lending Specialist"}, {"company_name": "Edmond de Rothschild", "dates_employed": "May 2015\u2013Feb 2017", "employment_duration": "1 yr 10 mos", "location": null, "title": "Investment Broker"}], "education": [{"institution": "The University of Sydney Business School", "degree_details": {"degree_name": "Master's degree", "field_of_study": "International Business/Trade/Commerce", "dates_attended_or_expected_graduation": "2017 \u2013 2018"}}, {"institution": "Oxford Brookes University", "degree_details": {"degree_name": "BA Honours", "field_of_study": "Business and Marketing Management", "dates_attended_or_expected_graduation": "2009 \u2013 2011"}}], "employee_name": "Qafw/2Hl6Ec=*WN92Nk+SKz2VQP27qbG6uA==*fsEn83g4Sw9sQyptji9bDQ==*mF0TPtkJjrJUjPa6Imd36w=="}, {"experience": [{"company_name": "Symphony AyasdiAI", "dates_employed": "Sep 2020\u2013Present", "employment_duration": "1 yr 9 mos", "location": null, "title": "Head of Solution Engineering, NAM"}, {"company_name": "BAE Systems, Inc.", "dates_employed": "Mar 2019\u2013Sep 2020", "employment_duration": "1 yr 7 mos", "location": "Mclean, Virginia", "title": "Global FS Analytics Lead"}, {"company_name": "Accenture", "dates_employed": "Aug 2016\u2013Feb 2019", "employment_duration": "2 yrs 7 mos", "location": "Washington D.C. Metro Area", "title": "Analytics and Modeling Manager"}, {"company_name": "Accenture", "dates_employed": "Mar 2015\u2013Feb 2019", "employment_duration": "4 yrs", "location": "Washington D.C. Metro Area", "title": "Analytics and Modeling Associate Manager"}, {"company_name": "Agilex Technologies", "dates_employed": "Jan 2015\u2013Mar 2015", "employment_duration": "3 mos", "location": "Alexandria, VA", "title": "Quantitative Analyst (Acquired by Accenture)"}], "education": [{"institution": "University at Albany, SUNY", "degree_details": {"degree_name": "M.S.", "field_of_study": "Biostatistics", "dates_attended_or_expected_graduation": "2011 \u2013 2014"}}, {"institution": "The City College of New York, CUNY", "degree_details": {"degree_name": "B.S", "field_of_study": "Applied Mathematics", "dates_attended_or_expected_graduation": "2005 \u2013 2010"}}], "employee_name": "fZfeA41fG4jIv8ejti8NSQ==*5H8pHpunj1DPPHNdz6zLYQ==*d+JuLTfsgBI6gxxxIiFo5Q==*2n21nAzG6juxnFxameshhA=="}, {"experience": [{"company_name": "Symphony AyasdiAI", "dates_employed": "Jan 2021\u2013Present", "employment_duration": "1 yr 5 mos", "location": null, "title": "Program Director"}, {"company_name": "Arachnys", "dates_employed": "Jan 2020\u2013Sep 2020", "employment_duration": "9 mos", "location": "London, United Kingdom", "title": "Interim Head of Product / Head of Customer Success"}, {"company_name": "Arachnys", "dates_employed": "Jun 2018\u2013Jan 2020", "employment_duration": "1 yr 8 mos", "location": "London, United Kingdom", "title": "Implementation Specialist"}, {"company_name": "Deutsche Bank", "dates_employed": "Oct 2016\u2013Aug 2017", "employment_duration": "11 mos", "location": "London, United Kingdom", "title": "IT Programme Manager - Global Transaction Monitoring"}, {"company_name": "State Street", "dates_employed": "Feb 2016\u2013Jul 2016", "employment_duration": "6 mos", "location": null, "title": "AML Consultant"}], "education": null, "employee_name": "7AA8gGo0PY2Njek=*eWMOzFwN36Y5kjdoUQHV8w==*BEOBLYSG2XH6DkZnxGYC9A==*HZlJPZyznAmhTha9cmuWQQ=="}, {"experience": [{"company_name": "Symphony AyasdiAI", "dates_employed": "Jan 2015\u2013Present", "employment_duration": "7 yrs 5 mos", "location": null, "title": "Product Marketing Manager"}, {"company_name": "Tyvak Nano-Satellite Systems, Inc.", "dates_employed": "Feb 2012\u2013Sep 2015", "employment_duration": "3 yrs 8 mos", "location": null, "title": "Marketing Manger"}], "education": null, "employee_name": "bFE/iGWW6mF1Bdsz2ah1*zAZGH7nUw1EUhX3HZJML0w==*yxIFzNY5pEBdMCk4xJlmDA==*KX0OXVS6HCeRh4cpZKSFgQ=="}, {"experience": [{"company_name": "Ayasdi", "dates_employed": "2016\u2013Present", "employment_duration": "6 yrs", "location": "Menlo Park", "title": "Sr. Test Infrastructure Manager"}, {"company_name": "Oracle", "dates_employed": "Nov 2014\u2013Aug 2016", "employment_duration": "1 yr 10 mos", "location": "Redwood Shores, CA", "title": "Sr. Software Development Manager"}, {"company_name": "VMware", "dates_employed": "Sep 2006\u2013Nov 2014", "employment_duration": "8 yrs 3 mos", "location": "Palo Alto, CA", "title": "QA Staff Automation Engineer"}, {"company_name": "LogiGear", "dates_employed": "May 1995\u2013Sep 2006", "employment_duration": "11 yrs 5 mos", "location": null, "title": "Manager, Automation Services"}], "education": null, "employee_name": "yxYX7sRpehTklMI=*9jAWVw/fBJJy1ZgWvVRG+g==*jqKGcHgaOJ0CLE/f8Mvurg==*XNRZf0hvYuNgmaxj5QFLgQ=="}, {"experience": [{"company_name": "Symphony AyasdiAI", "dates_employed": "Dec 2020\u2013Present", "employment_duration": "1 yr 6 mos", "location": "Kalispell, Montana, United States", "title": "Manager of Software Development"}, {"company_name": "FullStack Labs", "dates_employed": "Dec 2018\u2013Dec 2020", "employment_duration": "2 yrs 1 mo", "location": "Kalispell, Montana", "title": "Software Architect"}, {"company_name": "Red Hat", "dates_employed": "Aug 2016\u2013Nov 2018", "employment_duration": "2 yrs 4 mos", "location": "Kalispell, Montana", "title": "Senior Software Engineer"}, {"company_name": "Ninja Enterprises LLC", "dates_employed": "Sep 2012\u2013Jan 2017", "employment_duration": "4 yrs 5 mos", "location": "Austin, Texas Area", "title": "CEO/Head Ninja"}, {"company_name": "Booz Allen Hamilton", "dates_employed": "Sep 2015\u2013Aug 2016", "employment_duration": "1 yr", "location": "Austin, TX", "title": "Lead Cloud Engineer"}], "education": [{"institution": "Texas Tech University - Rawls College of Business", "degree_details": {"degree_name": "BBA", "field_of_study": "Management of Information Systems", "dates_attended_or_expected_graduation": "1999 \u2013 2003"}}], "employee_name": "EUA4tLWPOfX/8Q==*e8lHN1/bxaVrRJkj0ujrNQ==*l6qDgkBL6mju8JsY+nAyJQ==*Gjrap/ntGxQvyoBrq4JjLQ=="}, {"experience": [{"company_name": "Symphony AyasdiAI", "dates_employed": "Jul 2021\u2013Present", "employment_duration": "11 mos", "location": "United States", "title": "Sr Sales Director"}, {"company_name": "Naehas", "dates_employed": "Mar 2020\u2013Feb 2022", "employment_duration": "2 yrs", "location": "United States", "title": "Sr Account and Business Development Executive"}, {"company_name": "Wolters Kluwer - Financial Services Solutions", "dates_employed": "Jan 2018\u2013Mar 2020", "employment_duration": "2 yrs 3 mos", "location": "United States", "title": "Sr Account Executive"}, {"company_name": "CRIF Lending Solutions", "dates_employed": "Oct 2016\u2013Jan 2018", "employment_duration": "1 yr 4 mos", "location": null, "title": "Director Of Business Development"}, {"company_name": "Wolters Kluwer Financial Services", "dates_employed": "Jan 2011\u2013Nov 2016", "employment_duration": "5 yrs 11 mos", "location": "Named Accounts in the USA", "title": "Sr. Account Executive"}], "education": [{"institution": "Murray State University", "degree_details": {"degree_name": "Bachelor of Arts (B.A.)", "field_of_study": "Public Relations/Image Management", "dates_attended_or_expected_graduation": "1993 \u2013 1998"}}, {"institution": "Murray State University", "degree_details": {"degree_name": "Bachelor of Science (BS)", "field_of_study": "Public Relations and Political Science", "dates_attended_or_expected_graduation": "1993 \u2013 1998"}}], "employee_name": "4Xl48tPqgro3uA==*XXyt+qH/iy1Pu02id1yxww==*uLhINK3lVFS1SqaEc+IkFQ==*zvI+EQkjv6Q6/sJ7RpR1rA=="}, {"experience": [{"company_name": "Symphony AyasdiAI", "dates_employed": "Sep 2021\u2013Present", "employment_duration": "9 mos", "location": "London, England, United Kingdom", "title": "Senior Product Manager"}, {"company_name": "ComplyAdvantage", "dates_employed": "Oct 2019\u2013Sep 2021", "employment_duration": "2 yrs", "location": "London, United Kingdom", "title": "Product Manager"}, {"company_name": "Wandera", "dates_employed": "Feb 2018\u2013Oct 2019", "employment_duration": "1 yr 9 mos", "location": "London, United Kingdom", "title": "Product Owner"}, {"company_name": "Green Park Content", "dates_employed": "May 2017\u2013Feb 2018", "employment_duration": "10 mos", "location": "London, United Kingdom", "title": "Product Owner"}, {"company_name": "Green Park Content", "dates_employed": "Jan 2017\u2013Apr 2017", "employment_duration": "4 mos", "location": "Londra, Regno Unito", "title": "Product Analyst"}], "education": [{"institution": "Politecnico di Milano", "degree_details": {"degree_name": "Master's degree", "field_of_study": "Engineering/Industrial Management", "dates_attended_or_expected_graduation": "2014 \u2013 2016"}}, {"institution": "TalTech \u2013 Tallinn University of Technology", "degree_details": {"field_of_study": "Marketing, Finance, Engineering", "dates_attended_or_expected_graduation": "2015 \u2013 2015", "degree_name": null}}, {"institution": "Politecnico di Milano", "degree_details": {"degree_name": "Bachelor's degree", "field_of_study": "Engineering/Industrial Management", "dates_attended_or_expected_graduation": "2011 \u2013 2014"}}], "employee_name": "+2Kt8duM7FIWOHnaE5Eh*qKrA68h2JcCbxq0O0vqC2A==*mE9NG38CNJ2ZwKjB3dmwPw==*6rG7UjAiocoGbLdAKu8nRQ=="}, {"experience": [{"company_name": "Ayasdi", "dates_employed": "Oct 2015\u2013Present", "employment_duration": "6 yrs 8 mos", "location": "Menlo Park", "title": "Software Development Engineer in Test"}, {"company_name": "LogiGear Corporation", "dates_employed": "Nov 2008\u2013Oct 2015", "employment_duration": "7 yrs", "location": null, "title": "Sr. QA Engineer"}, {"company_name": "Cognizant Technology Solutions", "dates_employed": "Feb 2006\u2013Jan 2007", "employment_duration": "1 yr", "location": null, "title": "Programmer Analyst"}, {"company_name": "Servelots Infotech", "dates_employed": "Mar 2004\u2013Feb 2006", "employment_duration": "2 yrs", "location": null, "title": "Software Test Engineer"}, {"company_name": "Children's Movement for Civic Awareness", "dates_employed": "2001\u20132004", "employment_duration": "3 yrs", "location": null, "title": "Program Assistant"}], "education": [{"institution": "National College, Jayanagar, Bangalore", "degree_details": {"degree_name": "Bachelor of Computer Science", "field_of_study": "Computer Science", "dates_attended_or_expected_graduation": null}}, {"institution": "VET High School", "degree_details": {"dates_attended_or_expected_graduation": "1984 \u2013 1994", "degree_name": null, "field_of_study": null}}, {"institution": "Indira Gandhi National Open University", "degree_details": {"degree_name": "MCA", "field_of_study": "Computer Application", "dates_attended_or_expected_graduation": null}}], "employee_name": "fHhRyB0Rye7cB3gr1w==*z87s8d9Hy33zHkrFNciIUg==*EI+lw17qsepaAnrvBetrZg==*ipaB4eXr5hNwWSsR+pNeQw=="}, {"experience": [{"company_name": "Ayasdi", "dates_employed": "Jun 2002\u2013Present", "employment_duration": "20 yrs", "location": null, "title": "Consultant informatique"}], "education": null, "employee_name": "hT4d5dbGUKuGKMj5PLAkdw==*5rduewEIEHxLowIsGcd9rA==*K1DH8RBkL+ytAHzZBna1CQ==*d/KI8hFjDSkkDAaj/3QXhQ=="}, {"experience": [{"company_name": "Symphony AyasdiAI", "dates_employed": "Oct 2020\u2013Present", "employment_duration": "1 yr 8 mos", "location": null, "title": "Senior Data Scientist"}, {"company_name": "Sompo International", "dates_employed": "Aug 2015\u2013Oct 2020", "employment_duration": "5 yrs 3 mos", "location": "London", "title": "Senior Quantitative Model Developer"}, {"company_name": "Montpelier at Lloyd's", "dates_employed": "Feb 2013\u2013Aug 2015", "employment_duration": "2 yrs 7 mos", "location": null, "title": "Enterprise Risk Analyst"}, {"company_name": "Capita Employee Benefits", "dates_employed": "Nov 2012\u2013Feb 2013", "employment_duration": "4 mos", "location": "London, United Kingdom", "title": "Actuarial Analyst"}], "education": [{"institution": "University of Warwick", "degree_details": {"degree_name": "MMath", "field_of_study": "Mathematics", "dates_attended_or_expected_graduation": "2007 \u2013 2011"}}, {"institution": "Edgbarrow School", "degree_details": {"degree_name": "A Levels", "dates_attended_or_expected_graduation": "2005 \u2013 2007", "field_of_study": null}}], "employee_name": "2XkPgUk4EBjiAQ==*r+TfbikQ1oWTJrQtLiiTuw==*Uxc4YDtNCd2Bfv0lY9YTjA==*kAaSkS1XuUBRqBWxz+yzVQ=="}, {"experience": [{"company_name": "Symphony AyasdiAI", "dates_employed": "Nov 2021\u2013Present", "employment_duration": "7 mos", "location": "Bengaluru, Karnataka, India", "title": "Prinicipal Integration Architect"}, {"company_name": "Symphony AyasdiAI", "dates_employed": "Aug 2020\u2013Nov 2021", "employment_duration": "1 yr 4 mos", "location": "Bengaluru, Karnataka, India", "title": "Technical Architect - Customer Success"}, {"company_name": "Razorthink Inc.", "dates_employed": "Jun 2019\u2013Aug 2020", "employment_duration": "1 yr 3 mos", "location": "Bengaluru Area, India", "title": "AI Solution Architect"}, {"company_name": "RazorThink", "dates_employed": "Jun 2017\u2013May 2019", "employment_duration": "2 yrs", "location": "Bengaluru, Karnataka, India", "title": "QA Lead"}, {"company_name": "Accenture", "dates_employed": "Mar 2015\u2013May 2017", "employment_duration": "2 yrs 3 mos", "location": "Bengaluru, Karnataka, India", "title": "Software Engineering Senior Analyst"}], "education": [{"institution": "Roland Institute of Technology (RIT), Berhampur", "degree_details": {"degree_name": "Bachelor of Technology (B.Tech.)", "field_of_study": "Electrical and Electronics Engineering", "dates_attended_or_expected_graduation": "2007 \u2013 2011"}}, {"institution": "Kendriya Vidyalaya", "degree_details": {"degree_name": "Class 12th", "field_of_study": "Mathematics, Physics, and Chemistry", "dates_attended_or_expected_graduation": "2005 \u2013 2007"}}, {"institution": "Birla Institute of Technology and Science, Pilani", "degree_details": {"degree_name": "Master of Technology - MTech", "field_of_study": "Computer Software Engineering", "dates_attended_or_expected_graduation": "2021 \u2013 2023"}}], "employee_name": "zaF74PTeKd0AEghH5+Qpvtc5Rq0=*1g+twzyPJ8T3aCu1+mZhDg==*Q9kwjwfJki5wUvbUIyKusA==*JQed7bP87Ae3nmZXQrWIXQ=="}, {"experience": [{"company_name": "Symphony AyasdiAI", "dates_employed": "Apr 2021\u2013Present", "employment_duration": "1 yr 2 mos", "location": "San Francisco Bay Area", "title": "Principal Data Scientist"}, {"company_name": "Deloitte Digital", "dates_employed": "Jan 2019\u2013Apr 2021", "employment_duration": "2 yrs 4 mos", "location": "San Francisco, CA, United States", "title": "Lead Machine Learning Engineer"}, {"company_name": "Bank of America", "dates_employed": "May 2017\u2013Jan 2019", "employment_duration": "1 yr 9 mos", "location": "San Francisco Bay Area", "title": "VP, Quantitative Finance Analyst"}, {"company_name": "Altair", "dates_employed": "Apr 2014\u2013May 2017", "employment_duration": "3 yrs 2 mos", "location": "Sunnyvale, California", "title": "Manager of CFD Software Development"}, {"company_name": "Altair Engineering", "dates_employed": "Feb 2012\u2013Apr 2014", "employment_duration": "2 yrs 3 mos", "location": "Mountain View, CA", "title": "Senior CFD Software Development Engineer"}], "education": [{"institution": "University of Toronto", "degree_details": {"degree_name": "PhD", "field_of_study": "Mechanical Engineering, Computational Fluid Dynamics", "dates_attended_or_expected_graduation": "2005 \u2013 2009"}}, {"institution": "University of Windsor", "degree_details": {"degree_name": "MASc", "field_of_study": "Mechanical Engineering, Experimental and Theoretical Fluid Mechanics", "dates_attended_or_expected_graduation": "2004 \u2013 2005"}}], "employee_name": "SMcH2TwpVdEMqHE=*tdFT6+KVvAlSkEiG10zhOg==*NJopvUe0d8pkIrnFtpDD8g==*ao26CUVtg1g3yJF+EyRy4Q=="}, {"experience": [{"company_name": "Symphony AyasdiAI", "dates_employed": "Apr 2021\u2013Present", "employment_duration": "1 yr 2 mos", "location": null, "title": "Lead Engineer"}, {"company_name": "Lifesize", "dates_employed": "Oct 2020\u2013Apr 2021", "employment_duration": "7 mos", "location": null, "title": "Director, SysOps"}, {"company_name": "Serenova", "dates_employed": "Jul 2019\u2013Oct 2020", "employment_duration": "1 yr 4 mos", "location": "Austin, TX", "title": "Sr Manager, SysOps"}, {"company_name": "Serenova", "dates_employed": "Nov 2017\u2013Jun 2019", "employment_duration": "1 yr 8 mos", "location": null, "title": "Manager, SysOps"}, {"company_name": "Serenova", "dates_employed": "Jan 2017\u2013Oct 2017", "employment_duration": "10 mos", "location": null, "title": "Senior Infrastructure Systems Engineer"}], "education": null, "employee_name": "7pXwCaHJQUUF4vItR8E=*MrFF4WBduzpgWENo3Zv0eA==*wLxp0zWBkNo65A0ZbMnMLw==*JiApqsVFaV7Fhl937nxcbA=="}, {"experience": [{"company_name": "Symphony AyasdiAI", "dates_employed": "Nov 2021\u2013Present", "employment_duration": "7 mos", "location": null, "title": "Program Director"}, {"company_name": "SAS", "dates_employed": "May 2000\u2013Sep 2021", "employment_duration": "21 yrs 5 mos", "location": null, "title": "Principal Implementation Project Manager"}, {"company_name": "BMC Software", "dates_employed": "1999\u20132000", "employment_duration": "1 yr", "location": null, "title": "System Consultant"}, {"company_name": "Platinum Technologies", "dates_employed": "1998\u20131999", "employment_duration": "1 yr", "location": null, "title": "System Engineer"}, {"company_name": "Aon Finanical Services", "dates_employed": "1996\u20131998", "employment_duration": "2 yrs", "location": null, "title": "Assistant to Assistant Vice President, Financial Services"}], "education": [{"institution": "Metropolitan State University of Denver", "degree_details": {"degree_name": "BA", "field_of_study": "Elementary Education, Data Processing", "dates_attended_or_expected_graduation": "1985 \u2013 1989"}}, {"institution": "Heritage High School", "degree_details": {"field_of_study": "General Studies", "dates_attended_or_expected_graduation": "1980 \u2013 1984", "degree_name": null}}], "employee_name": "xQsXpyQoIFMZAPc=*FD4rebST40ABERVlDmI7mw==*6/cJgVz+Ktrb4zSFVQR97A==*FGa855HRCZgv1H/nv0pnYw=="}, {"experience": [{"company_name": "Symphony AyasdiAI", "dates_employed": "Jul 2020\u2013Present", "employment_duration": "1 yr 11 mos", "location": "Tucson, Arizona, United States", "title": "Data Architect"}, {"company_name": "Ayasdi", "dates_employed": "May 2017\u2013Present", "employment_duration": "5 yrs 1 mo", "location": null, "title": "Senior Software Engineer"}, {"company_name": "IBM", "dates_employed": "2012\u2013May 2017", "employment_duration": "5 yrs", "location": "Tucson, AZ", "title": "Senior Technical Staff Memeber"}, {"company_name": "Knowledge Computing", "dates_employed": "May 2000\u2013Jan 2012", "employment_duration": "11 yrs 9 mos", "location": null, "title": "Director of Engineering"}, {"company_name": "University of Arizona, Eller College of Management", "dates_employed": "1998\u2013May 2000", "employment_duration": "2 yrs", "location": "Tucson, Arizona Area", "title": "Research Programmer"}], "education": [{"institution": "University of Arizona", "degree_details": {"degree_name": "BS Computer Science", "field_of_study": "Computer Science", "dates_attended_or_expected_graduation": "1994 \u2013 2000"}}], "employee_name": "MmLH8WPtNfGeumY=*i5NGKVoFKqdRcZOlhsnzJA==*5PSx2MaHXO2gO60DZ7Gdbw==*USFrwl3ox6WP1o7jh7GqMw=="}, {"experience": [{"company_name": "Ayasdi", "dates_employed": "May 2019\u2013Present", "employment_duration": "3 yrs 1 mo", "location": "Menlo Park, California", "title": "Senior DevOps Engineer"}, {"company_name": "Ayasdi", "dates_employed": "May 2017\u2013May 2019", "employment_duration": "2 yrs 1 mo", "location": "Menlo Park, California", "title": "DevOps Engineer"}, {"company_name": "UnitedLayer", "dates_employed": "Aug 2014\u2013May 2017", "employment_duration": "2 yrs 10 mos", "location": "San Francisco Bay Area", "title": "Software Engineer"}, {"company_name": "UnitedLayer", "dates_employed": "Apr 2014\u2013Aug 2014", "employment_duration": "5 mos", "location": "San Francisco Bay Area", "title": "Data Center Technician"}, {"company_name": "Contract Project", "dates_employed": "Jan 2014\u2013Apr 2014", "employment_duration": "4 mos", "location": "San Francisco Bay Area", "title": "Software Developer"}], "education": [{"institution": "University of California, Santa Cruz", "degree_details": {"degree_name": "Bachelor\u2019s Degree", "field_of_study": "Computer Science", "dates_attended_or_expected_graduation": "2009 \u2013 2013"}}, {"institution": "Head-Royce School", "degree_details": {"degree_name": "High School", "dates_attended_or_expected_graduation": "2005 \u2013 2009", "field_of_study": null}}], "employee_name": "CSMdRrV8*EOoQFFWJ0ipcAgVrrb1O5w==*ASdRLkGGB/PFfTBiYhayqQ==*yWuTh02td+nts8fivisieg=="}, {"experience": [{"company_name": "Symphony AyasdiAI", "dates_employed": "Feb 2020\u2013Present", "employment_duration": "2 yrs 4 mos", "location": "Bengaluru, Karnataka, India", "title": "Senior Software Engineer"}, {"company_name": "Accion Labs", "dates_employed": "Feb 2019\u2013Jan 2020", "employment_duration": "1 yr", "location": "Bengaluru, Karnataka, India", "title": "Senior Software Engineer"}, {"company_name": "Innoplexus", "dates_employed": "Feb 2017\u2013Dec 2018", "employment_duration": "1 yr 11 mos", "location": null, "title": "Senior Software Development Engineer Test"}, {"company_name": "Cybage", "dates_employed": "Mar 2014\u2013Jan 2017", "employment_duration": "2 yrs 11 mos", "location": "Pune", "title": "Quality Assurance Engineer"}], "education": [{"institution": "cdac", "degree_details": {"dates_attended_or_expected_graduation": "2013 \u2013 2014", "degree_name": null, "field_of_study": null}}, {"institution": "Government Engineering College, bilaspur", "degree_details": {"degree_name": "Computer science", "dates_attended_or_expected_graduation": "2009 \u2013 2013", "field_of_study": null}}], "employee_name": "gLOe3BEmN0Wwtl8=*xEEmbp0FPB0xfXMZN8asAg==*2Ze+0VkCIEAkC/Yv5RQf6A==*x2qA7yv5C8+ybb4oh/jGdQ=="}, {"experience": [{"company_name": "Menlo Park-Atherton Education Foundation", "dates_employed": "2012\u2013Present", "employment_duration": "10 yrs", "location": null, "title": "Board Member"}, {"company_name": "Ayasdi", "dates_employed": "Aug 2012\u2013Present", "employment_duration": "9 yrs 10 mos", "location": null, "title": "Marketing"}, {"company_name": "Harborside Healthcare", "dates_employed": "Aug 1998\u2013Jul 1999", "employment_duration": "1 yr", "location": "Greater Boston Area", "title": "Marketing Director"}, {"company_name": "Cornell University", "dates_employed": "Aug 1996\u2013Jun 1998", "employment_duration": "1 yr 11 mos", "location": "Ithaca, New York Area", "title": "Alumni Affairs and Develepment"}, {"company_name": "Genesis HealthCare", "dates_employed": "1994\u20131996", "employment_duration": "2 yrs", "location": null, "title": "Marketing Director"}], "education": [{"institution": "Penn State University", "degree_details": {"degree_name": "BS", "field_of_study": "Health Policy and Administration", "dates_attended_or_expected_graduation": "1988 \u2013 1992"}}, {"institution": "School name:", "degree_details": {"dates_attended_or_expected_graduation": null, "degree_name": null, "field_of_study": null}}], "employee_name": "7kQHbkE2tyi2zQs=*44sojv09Qn/a0kAJAeJUHw==*SrgJby4IbVPFMtADBG27wA==*O40WG7XFHnBZIGWmYNzyLg=="}, {"experience": [{"company_name": "Symphony AyasdiAI", "dates_employed": "Jan 2022\u2013Present", "employment_duration": "5 mos", "location": "London", "title": "Senior Solutions Consultant"}, {"company_name": "Featurespace", "dates_employed": "Sep 2020\u2013Present", "employment_duration": "1 yr 9 mos", "location": "London, England, United Kingdom", "title": "AML Subject Matter Expert"}, {"company_name": "Self-employed", "dates_employed": "Jan 2020\u2013Sep 2020", "employment_duration": "9 mos", "location": null, "title": "Anti-Money Laundering Consultant"}, {"company_name": "NICE Actimize", "dates_employed": "Jul 2014\u2013Dec 2019", "employment_duration": "5 yrs 6 mos", "location": "London, United Kingdom", "title": "Principal, AML Solutions, EMEA & Asia Pacific"}, {"company_name": "NICE Actimize", "dates_employed": "Apr 2004\u2013Jun 2014", "employment_duration": "10 yrs 3 mos", "location": null, "title": "Head of Compliance, EMEA"}], "education": [{"institution": "University of Nottingham", "degree_details": {"degree_name": "Bachelor of Laws (LL.B.)", "field_of_study": "Law", "dates_attended_or_expected_graduation": "1982 \u2013 1985"}}, {"institution": "Brighton Hove & Sussex VI Form College", "degree_details": {"dates_attended_or_expected_graduation": "1979 \u2013 1981", "degree_name": null, "field_of_study": null}}, {"institution": "Brighton College", "degree_details": {"dates_attended_or_expected_graduation": "1974 \u2013 1979", "degree_name": null, "field_of_study": null}}], "employee_name": "f3iS6f7mFQGj0dCYlHA=*SI5fQ8bhAEx2AgVpM/IlKw==*lC2AC9eI/ZWinvh0AF2ZxQ==*EQGFL7FjLqqBQTlM3cMshg=="}, {"experience": [{"company_name": "Symphony AyasdiAI", "dates_employed": "Oct 2021\u2013Present", "employment_duration": "8 mos", "location": "Remote", "title": "Lead UI/UX Designer"}, {"company_name": "Cognite AS", "dates_employed": "Aug 2020\u2013Oct 2021", "employment_duration": "1 yr 3 mos", "location": "Austin, Texas, United States", "title": "Product Designer"}, {"company_name": "Girlstart", "dates_employed": "Jun 2021\u2013Jun 2021", "employment_duration": "1 mo", "location": null, "title": "Speaker - UI/UX"}, {"company_name": "SXSW", "dates_employed": "Mar 2021\u2013Mar 2021", "employment_duration": "1 mo", "location": "Austin, Texas, United States", "title": "Speaker - UI/UX Mentor"}, {"company_name": "Redwood Logistics", "dates_employed": "Apr 2017\u2013Aug 2020", "employment_duration": "3 yrs 5 mos", "location": "Austin, Texas Area", "title": "UI/UX Lead"}], "education": [{"institution": "Southern New Hampshire University", "degree_details": {"degree_name": "Master of Science (MS)", "field_of_study": "Information Technology, Web Development", "dates_attended_or_expected_graduation": "2017 \u2013 2019"}}, {"institution": "The Art Institutes", "degree_details": {"degree_name": "Bachelor's Degree", "field_of_study": "Web Design and Interactive Media", "dates_attended_or_expected_graduation": "2007 \u2013 2013"}}, {"institution": "The Woodlands High School", "degree_details": {"degree_name": "High School Diploma", "dates_attended_or_expected_graduation": "1997 \u2013 2001", "field_of_study": null}}], "employee_name": "gyWRP773+hF9*vTRsQSwF6sdBewQOIwkxXA==*y/LLuxqJ6aqi0iyBcjEG8Q==*1RPGUOFQ2nuT/hUSsBkhfA=="}, {"experience": [{"company_name": "Symphony AyasdiAI", "dates_employed": "Sep 2021\u2013Present", "employment_duration": "9 mos", "location": "Redwood City, California, United States", "title": "Staff Software Engineer"}, {"company_name": "Symphony AyasdiAI", "dates_employed": "Dec 2019\u2013Aug 2021", "employment_duration": "1 yr 9 mos", "location": "Redwood City, CA", "title": "Senior Software Engineer"}, {"company_name": "Ayasdi", "dates_employed": "Aug 2015\u2013Dec 2019", "employment_duration": "4 yrs 5 mos", "location": "Menlo Park, CA", "title": "Software Engineer"}, {"company_name": "Google", "dates_employed": "Jun 2014\u2013Apr 2015", "employment_duration": "11 mos", "location": "San Francisco Bay Area", "title": "Software Engineer"}, {"company_name": "RMS", "dates_employed": "May 2013\u2013Jun 2014", "employment_duration": "1 yr 2 mos", "location": "Newark, CA", "title": "Software Engineer"}], "education": [{"institution": "Georgia Institute of Technology", "degree_details": {"degree_name": "PhD candidate", "field_of_study": "Mathematics", "dates_attended_or_expected_graduation": "2005 \u2013 2011"}}, {"institution": "Peking University", "degree_details": {"degree_name": "MS", "field_of_study": "Computational Mathematics", "dates_attended_or_expected_graduation": "2000 \u2013 2003"}}, {"institution": "Peking University", "degree_details": {"degree_name": "BS", "field_of_study": "Computational Mathematics", "dates_attended_or_expected_graduation": "1995 \u2013 1999"}}], "employee_name": "+qmg9YlVP/Vq8/rGGg==*cTxyvBG2LELekuqn4nCsRA==*LCaj21LeDzwlqhd20JHqPQ==*7IhtieTRXOoaBNTTNApy2A=="}, {"experience": [{"company_name": "Symphony AyasdiAI", "dates_employed": "May 2021\u2013Present", "employment_duration": "1 yr 1 mo", "location": null, "title": "AI Researcher"}, {"company_name": "Winton", "dates_employed": "Jan 2020\u2013Mar 2021", "employment_duration": "1 yr 3 mos", "location": null, "title": "Investment Strategy"}, {"company_name": "JPMorgan Chase & Co.", "dates_employed": "Sep 2018\u2013Jan 2020", "employment_duration": "1 yr 5 mos", "location": "London, United Kingdom", "title": "Software Engineer"}, {"company_name": "British Antarctic Survey", "dates_employed": "Oct 2017\u2013Jan 2020", "employment_duration": "2 yrs 4 mos", "location": "Cambridge, United Kingdom", "title": "ML Researcher"}, {"company_name": "CERN", "dates_employed": "Jun 2017\u2013Jan 2020", "employment_duration": "2 yrs 8 mos", "location": "Geneva Area, Switzerland", "title": "NLP Researcher"}], "education": [{"institution": "University of Cambridge", "degree_details": {"degree_name": "Masters", "field_of_study": "Physics", "dates_attended_or_expected_graduation": "2017 \u2013 2018"}}, {"institution": "Ibn Haldun University", "degree_details": {"field_of_study": "Philosophy", "dates_attended_or_expected_graduation": "2017 \u2013 2017", "degree_name": null}}, {"institution": "University of Cambridge", "degree_details": {"degree_name": "Natural Sciences", "field_of_study": "Physics", "dates_attended_or_expected_graduation": "2014 \u2013 2017"}}], "employee_name": "JL32/8HTD/gU0Xo=*QARQmEdRHUWG857Vt5e7wQ==*zbcDBu4OfY8lx6MeyVINGA==*Vs1OuTV9mg0NC6kvOyWm/A=="}, {"experience": [{"company_name": "Symphony AyasdiAI", "dates_employed": "Feb 2022\u2013Present", "employment_duration": "4 mos", "location": "New York City Metropolitan Area", "title": "Content Writer"}, {"company_name": "Where's the Lake Productions (https://www.wheresthelake.com/)", "dates_employed": "May 2015\u2013Present", "employment_duration": "7 yrs 1 mo", "location": "Parsippany, NJ", "title": "Producer, Writer"}, {"company_name": "Various Clients, including Drew University, New Jersey City University, Breaking Games, others", "dates_employed": "Apr 2017\u2013Mar 2022", "employment_duration": "5 yrs", "location": "Parsippany, NJ", "title": "Content Consultant"}, {"company_name": "Morgan Stanley", "dates_employed": "Aug 2018\u2013May 2019", "employment_duration": "10 mos", "location": "1585 Broadway, New York, NY", "title": "Consultant, Video and Audio Content (Research)"}, {"company_name": "Verizon Wireless", "dates_employed": "Dec 2015\u2013Mar 2017", "employment_duration": "1 yr 4 mos", "location": "Piscataway, NJ", "title": "Content Consultant, Digital Operations"}], "education": [{"institution": "Point Park University", "degree_details": {"degree_name": "B.A. Degree", "field_of_study": "Mass Communications (advertising, journalism, broadcasting; public relations)", "dates_attended_or_expected_graduation": "1968 \u2013 1972"}}, {"institution": "Sun Valley High School", "degree_details": {"dates_attended_or_expected_graduation": null, "degree_name": null, "field_of_study": null}}], "employee_name": "Jwx2K9CHb2SA6wUIoRW2dQ==*NCs0D/PFRa8UL4ZqG9MM+Q==*egoy/fbFRVHC9RRUP+XT/A==*pg3lL0oRwh9ZTS/Ga6pnpA=="}, {"experience": [{"company_name": "Symphony AyasdiAI", "dates_employed": "Mar 2022\u2013Present", "employment_duration": "3 mos", "location": null, "title": "Data Scientist"}, {"company_name": "Warsaw University of Technology", "dates_employed": "Aug 2021\u2013Feb 2022", "employment_duration": "7 mos", "location": "Warsaw, Mazowieckie, Poland", "title": "Associate Professor"}, {"company_name": "University of Dundee", "dates_employed": "Jan 2020\u2013Jul 2021", "employment_duration": "1 yr 7 mos", "location": "Dundee, United Kingdom", "title": "Postdoctoral Research Assistant"}, {"company_name": "HSBC", "dates_employed": "Feb 2019\u2013Jan 2020", "employment_duration": "1 yr", "location": null, "title": "Data Scientist, R&D, FCTM"}], "education": [{"institution": "University of Dundee", "degree_details": {"degree_name": "Doctor of Philosophy - PhD", "field_of_study": "Artificial Intelligence - Machine Learning in Natural Language", "dates_attended_or_expected_graduation": "2015 \u2013 2020"}}, {"institution": "University of Dundee", "degree_details": {"degree_name": "BSc Hons", "field_of_study": "Applied Computing", "dates_attended_or_expected_graduation": "2011 \u2013 2015"}}], "employee_name": "UN618bNt4/PxRMA=*POTiE1XTjQsygpIq7kavNw==*Md6iYTT04IkodCk50a+oYg==*HuQDZY05dY2tdCX5SQZR7A=="}, {"experience": [{"company_name": "Symphony AyasdiAI", "dates_employed": "Jul 2021\u2013Present", "employment_duration": "11 mos", "location": "Austin, Texas Metropolitan Area", "title": "Quality Engineer II"}, {"company_name": "HPI Real Estate Services & Investments", "dates_employed": "Mar 2021\u2013Jun 2021", "employment_duration": "4 mos", "location": "Austin, Texas Metropolitan Area", "title": "Property Manager"}, {"company_name": "HPI Real Estate Services & Investments", "dates_employed": "Oct 2016\u2013Mar 2021", "employment_duration": "4 yrs 6 mos", "location": "Austin, Texas Area", "title": "Assistant Property Manager"}, {"company_name": "Omninet Capital", "dates_employed": "May 2015\u2013Sep 2016", "employment_duration": "1 yr 5 mos", "location": "Austin, Texas Area", "title": "Assistant Property Manager"}, {"company_name": "Omninet Capital", "dates_employed": "Feb 2014\u2013May 2015", "employment_duration": "1 yr 4 mos", "location": "Austin, Texas Area", "title": "Administrative Assistant"}], "education": [{"institution": "The University of Texas at Austin", "degree_details": {"degree_name": "Full Stack Web Development Certificate", "dates_attended_or_expected_graduation": "2020 \u2013 2020", "field_of_study": null}}, {"institution": "Champions School of Real Estate", "degree_details": {"degree_name": "Real Estate License", "field_of_study": "Real Estate", "dates_attended_or_expected_graduation": "2018 \u2013 2019"}}, {"institution": "The University of Texas at Austin", "degree_details": {"degree_name": "Bachelor's Degree", "field_of_study": "Economics", "dates_attended_or_expected_graduation": "2010 \u2013 2014"}}], "employee_name": "d95C5KysiX6kWhBrnLGRKUgRrVsk+70=*dsP1/hxhJktpaSaO2FD+FA==*zLp30ujLiHkbj0Thuy+MGw==*xn4rRZBcSnHSgyRu49hIeA=="}, {"experience": [{"company_name": "Apple", "dates_employed": "Jul 2018\u2013Present", "employment_duration": "3 yrs 11 mos", "location": null, "title": "Senior Software Engineer"}, {"company_name": "Ayasdi", "dates_employed": "Jun 2016\u2013Present", "employment_duration": "6 yrs", "location": "San Francisco Bay Area", "title": "Senior Software Engineer"}, {"company_name": "Vaccinus (Part-time)", "dates_employed": "Dec 2015\u2013Jan 2016", "employment_duration": "2 mos", "location": "San Francisco Bay Area", "title": "iOS Application Developer (Part-time)"}, {"company_name": "IBM India Software Labs", "dates_employed": "Apr 2012\u2013Jul 2015", "employment_duration": "3 yrs 4 mos", "location": "Pune Area, India", "title": "Software Engineer"}, {"company_name": "Infosys", "dates_employed": "Feb 2010\u2013Mar 2012", "employment_duration": "2 yrs 2 mos", "location": "Pune Area, India", "title": "Software Engineer"}], "education": [{"institution": "San Jose State University", "degree_details": {"degree_name": "Master of Science (M.S.)", "field_of_study": "Software Engineering - Cloud and Mobile Computing", "dates_attended_or_expected_graduation": "2015 \u2013 2017"}}, {"institution": "Guru Nanak Dev Engineering College, Ludhiana", "degree_details": {"degree_name": "Bachelor of Technology (B.Tech)", "field_of_study": "Information Technology", "dates_attended_or_expected_graduation": "2005 \u2013 2009"}}], "employee_name": "g94EibRserkS/zgOOZvZ3EgB*l58bDM2/ClVFR+4fH+NjLA==*ns7TOp7SIZo8QZTG5Dz66g==*6glOQbU/x+qBzGb7Bn9Aig=="}, {"experience": [{"company_name": "Ayasdi", "dates_employed": "Aug 2016\u2013Present", "employment_duration": "5 yrs 10 mos", "location": "San Francisco Bay Area", "title": "Staff Engineer"}, {"company_name": "salesforce.com", "dates_employed": "Feb 2011\u2013Jul 2016", "employment_duration": "5 yrs 6 mos", "location": "San Francisco", "title": "SMTS"}], "education": [{"institution": "Arizona State University", "degree_details": {"degree_name": "Master of Science", "field_of_study": "Computer Science and Engineering", "dates_attended_or_expected_graduation": null}}, {"institution": "Veermata Jijabai Technological Institute (VJTI)", "degree_details": {"degree_name": "Bachelor of Technology", "field_of_study": "IT (Dept Computer Science & Engineering)", "dates_attended_or_expected_graduation": null}}], "employee_name": "bnTQ+0icoM3OmGJpdw==*mzPrUDv1yVAFrF4mvAVFxA==*Twc+Rg0Yu4d1/vLpBSA6MA==*P8oMxWx+HCExOz3w+ECLEQ=="}, {"experience": [{"company_name": "Symphony AyasdiAI", "dates_employed": "Feb 2022\u2013Present", "employment_duration": "4 mos", "location": "London, England, United Kingdom", "title": "Data Scientist"}, {"company_name": "Genpact", "dates_employed": "Jun 2018\u2013Sep 2020", "employment_duration": "2 yrs 4 mos", "location": "Bengaluru South, Karnataka, India", "title": "Data Scientist"}, {"company_name": "Electrical And Electronics Engineering Department", "dates_employed": "Jan 2018\u2013May 2018", "employment_duration": "5 mos", "location": "BITS Pilani, K.K. Birla Goa Campus", "title": "Teaching Assistant"}, {"company_name": "Genpact", "dates_employed": "Jul 2017\u2013Dec 2017", "employment_duration": "6 mos", "location": "Bangalore", "title": "Data Science Intern"}, {"company_name": "Air Separation Unit, Vishakapatnam Steel Plant", "dates_employed": "May 2016\u2013Jul 2016", "employment_duration": "3 mos", "location": "Vishakhapatnam, Andhra Pradesh, India", "title": "Summer Intern"}], "education": [{"institution": "Royal Holloway, University of London", "degree_details": {"degree_name": "Master of Science - MS", "field_of_study": "Artificial Intelligence", "dates_attended_or_expected_graduation": "2021 \u2013 2022"}}, {"institution": "Birla Institute of Technology and Science, Pilani", "degree_details": {"degree_name": "Bachelor of Engineering - BE (Hons.)", "field_of_study": "Electronics and Instrumentation", "dates_attended_or_expected_graduation": "2014 \u2013 2018"}}], "employee_name": "9bsxgcmBRcsfqVPC*RG2OqAx5CCUiQEGT0rk1MQ==*1vU2qZR9q+VoQuIfgWW16Q==*Ex7fTihJrU9pfTsibQxwpg=="}, {"experience": [{"company_name": "Symphony AyasdiAI", "dates_employed": "Jun 2021\u2013Present", "employment_duration": "1 yr", "location": "New York, New York, United States", "title": "Associate Software Engineer"}, {"company_name": "Flatiron School", "dates_employed": "Jun 2020\u2013Oct 2020", "employment_duration": "5 mos", "location": "New York, New York, United States", "title": "Student"}, {"company_name": "Credit Suisse", "dates_employed": "Jan 2018\u2013Feb 2019", "employment_duration": "1 yr 2 mos", "location": "New York, New York, United States", "title": "Financing Regulatory Affairs & Compliance Analyst"}, {"company_name": "Credit Suisse", "dates_employed": "Dec 2017\u2013Feb 2019", "employment_duration": "1 yr 3 mos", "location": "New York, New York, United States", "title": "M&A Conflicts Officer"}, {"company_name": "Credit Suisse", "dates_employed": "Mar 2015\u2013Feb 2019", "employment_duration": "4 yrs", "location": "New York, New York, United States", "title": "Business Analyst"}], "education": [{"institution": "London Business School", "degree_details": {"degree_name": "Master's Degree", "field_of_study": "Management", "dates_attended_or_expected_graduation": null}}, {"institution": "University of Miami", "degree_details": {"degree_name": "Bachelor\u2019s Degree", "field_of_study": "Economics", "dates_attended_or_expected_graduation": null}}], "employee_name": "6L9TeUQdc9Rk9LcKTA==*42vJaK1B+DUO+r2XIeRHJw==*aen8+02ZIvkCZxK9w59LEw==*7TOYuzEqfeODc4vMiO1kOA=="}, {"experience": [{"company_name": "Symphony AyasdiAI", "dates_employed": "Sep 2021\u2013Present", "employment_duration": "9 mos", "location": "London, England, United Kingdom", "title": "Data Scientist"}], "education": [{"institution": "King's College London", "degree_details": {"degree_name": "Master's degree", "field_of_study": "Theoretical Physics", "dates_attended_or_expected_graduation": null}}, {"institution": "Imperial College London", "degree_details": {"degree_name": "Bachelor's degree", "field_of_study": "Physics with Theoretical Physics", "dates_attended_or_expected_graduation": null}}, {"institution": "Seoul National University", "degree_details": {"degree_name": "Foundation", "field_of_study": "Korean Language and History", "dates_attended_or_expected_graduation": null}}], "employee_name": "BZ5d5++Bt/+PtyV/mgb5*MgioPdfcqhPKNw8c4zy9Dg==*5Q3kumqiqtzr6+2qIQcYpQ==*rgtGMWMgCfot4lHFinLr5g=="}, {"experience": [{"company_name": "Symphony AyasdiAI", "dates_employed": "Mar 2022\u2013Present", "employment_duration": "3 mos", "location": null, "title": "Senior UX/UI Designer"}, {"company_name": "Spotlight Sports Group", "dates_employed": "Jan 2021\u2013Mar 2022", "employment_duration": "1 yr 3 mos", "location": null, "title": "UX/UI Designer"}, {"company_name": "EdApp Microlearning", "dates_employed": "Jan 2019\u2013Jan 2021", "employment_duration": "2 yrs 1 mo", "location": "London, United Kingdom", "title": "UX Designer"}, {"company_name": "Deliveroo", "dates_employed": "Jun 2018\u2013Oct 2018", "employment_duration": "5 mos", "location": "London, United Kingdom", "title": "Product Designer"}, {"company_name": "ZPG Plc", "dates_employed": "Jan 2017\u2013Jun 2018", "employment_duration": "1 yr 6 mos", "location": "London, United Kingdom", "title": "Graphic Designer"}], "education": [{"institution": "Cardiff Metropolitan University", "degree_details": {"degree_name": "Bachelor of Arts with Honours in Graphic Communication", "field_of_study": "Graphic Design", "dates_attended_or_expected_graduation": "2013 \u2013 2016"}}], "employee_name": "vyeXPYvbew9zligBSNh7tw==*t1IAJapF8PuEZm3tW0k43Q==*BMvC7bkqXIcKxwO+AgE3jg==*TF3rd1IjyT5NznBSgj5Glw=="}, {"experience": null, "education": null, "employee_name": "mtqpM0GTPwbsQ4rNmXZ9*teUjkMyQqMKZyL/kYP46wA==*oNmI3R6DMZiufqbafcgQyg==*ofBXl4VaCdOWKR4hsqF2xg=="}, {"experience": [{"company_name": "Symphony AyasdiAI", "location": "New York (Remote)", "dates_employed": null, "employment_duration": null, "title": "Quality Assurance Analyst"}, {"company_name": "Symphony AyasdiAI", "dates_employed": "Apr 2021\u2013Apr 2022", "employment_duration": "1 yr 1 mo", "location": "New York City (Remote)", "title": "User Experience Designer"}, {"company_name": "BeaMe Communications, LLC.", "dates_employed": "Jan 2021\u2013Feb 2021", "employment_duration": "2 mos", "location": "Atlanta Metropolitan Area (Remote)", "title": "UX Researcher"}, {"company_name": "General Assembly", "dates_employed": "Nov 2020\u2013Feb 2021", "employment_duration": "4 mos", "location": "Washington DC-Baltimore Area (Remote)", "title": "UX Designer"}], "education": [{"institution": "General Assembly", "degree_details": {"degree_name": "Certificate", "field_of_study": "UXDI", "dates_attended_or_expected_graduation": "2020 \u2013 2021"}}, {"institution": "Purchase College, SUNY", "degree_details": {"degree_name": "Bachelor of Fine Arts - BFA", "field_of_study": "Sculpture", "dates_attended_or_expected_graduation": "2015 \u2013 2020"}}], "employee_name": "zKCqFOlMbDbBCHmJ5f6X*uPMFHW6MkXvXWtjoyt9jsg==*eWOzAO7MK1W6lIeor7OeJw==*PWq1x6dqwtCsuK/wblKLMQ=="}, {"experience": [{"company_name": "Symphony AyasdiAI", "dates_employed": "Feb 2022\u2013Present", "employment_duration": "4 mos", "location": "London, England, United Kingdom", "title": "Financial Crime Consultant"}, {"company_name": "NatWest Group", "dates_employed": "May 2021\u2013Nov 2021", "employment_duration": "7 mos", "location": "London, United Kingdom", "title": "PEP Specialist"}, {"company_name": "PwC", "dates_employed": "Jun 2018\u2013Sep 2021", "employment_duration": "3 yrs 4 mos", "location": "London", "title": "AML Advisor"}, {"company_name": "Nationwide Building Society", "dates_employed": "Jan 2017\u2013Jun 2018", "employment_duration": "1 yr 6 mos", "location": "Swindon, United Kingdom", "title": "AML Analyst"}, {"company_name": "Nationwide Building Society", "dates_employed": "May 2016\u2013Jan 2017", "employment_duration": "9 mos", "location": "Reading, United Kingdom", "title": "Customer Service Representative"}], "education": [{"institution": "Brunel University London", "degree_details": {"degree_name": "Bachelor of Science (BSc)", "field_of_study": "Psychology", "dates_attended_or_expected_graduation": "2011 \u2013 2015"}}], "employee_name": "shHOEReORserXzq6*ZqCRePRJoC9Unj9iuXzYbQ==*tA2ASa0Dx/QY4u9PXhKuCA==*7Q3dd2SUNH8zDbyIDfSqjg=="}]