[{"experience": [{"company_name": "Prisma Media", "dates_employed": "Apr 2011\u2013Present", "employment_duration": "11 yrs 2 mos", "location": "Paris Area, France", "title": "Chief Operating and Technology Officer"}, {"company_name": "PayLead", "dates_employed": "2019\u2013Present", "employment_duration": "3 yrs", "location": null, "title": "Angel"}, {"company_name": "BTU Protocol", "dates_employed": "2018\u2013Present", "employment_duration": "4 yrs", "location": null, "title": "Angel"}, {"company_name": "AgriLend", "dates_employed": "Jun 2017\u2013Present", "employment_duration": "5 yrs", "location": "Paris", "title": "Advisor"}, {"company_name": "Julie Desk", "dates_employed": "2016\u2013Present", "employment_duration": "6 yrs", "location": "R\u00e9gion de Paris , France", "title": "Advisor"}], "education": [{"institution": "Harvard Business School", "degree_details": {"degree_name": "Executive Education", "field_of_study": "Managing Strategy for Action", "dates_attended_or_expected_graduation": "2018 \u2013 2018"}}, {"institution": "University of Cambridge", "degree_details": {"degree_name": "Master", "field_of_study": "Computer Science", "dates_attended_or_expected_graduation": "1997 \u2013 1998"}}, {"institution": "HEC Executive Education", "degree_details": {"degree_name": "Leadership Program", "field_of_study": "Leadership & Management", "dates_attended_or_expected_graduation": "2013 \u2013 2013"}}], "employee_name": "WhJigfIlktBbJKtmSxC27rZ5Tw==*wZ+Z6dWTZ86nkk8mT1Lq4g==*AhceLTQ8Ak8bP18SWN0+iA==*hSj0R7Hw/AaGPw8K3+TZKA=="}, {"experience": [{"company_name": "PIXIELANES", "dates_employed": "Sep 2018\u2013Present", "employment_duration": "3 yrs 9 mos", "location": "R\u00e9gion de Paris, France", "title": "Co-Fondatrice du Groupe Pixielanes"}, {"company_name": "Julie Desk", "dates_employed": "Sep 2019\u2013Present", "employment_duration": "2 yrs 9 mos", "location": "R\u00e9gion de Paris, France", "title": "Partner - CEO Julie Desk"}, {"company_name": "Webedia", "dates_employed": "Nov 2015\u2013Jun 2018", "employment_duration": "2 yrs 8 mos", "location": "Paris Area, France", "title": "COO Edit-Place"}, {"company_name": "EDIT-PLACE", "dates_employed": "Feb 2010\u2013Nov 2015", "employment_duration": "5 yrs 10 mos", "location": "London, United Kingdom and Paris, France", "title": "Co Founder"}, {"company_name": "Kelkoo", "dates_employed": "Apr 2008\u2013Feb 2010", "employment_duration": "1 yr 11 mos", "location": "Paris Area, France", "title": "Sales Director"}], "education": [{"institution": "emlyon business school", "degree_details": {"degree_name": "ESC", "field_of_study": "Human Ressources and Internet", "dates_attended_or_expected_graduation": "2001 \u2013 2004"}}, {"institution": "Katholieke Hogeschool Leuven", "degree_details": {"degree_name": "MASTER", "field_of_study": "Master in Economics and Applied Economics", "dates_attended_or_expected_graduation": "2003 \u2013 2004"}}, {"institution": "Universit\u00e9 Paris 1 - Panth\u00e9on Sorbonne", "degree_details": {"degree_name": "Maitrise", "field_of_study": "Law", "dates_attended_or_expected_graduation": "1997 \u2013 2001"}}], "employee_name": "I8A95H2dIme3lGhC*QHFsHBVU3c0QiAf6g8719A==*JhFRyH8LEaVxIQRsg94hxA==*HYclfOkXbGOJ7u1IQtdF7w=="}, {"experience": [{"company_name": "Pix.City Services", "dates_employed": "Jul 2018\u2013Present", "employment_duration": "3 yrs 11 mos", "location": "R\u00e9gion de Paris, France", "title": "Partner"}, {"company_name": "Julie Desk", "dates_employed": "Aug 2019\u2013Present", "employment_duration": "2 yrs 10 mos", "location": "R\u00e9gion de Paris, France", "title": "Partner"}, {"company_name": "Oboulo.com", "dates_employed": "Dec 1999\u2013Present", "employment_duration": "22 yrs 6 mos", "location": null, "title": "Owner"}, {"company_name": "Webedia", "dates_employed": "Dec 2015\u2013Jun 2018", "employment_duration": "2 yrs 7 mos", "location": "Levallois Perret", "title": "Group CEO Edit-place"}, {"company_name": "EDIT-PLACE", "dates_employed": "Jan 2009\u2013Nov 2015", "employment_duration": "6 yrs 11 mos", "location": "London, Royaume-Uni", "title": "Group CEO"}], "education": [{"institution": "ESCP Business School", "degree_details": {"degree_name": "2002", "field_of_study": "Management, ebusiness, marketing", "dates_attended_or_expected_graduation": "2001 \u2013 2002"}}, {"institution": "Sciences Po", "degree_details": {"degree_name": "2001", "field_of_study": "Droit, \u00e9conomie, sciences politiques", "dates_attended_or_expected_graduation": "1999 \u2013 2001"}}, {"institution": "Lyc\u00e9e de Chamali\u00e8res", "degree_details": {"dates_attended_or_expected_graduation": null, "degree_name": null, "field_of_study": null}}], "employee_name": "qEvbYJlPiII4CIWe*v6CgRpVQ7s1mVXUzTQ+9Ew==*MQ9CFtYaGlz5zmHFvI3y0A==*6yyvnOzhiGaLU+pWu+MN4A=="}, {"experience": [{"company_name": "73 Degree Films", "dates_employed": "Oct 2021\u2013Present", "employment_duration": "8 mos", "location": "Wrexham, Wales, United Kingdom", "title": "Social Media Coordinator"}, {"company_name": "Julie Desk", "dates_employed": "Mar 2021\u2013Present", "employment_duration": "1 yr 3 mos", "location": null, "title": "Social media content creator"}, {"company_name": "Pix.City", "dates_employed": "Jan 2021\u2013Present", "employment_duration": "1 yr 5 mos", "location": null, "title": "Social Media Content Creator"}, {"company_name": "Humble Abode Liverpool", "dates_employed": "Aug 2017\u2013Present", "employment_duration": "4 yrs 10 mos", "location": "Liverpool, England, United Kingdom", "title": "Social Media Manager"}, {"company_name": "Humble Abode Liverpool", "dates_employed": "Aug 2017\u2013Present", "employment_duration": "4 yrs 10 mos", "location": "Liverpool, England, United Kingdom", "title": "Event Coordinator"}], "education": [{"institution": "Liverpool John Moores University", "degree_details": {"degree_name": "Wildlife Conservation", "field_of_study": "Lichenology", "dates_attended_or_expected_graduation": "2016 \u2013 2019"}}, {"institution": "Castell Alun High School", "degree_details": {"degree_name": "A levels", "dates_attended_or_expected_graduation": "2014 \u2013 2016", "field_of_study": null}}], "employee_name": "fIqAS7WKIpIA7JLW*oR/rV7FpYUPlyNCgZnRH3A==*bOKRtarP/MCckJeyX70ORg==*H2cKRc7vXMLG90fAcSvm+g=="}, {"experience": [{"company_name": "Chais d'oeuvre", "dates_employed": "Sep 2011\u2013Present", "employment_duration": "10 yrs 9 mos", "location": "Paris", "title": "Co-fondateur"}, {"company_name": "BlaBlaCar", "dates_employed": "May 2010\u2013Present", "employment_duration": "12 yrs 1 mo", "location": "Paris", "title": "Investisseur et board member"}, {"company_name": "Bankin", "dates_employed": "Apr 2013\u2013Present", "employment_duration": "9 yrs 2 mos", "location": "Paris Area, France", "title": "Investisseur et board member"}, {"company_name": "yzr", "dates_employed": "Dec 2020\u2013Present", "employment_duration": "1 yr 6 mos", "location": "Paris, \u00cele-de-France, France", "title": "Investisseur"}, {"company_name": "notify\u02d9  - perfect timing", "dates_employed": "Mar 2021\u2013Present", "employment_duration": "1 yr 3 mos", "location": "Paris, \u00cele-de-France, France", "title": "Board Member"}], "education": [{"institution": "INSEAD", "degree_details": {"degree_name": "MBA", "field_of_study": "Entrepreneurship/Entrepreneurial Studies", "dates_attended_or_expected_graduation": "1998 \u2013 1998"}}, {"institution": "EDHEC Business School", "degree_details": {"degree_name": "Bachelor of Science (BS)", "field_of_study": "Finance", "dates_attended_or_expected_graduation": "1989 \u2013 1992"}}], "employee_name": "M2jZDG3F5JYkv0c=*wV7f2OeA/v1UxmrPWdSXRw==*mJHVMJ53IIdlOj39iBsnyw==*UWahNySi81ZKagM4npBkOA=="}, {"experience": null, "education": null, "employee_name": "nvn66fD6TxBdRZ2x3Xls*MUMViaN+ROOk9S0GGsc+hw==*MZ1pxldD3xyVY3U4XE4kbg==*vK6ZpCoa7Z8dcz4KVcYmWQ=="}]