[{"experience": [{"company_name": "Luminoso Technologies, Inc.", "dates_employed": "Feb 2021\u2013Present", "employment_duration": "1 yr 4 mos", "location": null, "title": "President and CEO"}, {"company_name": "Rackspace", "dates_employed": "Sep 2019\u2013Nov 2020", "employment_duration": "1 yr 3 mos", "location": "San Antiono, TX", "title": "Senior Vice President Private Cloud and Managed Public Cloud"}, {"company_name": "DXC Technology", "dates_employed": "Mar 2019\u2013Sep 2019", "employment_duration": "7 mos", "location": null, "title": "Vice President and General Manager, VMware Integrated Practice"}, {"company_name": "DXC Technology", "dates_employed": "Apr 2017\u2013Mar 2019", "employment_duration": "2 yrs", "location": null, "title": "Director, Offering General Manager VMware Solutions"}, {"company_name": "HP Enterprise Services", "dates_employed": "Nov 2012\u2013Apr 2017", "employment_duration": "4 yrs 6 mos", "location": "Herndon Va", "title": "Director WW Hosting Services at HP Enterprise Services"}], "education": [{"institution": "Penn State World Campus", "degree_details": {"field_of_study": "Business Administration and Management, General", "dates_attended_or_expected_graduation": "2012 \u2013 2015", "degree_name": null}}, {"institution": "Penn State University", "degree_details": {"degree_name": "Associate's degree", "field_of_study": "Business Administration and Management, General", "dates_attended_or_expected_graduation": "2010 \u2013 2015"}}], "employee_name": "dLUS10tiFIVbQQ==*wdsthBboTl+FM+ezeePJ9Q==*qSXS33/nLA3Ek1en2xXJWg==*F6X2KIR/CqHWRBA8kDuI5Q=="}, {"experience": [{"company_name": "Luminoso Technologies, Inc.", "dates_employed": "Apr 2022\u2013Present", "employment_duration": "2 mos", "location": "Boston, Massachusetts, United States", "title": "Vice President of Sales"}, {"company_name": "4D ShoeTech", "dates_employed": "Nov 2020\u2013Apr 2022", "employment_duration": "1 yr 6 mos", "location": "Greater Boston", "title": "VP Sales & Strategic Partnerships"}, {"company_name": "Material Exchange", "dates_employed": "Jan 2019\u2013Oct 2020", "employment_duration": "1 yr 10 mos", "location": "Greater Boston Area", "title": "VP of Sales, Suppliers & Partnerships"}, {"company_name": "Material Exchange", "dates_employed": "Jan 2019\u2013Sep 2020", "employment_duration": "1 yr 9 mos", "location": "Stockholm, Sweden", "title": "Senior Sales & Go-To-Market Advisor"}, {"company_name": "Material Exchange", "dates_employed": "Jan 2019\u2013Sep 2020", "employment_duration": "1 yr 9 mos", "location": "Boston, Massachusetts, United States", "title": "VP of Sales, Suppliers & Partnerships - Material Exchange"}], "education": [{"institution": "Boston College - Wallace E. Carroll School of Management", "degree_details": {"degree_name": "Bachelor of Science (BS)", "field_of_study": "Business, Management, Marketing, Computer Science and Related Support Services", "dates_attended_or_expected_graduation": "1977 \u2013 1981"}}], "employee_name": "Otj61Zxh0e7d+e0gcvPnPMc=*PlrO+/eL0XCjdaKH8M25jQ==*Y26OINArFb5tuZbV7UtKJw==*DCQcmofEZ5o2L+i0WAp3RA=="}, {"experience": [{"company_name": "Luminoso Technologies, Inc.", "dates_employed": "Jun 2021\u2013Present", "employment_duration": "1 yr", "location": "New York, United States", "title": "Head of Engineering & Machine Learning"}, {"company_name": "Self-employed", "dates_employed": "May 2020\u2013May 2021", "employment_duration": "1 yr 1 mo", "location": null, "title": "Machine Learning Consultant"}, {"company_name": "Information Builders", "dates_employed": "Jul 2019\u2013Mar 2020", "employment_duration": "9 mos", "location": "New York, NY", "title": "Machine Learning"}, {"company_name": "Kalepa", "dates_employed": "Oct 2018\u2013Jul 2019", "employment_duration": "10 mos", "location": "New York NY", "title": "Consulting Head of Engineering"}, {"company_name": "Datacubed Health", "dates_employed": "Aug 2016\u2013Aug 2018", "employment_duration": "2 yrs 1 mo", "location": "Brooklyn", "title": "VP of Engineering"}], "education": [{"institution": "The Johns Hopkins University", "degree_details": {"degree_name": "M.S.", "field_of_study": "Technology Management, Systems Engineering, Mathematics", "dates_attended_or_expected_graduation": "2001 \u2013 2004"}}, {"institution": "Moscow Aviation Institute (National Research University)", "degree_details": {"degree_name": "M.S. Aerospace Engineering", "field_of_study": "Engineering, Mathematics", "dates_attended_or_expected_graduation": "1984 \u2013 1990"}}], "employee_name": "FSCBGMTCaIN0TscSGg==*lp4lc8Mvt2O7f4pZqel8Lg==*LfEoVsdI39s+KReKIL1ccA==*j4o5k8tKTZsamAgWnJiQuQ=="}, {"experience": [{"company_name": "Unisys", "dates_employed": "Dec 2021\u2013Present", "employment_duration": "6 mos", "location": "Texas, United States", "title": "Global Vice President Alliances & Channel Chief"}, {"company_name": "nDivision", "dates_employed": "May 2021\u2013Present", "employment_duration": "1 yr 1 mo", "location": "United States", "title": "Member Board Of Directors"}, {"company_name": "Luminoso Technologies, Inc.", "dates_employed": "Apr 2021\u2013Present", "employment_duration": "1 yr 2 mos", "location": "United States", "title": "Member Board Of Directors"}, {"company_name": "Alliance Abroad Group", "dates_employed": "Feb 2020\u2013Nov 2021", "employment_duration": "1 yr 10 mos", "location": "United States, South Africa, Australia, Mexico", "title": "Executive Board Member"}, {"company_name": "Rackspace", "dates_employed": "Jun 2017\u2013Nov 2021", "employment_duration": "4 yrs 6 mos", "location": "San Antonio, Texas Area", "title": "Global Vice President Alliances & Channel Chief"}], "education": [{"institution": "The University of Texas at Austin", "degree_details": {"degree_name": "Texas Exectutive Education Program", "field_of_study": "Business Administration and Management, General", "dates_attended_or_expected_graduation": "2011 \u2013 2012"}}, {"institution": "The University of Texas at San Antonio", "degree_details": {"degree_name": "Bachelor of Business Administration (B.B.A.)", "field_of_study": "Accounting and Business/Management", "dates_attended_or_expected_graduation": "1995 \u2013 1999"}}], "employee_name": "YlTI0RCKq4O6H1yPPSx0W4s1bQ==*ld7XcCd5aJ0I1bodysg88g==*It9LI94GcYkG/MWeULLmvw==*q/SWB6HhrcV0TFOW3VhBnA=="}, {"experience": [{"company_name": "AI Capital", "dates_employed": "2018\u2013Present", "employment_duration": "4 yrs", "location": "Greater Boston Area", "title": "Artificial Intelligence Venture Capital"}, {"company_name": "Link3D", "dates_employed": "Oct 2019\u2013Present", "employment_duration": "2 yrs 8 mos", "location": null, "title": "Investor"}, {"company_name": "Walnut Ventures", "dates_employed": "2018\u2013Present", "employment_duration": "4 yrs", "location": "Greater Boston Area", "title": "Member"}, {"company_name": "Agorai", "dates_employed": "2018\u2013Present", "employment_duration": "4 yrs", "location": "Greater New York City Area", "title": "Investor"}, {"company_name": "Luminoso Technologies, Inc.", "dates_employed": "Aug 2018\u2013Present", "employment_duration": "3 yrs 10 mos", "location": "Boston", "title": "Investor"}], "education": [{"institution": "University of Massachusetts", "degree_details": {"degree_name": "Master of Business Administration - MBA", "field_of_study": "Information Technology and Financial Management Services", "dates_attended_or_expected_graduation": null}}, {"institution": "Harvard University", "degree_details": {"field_of_study": "Visiting Graduate Student, Financial Analysis and Reporting", "dates_attended_or_expected_graduation": null, "degree_name": null}}, {"institution": "University of Economics - Varna", "degree_details": {"degree_name": "Bachelor's degree", "field_of_study": "Business/Managerial Economics", "dates_attended_or_expected_graduation": null}}], "employee_name": "MJSBiYky+JCUV1pyr7bJZ/kgcA==*9sHGoCTYB+3zo0pcVTR/ZA==*Y45EB2lf1IaCCnLwbJ12YA==*PksdNy97S2/zYZMWuwLvQQ=="}, {"experience": [{"company_name": "Luminoso Technologies, Inc.", "dates_employed": "Jan 2022\u2013Present", "employment_duration": "5 mos", "location": null, "title": "VP, Product and Customer Experience"}, {"company_name": "Luminoso Technologies, Inc.", "dates_employed": "2021\u2013Jan 2022", "employment_duration": "1 yr", "location": null, "title": "Director, Product & Customer Experience"}, {"company_name": "Luminoso Technologies, Inc.", "dates_employed": "Aug 2020\u20132021", "employment_duration": "1 yr", "location": "Boston, Massachusetts, United States", "title": "Senior Product Manager"}, {"company_name": "Monotype", "dates_employed": "2009\u2013May 2020", "employment_duration": "11 yrs", "location": "Woburn, Massachusetts, United States", "title": "Director of Product Management"}, {"company_name": "Monotype", "dates_employed": "2004\u20132008", "employment_duration": "4 yrs", "location": "Woburn, Massachusetts, United States", "title": "Product Manager"}], "education": [{"institution": "Massachusetts Institute of Technology", "degree_details": {"degree_name": "Master's of Engineering", "field_of_study": "Electrical Engineering", "dates_attended_or_expected_graduation": null}}, {"institution": "Massachusetts Institute of Technology", "degree_details": {"degree_name": "Bachelor's of Science (BS)", "field_of_study": "Electrical Engineering", "dates_attended_or_expected_graduation": null}}], "employee_name": "w5JmUOyPYJ3N6SU34Q==*EQgrOzfamtdZAgQcVLKglA==*iLx8ooAn2qGQGZTdZZm+3w==*w6/blcx+zgl+RbwNunwMxg=="}, {"experience": [{"company_name": "RiverMeadow Software", "dates_employed": "May 2017\u2013Present", "employment_duration": "5 yrs 1 mo", "location": "San Jose, California", "title": "Chief Executive Officer"}, {"company_name": "Sparx Hockey", "dates_employed": "Feb 2014\u2013Present", "employment_duration": "8 yrs 4 mos", "location": "Acton, MA", "title": "Investor"}, {"company_name": "Luminoso Inc.", "dates_employed": "Mar 2013\u2013Present", "employment_duration": "9 yrs 3 mos", "location": "Cambridge, Mass", "title": "Investor"}, {"company_name": "Cambria Technology Partners", "dates_employed": "Mar 2012\u2013Present", "employment_duration": "10 yrs 3 mos", "location": "Lexington, Mass", "title": "CFO"}, {"company_name": "RiverMeadow Software", "dates_employed": "May 2013\u2013Apr 2017", "employment_duration": "4 yrs", "location": "San Jose, CA", "title": "COO/CFO"}], "education": [{"institution": "Wallace E. Carroll School of Management", "degree_details": {"degree_name": "BA", "field_of_study": "Finance, Accouting", "dates_attended_or_expected_graduation": "1988 \u2013 1992"}}], "employee_name": "/N6LVaz1YLH79g==*HP2xOeDRIMkvo5qoeXzZYA==*GBkIFFpjwSNj5bVi8NMX6Q==*sWgmng08bwf4ZN10rP6afw=="}, {"experience": [{"company_name": "AI Capital", "dates_employed": "Nov 2017\u2013Present", "employment_duration": "4 yrs 7 mos", "location": "Denver | Boston | Netherlands", "title": "Managing Partner"}, {"company_name": "XRHealth", "dates_employed": "Dec 2021\u2013Present", "employment_duration": "6 mos", "location": "Boston, Massachusetts, United States", "title": "Investor"}, {"company_name": "Masttro", "dates_employed": "Dec 2020\u2013Present", "employment_duration": "1 yr 6 mos", "location": "Boulder, Colorado, United States", "title": "Consultant"}, {"company_name": "High Country Capital Management", "dates_employed": "Jul 1998\u2013Present", "employment_duration": "23 yrs 11 mos", "location": "Denver, Colorado, United States", "title": "Fee Only Investment Advisor Representative (IAR) | FINRA Series 65 Securities License"}, {"company_name": "Netra, Inc.", "dates_employed": "Aug 2017\u2013Present", "employment_duration": "4 yrs 10 mos", "location": "Boston", "title": "Investor"}], "education": [{"institution": "Colorado Mesa University", "degree_details": {"degree_name": "B.B.A.", "field_of_study": "Economics & Finance. (Freshman Year: Computer Science)", "dates_attended_or_expected_graduation": null}}, {"institution": "Santa Clara University", "degree_details": {"degree_name": "Certified Equity Professional (Level I)", "field_of_study": "Finance and Financial Management Services", "dates_attended_or_expected_graduation": null}}, {"institution": "Investments & Wealth Institute", "degree_details": {"field_of_study": "Asset Allocation | Investment Policy | Performance Measurement & Evaluation", "dates_attended_or_expected_graduation": "Media (4)", "degree_name": null}}], "employee_name": "P5BljiswsvY=*zBnokRqLMOCgRR65mdpqYg==*5jYGe/NMQ53L9QKtrxTRnQ==*8j+gTrXBJJzQmnGrzStdpg=="}, {"experience": [{"company_name": "Raptor Capital Management", "dates_employed": "Jul 2017\u2013Present", "employment_duration": "4 yrs 11 mos", "location": "Greater Boston Area", "title": "Managing Director"}, {"company_name": "Various", "dates_employed": "Dec 2013\u2013Present", "employment_duration": "8 yrs 6 mos", "location": null, "title": "Angel Investor"}, {"company_name": "Luminoso Technologies, Inc.", "dates_employed": "Apr 2021\u2013Present", "employment_duration": "1 yr 2 mos", "location": null, "title": "Board Observer"}, {"company_name": "Fnatic", "dates_employed": "Nov 2016\u2013Present", "employment_duration": "5 yrs 7 mos", "location": null, "title": "Board Observer"}, {"company_name": "PingThings", "dates_employed": "Oct 2017\u2013Present", "employment_duration": "4 yrs 8 mos", "location": null, "title": "Board Observer"}], "education": [{"institution": "University of Virginia Darden School of Business", "degree_details": {"degree_name": "2010", "field_of_study": "MBA", "dates_attended_or_expected_graduation": "2008 \u2013 2010"}}, {"institution": "Dartmouth College", "degree_details": {"degree_name": "AB", "field_of_study": "Economics", "dates_attended_or_expected_graduation": "2000 \u2013 2004"}}], "employee_name": "VwM5wlgyOQ9MKIxWY2c=*1GwFUfHPipjaSNdHxDcXiQ==*ewa4wVxW/dlIfFrLqxNAww==*Dl4/ak51xZKwUnRTTKB5pA=="}, {"experience": [{"company_name": "Luminoso Technologies, Inc.", "dates_employed": "Nov 2021\u2013Present", "employment_duration": "7 mos", "location": "Boston, Massachusetts, United States", "title": "Alliances"}, {"company_name": "Family First", "dates_employed": "Apr 2021\u2013Present", "employment_duration": "1 yr 2 mos", "location": "Greater Boston", "title": "Family Medical Leave of Absence"}, {"company_name": "The Appointment Scheduling & Booking Industry Association", "dates_employed": "Sep 2020\u2013Present", "employment_duration": "1 yr 9 mos", "location": null, "title": "Strategic Advisor"}, {"company_name": "RiverMeadow: A Cloud Migration Company", "dates_employed": "Jan 2021\u2013Apr 2021", "employment_duration": "4 mos", "location": "Boston, Massachusetts, United States", "title": "Vice President Of Alliances"}, {"company_name": "Rackspace Technology", "dates_employed": "Mar 2020\u2013Jan 2021", "employment_duration": "11 mos", "location": "Boston, Massachusetts, United States", "title": "Sr. Product Manager - Azure VMware Solution | Google Cloud VMware Engine | VMC on AWS"}], "education": [{"institution": "Boston College", "degree_details": {"degree_name": "BA", "field_of_study": "Economics and Romance Languages", "dates_attended_or_expected_graduation": null}}, {"institution": "Brandeis University", "degree_details": {"degree_name": "MA", "field_of_study": "International Economics & Finance", "dates_attended_or_expected_graduation": null}}, {"institution": "Universit\u00e9 Paris Dauphine - PSL", "degree_details": {"field_of_study": "International Business", "dates_attended_or_expected_graduation": null, "degree_name": null}}], "employee_name": "6apL1PuTs8WAyBUHXt5Uzo4=*hxtXhNmZB/UEHw6zthAh6Q==*wcaqt7EAqClEFq1pvllUjg==*VGyNowT+PAIePw9ouzIyrA=="}, {"experience": [{"company_name": "AT PARTNERS, Inc.", "dates_employed": "Jul 2021\u2013Present", "employment_duration": "11 mos", "location": "Tokyo, Japan", "title": "Partner"}, {"company_name": "Open Source Japan", "dates_employed": "Apr 2021\u2013Present", "employment_duration": "1 yr 2 mos", "location": null, "title": "Founder"}, {"company_name": "Proteus Ventures", "dates_employed": "Nov 2017\u2013Present", "employment_duration": "4 yrs 7 mos", "location": "Tokyo, Japan", "title": "Founder and CEO"}, {"company_name": "Roby", "dates_employed": "Sep 2019\u2013Jun 2021", "employment_duration": "1 yr 10 mos", "location": "Tokyo, Japan", "title": "Enterprise Sales Support"}, {"company_name": "Luminoso Japan GK", "dates_employed": "Jun 2018\u2013Jun 2021", "employment_duration": "3 yrs 1 mo", "location": "Within 23 wards, Tokyo, Japan", "title": "Representative Director"}], "education": [{"institution": "University of Arizona - Eller College of Management", "degree_details": {"degree_name": "Masters of Accounting", "field_of_study": "Accounting, Entrepreneurship, International Business, Japanese", "dates_attended_or_expected_graduation": "2002 \u2013 2008"}}], "employee_name": "s6USUwfeqb4H8HJTpXK1K23NSA==*dPCO2e+oN9zgCV4pCIO0uA==*7Bc/RtJqWuQdPr8UewTjlQ==*1BcLeo0Hm91cQSMs+Tqafw=="}, {"experience": [{"company_name": "Luminoso Technologies, Inc.", "dates_employed": "Mar 2021\u2013Present", "employment_duration": "1 yr 3 mos", "location": "Boston, Massachusetts, United States", "title": "Account Executive"}, {"company_name": "Capo Restaurant and Supper Club", "dates_employed": "Oct 2019\u2013Mar 2021", "employment_duration": "1 yr 6 mos", "location": "Boston, Massachusetts, United States", "title": "Head Baker"}, {"company_name": "Stephanie's On Newbury", "dates_employed": "May 2019\u2013Nov 2019", "employment_duration": "7 mos", "location": null, "title": "Server"}, {"company_name": "Menton", "dates_employed": "Oct 2018\u2013Oct 2019", "employment_duration": "1 yr 1 mo", "location": "Boston, Massachusetts, United States", "title": "Pastry Assistant"}, {"company_name": "Castle Hill Inn - Relais & Chateaux", "dates_employed": "Apr 2017\u2013Sep 2018", "employment_duration": "1 yr 6 mos", "location": "Newport, RI", "title": "Server"}], "education": [{"institution": "Johnson & Wales University", "degree_details": {"degree_name": "Bachelor of Arts (B.A.)", "field_of_study": "Business Administration and Management, General", "dates_attended_or_expected_graduation": "2014 \u2013 2018"}}, {"institution": "Ecole Nationale Sup\u00e9rieure de P\u00e2tisserie", "degree_details": {"field_of_study": "Baking and Pastry Arts/Baker/Pastry Chef", "dates_attended_or_expected_graduation": "2016 \u2013 2016", "degree_name": null}}, {"institution": "Johnson & Wales University", "degree_details": {"degree_name": "Associate's degree", "field_of_study": "Baking and Pastry Arts", "dates_attended_or_expected_graduation": "2014 \u2013 2016"}}], "employee_name": "2C6/Mm+kRILomTuWyUHlqg==*p40UxJ7vswT6vB6wGbIDlA==*LI7E0BbXnrMYKMRZI49LFQ==*OB8M4cLlxFsmX+qFPTxU7A=="}, {"experience": [{"company_name": "AI Capital", "dates_employed": "Oct 2015\u2013Present", "employment_duration": "6 yrs 8 mos", "location": "Greater Denver Area", "title": "Managing Partner"}, {"company_name": "XRHealth", "dates_employed": "Jun 2021\u2013Present", "employment_duration": "1 yr", "location": "Boston, Massachusetts, United States", "title": "Investor"}, {"company_name": "Agorai", "dates_employed": "Jan 2018\u2013Present", "employment_duration": "4 yrs 5 mos", "location": null, "title": "Investor and Advisor"}, {"company_name": "Netra, Inc.", "dates_employed": "Nov 2017\u2013Present", "employment_duration": "4 yrs 7 mos", "location": null, "title": "Investor"}, {"company_name": "Luminoso Technologies, Inc.", "dates_employed": "Jun 2021\u2013Present", "employment_duration": "1 yr", "location": null, "title": "Board Observer"}], "education": [{"institution": "Massachusetts Institute of Technology", "degree_details": {"degree_name": "Bachelors", "field_of_study": "Computer Science and Engineering", "dates_attended_or_expected_graduation": "1982 \u2013 1986"}}, {"institution": "NYU Stern School of Business", "degree_details": {"field_of_study": "MBA Program", "dates_attended_or_expected_graduation": "1987 \u2013 1988", "degree_name": null}}, {"institution": "University of Denver - Daniels College of Business", "degree_details": {"field_of_study": "Management of Innovation and Technology", "dates_attended_or_expected_graduation": "1997 \u2013 1998", "degree_name": null}}], "employee_name": "IBg9DAOQBHBvwQyclPZjR4k=*7CdAaoPVqKp7TWlnLVJZog==*cs51hEzejQda9uIIfFpUqQ==*Uv6zd5YYUcHRvkdLUuEFSA=="}, {"experience": [{"company_name": "Luminoso Technologies, Inc.", "dates_employed": "Feb 2022\u2013Present", "employment_duration": "4 mos", "location": null, "title": "Account Executive"}, {"company_name": "AdvisoryCloud", "dates_employed": "Dec 2016\u2013Sep 2021", "employment_duration": "4 yrs 10 mos", "location": "San Francisco Bay Area", "title": "Account Executive"}, {"company_name": "AdvisoryCloud", "dates_employed": "Jun 2016\u2013Dec 2016", "employment_duration": "7 mos", "location": null, "title": "Sales Development Representative"}, {"company_name": "Marin Mazda Subaru", "dates_employed": "Jan 2015\u2013Oct 2015", "employment_duration": "10 mos", "location": "San Rafael", "title": "Internet Car Sales"}, {"company_name": "Macy's", "dates_employed": "2011\u20132014", "employment_duration": "3 yrs", "location": null, "title": "Levi's Representative"}], "education": null, "employee_name": "r8RdbIdA0e3zFdtC7Xs=*xgEInR4vWhO/rxBhYFUY9g==*p8VzF/f2xmRMpAjCdtX2UQ==*rig3TyKj816RwpsYOyDB+Q=="}, {"experience": [{"company_name": "Luminoso Technologies, Inc.", "dates_employed": "2021\u2013Present", "employment_duration": "1 yr", "location": "Boston, Massachusetts, United States", "title": "Contract: Human Resources"}, {"company_name": "Emergis Global Capital Advisors", "dates_employed": "2020\u2013Present", "employment_duration": "2 yrs", "location": "Boston, Massachusetts, United States", "title": "Contract: Senior Vice President, Human Resources"}, {"company_name": "Edelman Financial Engines", "dates_employed": "Jan 2018\u20132020", "employment_duration": "2 yrs", "location": "Boston, MA", "title": "Director - Human Resources"}, {"company_name": "Citizens Bank", "dates_employed": "2015\u20132017", "employment_duration": "2 yrs", "location": "Dedham, MA", "title": "Vice President - Human Resources Business Partner"}, {"company_name": "The Norfolk & Dedham Group\u00ae", "dates_employed": "2013\u20132015", "employment_duration": "2 yrs", "location": "Dedham, MA", "title": "Director of Human Resources and Division Manager"}], "education": [{"institution": "Cornell University", "degree_details": {"degree_name": "Masters", "field_of_study": "HR and Labor Relations", "dates_attended_or_expected_graduation": null}}, {"institution": "University at Albany, SUNY", "degree_details": {"degree_name": "Bachelor of Science", "field_of_study": "Business Administration", "dates_attended_or_expected_graduation": null}}], "employee_name": "fDpFfuNtC9byK8UbiBs=*5SD1hjCxSaNlZcTz63dhVA==*SxTrULq8c5jUozyPiVWHyA==*qUGKF1HDxUeAOR8oDOvMLw=="}, {"experience": [{"company_name": "Luminoso Technologies, Inc.", "dates_employed": "Oct 2019\u2013Present", "employment_duration": "2 yrs 8 mos", "location": "Boston, MA", "title": "VP of Finance"}, {"company_name": "Luminoso Technologies, Inc.", "dates_employed": "May 2019\u2013Oct 2019", "employment_duration": "6 mos", "location": null, "title": "Director of Finance"}, {"company_name": "lifeIMAGE", "dates_employed": "Aug 2017\u2013May 2019", "employment_duration": "1 yr 10 mos", "location": "Newton, MA", "title": "Controller"}, {"company_name": "Fiksu", "dates_employed": "Jul 2016\u2013Jul 2017", "employment_duration": "1 yr 1 mo", "location": "Boston, MA", "title": "VP Finance"}, {"company_name": "Fiksu", "dates_employed": "Oct 2015\u2013Jul 2016", "employment_duration": "10 mos", "location": "Boston, MA", "title": "Controller"}], "education": [{"institution": "Babson College", "degree_details": {"degree_name": "MSA", "field_of_study": "Accounting", "dates_attended_or_expected_graduation": "2002 \u2013 2006"}}, {"institution": "Cambridge Central School", "degree_details": {"dates_attended_or_expected_graduation": "1989 \u2013 2002", "degree_name": null, "field_of_study": null}}], "employee_name": "/X/3BqU05oeAo9k/yfNdTF8UzfMiUta0KxAsEA==*jodB9W+jf9XZOjMyhJXHEw==*/eNBp3aNVafzGUuD9nPSqg==*IiVK3okBnEhLPUw6Ew33FA=="}, {"experience": [{"company_name": "Luminoso Technologies, Inc.", "dates_employed": "Jan 2019\u2013Present", "employment_duration": "3 yrs 5 mos", "location": "Portland, Oregon Area", "title": "Client Success Manager"}, {"company_name": "Clarabridge", "dates_employed": "Aug 2018\u2013Jan 2019", "employment_duration": "6 mos", "location": "Portland, Oregon Area", "title": "Senior Support Representative"}, {"company_name": "Clarabridge", "dates_employed": "Aug 2014\u2013Aug 2018", "employment_duration": "4 yrs 1 mo", "location": "Larkspur, CA", "title": "Client Support Representative"}, {"company_name": "Market Metrix", "dates_employed": "Aug 2013\u2013Aug 2014", "employment_duration": "1 yr 1 mo", "location": "Larkspur, CA", "title": "Analyst"}], "education": [{"institution": "University of Evansville", "degree_details": {"degree_name": "B.S; B.A", "field_of_study": "Economics; International Studies", "dates_attended_or_expected_graduation": "2010 \u2013 2013"}}], "employee_name": "ZZso4+7+bdgXAg==*VHsV77iNMTO6F3jSF/m/SA==*oH+sGOXdbOcF/djfncqheg==*zvbrgafOPGNIuCHzsV6uXw=="}, {"experience": [{"company_name": "Luminoso Technologies, Inc.", "dates_employed": "Jun 2019\u2013Present", "employment_duration": "3 yrs", "location": "Worldwide", "title": "Solutions Architect"}, {"company_name": "Luminoso Technologies, Inc.", "dates_employed": "May 2018\u2013Jun 2019", "employment_duration": "1 yr 2 mos", "location": "Greater Boston Area", "title": "OEM Field Architect"}, {"company_name": "IBM", "dates_employed": "Jan 2011\u2013May 2018", "employment_duration": "7 yrs 5 mos", "location": "North America", "title": "Senior Technical Sales Specialist"}, {"company_name": "Chapman University", "dates_employed": "1999\u2013Dec 2012", "employment_duration": "13 yrs", "location": null, "title": "Adjunct Professor"}, {"company_name": "Filenet", "dates_employed": "2005\u2013Jan 2011", "employment_duration": "6 yrs", "location": null, "title": "Engineer"}], "education": [{"institution": "Chapman University", "degree_details": {"degree_name": "Bachelor of Science (B.S.)", "field_of_study": "Computer Science", "dates_attended_or_expected_graduation": null}}], "employee_name": "xvDU+HXUgyjOUuH/cxnytEOxnw==*VEMe04oboH4CvNDQDzutwA==*QttCb1+QTEYiD7B+fyHKXA==*ExBRqxHE21hRht0z35ufcw=="}, {"experience": [{"company_name": "Luminoso Technologies, Inc.", "dates_employed": "Dec 2019\u2013Present", "employment_duration": "2 yrs 6 mos", "location": "Greater Boston Area", "title": "Senior Client Success Manager"}, {"company_name": "Luminoso Technologies, Inc.", "dates_employed": "Nov 2018\u2013Dec 2019", "employment_duration": "1 yr 2 mos", "location": "Greater Boston Area", "title": "Client Success Manager"}, {"company_name": "Sovos", "dates_employed": "Jan 2018\u2013Nov 2018", "employment_duration": "11 mos", "location": "Wilmington, MA", "title": "Compliance Representative"}, {"company_name": "Sovos Compliance", "dates_employed": "Jul 2016\u2013Jan 2018", "employment_duration": "1 yr 7 mos", "location": "Wilmington, MA", "title": "Compliance Associate"}], "education": [{"institution": "University of Massachusetts Amherst", "degree_details": {"degree_name": "Bachelor of Science (BS)", "field_of_study": "Managerial Economics", "dates_attended_or_expected_graduation": "2012 \u2013 2016"}}, {"institution": "Lexington High School", "degree_details": {"dates_attended_or_expected_graduation": "2008 \u2013 2012", "degree_name": null, "field_of_study": null}}], "employee_name": "lerrJ4aKweoF7Q==*Ykz+Y6n5Y8IBK2a8TNhqkg==*3JNf3jjL6SqMAxD1/F36Yg==*eGIY22//4WLsyvBscM7kDw=="}, {"experience": [{"company_name": "Luminoso Technologies, Inc.", "dates_employed": "Mar 2020\u2013Present", "employment_duration": "2 yrs 3 mos", "location": "Tokyo, Japan", "title": "Solution Engineer"}, {"company_name": "Dell Boomi", "dates_employed": "Nov 2018\u2013Feb 2020", "employment_duration": "1 yr 4 mos", "location": "Tokyo, Japan", "title": "Senior Solution Consultant"}, {"company_name": "Apttus", "dates_employed": "Dec 2015\u2013Sep 2018", "employment_duration": "2 yrs 10 mos", "location": "Tokyo, Japan", "title": "Senior Sales Engineer"}, {"company_name": "Salesforce.com", "dates_employed": "Apr 2015\u2013Nov 2015", "employment_duration": "8 mos", "location": null, "title": "Senior Sales Engineer"}, {"company_name": "Salesforce.com", "dates_employed": "Aug 2014\u2013Mar 2015", "employment_duration": "8 mos", "location": null, "title": "Senior Sales Support Engineer"}], "education": [{"institution": "Tottori University", "degree_details": {"degree_name": "Master of Engineering (M.Eng.)", "field_of_study": "Information and knowledge Engineering", "dates_attended_or_expected_graduation": "2007 \u2013 2009"}}], "employee_name": "rw/C+uxqzguwO4c=*SJv7seRErdoVP7I+N9645A==*ADx5x5H2CUwyRJn+9i/HfQ==*4jp1LsJozdRlIzPzbFCCoQ=="}, {"experience": [{"company_name": "Luminoso Technologies, Inc.", "dates_employed": "Sep 2015\u2013Present", "employment_duration": "6 yrs 9 mos", "location": "Cambridge, MA", "title": "Operations/Systems Engineer"}, {"company_name": "BeSockcessful LLC", "dates_employed": "Apr 2015\u2013Present", "employment_duration": "7 yrs 2 mos", "location": null, "title": "Co-Founder"}, {"company_name": "Nuance Communications", "dates_employed": "Nov 2012\u2013Sep 2015", "employment_duration": "2 yrs 11 mos", "location": null, "title": "Business Intelligence Intern"}, {"company_name": "Vlingo", "dates_employed": "Jan 2009\u2013Jun 2011", "employment_duration": "2 yrs 6 mos", "location": null, "title": "Helpdesk Technician"}, {"company_name": "Darwin's LTD", "dates_employed": "Aug 2008\u2013Jan 2009", "employment_duration": "6 mos", "location": null, "title": "Breakfast Cook"}], "education": [{"institution": "Northeastern University", "degree_details": {"degree_name": "Bachelor\u2019s Degree", "field_of_study": "Information Technology", "dates_attended_or_expected_graduation": "2012 \u2013 2015"}}, {"institution": "Bunker Hill CC", "degree_details": {"degree_name": "AA", "field_of_study": "Business Administration", "dates_attended_or_expected_graduation": "2008 \u2013 2010"}}, {"institution": "Cambridge Rindge and Latin", "degree_details": {"dates_attended_or_expected_graduation": null, "degree_name": null, "field_of_study": null}}], "employee_name": "NVyrL4x5NfcxlvDft6hYZ3HV0Vk=*dUU1q0VHGMZxiGOnpdpKUA==*N+LGwmKMvZ18cKnIdpsZeA==*AoD14no9ptfmg5xtiLTn9g=="}, {"experience": [{"company_name": "Luminoso Technologies, Inc.", "dates_employed": "Sep 2020\u2013Present", "employment_duration": "1 yr 9 mos", "location": "Boston, Massachusetts, United States", "title": "Principal Product Designer"}, {"company_name": "IBM", "dates_employed": "Dec 2015\u2013Nov 2019", "employment_duration": "4 yrs", "location": "Cambridge, MA", "title": "Immersion Experience Designer"}, {"company_name": "Selected companies", "dates_employed": "2009\u20132015", "employment_duration": "6 yrs", "location": "Various", "title": "Experience Design Consultant"}, {"company_name": "zSpace 3D", "dates_employed": "Nov 2013\u2013Nov 2014", "employment_duration": "1 yr 1 mo", "location": "Sunnyvale, CA", "title": "Principal 3D Interaction Designer"}, {"company_name": "MIT Game Lab", "dates_employed": "2007\u20132012", "employment_duration": "5 yrs", "location": "Cambridge, MA", "title": "Interaction Design Director | Research Manager"}], "education": [{"institution": "Georgia Institute of Technology", "degree_details": {"degree_name": "Master of Science - MS", "field_of_study": "Human-Computer Interaction", "dates_attended_or_expected_graduation": "2003 \u2013 2005"}}, {"institution": "Massachusetts Institute of Technology", "degree_details": {"degree_name": "Bachelor of Science - BS", "field_of_study": "Film & Media Studies, Computer Science", "dates_attended_or_expected_graduation": "1995 \u2013 1998"}}], "employee_name": "YCFLZs6mvYjhcp1p4+sq*D8qCpS1uVgDgCru9oHH6Hg==*LeEcQ6xlCjDUd7IGCZwKuw==*DSpKiayZze/BvHHxrE8T2w=="}, {"experience": [{"company_name": "Luminoso Technologies, Inc.", "dates_employed": "Sep 2019\u2013Present", "employment_duration": "2 yrs 9 mos", "location": "Boston, MA", "title": "Senior Accountant"}, {"company_name": "Life Image", "dates_employed": "Apr 2019\u2013Sep 2019", "employment_duration": "6 mos", "location": "Greater Boston Area", "title": "Senior Accountant"}, {"company_name": "Life Image", "dates_employed": "Dec 2017\u2013Mar 2019", "employment_duration": "1 yr 4 mos", "location": "Greater Boston Area", "title": "Accountant"}, {"company_name": "RSM US LLP", "dates_employed": "Oct 2017\u2013Dec 2017", "employment_duration": "3 mos", "location": "Boston, MA", "title": "Senior Assurance Associate"}, {"company_name": "RSM US LLP", "dates_employed": "Oct 2015\u2013Sep 2017", "employment_duration": "2 yrs", "location": "Boston, MA", "title": "Assurance Associate"}], "education": [{"institution": "Providence College", "degree_details": {"degree_name": "Master of Business Administration (MBA)", "field_of_study": "Accounting", "dates_attended_or_expected_graduation": "2014 \u2013 2015"}}, {"institution": "Providence College", "degree_details": {"degree_name": "Bachelor's Degree", "field_of_study": "Accounting", "dates_attended_or_expected_graduation": "2010 \u2013 2014"}}, {"institution": "Notre Dame Academy", "degree_details": {"degree_name": "High School", "dates_attended_or_expected_graduation": "2006 \u2013 2010", "field_of_study": null}}], "employee_name": "GRCZlHQs5sePlm2IqJ25iOpxlKZaYsSr9g==*ldQ8eTC6rHSIxfc1PQHJrA==*wHWiiZRydUv1Aq+mtT8Mdg==*EGgzG5HsnGOR6Uc7y06mSw=="}, {"experience": [{"company_name": "Luminoso Technologies, Inc.", "dates_employed": "Dec 2018\u2013Present", "employment_duration": "3 yrs 6 mos", "location": "Tokyo, Japan", "title": "County Manager & Account Executive"}, {"company_name": "Apttus", "dates_employed": "Nov 2015\u2013Jul 2018", "employment_duration": "2 yrs 9 mos", "location": "\u6771\u4eac\u90fd, \u65e5\u672c", "title": "Head Of Sales"}, {"company_name": "IBM", "dates_employed": "Jan 2009\u2013Jun 2015", "employment_duration": "6 yrs 6 mos", "location": null, "title": "Director"}, {"company_name": "IBM", "dates_employed": "Jan 2008\u2013Dec 2008", "employment_duration": "12 mos", "location": null, "title": "International Assignee"}, {"company_name": "IBM", "dates_employed": "Jan 2004\u2013Dec 2007", "employment_duration": "4 yrs", "location": null, "title": "Executive"}], "education": [{"institution": "Rikkyo University", "degree_details": {"degree_name": "\u5b66\u58eb", "field_of_study": "\u6cd5\u5b66", "dates_attended_or_expected_graduation": "1981 \u2013 1985"}}], "employee_name": "qL2q4fOOzSVNasw87yr3puFQ*Z0nEcXedT514nS3Bpk94jA==*tdGleL7eoMd+t5CKe3zoBA==*pvOo1xdyJ8c51LdbEW7Zaw=="}, {"experience": [{"company_name": "Luminoso Technologies, Inc.", "dates_employed": "Oct 2021\u2013Present", "employment_duration": "8 mos", "location": "Remote", "title": "Software Engineer"}, {"company_name": "Web Consulting and Development", "dates_employed": "Dec 2011\u2013Present", "employment_duration": "10 yrs 6 mos", "location": null, "title": "Frontend Developer and Project Manager"}, {"company_name": "Ai Media Group, llc.", "dates_employed": "Jul 2018\u2013Jun 2021", "employment_duration": "3 yrs", "location": "New York, New York", "title": "Front End Web Developer"}, {"company_name": "NBC Sports Group", "dates_employed": "Jun 2017\u2013May 2018", "employment_duration": "1 yr", "location": "Stamford, CT", "title": "Information Technology Intern"}, {"company_name": "SquareWheel", "dates_employed": "Sep 2016\u2013Jun 2017", "employment_duration": "10 mos", "location": "Stamford, Connecticut, United States", "title": "Web Development Lead"}], "education": [{"institution": "University of Connecticut", "degree_details": {"degree_name": "Bachelor\u2019s Degree", "field_of_study": "Digital Media and Design", "dates_attended_or_expected_graduation": "2014 \u2013 2018"}}], "employee_name": "o2kjAtR8ZX7ljOHc*iQx/DSCp2ElApF6bzX4Hnw==*bURDLr7AnFzNGV69xrhARA==*I3NeW30Z9C1JehpDNIZWDA=="}, {"experience": [{"company_name": "Luminoso Technologies, Inc.", "dates_employed": "Dec 2021\u2013Present", "employment_duration": "6 mos", "location": "Remote", "title": "Senior Software Engineer"}, {"company_name": "Assured Information Security (AIS)", "dates_employed": "May 2018\u2013Dec 2021", "employment_duration": "3 yrs 8 mos", "location": "Rochester, NY", "title": "Software Engineer I - II (Adaptive Systems)"}, {"company_name": "Frontier Communications", "dates_employed": "Jan 2015\u2013May 2018", "employment_duration": "3 yrs 5 mos", "location": "Rochester, New York Area", "title": "Network Support Technician"}, {"company_name": "CBO Financial, Inc.", "dates_employed": "Sep 2014\u2013Sep 2014", "employment_duration": "1 mo", "location": "Remote", "title": "Technical Reader [Short Term Contract]"}, {"company_name": "Concentrix", "dates_employed": "Feb 2014\u2013May 2014", "employment_duration": "4 mos", "location": "Pittsford, NY", "title": "Customer Care Advisor for ASOS"}], "education": [{"institution": "Oregon State University", "degree_details": {"degree_name": "Bachelor\u2019s Degree", "field_of_study": "Computer Science", "dates_attended_or_expected_graduation": "2015 \u2013 2018"}}, {"institution": "University of Rochester", "degree_details": {"field_of_study": "Literary Translation", "dates_attended_or_expected_graduation": "2013 \u2013 2013", "degree_name": null}}, {"institution": "St. John's College", "degree_details": {"degree_name": "Bachelor of Arts (BA)", "field_of_study": "Liberal Arts and Sciences/Liberal Studies", "dates_attended_or_expected_graduation": "2009 \u2013 2013"}}], "employee_name": "pEJZhnsYDzOAyOaHJD8=*PnlA8bCZABrsdTG2qasYkQ==*kreM2auNNcjWir6XHpv0rQ==*AkqSjSfbQScdRjQz0c29nw=="}, {"experience": [{"company_name": "Luminoso Technologies, Inc.", "dates_employed": "Jun 2018\u2013Present", "employment_duration": "4 yrs", "location": "Boston, MA", "title": "Senior Software Developer"}, {"company_name": "Caf\u00e9X Communications", "dates_employed": "Mar 2015\u2013May 2018", "employment_duration": "3 yrs 3 mos", "location": "Boston", "title": "Software Engineer"}, {"company_name": "Green Streets Initiative", "dates_employed": "Jun 2014\u2013Mar 2015", "employment_duration": "10 mos", "location": "Cambridge, MA", "title": "Web Developer Intern"}, {"company_name": "JVS Boston", "dates_employed": "Dec 2013\u2013Jan 2014", "employment_duration": "2 mos", "location": "Boston, MA", "title": "IT Intern"}, {"company_name": "JVS Boston", "dates_employed": "Jun 2013\u2013Aug 2013", "employment_duration": "3 mos", "location": null, "title": "IT Intern"}], "education": [{"institution": "University of Illinois Urbana-Champaign", "degree_details": {"degree_name": "Bachelor of Science (BS)", "field_of_study": "Computer Engineering", "dates_attended_or_expected_graduation": "2010 \u2013 2014"}}], "employee_name": "whV7qAjsZkzQzsv2+gOqwNsn*SeWvEKoodYj68NpxZqUNzA==*mVdrdjBzSiz9MCYPmh1k2Q==*Lld/FIL99zpjHA/nrt4p2A=="}, {"experience": [{"company_name": "Luminoso Technologies, Inc.", "dates_employed": "Mar 2021\u2013Present", "employment_duration": "1 yr 3 mos", "location": "Boston, Massachusetts, United States", "title": "Product Designer"}, {"company_name": "The First Church of Christ, Scientist", "dates_employed": "Mar 2010\u2013May 2021", "employment_duration": "11 yrs 3 mos", "location": null, "title": "User Experience Designer, Digital Products"}, {"company_name": "First Church of Christ Scientist, Youth Activities", "dates_employed": "Sep 2015\u2013Sep 2017", "employment_duration": "2 yrs 1 mo", "location": "Boston, Massachusetts, United States", "title": "Staff Graphics/Web Designer"}, {"company_name": "The First Church of Christ, Scientist", "dates_employed": "Aug 2011\u2013Sep 2016", "employment_duration": "5 yrs 2 mos", "location": "Boston, Massachusetts, United States", "title": "Web/Graphic Designer"}, {"company_name": "The First Church of Christ, Scientist", "dates_employed": "Sep 2010\u2013Sep 2015", "employment_duration": "5 yrs 1 mo", "location": "Boston, Massachusetts, United States", "title": "Contract Graphic Designer"}], "education": [{"institution": "Principia College", "degree_details": {"degree_name": "Bachelor's degree", "field_of_study": "Fine/Studio Arts, General", "dates_attended_or_expected_graduation": "2006 \u2013 2010"}}], "employee_name": "9NTSzP5FFJEV+5bvlw7o*Ey6+teokBbf51ZUc4LhEdA==*gl70yC3XJNUpd6xj78WY4w==*H7cr6Z8GX5Otc+KGPf1MTA=="}, {"experience": [{"company_name": "Luminoso Technologies, Inc.", "dates_employed": "Apr 2022\u2013Present", "employment_duration": "2 mos", "location": null, "title": "Solutions Engineering Intern"}], "education": [{"institution": "Chapman University", "degree_details": {"degree_name": "Bachelor of Science - BS", "field_of_study": "Computer Science", "dates_attended_or_expected_graduation": "2019 \u2013 2023"}}], "employee_name": "nTte+3rAo2kGIGrHnN0=*020MoGMmmXkyw1XK8zVL1w==*8NLyR5dqk/Vds7G9a6iCUA==*ENSs093GOONjVKiNHSUCNQ=="}, {"experience": [{"company_name": "Luminoso Technologies, Inc.", "dates_employed": "Dec 2019\u2013Present", "employment_duration": "2 yrs 6 mos", "location": "Greater Boston Area", "title": "Account Executive"}, {"company_name": "Dillon Stokes VA", "dates_employed": "Mar 2017\u2013Present", "employment_duration": "5 yrs 3 mos", "location": "Greater Boston Area", "title": "Voice Actor"}, {"company_name": "Dillon Stokes Contemporary Art", "dates_employed": "Jan 2010\u2013Present", "employment_duration": "12 yrs 5 mos", "location": "Greater Boston Area", "title": "Artist"}, {"company_name": "Luminoso Technologies, Inc.", "dates_employed": "Jun 2019\u2013Dec 2019", "employment_duration": "7 mos", "location": "Greater Boston Area", "title": "Business Development Representative"}, {"company_name": "Micro Center", "dates_employed": "Aug 2016\u2013Jun 2019", "employment_duration": "2 yrs 11 mos", "location": null, "title": "Sales Representative"}], "education": [{"institution": "School of the Museum of Fine Arts", "degree_details": {"degree_name": "Bachelor of Fine Arts - BFA", "field_of_study": "Fine and Studio Arts", "dates_attended_or_expected_graduation": "2011 \u2013 2015"}}], "employee_name": "3fJeW82PbCjkxt5lew==*ATuYseBvG7J2fHspZr77Sw==*jweBKGHRg8cCsAtT50GLvA==*U7XM9NjQVmpUt308aRW8/w=="}, {"experience": null, "education": null, "employee_name": "ixYQwNJ7Pr9ApGFF10mP*R0BveEwhs9g1SQ/ZTfAuFw==*cS4z3XUierzlFMKKtdfgsQ==*8iaSQGteqvToR90dAolCsA=="}]