[{"experience": [{"company_name": "CB Consulting", "dates_employed": "Jan 2021\u2013Present", "employment_duration": "1 yr 5 mos", "location": "San Francisco Bay Area", "title": "Founder, Chief Strategy Officer"}, {"company_name": "Beautiful.ai", "dates_employed": "Oct 2020\u2013Present", "employment_duration": "1 yr 8 mos", "location": "San Francisco Bay Area", "title": "Operations, Business Development, Partnerships & Strategy"}, {"company_name": "Healthiest, Inc.", "dates_employed": "Sep 2014\u2013Dec 2020", "employment_duration": "6 yrs 4 mos", "location": "San Francisco, CA", "title": "CEO & Founder"}, {"company_name": "Suggestic", "dates_employed": "Oct 2018\u2013Apr 2020", "employment_duration": "1 yr 7 mos", "location": "San Francisco Bay Area", "title": "COO/Business Development"}, {"company_name": "Schaffer&Combs", "dates_employed": "Apr 2014\u2013Jan 2016", "employment_duration": "1 yr 10 mos", "location": null, "title": "Director"}], "education": [{"institution": "Lafayette College", "degree_details": {"degree_name": "B.A.", "field_of_study": "Biology", "dates_attended_or_expected_graduation": null}}, {"institution": "U.C. Berkeley", "degree_details": {"field_of_study": "Biology/Biological Sciences, General", "dates_attended_or_expected_graduation": null, "degree_name": null}}], "employee_name": "z4YRgA2Ue30TTrP1OQ==*RKdlX+VuHcfZpKU0BEH+cA==*oSkE2q3CkUsE5KnYNGVO6w==*lpCOqf/CauYGIPm2y6Nh9w=="}, {"experience": [{"company_name": "Beautiful.ai", "dates_employed": "Feb 2020\u2013Present", "employment_duration": "2 yrs 4 mos", "location": "San Francisco Bay Area", "title": "Vice President Of Engineering"}, {"company_name": "BEAUTIFUL.AI", "dates_employed": "Dec 2018\u2013Feb 2020", "employment_duration": "1 yr 3 mos", "location": "San Francisco Bay Area", "title": "Director Of Engineering"}, {"company_name": "Beautiful.ai", "dates_employed": "May 2017\u2013Dec 2018", "employment_duration": "1 yr 8 mos", "location": "San Francisco Bay Area", "title": "Senior Software Engineer"}, {"company_name": "Mirror (Mirror Labs)", "dates_employed": "Apr 2016\u2013Apr 2017", "employment_duration": "1 yr 1 mo", "location": "San Francisco Bay Area", "title": "Senior Software Engineer"}, {"company_name": "Birst", "dates_employed": "May 2013\u2013May 2016", "employment_duration": "3 yrs 1 mo", "location": "San Francisco, CA", "title": "Senior Front End Architect"}], "education": [{"institution": "Northern Illinois University", "degree_details": {"degree_name": "Bachelor of Music", "field_of_study": "Jazz Studies Performance; Guitar", "dates_attended_or_expected_graduation": "2005 \u2013 2009"}}], "employee_name": "eM1i1DMCut5p*ofG6pJ5ZUJpGzm915KRQbQ==*zD7XXQu3Ig92eS2gVvStPw==*VdXxbIA9iUa/Rie4oU6DDQ=="}, {"experience": [{"company_name": "Beautiful.AI", "dates_employed": "Sep 2015\u2013Present", "employment_duration": "6 yrs 9 mos", "location": "San Francisco", "title": "CTO/Founder"}, {"company_name": "Figuring out what's next", "dates_employed": "Nov 2013\u2013Sep 2015", "employment_duration": "1 yr 11 mos", "location": null, "title": "Relaxing"}, {"company_name": "VMware", "dates_employed": "Apr 2011\u2013Nov 2013", "employment_duration": "2 yrs 8 mos", "location": "San Francisco Bay Area", "title": "Senior Staff"}, {"company_name": "SlideRocket", "dates_employed": "Apr 2007\u2013Apr 2011", "employment_duration": "4 yrs 1 mo", "location": null, "title": "Founder / CEO / CTO"}, {"company_name": "Clarity Visual / CoolSign", "dates_employed": "Sep 2005\u2013Apr 2007", "employment_duration": "1 yr 8 mos", "location": null, "title": "Senior Director of Product Management"}], "education": [{"institution": "The Johns Hopkins University", "degree_details": {"degree_name": "BA", "dates_attended_or_expected_graduation": "1986 \u2013 1990", "field_of_study": null}}, {"institution": "Princeton High School", "degree_details": {"dates_attended_or_expected_graduation": "1982 \u2013 1986", "degree_name": null, "field_of_study": null}}], "employee_name": "TP5ARGl7uZ97A3a3*fuwe52kBqg0kNryvZDq05g==*XHWXZi5pNmEkzP0I7r0qzA==*oy9Dk3fox6/DfjEKsDa2BA=="}, {"experience": [{"company_name": "Beautiful.ai", "dates_employed": "Dec 2021\u2013Present", "employment_duration": "6 mos", "location": "San Francisco Bay Area", "title": "Marketing Manager"}, {"company_name": "Womp", "dates_employed": "Apr 2021\u2013Nov 2021", "employment_duration": "8 mos", "location": "Brooklyn, New York, United States", "title": "Growth & Product lead"}, {"company_name": "TREO Realtors", "dates_employed": "Jan 2020\u2013Jun 2021", "employment_duration": "1 yr 6 mos", "location": "Cincinnati, Ohio, United States", "title": "Growth Marketing Manager"}, {"company_name": "Biotigen", "dates_employed": "Jun 2019\u2013Jan 2020", "employment_duration": "8 mos", "location": "Cincinnati Area, KY", "title": "Growth Marketer"}, {"company_name": "dublab.com", "dates_employed": "Jan 2016\u2013Apr 2019", "employment_duration": "3 yrs 4 mos", "location": "Greater Los Angeles Area", "title": "Marketing Content Manager"}], "education": [{"institution": "Cincinnati State Technical and Community College", "degree_details": {"degree_name": "Associate's degree", "field_of_study": "Business Administration, Management and Operations", "dates_attended_or_expected_graduation": "2019 \u2013 2021"}}], "employee_name": "NhokHNiNIxte2vuAfb2CwY/J*ltmt8sU1i9ClryFiGkgF3A==*0hPxlZanSWbMKw3WUcUV1Q==*MaC0QukpJs0k5Q1D6EO75A=="}, {"experience": [{"company_name": "Beautiful.ai", "dates_employed": "Nov 2021\u2013Present", "employment_duration": "7 mos", "location": null, "title": "CEO"}, {"company_name": "Survata", "dates_employed": "Feb 2019\u2013Present", "employment_duration": "3 yrs 4 mos", "location": null, "title": "Advisor"}, {"company_name": "GoLoot", "dates_employed": "Feb 2020\u2013Present", "employment_duration": "2 yrs 4 mos", "location": null, "title": "Board Member"}, {"company_name": "Beautiful.ai", "dates_employed": "Apr 2020\u2013Nov 2021", "employment_duration": "1 yr 8 mos", "location": "San Francisco, California, United States", "title": "President & COO"}, {"company_name": "Kiip", "dates_employed": "Feb 2019\u2013Sep 2019", "employment_duration": "8 mos", "location": null, "title": "CEO"}], "education": [{"institution": "University of Colorado Boulder", "degree_details": {"degree_name": "Bachelors", "field_of_study": "Communications", "dates_attended_or_expected_graduation": "1997"}}], "employee_name": "dtlvIJNYSiQv3A==*xx2zMam5MUk/mEG1ahwcIQ==*6fie6Bw9eqtI7lkEg7qtzA==*8GjhUHpcvV5PjuADJmVK4g=="}, {"experience": [{"company_name": "Beautiful.ai", "dates_employed": "Jul 2021\u2013Present", "employment_duration": "11 mos", "location": "Los Angeles, California, United States", "title": "Director, Sales"}, {"company_name": "TONIK+", "dates_employed": "Jun 2020\u2013Jul 2021", "employment_duration": "1 yr 2 mos", "location": "Los Angeles, California, United States", "title": "VP, Sales"}, {"company_name": "Wonder (AskWonder.com)", "dates_employed": "Oct 2016\u2013Jun 2020", "employment_duration": "3 yrs 9 mos", "location": "Greater New York City Area", "title": "Head of Enterprise Sales"}, {"company_name": "Zocdoc", "dates_employed": "Nov 2015\u2013Oct 2016", "employment_duration": "1 yr", "location": "Greater New York City Area", "title": "Senior Sales Executive - Sponsored Results/Sales Lab"}, {"company_name": "Zocdoc", "dates_employed": "Jun 2015\u2013Nov 2015", "employment_duration": "6 mos", "location": "Greater New York City Area", "title": "Senior Sales Executive - Inbound Sales Team"}], "education": [{"institution": "University of Denver", "degree_details": {"degree_name": "B.A.", "field_of_study": "Psychology, Marketing", "dates_attended_or_expected_graduation": null}}, {"institution": "School of Visual Arts", "degree_details": {"degree_name": "Master's Degree", "field_of_study": "Brand Strategy", "dates_attended_or_expected_graduation": "2013"}}, {"institution": "Charles University", "degree_details": {"degree_name": "Study Abroad: Fall Semester", "field_of_study": "Prague", "dates_attended_or_expected_graduation": null}}], "employee_name": "CLKwMYDq6G5JXQ==*OHSsjhjizUJrhF9WIQnfLw==*4sstYEs0KqLp/ZcTLL7aew==*wK7sHA2duTswG9dUqLBTXw=="}, {"experience": [{"company_name": "Synaptic Security", "dates_employed": "May 2022\u2013Present", "employment_duration": "1 mo", "location": "Mountain View, California, United States", "title": "Chief Marketing Officer"}, {"company_name": "BEAUTIFUL.AI", "dates_employed": "Apr 2019\u2013Present", "employment_duration": "3 yrs 2 mos", "location": "San Francisco, CA", "title": "Strategic Advisor"}, {"company_name": "Lou Giacalone Consulting", "dates_employed": "Feb 2022\u2013May 2022", "employment_duration": "4 mos", "location": "SF Bay Area", "title": "Principal"}, {"company_name": "Xeno Park, LLC", "dates_employed": "Aug 2019\u2013Feb 2022", "employment_duration": "2 yrs 7 mos", "location": "Las Vegas Metropolitan Area", "title": "Managing Partner"}, {"company_name": "Beautiful.AI", "dates_employed": "Oct 2016\u2013Apr 2019", "employment_duration": "2 yrs 7 mos", "location": "San Francisco, CA", "title": "Chief Operating Officer"}], "education": [{"institution": "University of California, Berkeley", "degree_details": {"degree_name": "N/A", "field_of_study": "Computer Engineering", "dates_attended_or_expected_graduation": "1984 \u2013 1985"}}], "employee_name": "L0wGTh9llGVRhTI1P/gH*2AGViF+jDe4fJxLQ0DgAdw==*wE+z+4u1uVnDM8GFdk/saQ==*sB9TMGawWLYb8Kl3ziPkkA=="}, {"experience": [{"company_name": "Beautiful.ai", "dates_employed": "Aug 2020\u2013Present", "employment_duration": "1 yr 10 mos", "location": "San Francisco, California, United States", "title": "Sales Development Manager"}, {"company_name": "TONIK+", "dates_employed": "Aug 2019\u2013Aug 2020", "employment_duration": "1 yr 1 mo", "location": "Los Angeles, CA", "title": "Sales Development / Business Development Manager"}, {"company_name": "HYFN", "dates_employed": "Jan 2019\u2013Aug 2019", "employment_duration": "8 mos", "location": "Los Angeles, CA", "title": "Sales Development / Business Development"}, {"company_name": "Xing Technologies", "dates_employed": "Nov 2016\u2013Mar 2018", "employment_duration": "1 yr 5 mos", "location": "Los Angeles, CA & Shanghai, China", "title": "Business Development Manager"}, {"company_name": "HazSim", "dates_employed": "Feb 2014\u2013Jan 2017", "employment_duration": "3 yrs", "location": "Los Angeles, CA", "title": "Business Development Manager"}], "education": [{"institution": "Marymount California University", "degree_details": {"degree_name": "Master of Business Administration (MBA)", "field_of_study": "Business/Managerial Economics", "dates_attended_or_expected_graduation": "2017 \u2013 2019"}}, {"institution": "Marymount California University", "degree_details": {"degree_name": "Bachelor of Business Administration (BBA)", "field_of_study": "Business/Managerial Economics", "dates_attended_or_expected_graduation": "2013 \u2013 2017"}}], "employee_name": "0SWURepUUI1wiX4PmTJN/A==*bmmpBGyo66Fli6HtfMBgBw==*g3D4c1b8TjdX9yvIoZwFMw==*9ofvgBCqWuztY+XBoeBU+Q=="}, {"experience": [{"company_name": "Beautiful.ai", "dates_employed": "Mar 2019\u2013Present", "employment_duration": "3 yrs 3 mos", "location": "San Francisco Bay Area", "title": "Director of Data & Analytics"}, {"company_name": "Canvas - DriveCanvas.com", "dates_employed": "Nov 2017\u2013Feb 2019", "employment_duration": "1 yr 4 mos", "location": "San Francisco", "title": "Director Of Data & Analytics"}, {"company_name": "Navdy", "dates_employed": "Jan 2017\u2013Oct 2017", "employment_duration": "10 mos", "location": "San Francisco, California", "title": "Senior Manager - Analytics & Data Science"}, {"company_name": "GoodHire", "dates_employed": "Oct 2016\u2013Dec 2016", "employment_duration": "3 mos", "location": "Redwood Shores, CA", "title": "Director of Product Analytics"}, {"company_name": "Inflection", "dates_employed": "Mar 2015\u2013Dec 2016", "employment_duration": "1 yr 10 mos", "location": "Redwood Shores, CA", "title": "Analytics"}], "education": [{"institution": "University of California, Los Angeles", "degree_details": {"degree_name": "Bachelor's degree", "field_of_study": "Economics", "dates_attended_or_expected_graduation": "2001 \u2013 2005"}}, {"institution": "General Assembly", "degree_details": {"field_of_study": "Data Science", "dates_attended_or_expected_graduation": "2014 \u2013 2014", "degree_name": null}}, {"institution": "Haverford High School", "degree_details": {"dates_attended_or_expected_graduation": "1997 \u2013 2001", "degree_name": null, "field_of_study": null}}], "employee_name": "6Sl3jKKtbYLL63BBhA==*ybi2rQwT69OGdZO7H3qjjA==*Wcyd3siiwhQZd1r+eU7e8w==*IPsiFUOz+WcfeehUfqPMig=="}, {"experience": [{"company_name": "Beautiful.ai", "dates_employed": "Jun 2021\u2013Present", "employment_duration": "1 yr", "location": null, "title": "Director of Marketing"}, {"company_name": "Giroux Consulting", "dates_employed": "Aug 2016\u2013Present", "employment_duration": "5 yrs 10 mos", "location": "Greater San Diego Area", "title": "Digital Marketing Director"}, {"company_name": "Beautiful.ai", "dates_employed": "Feb 2020\u2013Jun 2021", "employment_duration": "1 yr 5 mos", "location": null, "title": "Senior Growth Marketing Manager"}, {"company_name": "ZOG Digital", "dates_employed": "2011\u2013Aug 2016", "employment_duration": "5 yrs", "location": "Scottsdale, Arizona", "title": "Vice President of Paid Media"}, {"company_name": "ZOG Digital", "dates_employed": "Oct 2010\u2013Jul 2011", "employment_duration": "10 mos", "location": "Scottsdale, Arizona", "title": "Senior Social Media Manager"}], "education": [{"institution": "Arizona State University", "degree_details": {"degree_name": "Bachelor's degree", "field_of_study": "Business and Mass Communication", "dates_attended_or_expected_graduation": "2006 \u2013 2008"}}], "employee_name": "IImJexE14Z8eok7nqWo0*kJFGE9Tv4KWGjzf3dLQ3Kg==*S9SmzfSBpIxcwShe+8OlpQ==*A/DwwhPnwqDAL8jrAjyoBw=="}, {"experience": [{"company_name": "Beautiful.ai", "dates_employed": "Feb 2019\u2013Present", "employment_duration": "3 yrs 4 mos", "location": null, "title": "Director of Customer Success"}, {"company_name": "First Round Fast Track", "dates_employed": "Feb 2021\u2013Present", "employment_duration": "1 yr 4 mos", "location": null, "title": "Mentor"}, {"company_name": "Fatima's Bay", "dates_employed": "Dec 2015\u2013Present", "employment_duration": "6 yrs 6 mos", "location": "Oakland", "title": "Photographer"}, {"company_name": "Beautiful.AI", "dates_employed": "Sep 2017\u2013Feb 2019", "employment_duration": "1 yr 6 mos", "location": null, "title": "Sr. Customer Success Manager"}, {"company_name": "Opus 2 International", "dates_employed": "2014\u20132017", "employment_duration": "3 yrs", "location": "San Francisco Bay Area", "title": "Project Manager"}], "education": [{"institution": "University of California, Davis", "degree_details": {"degree_name": "Bachelor of Arts (B.A.)", "field_of_study": "International Relations and Affairs: Peoples and Humanities, Middle East South Asian Studies", "dates_attended_or_expected_graduation": "2007 \u2013 2011"}}], "employee_name": "fh1GLgaZKBoMohPN*TNXHFDf3YyCZ7WR607QHNA==*jc3JJ5s6JdyW8nPBZX5bVw==*wp72HMvkxhIKfWJcCH+GZQ=="}, {"experience": [{"company_name": "Beautiful.ai", "dates_employed": "Sep 2021\u2013Present", "employment_duration": "9 mos", "location": "San Francisco Bay Area", "title": "Independent Design Consultant"}, {"company_name": "Classified Bay Area", "dates_employed": "Jan 2017\u2013Present", "employment_duration": "5 yrs 5 mos", "location": null, "title": "Co-Founder"}, {"company_name": "Beautiful.ai", "dates_employed": "Jul 2021\u2013Aug 2021", "employment_duration": "2 mos", "location": "San Francisco Bay Area", "title": "Design Intern"}, {"company_name": "Obscura Digital", "dates_employed": "Jun 2017\u2013Jun 2017", "employment_duration": "1 mo", "location": "San Francisco Bay Area", "title": "Intern"}], "education": [{"institution": "University of California, Berkeley", "degree_details": {"field_of_study": "Political Science and Government", "dates_attended_or_expected_graduation": "2022 \u2013 2024", "degree_name": null}}, {"institution": "College of Marin", "degree_details": {"degree_name": "Transfer", "field_of_study": "Political Science and Government", "dates_attended_or_expected_graduation": "2020 \u2013 2021"}}, {"institution": "Lyc\u00e9e Fran\u00e7ais de San Francisco", "degree_details": {"degree_name": "High School Diploma", "field_of_study": "Biology/Biological Sciences, General", "dates_attended_or_expected_graduation": "2004 \u2013 2020"}}], "employee_name": "38Jms3LdwZcV3/Z67kYk*eFWhpDUPBuQ5F0uwkUn4ag==*Rla9eU/lJYrjd5eJ8LBB2w==*FwXKQ6lkCNYuHLWCR1cNbA=="}, {"experience": [{"company_name": "Beautiful.ai", "dates_employed": "Apr 2018\u2013Present", "employment_duration": "4 yrs 2 mos", "location": "San Francisco, California, United States", "title": "HR and Business Manager"}, {"company_name": "San Francisco Italian Athletic Club", "dates_employed": "Mar 2016\u2013Jul 2017", "employment_duration": "1 yr 5 mos", "location": "San Francisco, California", "title": "Executive assistant/Admin assistant/Systems&Office manager/Assistant event coordinator"}, {"company_name": "Genetech Access Solutions", "dates_employed": "Mar 2015\u2013Sep 2015", "employment_duration": "7 mos", "location": "South San Francisco", "title": "Case Manager"}, {"company_name": "Royal Automotive", "dates_employed": "Dec 2014\u2013Feb 2015", "employment_duration": "3 mos", "location": "San Francisco Bay Area", "title": "Call Center Representative, Admin Assistant, Executive Assistance"}, {"company_name": "Appco Group", "dates_employed": "Jun 2014\u2013Dec 2014", "employment_duration": "7 mos", "location": null, "title": "Marketing and Sales"}], "education": [{"institution": "San Francisco State University", "degree_details": {"degree_name": "Hospitality, Tourism, Management", "field_of_study": "Hospitality, Tourism Management", "dates_attended_or_expected_graduation": "2012 \u2013 2014"}}, {"institution": "Laney College", "degree_details": {"degree_name": "Associate's degree", "field_of_study": "Culinary Arts/Chef Training", "dates_attended_or_expected_graduation": "2009 \u2013 2012"}}], "employee_name": "Gw0Ihr6q6IT4Wq6QyuI=*vRlGupbK2z+TFcYj83mH4g==*NdWL/GNh5Els5r67Y6Rimg==*PdyP8xGBxsBRQ0UGd8pqoQ=="}, {"experience": [{"company_name": "Beautiful.ai", "dates_employed": "Apr 2018\u2013Present", "employment_duration": "4 yrs 2 mos", "location": null, "title": "Human Resources & Business Manager"}], "education": [{"institution": "San Francisco State University", "degree_details": {"degree_name": "Bachelor's degree", "field_of_study": "Business", "dates_attended_or_expected_graduation": "2012 \u2013 2014"}}], "employee_name": "trsh3in+yMc3zOCKTL8=*idP33GX7PYSvoH5q89NAVg==*OEW2q1Xh/E75A/AOxwdDQg==*ZCX/2jcWrKF3fqc34Gk8/A=="}, {"experience": [{"company_name": "Beautiful.ai", "dates_employed": "Jun 2019\u2013Present", "employment_duration": "3 yrs", "location": "San Francisco, California", "title": "Social Media Manager"}, {"company_name": "Arena North America", "dates_employed": "Mar 2019\u2013Feb 2020", "employment_duration": "1 yr", "location": null, "title": "Content Marketing"}, {"company_name": "Spiraledge, Inc", "dates_employed": "Jan 2016\u2013Jan 2019", "employment_duration": "3 yrs 1 mo", "location": null, "title": "Marketing Communications Manager"}, {"company_name": "Spiraledge, Inc", "dates_employed": "Oct 2013\u2013Jan 2016", "employment_duration": "2 yrs 4 mos", "location": null, "title": "Communications and Social Media Coordinator"}, {"company_name": "Spiraledge, Inc", "dates_employed": "Apr 2013\u2013Oct 2013", "employment_duration": "7 mos", "location": null, "title": "Content Producer - Fashion & Fitness"}], "education": [{"institution": "California State University, Fresno", "degree_details": {"degree_name": "Bachelor of Arts (B.A.)", "field_of_study": "Mass Communications and Journalism- Advertising", "dates_attended_or_expected_graduation": "2008 \u2013 2012"}}], "employee_name": "uHgWY1XOZj1RFH3Yiw==*C3sbRqx2EoeNyOADJgdfcg==*OeCwSt3fcpNJqMiMokgnYQ==*kGuUyvcHKhfu0YqxcuweYA=="}, {"experience": [{"company_name": "Beautiful.ai", "dates_employed": "Apr 2022\u2013Present", "employment_duration": "2 mos", "location": "San Francisco Bay Area", "title": "Account Executive"}, {"company_name": "Beautiful.ai", "dates_employed": "Jun 2021\u2013Present", "employment_duration": "1 yr", "location": "San Francisco, California, United States", "title": "Business Development Representative"}, {"company_name": "Rise Strategy Consulting LLC", "dates_employed": "Mar 2021\u2013Nov 2021", "employment_duration": "9 mos", "location": "San Francisco, California, United States", "title": "Associate Business Consultant"}, {"company_name": "U.S. Census Bureau", "dates_employed": "Jul 2020\u2013Oct 2020", "employment_duration": "4 mos", "location": "San Francisco, California, United States", "title": "Enumerator"}, {"company_name": "Center for Social Dynamics", "dates_employed": "Jan 2020\u2013Apr 2020", "employment_duration": "4 mos", "location": "San Francisco Bay Area", "title": "Behavior Specialist"}], "education": [{"institution": "University of California Santa Barbara", "degree_details": {"degree_name": "Bachelor's degree", "field_of_study": "International/Global Studies", "dates_attended_or_expected_graduation": "2016 \u2013 2019"}}], "employee_name": "HcK4sYNFdF39RmwPfaNR*HFYd3NLNPwfk5WP7mbJpCQ==*C1XGreqi7qs9RUUhHBmMJQ==*I9wU5bGGgbRxg49TboMOOw=="}, {"experience": [{"company_name": "Beautiful.ai", "dates_employed": "Dec 2020\u2013Present", "employment_duration": "1 yr 6 mos", "location": null, "title": "Sales Executive"}, {"company_name": "TONIK+ (Acquired by Chimney Vigor Group)", "dates_employed": "Feb 2020\u2013Nov 2020", "employment_duration": "10 mos", "location": "El Segundo, California, United States", "title": "Business Development Manager"}, {"company_name": "TONIK+ (Acquired by Chimney Vigor Group)", "dates_employed": "Oct 2019\u2013Feb 2020", "employment_duration": "5 mos", "location": "Greater Los Angeles Area", "title": "Strategic Partnerships"}, {"company_name": "HYFN (acquired by Nexstar)", "dates_employed": "Apr 2019\u2013Jul 2019", "employment_duration": "4 mos", "location": "Playa Vista, California", "title": "Strategic Partnerships"}, {"company_name": "IDEA(L)", "dates_employed": "Feb 2018\u2013Feb 2019", "employment_duration": "1 yr 1 mo", "location": "Santa Monica, California", "title": "Development Executive"}], "education": [{"institution": "Bethel University", "degree_details": {"degree_name": "Bachelor's Degree", "field_of_study": "Communication and Media Studies", "dates_attended_or_expected_graduation": "2006 \u2013 2010"}}, {"institution": "Los Angeles Film Studies Center", "degree_details": {"field_of_study": "Film/Cinema/Video Studies", "dates_attended_or_expected_graduation": "2009 \u2013 2009", "degree_name": null}}], "employee_name": "++fbqn9mhnpBZUDg*yQrUpjpiKOUxNyU1GutoIA==*yx9C1nvYpERWxzCZZgBvAw==*yXstsR7+DoHW155Vzppv2A=="}, {"experience": [{"company_name": "BEAUTIFUL.AI", "dates_employed": "Nov 2018\u2013Present", "employment_duration": "3 yrs 7 mos", "location": "San Francisco, California", "title": "Sr. QA Engineer"}, {"company_name": "Metaphotonics Studios", "dates_employed": "May 2009\u2013Present", "employment_duration": "13 yrs 1 mo", "location": "San Francisco Bay Area", "title": "Owner"}, {"company_name": "The Meet Group", "dates_employed": "Apr 2017\u2013Mar 2018", "employment_duration": "1 yr", "location": "San Francisco, California", "title": "QA Test Engineer 2"}, {"company_name": "if(we)", "dates_employed": "Aug 2014\u2013Mar 2018", "employment_duration": "3 yrs 8 mos", "location": "San Francisco, Ca", "title": "QA Test Engineer 2"}, {"company_name": "Tagged", "dates_employed": "Mar 2011\u2013Jul 2014", "employment_duration": "3 yrs 5 mos", "location": "San Francisco Bay Area", "title": "Customer Experience Specialist"}], "education": [{"institution": "University of California Santa Cruz", "degree_details": {"degree_name": "Bachelor of Arts (BA)", "field_of_study": "Film and Digital Media", "dates_attended_or_expected_graduation": "2002 \u2013 2006"}}], "employee_name": "o7z7SePtrHi3PTu6WVg=*Oi0+/daKV6/MaqTmbPHYhA==*3GYimXINGlgqSZ5ohtVthA==*y1L6W8j/vHQPZ4gF8Vs+sg=="}, {"experience": [{"company_name": "Beautiful.ai", "dates_employed": "Oct 2018\u2013Present", "employment_duration": "3 yrs 8 mos", "location": null, "title": "Customer Success Manager"}, {"company_name": "Fitbit", "dates_employed": "Jun 2017\u2013Sep 2018", "employment_duration": "1 yr 4 mos", "location": null, "title": "(Tier III) Customer Support"}, {"company_name": "Yelp", "dates_employed": "Dec 2015\u2013Jun 2017", "employment_duration": "1 yr 7 mos", "location": null, "title": "Customer Support"}], "education": null, "employee_name": "e1ewiqj9YVAMXg==*OUvtYHB7fMoTILB9TG0Qxw==*LfEiLo7WgQa5S2gJhwZlrg==*efIeV/lzlZp5mvFrTZtvgQ=="}, {"experience": [{"company_name": "Beautiful.ai", "dates_employed": "Dec 2020\u2013Present", "employment_duration": "1 yr 6 mos", "location": "San Francisco, California, United States", "title": "Senior Software Engineer"}, {"company_name": "CooperVision", "dates_employed": "Apr 2020\u2013Dec 2020", "employment_duration": "9 mos", "location": "Folsom, California, United States", "title": "Frontend Developer"}, {"company_name": "TechnipFMC", "dates_employed": "Oct 2019\u2013Apr 2020", "employment_duration": "7 mos", "location": "Davis, California", "title": "Software Engineer"}, {"company_name": "Sacramento County - DCFAS (Department of Child, Family, and Adult Services)", "dates_employed": "Mar 2019\u2013Sep 2019", "employment_duration": "7 mos", "location": "Sacramento, California Area", "title": "Web Developer"}, {"company_name": "Shamdi Apps", "dates_employed": "May 2018\u2013Mar 2019", "employment_duration": "11 mos", "location": "Sacramento, California Area", "title": "Software Engineer"}], "education": [{"institution": "Neumont College of Computer Science", "degree_details": {"degree_name": "Bachelor of Science", "field_of_study": "Computer Science", "dates_attended_or_expected_graduation": "2007 \u2013 2009"}}], "employee_name": "xMGKJOR01NvbwdU3*xNK4HCoTjXCW3qd8IJjMPg==*83OZjdElK4ksBFkdZUDCgw==*7rLVerX0BhVrh5EqSHUojQ=="}, {"experience": [{"company_name": "beautiful.ai", "dates_employed": "2019\u2013Present", "employment_duration": "3 yrs", "location": null, "title": "Sr QA Engineer"}, {"company_name": "Facebook - Instagram", "dates_employed": "2018\u20132019", "employment_duration": "1 yr", "location": null, "title": "Sr QA Engineer"}, {"company_name": "Google", "dates_employed": "2018\u20132018", "employment_duration": "less than a year", "location": null, "title": "Senior QA Lead"}, {"company_name": "The Meet Group formerly if(we)", "dates_employed": "2016\u20132018", "employment_duration": "2 yrs", "location": "San francisco, CA", "title": "Software QA Engineer II"}, {"company_name": "Athos", "dates_employed": "2015\u20132016", "employment_duration": "1 yr", "location": null, "title": "Software QA Engineer"}], "education": [{"institution": "San Jose State University", "degree_details": {"degree_name": "Bachelor of Science (B.S.)", "dates_attended_or_expected_graduation": null, "field_of_study": null}}, {"institution": "Ca\u00f1ada College", "degree_details": {"degree_name": "Associate of Science (A.S.)", "field_of_study": "Business, Management, Marketing, and Related Support Services", "dates_attended_or_expected_graduation": null}}, {"institution": "Sequoia High School", "degree_details": {"dates_attended_or_expected_graduation": null, "degree_name": null, "field_of_study": null}}], "employee_name": "jkrGBaMTIF0=*6jVSTcH4sjSKOQh7SzLIIg==*TdcUGQyGkZE0ngbIMxQJdg==*c67RpcT7NIRFhmX1FjIlzg=="}, {"experience": [{"company_name": "Beautiful.ai", "dates_employed": "Feb 2021\u2013Present", "employment_duration": "1 yr 4 mos", "location": "San Francisco, California, United States", "title": "QA Engineer"}, {"company_name": "Dropbox", "dates_employed": "Sep 2019\u2013Jan 2021", "employment_duration": "1 yr 5 mos", "location": "San Francisco, California, United States", "title": "Advanced Support - HelloSign Tier 2.5"}, {"company_name": "HelloSign", "dates_employed": "Jul 2018\u2013Sep 2019", "employment_duration": "1 yr 3 mos", "location": "San Francisco, California, United States", "title": "Customer Support Representative"}, {"company_name": "The Meet Group", "dates_employed": "Apr 2017\u2013Nov 2017", "employment_duration": "8 mos", "location": "San Francisco Bay Area", "title": "Test Engineer II"}, {"company_name": "if(we)", "dates_employed": "May 2011\u2013Nov 2017", "employment_duration": "6 yrs 7 mos", "location": "San Francisco", "title": "Senior Support Lead/Test Engineer II"}], "education": [{"institution": "College of Marin", "degree_details": {"degree_name": "Associate of Science (A.S.)", "field_of_study": "Behavioral Sciences", "dates_attended_or_expected_graduation": null}}], "employee_name": "GKjJxUn3OYPN8QwhcA==*3gL3YktpllSP2jjnXiHihA==*Egx2/2AFdZdjOdJyMhracg==*39SZmplOTXGcLhsbVCw7PQ=="}, {"experience": [{"company_name": "BEAUTIFUL.AI", "dates_employed": "May 2019\u2013Present", "employment_duration": "3 yrs 1 mo", "location": "San Francisco Bay Area", "title": "Senior Art Director"}, {"company_name": "Design Mosaics", "dates_employed": "Oct 2013\u2013Present", "employment_duration": "8 yrs 8 mos", "location": "global!", "title": "Creative Head and Principle Designer"}, {"company_name": "Kenshoo", "dates_employed": "Jun 2017\u2013Apr 2019", "employment_duration": "1 yr 11 mos", "location": "San Francisco Bay Area", "title": "Senior Brand Designer"}, {"company_name": "The Integrated Penguin", "dates_employed": "Mar 2015\u2013Dec 2015", "employment_duration": "10 mos", "location": "Bengaluru Area, India", "title": "Senior Graphic Designer"}, {"company_name": "Monsoon Design", "dates_employed": "May 2013\u2013Oct 2014", "employment_duration": "1 yr 6 mos", "location": "Bangalore", "title": "Senior Architect/Graphic Designer"}], "education": [{"institution": "Edinburgh College of Art", "degree_details": {"degree_name": "Master of Arts (MA)", "field_of_study": "Design and Applied Arts", "dates_attended_or_expected_graduation": "2011 \u2013 2012"}}, {"institution": "Centre for Environmental Planning and Technology", "degree_details": {"degree_name": "undergraduate", "field_of_study": "architecture, design, fine art", "dates_attended_or_expected_graduation": "2003 \u2013 2010"}}], "employee_name": "R2xRu7s6++4jhh+o*vnRS/XdrSyjKhs2aboHybg==*0QSvswFS1fWRNV+FyIxqZQ==*MJitJFxkXnJcQaGhb/djLw=="}, {"experience": null, "education": null, "employee_name": "YqhvkYaWOoJzbmhhh+TP*5au5upyagL2fSCGEY41TRg==*V8L6o8rOPOYAcz1b8HHqUQ==*ZNVZBFoNkRWKMS2YoMz64w=="}, {"experience": null, "education": null, "employee_name": "jLOQBq2SRVIRnRkCgCji*h80j782Fq450OD4+DgFIog==*8HQAOYhm8qLt27wV5ujo1Q==*79YmzYqgDG1O6Cvapj5f+A=="}]