[{"experience": [{"company_name": "Syllable", "dates_employed": "Apr 2021\u2013Present 1 yr 2 mos", "employment_duration": null, "title": "Vice President of Sales"}, {"company_name": "Smartlink Health Solutions", "dates_employed": "Mar 2018\u2013Jan 2020 1 yr 11 mos", "employment_duration": null, "title": "National Director | Enterprise Solutions"}, {"company_name": "Hicuity Health", "dates_employed": "Jan 2015\u2013Feb 2018 3 yrs 2 mos", "employment_duration": null, "title": "VP Account Development"}, {"company_name": "MedAptus", "dates_employed": "Jan 2013\u2013Jan 2014 1 yr 1 mo", "employment_duration": null, "title": "Regional Sales Executive"}, {"company_name": "Aetna", "dates_employed": "Jan 2012\u2013Jan 2013 1 yr 1 mo", "employment_duration": null, "title": "Senior Business Development Executive"}], "education": [{"institution": "North Carolina State University", "degree_details": {"dates_attended_or_expected_graduation": null, "degree_name": null, "field_of_study": null}}], "employee_name": "zoOGVGckJ5xlrozU6ql25g==*hNQVj8Ht1EHTkwuPx1nzVg==*7jdsPdmaFrfIoBmcY8uIOg==*CTjNcA4cuJw6ypXAatoYgw=="}, {"experience": [{"company_name": "Syllable Corporation", "dates_employed": "2017\u2013Present 5 yrs", "employment_duration": null, "title": "Co-Founder"}, {"company_name": "Shift Messenger", "dates_employed": "2015\u20132017 2 yrs", "employment_duration": null, "title": "Software Engineer"}, {"company_name": "Stellar Development Foundation", "dates_employed": "2014\u20132015 1 yr", "employment_duration": null, "title": "Software Engineer"}, {"company_name": "Google", "dates_employed": "2012\u20132014 2 yrs", "employment_duration": null, "title": "Software Engineer"}], "education": [{"institution": "University of Washington", "degree_details": {"field_of_study": "Computer Science", "dates_attended_or_expected_graduation": null, "degree_name": null}}], "employee_name": "zEHxeXVeauiEOv7rAQ==*xXIRRPKUxd3xMPNgjFPiWg==*3ECee+WZIA5s7eTBro55Tw==*tjlW2pyKH8L07kayPiJ2Yw=="}, {"experience": [{"company_name": "Syllable", "dates_employed": "2017\u2013Present 5 yrs", "location": "San Francisco Bay Area", "employment_duration": null, "title": "CEO"}, {"company_name": "Executive Producer, Director, Casting Director, Art Director, Script Writer, Communications Director", "employment_duration": "Can Silicon Valley Save Healthcare?", "titles": ["", "", ""], "dates_employed": [null, null, null]}, {"company_name": "Marvin", "dates_employed": "2021\u2013Present 1 yr", "employment_duration": null, "title": "Advisor"}, {"company_name": "NextSense, Inc", "dates_employed": "2020\u2013Present 2 yrs", "employment_duration": null, "title": "Advisor"}, {"company_name": "Google", "dates_employed": "2011\u20132017 6 yrs", "employment_duration": null, "title": "Director, Google"}], "education": null, "employee_name": "/YzHbXEv6jjKn1lK*vU5Xuy0JACo2vfxySnN+bQ==*Kb2RN+oBp4I1XO/YjmDYpg==*Nztpx/dNEK6FVMHldKxl4w=="}, {"experience": [{"company_name": "Syllable Corporation", "dates_employed": "Oct 2016\u2013Present 5 yrs 8 mos", "location": "San Francisco Bay Area", "employment_duration": null, "title": "co-founder and COO"}, {"company_name": "Mercadolibre.com (NASDAQ: MELI)", "dates_employed": "Apr 2015\u2013Sep 2016 1 yr 6 mos", "location": "San Francisco Bay Area", "employment_duration": null, "title": "Senior Director Product Management"}, {"company_name": "Dabee - acquired by MercadoLibre (NASDAQ: MELI)", "dates_employed": "Oct 2010\u2013Apr 2015 4 yrs 7 mos", "location": "Sunnyvale, CA", "employment_duration": null, "title": "Founder and CEO"}, {"company_name": "eBay", "employment_duration": "8 yrs 3 mos", "titles": ["Director, Product Management", "Group Product Manager - Selling", "Sr. Product Manager, Seller Tools", "Sr. Product Marketing Manager, Seller Tools", "Business Analyst, Developers Program"], "dates_employed": ["Sep 2008\u2013Nov 2010 2 yrs 3 mos", "Jan 2005\u2013Sep 2008 3 yrs 9 mos", "Sep 2004\u2013Sep 2005 1 yr 1 mo", "Sep 2003\u2013Sep 2004 1 yr 1 mo", "Sep 2002\u2013Sep 2003 1 yr 1 mo"]}, {"company_name": "BeVocal", "dates_employed": "Jan 2001\u2013Aug 2002 1 yr 8 mos", "location": "San Francisco Bay Area", "employment_duration": null, "title": "Business Development Manager"}], "education": [{"institution": "Stanford University Graduate School of Business", "degree_details": {"degree_name": "MBA", "field_of_study": "Business Administration", "dates_attended_or_expected_graduation": "1998 \u2013 2000"}}, {"institution": "FGV - Funda\u00e7\u00e3o Getulio Vargas", "degree_details": {"degree_name": "BA", "field_of_study": "Business Administration", "dates_attended_or_expected_graduation": "1992 \u2013 1995"}}], "employee_name": "Wl5CCub48Ok+Lw==*mXRu7Iqz4kyeo8sODfrFSw==*ju5d2h6gZw/YctttJhO5lw==*9l0Ae7GosNIeznKPLCVf1g=="}, {"experience": [{"company_name": "Vice President", "employment_duration": "Syllable", "titles": ["Syllable"], "dates_employed": [null]}, {"company_name": "Vice President", "employment_duration": "GYANT", "titles": ["Homepage", "GYANT Blog \u2013 Medium"], "dates_employed": [null, null]}, {"company_name": "Regional Vice President(AE IV), Health Solutions", "employment_duration": "Envolve Health (Formerly MHN)", "titles": ["Envolve Logo"], "dates_employed": [null]}, {"company_name": "Ceridian", "dates_employed": "Oct 2013\u2013May 2015 1 yr 8 mos", "location": "San Francisco Bay Area", "employment_duration": null, "title": "Major Account Representative"}, {"company_name": "MHN, A Health Net Company", "dates_employed": "Nov 2010\u2013Oct 2013 3 yrs", "location": "San Rafael, CA", "employment_duration": null, "title": "Regional Sales Executive"}], "education": [{"institution": "University of Nevada-Las Vegas - Lee Business School", "degree_details": {"degree_name": "M.B.A.", "field_of_study": "Marketing", "dates_attended_or_expected_graduation": null}}, {"institution": "James Madison University", "degree_details": {"degree_name": "B.B.A.", "field_of_study": "Finance", "dates_attended_or_expected_graduation": null}}, {"institution": "Devon Preparatory", "degree_details": {"dates_attended_or_expected_graduation": null, "degree_name": null, "field_of_study": null}}], "employee_name": "u7DYfHVp9JCuu2ybJmhtE/QBW7QidA==*xHMs1WbEBa4JyxR54atoPw==*odsqmi8eG12wiFGdPBcw5Q==*69CaRXf4dUhkg+V3XGwa/w=="}, {"experience": [{"company_name": "Syllable", "employment_duration": "3 yrs 6 mos", "titles": ["Software Engineer ll", "Software Engineer"], "dates_employed": ["Jan 2021\u2013Present 1 yr 5 mos", "Dec 2018\u2013Jan 2021 2 yrs 2 mos"]}, {"company_name": "tuutkia", "dates_employed": "Jul 2018\u2013Dec 2018 6 mos", "location": "Fremont ,California, United States", "employment_duration": null, "title": "Software Engineer Intern"}, {"company_name": "Indiana University Bloomington", "dates_employed": "Jan 2018\u2013May 2018 5 mos", "location": "Bloomington, Indiana Area", "employment_duration": null, "title": "Associate Instructor for INFO-I590 SQL/NoSQL Course"}, {"company_name": "Tech Mahindra", "employment_duration": "2 yrs 1 mo", "titles": ["Software Engineer", "Associate Software Engineer"], "dates_employed": ["Oct 2015\u2013Jul 2016 10 mos", "Jul 2014\u2013Sep 2015 1 yr 3 mos"]}], "education": [{"institution": "Indiana University Bloomington", "degree_details": {"degree_name": "Master\u2019s Degree", "field_of_study": "Computer Science", "dates_attended_or_expected_graduation": "2016 \u2013 2018"}}, {"institution": "University of Mumbai", "degree_details": {"degree_name": "Bachelor of Engineering - BE", "field_of_study": "Information Technology", "dates_attended_or_expected_graduation": "2010 \u2013 2014"}}, {"institution": "K.C. Public School", "degree_details": {"degree_name": "High School", "dates_attended_or_expected_graduation": "1997 \u2013 2010", "field_of_study": null}}], "employee_name": "tSQyb3Ljt4zPJnM=*iL966XEfbFtr6btW28N3aQ==*cJjGeyQ+BX7zGcFhe7CiiA==*kVb7N2ZHXNZYkOWb4xoyqg=="}, {"experience": [{"company_name": "Syllable", "dates_employed": "May 2021\u2013Present 1 yr 1 mo", "location": "Sunnyvale, California, United States", "employment_duration": null, "title": "Vice President of Development and Operations"}, {"company_name": "IBM", "employment_duration": "37 yrs 9 mos", "titles": ["Program Director, Cognitive Technologies & System Performance", "Program Director, Cloud Solutions and Performance", "Research Staff Member Manager"], "dates_employed": ["Jan 2017\u2013Feb 2021 4 yrs 2 mos", "Sep 2005\u2013Dec 2016 11 yrs 4 mos", "Jun 1983\u2013Sep 2005 22 yrs 4 mos"]}], "education": [{"institution": "Stanford University", "degree_details": {"degree_name": "Master\u2019s Degree", "field_of_study": "Electrical Engineering", "dates_attended_or_expected_graduation": null}}, {"institution": "University of California, Berkeley", "degree_details": {"degree_name": "Bachelor\u2019s Degree", "field_of_study": "Electrical Engineering and Computer Science", "dates_attended_or_expected_graduation": null}}], "employee_name": "qwU2mr150rRa+ItIwQ==*xeLqZ8HK4g9zJxH3iuRU4w==*+C82S92AGIs7E6ehtoQ+xA==*u8EvLi4c8Y5+CDOxiT65Vg=="}, {"experience": [{"company_name": "Syllable", "employment_duration": "1 yr 9 mos", "titles": ["Chief Architect and VP of Engineering", "Chief Architect"], "dates_employed": ["May 2021\u2013Present 1 yr 1 mo", "Sep 2020\u2013May 2021 9 mos"]}, {"company_name": "Verily Life Sciences", "dates_employed": "Sep 2018\u2013Sep 2020 2 yrs 1 mo", "employment_duration": null, "title": "Software Engineer"}, {"company_name": "Google", "dates_employed": "Jul 2015\u2013Sep 2018 3 yrs 3 mos", "location": "Greater Chicago Area", "employment_duration": null, "title": "Software Engineer - Imaging and Vision"}, {"company_name": "Consultant", "dates_employed": "Jul 2011\u2013Jul 2015 4 yrs 1 mo", "employment_duration": null, "title": "Medical Imaging Software Consultant"}, {"company_name": "Butterfly Network, Inc.", "dates_employed": "Jul 2013\u2013Mar 2015 1 yr 9 mos", "location": "Guilford, CT", "employment_duration": null, "title": "Software Team Lead"}], "education": [{"institution": "University of Illinois Urbana-Champaign", "degree_details": {"degree_name": "Doctor of Philosophy (PhD)", "field_of_study": "Electrical Engineering", "dates_attended_or_expected_graduation": "2003 \u2013 2007"}}, {"institution": "University of Illinois Urbana-Champaign", "degree_details": {"degree_name": "Master of Science (M.S.)", "field_of_study": "Electrical Engineering", "dates_attended_or_expected_graduation": "2001 \u2013 2003"}}, {"institution": "Milwaukee School of Engineering", "degree_details": {"degree_name": "Bachelor of Science (B.S.)", "field_of_study": "Computer Engineering", "dates_attended_or_expected_graduation": "1997 \u2013 2001"}}], "employee_name": "MkLZMEYNSK9jgK1W*v2Aj6W2QLF4617fLar5+dw==*hrIzYy6iZf3DPUfu0+j0dw==*6GsRmPzrJsYOqRCeR0Ap6A=="}, {"experience": [{"company_name": "Syllable", "dates_employed": "Mar 2021\u2013Present 1 yr 3 mos", "location": "San Francisco Bay Area", "employment_duration": null, "title": "Chief Commercial Officer"}, {"company_name": "Clarify Health Solutions", "dates_employed": "Oct 2019\u2013Feb 2021 1 yr 5 mos", "location": "San Francisco and New York", "employment_duration": null, "title": "Chief Commercial Officer"}, {"company_name": "Sutherland", "employment_duration": "6 yrs 9 mos", "titles": ["Strategic Advisory Board Member", "Chief Commerical Officer Sutherland Healthcare Solutions Sr. Vice President Healthcare"], "dates_employed": ["Sep 2019\u2013Dec 2019 4 mos", "Apr 2013\u2013Oct 2019 6 yrs 7 mos"]}, {"company_name": "Xerox", "employment_duration": "7 yrs 6 mos", "titles": ["Senior Vice President Government Healthcare", "Senior Vice President Emerging Markets", "Vice President"], "dates_employed": ["Jan 2012\u2013Apr 2013 1 yr 4 mos", "Jan 2010\u2013Jan 2012 2 yrs 1 mo", "Nov 2005\u2013Jan 2010 4 yrs 3 mos"]}, {"company_name": "APS Healthcare", "dates_employed": "Dec 2000\u20132005 5 yrs", "employment_duration": null, "title": "Vice President"}], "education": null, "employee_name": "/lkt3ua6xkUxdhbyaQ==*h6T2Rg8pYRhSXO7pSD6jrw==*cMAGe+aGoIYyYtZL5yiOPA==*OKbfkLcmFWXUngws7/tBRA=="}, {"experience": [{"company_name": "Syllable", "dates_employed": "Apr 2021\u2013Present 1 yr 2 mos", "employment_duration": null, "title": "Vice President of Sales"}, {"company_name": "Relias", "dates_employed": "Feb 2020\u2013Apr 2021 1 yr 3 mos", "employment_duration": null, "title": "Regional Account Executive"}, {"company_name": "FormFast", "dates_employed": "May 2015\u2013Feb 2020 4 yrs 10 mos", "employment_duration": null, "title": "Regional Sales Manager"}, {"company_name": "Nuance Communications", "dates_employed": "Jan 2010\u2013May 2015 5 yrs 5 mos", "employment_duration": null, "title": "Regional Sales Director"}, {"company_name": "DoubleTake Marketing", "dates_employed": "Jan 2008\u2013Jan 2010 2 yrs 1 mo", "employment_duration": null, "title": "EVP of Sales / Co-Founder"}], "education": [{"institution": "Westminster College", "degree_details": {"degree_name": "Bachelors of Science", "field_of_study": "Business with an emphasis in Business Management", "dates_attended_or_expected_graduation": "1996 \u2013 1999"}}], "employee_name": "FZraSuvri4D397gcLg==*N5mp4YKdkVlgN1jkmHVmng==*xpkMACXDbq1rk+wuOOBZ9g==*uv0fdywkWXZVo5MzrCm1bw=="}, {"experience": [{"company_name": "TCV", "dates_employed": "Jul 2021\u2013Present 11 mos", "employment_duration": null, "title": "General Partner"}, {"company_name": "Syllable", "dates_employed": "Feb 2022\u2013Present 4 mos", "employment_duration": null, "title": "Investor"}, {"company_name": "BenchSci", "dates_employed": "Jan 2022\u2013Present 5 mos", "employment_duration": null, "title": "Board Member"}, {"company_name": "Legit Security", "dates_employed": "Nov 2021\u2013Present 7 mos", "employment_duration": null, "title": "Investor"}, {"company_name": "Melio", "dates_employed": "Sep 2020\u2013Jul 2021 11 mos", "employment_duration": null, "title": "Investor"}], "education": [{"institution": "The Wharton School", "degree_details": {"degree_name": "Bachelor of Science (BS)", "field_of_study": "Finance", "dates_attended_or_expected_graduation": null}}], "employee_name": "r0rmaIZy4jguejkm*Z4n+VgYSADfMxD47FVipmA==*wtGJyPKbmuHd/PDYizb5/w==*0R3UEa/UueQA7ZXCFF5XLw=="}, {"experience": [{"company_name": "Syllable", "dates_employed": "Jul 2019\u2013Present 2 yrs 11 mos", "location": "Sunnyvale, California", "employment_duration": null, "title": "Chief Medical Officer"}, {"company_name": "Founder/CEO", "employment_duration": "Upstream Solutions Group, LLC", "titles": ["A Health Solutions Firm"], "dates_employed": [null]}, {"company_name": "Saint Francis Healthcare Partners", "dates_employed": "Jul 2017\u2013Jun 2019 2 yrs", "location": "Hartford, Connecticut Area", "employment_duration": null, "title": "Vice President, Population Health"}, {"company_name": "Trinity Health Of New England", "dates_employed": "Dec 2014\u2013Jun 2017 2 yrs 7 mos", "location": "Hartford, Connecticut Area", "employment_duration": null, "title": "Vice President for Ambulatory Strategy and Development; Medical Director, Primary Care Service Line"}, {"company_name": "Saint Francis Hospital and Medical Center", "dates_employed": "Jul 2012\u2013Dec 2014 2 yrs 6 mos", "location": "Hartford, Connecticut Area", "employment_duration": null, "title": "Medical Director, Primary Care Service Line"}], "education": [{"institution": "Northwestern University - The Feinberg School of Medicine", "degree_details": {"field_of_study": "Internal Medicine Residency Program", "dates_attended_or_expected_graduation": "1991 \u2013 1994", "degree_name": null}}, {"institution": "Penn State University", "degree_details": {"degree_name": "Doctor of Medicine (MD)", "field_of_study": "Medicine", "dates_attended_or_expected_graduation": "1987 \u2013 1991"}}, {"institution": "Middlebury College", "degree_details": {"degree_name": "Bachelor of Arts (B.A.)", "field_of_study": "Geography", "dates_attended_or_expected_graduation": "1982 \u2013 1986"}}], "employee_name": "vRRvxmgoFK5vgue4FALmlPaJuzsazJA=*oukN9F+L5S60UCVNFNEU2Q==*I7zIB/1UWeMe9SfkqqKgNg==*8lA6M2Wi1sKrmZlWtdT/rw=="}, {"experience": [{"company_name": "Syllable", "dates_employed": "Aug 2020\u2013Present 1 yr 10 mos", "location": "Sunnyvale, California, United States", "employment_duration": null, "title": "Director of Finance and Operations"}, {"company_name": "Countsy", "dates_employed": "May 2017\u2013Aug 2020 3 yrs 4 mos", "location": "San Francisco Bay Area", "employment_duration": null, "title": "Startup CFO"}, {"company_name": "Accretive Solutions", "dates_employed": "Jan 2012\u2013May 2017 5 yrs 5 mos", "employment_duration": null, "title": "Senior Manager"}, {"company_name": "Comcast Silicon Valley", "employment_duration": "8 yrs 9 mos", "titles": ["Controller", "Consultant Controller"], "dates_employed": ["Jun 2008\u2013Dec 2011 3 yrs 7 mos", "Apr 2003\u2013Jun 2008 5 yrs 3 mos"]}, {"company_name": "Accretive Solutions formerly Horn Murdock Cole", "dates_employed": "Oct 1997\u2013Jun 2008 10 yrs 9 mos", "employment_duration": null, "title": "Consultant"}], "education": [{"institution": "California State University, Long Beach", "degree_details": {"degree_name": "BS", "field_of_study": "Accountancy", "dates_attended_or_expected_graduation": null}}, {"institution": "California State University, Long Beach", "degree_details": {"degree_name": "BS", "field_of_study": "Management Information Systems (MIS)", "dates_attended_or_expected_graduation": null}}, {"institution": "Maryknoll Convent School", "degree_details": {"dates_attended_or_expected_graduation": null, "degree_name": null, "field_of_study": null}}], "employee_name": "Ho6sFea58+0=*41HJL+32+QD3Gmm/mhjwOg==*UlRZoAn4asthZNI0NWPkng==*J9yKxBbm0dZesmU5RF9ZAA=="}, {"experience": [{"company_name": "Syllable", "dates_employed": "Jan 2022\u2013Present 5 mos", "employment_duration": null, "title": "Head Of Strategic Development"}, {"company_name": "Boston Consulting Group (BCG)", "employment_duration": "2 yrs 5 mos", "titles": ["Consultant", "Associate"], "dates_employed": ["Oct 2021\u2013Jan 2022 4 mos", "Sep 2019\u2013Sep 2021 2 yrs 1 mo"]}, {"company_name": "Pomona College", "employment_duration": "2 yrs 10 mos", "titles": ["Captain of NCAA Women's Basketball Team", "Neuroscience Teaching Assistant", "President of Pomona Ventures"], "dates_employed": ["Aug 2015\u2013May 2019 3 yrs 10 mos", "Aug 2018\u2013Dec 2018 5 mos", "Aug 2016\u2013Dec 2018 2 yrs 5 mos"]}, {"company_name": "Deloitte", "dates_employed": "Jun 2018\u2013Aug 2018 3 mos", "location": "Greater Los Angeles Area", "employment_duration": null, "title": "Strategy & Operations Summer Scholar"}, {"company_name": "Pomona College", "dates_employed": "Sep 2016\u2013Dec 2017 1 yr 4 mos", "employment_duration": null, "title": "Campus Tour Guide"}], "education": [{"institution": "Pomona College", "degree_details": {"degree_name": "Bachelor of Arts (BA)", "field_of_study": "Double Major in Neuroscience and Economics", "dates_attended_or_expected_graduation": null}}, {"institution": "Menlo-Atherton High School", "degree_details": {"dates_attended_or_expected_graduation": null, "degree_name": null, "field_of_study": null}}], "employee_name": "a+78OijYN2QoZg==*qAoV6+sHhQkhMiJcF/5hNw==*y67jEmSwJuDqGF2z55KDeA==*smggKywY/Dbzr9G9gHGK1Q=="}, {"experience": [{"company_name": "Oak HC/FT", "dates_employed": "Jun 2014\u2013Present 8 yrs", "location": "Greenwich, CT", "employment_duration": null, "title": "Partner"}, {"company_name": "Osso VR", "dates_employed": "Mar 2022\u2013Present 3 mos", "employment_duration": null, "title": "Board Member"}, {"company_name": "Reveleer", "dates_employed": "Dec 2021\u2013Present 6 mos", "employment_duration": null, "title": "Board Observer"}, {"company_name": "veda", "dates_employed": "Jul 2021\u2013Present 11 mos", "location": "Wisconsin, United States", "employment_duration": null, "title": "Board Observer"}, {"company_name": "Syllable", "dates_employed": "Jun 2020\u2013Present 2 yrs", "employment_duration": null, "title": "Board Member"}], "education": [{"institution": "The Wharton School", "degree_details": {"degree_name": "B.Sc in Economics", "field_of_study": "Finance", "dates_attended_or_expected_graduation": null}}, {"institution": "University of Pennsylvania", "degree_details": {"degree_name": "B.Sc in Engineering", "field_of_study": "Systems Science & Engineering, Math Minor", "dates_attended_or_expected_graduation": null}}], "employee_name": "l1aWh27w3QrXI4q+3UEvAg==*GkojSS++u4v06exGE8r78Q==*Ns3JxeP0uC/Q5FI36j8BWA==*17nVKZpeqtFlu8MaOHXqtA=="}, {"experience": [{"company_name": "Syllable", "dates_employed": "Jul 2021\u2013Present 11 mos", "employment_duration": null, "title": "Vice President of Sales"}, {"company_name": "Spectrum Enterprise", "dates_employed": "Dec 2010\u2013Jul 2021 10 yrs 8 mos", "location": "Greater Los Angeles Area", "employment_duration": null, "title": "Major Account Executive, Healthcare Solutions"}], "education": [{"institution": "California State University-San Bernardino - College of Business and Public Administration", "degree_details": {"degree_name": "BA", "field_of_study": "Business Administration: Concentration Marketing", "dates_attended_or_expected_graduation": "1993 \u2013 1996"}}], "employee_name": "vucyGE8xQr6UBw==*7Gfrs3iuEsHItLpwFkpTBg==*UF1yHGKvKWPQvxmQt/cj3w==*XNDCdP4bL8Uyi+LCSHatAg=="}, {"experience": [{"company_name": "Syllable", "dates_employed": "Jun 2020\u2013Present 2 yrs", "location": "Los Angeles Metropolitan Area", "employment_duration": null, "title": "Product Manager"}, {"company_name": "New York-Presbyterian Hospital", "employment_duration": "1 yr 10 mos", "titles": ["Project Lead, IT Innovation - Digital Health Team", "Senior Project Manager, IT Transformation Team"], "dates_employed": ["May 2019\u2013Feb 2020 10 mos", "May 2018\u2013May 2019 1 yr 1 mo"]}, {"company_name": "Connexient", "dates_employed": "Sep 2017\u2013Feb 2018 6 mos", "location": "New York, New York", "employment_duration": null, "title": "Project Manager"}, {"company_name": "Phreesia", "employment_duration": "2 yrs 9 mos", "titles": ["Market Development Specialist", "Implementation Consultant", "Implementation Associate"], "dates_employed": ["Apr 2017\u2013Sep 2017 6 mos", "Sep 2015\u2013Apr 2017 1 yr 8 mos", "Jan 2015\u2013Sep 2015 9 mos"]}, {"company_name": "eInformatics", "dates_employed": "Jun 2013\u2013Nov 2014 1 yr 6 mos", "location": "Columbus, Ohio Area", "employment_duration": null, "title": "Implementation Consultant"}], "education": [{"institution": "The Ohio State University", "degree_details": {"degree_name": "Bachelor of Science - BS", "field_of_study": "Health Information Management & Systems", "dates_attended_or_expected_graduation": null}}], "employee_name": "nAaD/vw0u2g=*LNWJhYEqguGOjjawiwsAmw==*PdrPWW/ijZyPm/1E059HKQ==*fqZTiQl5a8ZGJTXqC18h/Q=="}, {"experience": [{"company_name": "Syllable", "dates_employed": "Feb 2019\u2013Present 3 yrs 4 mos", "employment_duration": null, "title": "Sr. Technical Product Manager"}, {"company_name": "Can Silicon Valley Save Healthcare?", "dates_employed": "Jan 2022\u2013Present 5 mos", "location": "San Francisco, California, United States", "employment_duration": null, "title": "Producer"}, {"company_name": "NetEase North America", "dates_employed": "Jun 2017\u2013Jan 2019 1 yr 8 mos", "location": "San Francisco Bay Area", "employment_duration": null, "title": "Sr. Product Designer"}, {"company_name": "Startup Policy Lab", "dates_employed": "Dec 2016\u2013Jun 2017 7 mos", "location": "San Francisco Bay Area", "employment_duration": null, "title": "Development Director"}, {"company_name": "Save Our Shuttles", "dates_employed": "Jan 2016\u2013Feb 2017 1 yr 2 mos", "location": "San Francisco Bay Area", "employment_duration": null, "title": "Campaign Manager"}], "education": null, "employee_name": "f1NTf9Qv7UxL*MBBCrdcGBxjyv5T3KcyMIQ==*njFdGxwBkd5GfqneC+n44A==*h2bJ5bAFxzt4vGYI/kI2iQ=="}, {"experience": [{"company_name": "Syllable", "dates_employed": "Jun 2021\u2013Present 1 yr", "location": "San Jose, California, United States", "employment_duration": null, "title": "Senior Manager, Operations"}, {"company_name": "CGI", "dates_employed": "Aug 2015\u2013Jun 2021 5 yrs 11 mos", "location": "Washington D.C. Metro Area", "employment_duration": null, "title": "Director Consulting"}, {"company_name": "Cerner Corporation", "dates_employed": "Jan 2011\u2013Aug 2015 4 yrs 8 mos", "employment_duration": null, "title": "Deputy Director, Operations, MobileMD Health Services"}, {"company_name": "Dominion Business Solutions", "dates_employed": "May 2010\u2013Jan 2011 9 mos", "employment_duration": null, "title": "Senior Manager"}, {"company_name": "Versivo", "dates_employed": "Feb 2007\u2013Apr 2010 3 yrs 3 mos", "employment_duration": null, "title": "Vice President"}], "education": [{"institution": "University of Michigan", "degree_details": {"degree_name": "BA", "dates_attended_or_expected_graduation": "1993 \u2013 1997", "field_of_study": null}}], "employee_name": "Fi0elTgR9JXGv+R3PAxPXr7Z3g==*MWQ1iCJmbDeriTKUQ3ghGg==*JWtqOLSZlr0Fza74U4eyCw==*rhsfaBmfuiTfAeuBylGV0g=="}, {"experience": [{"company_name": "Syllable", "dates_employed": "Mar 2021\u2013Present 1 yr 3 mos", "employment_duration": null, "title": "Senior Product Manager"}, {"company_name": "Product Lead", "employment_duration": "Button", "titles": ["", "", ""], "dates_employed": [null, null, null]}, {"company_name": "WeWork", "dates_employed": "Aug 2019\u2013Jan 2020 6 mos", "location": "New York, United States", "employment_duration": null, "title": "Senior Product Manager"}, {"company_name": "Philip Morris International", "employment_duration": "6 yrs 7 mos", "titles": ["Senior Product Manager", "Senior Product Manager", "Product Manager"], "dates_employed": ["Jan 2018\u2013Jul 2019 1 yr 7 mos", "Jan 2015\u2013Dec 2017 3 yrs", "Jan 2013\u2013Dec 2014 2 yrs"]}, {"company_name": "Apple", "dates_employed": "Jun 2012\u2013Oct 2012 5 mos", "location": "San Francisco Bay Area", "employment_duration": null, "title": "Software Engineer"}], "education": [{"institution": "Stanford University", "degree_details": {"degree_name": "Master of Science (M.Sc.)", "field_of_study": "Computer Science", "dates_attended_or_expected_graduation": null}}, {"institution": "Georgetown University", "degree_details": {"degree_name": "Bachelor of Science (BSc)", "field_of_study": "Mathematics and Economics", "dates_attended_or_expected_graduation": null}}], "employee_name": "fCRarUeASDhGrAr5pPk=*kD2K61TGmhJa5eHCIGEKcA==*GbnFXbrrQEvlWSod2xwZFw==*wsmXL4W62qkxeaUF6rNXDg=="}, {"experience": [{"company_name": "Syllable", "dates_employed": "Jan 2021\u2013Present 1 yr 5 mos", "location": "Denver, Colorado, United States", "employment_duration": null, "title": "Customer Operations Lead"}, {"company_name": "Cerner Corporation", "employment_duration": "5 yrs 10 mos", "titles": ["Senior Sales Executive", "Client Results Executive"], "dates_employed": ["Oct 2015\u2013Nov 2020 5 yrs 2 mos", "Feb 2015\u2013Jan 2016 1 yr"]}, {"company_name": "Siemens Healthcare", "dates_employed": "Nov 2012\u2013Feb 2015 2 yrs 4 mos", "location": "Denver, CO", "employment_duration": null, "title": "Account Manager, MobileMD Health Services"}, {"company_name": "CGI", "dates_employed": "Sep 2005\u2013Nov 2012 7 yrs 3 mos", "employment_duration": null, "title": "Senior Consultant"}], "education": [{"institution": "University of Wisconsin-Madison", "degree_details": {"degree_name": "Bachelor of Business Administration", "field_of_study": "Information Systems, Management and Human Resources", "dates_attended_or_expected_graduation": "2001 \u2013 2005"}}, {"institution": "Wisconsin School of Business", "degree_details": {"degree_name": "Bachelor of Business Administration (B.B.A.)", "field_of_study": "Management Information Systems, General", "dates_attended_or_expected_graduation": "2001 \u2013 2005"}}, {"institution": "Copenhagen Business School", "degree_details": {"dates_attended_or_expected_graduation": "2003 \u2013 2003", "degree_name": null, "field_of_study": null}}], "employee_name": "6UEldL9rVMVIbCbCkRwevN7alA==*PIPoyxlXmq410j2jDWvdIg==*TmeQaFY4FwYDVdjiM13pkA==*OcpXxAxS0+DHv7yFlCjeKQ=="}, {"experience": [{"company_name": "Syllable", "employment_duration": "4 yrs 3 mos", "titles": ["Product Manager", "Product Marketer"], "dates_employed": ["Jul 2019\u2013Present 2 yrs 11 mos", "Mar 2018\u2013Jul 2019 1 yr 5 mos"]}, {"company_name": "Avantage\u00ae USA, LLC", "dates_employed": "Jan 2017\u2013Jun 2017 6 mos", "location": "Carlsbad, CA", "employment_duration": null, "title": "Marketing Coordinator"}, {"company_name": "Whetstone Studio", "dates_employed": "Dec 2015\u2013Jan 2017 1 yr 2 mos", "location": "Shanghai City, China", "employment_duration": null, "title": "Founder"}, {"company_name": "Imagination Education Technologies Group, Shanghai", "dates_employed": "2014\u2013Feb 2016 2 yrs", "location": "Shanghai, China", "employment_duration": null, "title": "Product / BD"}, {"company_name": "xPlus", "dates_employed": "2009\u20132014 5 yrs", "location": "San Diego, California", "employment_duration": null, "title": "Marketing Communications Consultant"}], "education": [{"institution": "University of Southern California - Marshall School of Business", "degree_details": {"degree_name": "MBA", "dates_attended_or_expected_graduation": "2019", "field_of_study": null}}, {"institution": "Antioch University", "degree_details": {"degree_name": "MFA", "dates_attended_or_expected_graduation": "2012", "field_of_study": null}}, {"institution": "UC Irvine", "degree_details": {"degree_name": "BA", "field_of_study": "Economics, Philosophy", "dates_attended_or_expected_graduation": "2010"}}], "employee_name": "TLsYljdB5SPsSz1WRfR0pST0*Ulo29bUOybmtU/UK5bJezg==*AxWpHR3mEHhTKnWqFDGRpg==*c/rx9u5LSDTdyteuz387pg=="}, {"experience": [{"company_name": "Syllable", "employment_duration": "3 yrs 4 mos", "titles": ["Product Manager", "Product Management Intern"], "dates_employed": ["May 2019\u2013Present 3 yrs 1 mo", "Feb 2019\u2013May 2019 4 mos"]}, {"company_name": "The Highway Community", "dates_employed": "Sep 2017\u2013Jan 2019 1 yr 5 mos", "location": "San Francisco Bay Area", "employment_duration": null, "title": "Director Of Administration"}, {"company_name": "Bayshore Christian Ministries", "dates_employed": "Aug 2015\u2013Aug 2017 2 yrs 1 mo", "location": "San Francisco Bay Area", "employment_duration": null, "title": "Various Roles with Middle School Students"}], "education": [{"institution": "Stanford University", "degree_details": {"degree_name": "Bachelor of Science (BS)", "field_of_study": "Medical Anthropology", "dates_attended_or_expected_graduation": "2011 \u2013 2015"}}], "employee_name": "6/Uzd1HYhzrGQcy5hRY=*Odb8zf9IeYohoZSFr/ti9g==*B6hI9/iuftInyRF/qmSg1w==*ze7NOvBt6nq20dCvloTMjg=="}, {"experience": [{"company_name": "Syllable", "dates_employed": "Dec 2021\u2013Present 6 mos", "employment_duration": null, "title": "Software Engineer"}, {"company_name": "SoliSoft O\u00dc", "dates_employed": "Dec 2021\u2013Present 6 mos", "location": "Talinn", "employment_duration": null, "title": "Director"}, {"company_name": "Toptal", "dates_employed": "Apr 2019\u2013Present 3 yrs 2 mos", "employment_duration": null, "title": "Full Stack Web Engineer"}, {"company_name": "BOUNDLESS DIGITAL", "dates_employed": "May 2019\u2013Dec 2021 2 yrs 8 mos", "employment_duration": null, "title": "Full Stack Web Engineer"}, {"company_name": "Solidus Capital", "dates_employed": "Dec 2017\u2013Dec 2018 1 yr 1 mo", "location": "Istanbul, Turkey", "employment_duration": null, "title": "Backend Engineer"}], "education": [{"institution": "Bo\u011fazi\u00e7i University", "degree_details": {"field_of_study": "Computer Science", "dates_attended_or_expected_graduation": "2007 \u2013 2012", "degree_name": null}}, {"institution": "EPFL (\u00c9cole polytechnique f\u00e9d\u00e9rale de Lausanne)", "degree_details": {"field_of_study": "Computer Science", "dates_attended_or_expected_graduation": "2011 \u2013 2011", "degree_name": null}}, {"institution": "Kayseri Fen Lisesi", "degree_details": {"dates_attended_or_expected_graduation": "2004 \u2013 2007", "degree_name": null, "field_of_study": null}}], "employee_name": "xrMFm3P+9/S3rX72*czw7gt7J5m+b5ioIHnQPBA==*vp7tmyiFCIbi6AXMkLS8rQ==*m5KCUtMaRbjsvjaMgv/zJg=="}, {"experience": [{"company_name": "Syllable", "dates_employed": "Apr 2021\u2013Present 1 yr 2 mos", "employment_duration": null, "title": "Senior Software Engineer"}, {"company_name": "Blumio", "dates_employed": "Aug 2020\u2013Apr 2021 9 mos", "employment_duration": null, "title": "Data Scientist"}, {"company_name": "Udacity", "dates_employed": "Nov 2019\u2013May 2020 7 mos", "location": "San Francisco Bay Area", "employment_duration": null, "title": "Instructor"}, {"company_name": "Verily Life Sciences", "dates_employed": "2015\u2013Oct 2019 4 yrs", "location": "San Francisco Bay Area", "employment_duration": null, "title": "Data Scientist"}, {"company_name": "Google", "dates_employed": "Sep 2014\u2013Oct 2019 5 yrs 2 mos", "employment_duration": null, "title": "Algorithm Engineer"}], "education": [{"institution": "Carnegie Mellon University", "degree_details": {"degree_name": "Master's Degree", "field_of_study": "Electrical & Computer Engineering", "dates_attended_or_expected_graduation": "2013 \u2013 2014"}}, {"institution": "Carnegie Mellon University", "degree_details": {"degree_name": "Bachelor's Degree", "field_of_study": "Electrical & Computer Engineering", "dates_attended_or_expected_graduation": "2010 \u2013 2014"}}], "employee_name": "6mWa1uvzuKEaZyRqB0bPIqJbWQ==*hUkWgylN1pXwGdAa6rtTDA==*cDhM+7/ddsD+CKyd2tHNsg==*KDsoQJoX/bMthUBuvBXNUQ=="}, {"experience": null, "education": null, "employee_name": null}, {"experience": [{"company_name": "Syllable", "employment_duration": "1 yr 10 mos", "titles": ["Software Engineer II", "Software Engineer"], "dates_employed": ["Sep 2021\u2013Present 9 mos", "Aug 2020\u2013Sep 2021 1 yr 2 mos"]}, {"company_name": "Fellow", "employment_duration": "Funda\u00e7\u00e3o Estudar", "titles": ["Relat\u00f3rio Anual Funda\u00e7\u00e3o Estudar 2015"], "dates_employed": [null]}, {"company_name": "Stone Pagamentos", "dates_employed": "Jun 2018\u2013Dec 2018 7 mos", "location": "S\u00e3o Paulo Area, Brazil", "employment_duration": null, "title": "People Analytics Intern"}, {"company_name": "Co-founder & Chief Technology Officer", "employment_duration": "InspiraSonho", "titles": ["InspiraSonho | O maior portal de oportunidades estudantis do Brasil"], "dates_employed": [null]}, {"company_name": "Amherst College", "employment_duration": "2 yrs", "titles": ["Math Fellow", "Summer Research Fellow"], "dates_employed": ["Jan 2018\u2013May 2018 5 mos", "Jun 2016\u2013Aug 2016 3 mos"]}], "education": [{"institution": "Amherst College", "degree_details": {"degree_name": "Bachelor of Arts - BA", "field_of_study": "Mathematics and Computer Science", "dates_attended_or_expected_graduation": "2015 \u2013 2020"}}, {"institution": "The University of G\u00f6ttingen", "degree_details": {"degree_name": "Visiting Student", "field_of_study": "Mathematics and German", "dates_attended_or_expected_graduation": "2017 \u2013 2018"}}, {"institution": "Instituto Federal de Educa\u00e7\u00e3o, Ci\u00eancia e Tecnologia do Rio Grande do Norte", "degree_details": {"degree_name": "High School and Technician Diploma", "field_of_study": "Information Technology", "dates_attended_or_expected_graduation": "2011 \u2013 2015"}}], "employee_name": "0K+kfSFBlyHIsULWSx6nfO/dhg==*r6RRHrjPydmjDv9yA0yf0A==*wUKkCIO+bsQ8i5fn5ZtpDA==*LWZgSW/fZqGOJlHNFmpvFQ=="}, {"experience": [{"company_name": "Syllable", "employment_duration": "6 mos", "titles": ["Senior Software Engineer", "Software Engineer"], "dates_employed": ["Dec 2021\u2013Present 6 mos", "Dec 2021\u2013Present 6 mos"]}, {"company_name": "University of Colorado Anschutz Medical Campus", "employment_duration": "1 yr 5 mos", "titles": ["Software Developer", "Full Stack Engineer-Student"], "dates_employed": ["May 2021\u2013Dec 2021 8 mos", "Aug 2020\u2013May 2021 10 mos"]}], "education": [{"institution": "University of Colorado Boulder", "degree_details": {"degree_name": "Computer Science - BA", "field_of_study": "Computer Science", "dates_attended_or_expected_graduation": "2017 \u2013 2021"}}], "employee_name": "hwBbKAhZE0hs3FTH*5M6F2lHDr03GtclyN615uA==*k0RqenstQlFC42lMJY8zTg==*B3WM0GGoNfgCMpxFfZAwpQ=="}, {"experience": [{"company_name": "Syllable", "dates_employed": "Jan 2022\u2013Present 5 mos", "location": "Hollywood, Florida, United States", "employment_duration": null, "title": "Senior Information Specialist"}, {"company_name": "Permeate AI Inc", "dates_employed": "Aug 2018\u2013Present 3 yrs 10 mos", "location": "Hollywood, Florida, United States", "employment_duration": null, "title": "Principal Solutions Architect"}, {"company_name": "IBM", "dates_employed": "Jan 2019\u2013Present 3 yrs 5 mos", "employment_duration": null, "title": "Business Partner - IBM Datacap, IBM Blockchain Platform, IBM Cloud specialist"}, {"company_name": "CGI", "dates_employed": "Aug 2018\u2013Present 3 yrs 10 mos", "employment_duration": null, "title": "Senior Automation Solutions Engineer"}, {"company_name": "DS Xpress, Inc", "dates_employed": "Jan 2020\u2013Jan 2022 2 yrs 1 mo", "location": "Hallandale Beach, Florida, United States", "employment_duration": null, "title": "Senior Blockchain Architect/ Smart Contract Developer"}], "education": [{"institution": "Udacity", "degree_details": {"degree_name": "Machine Learning Engineer", "field_of_study": "Artificial Intelligence", "dates_attended_or_expected_graduation": "2017 \u2013 2018"}}, {"institution": "Udacity", "degree_details": {"degree_name": "Deep Learning Foundations Nanodegree", "field_of_study": "Artificial Intelligence", "dates_attended_or_expected_graduation": "2017 \u2013 2017"}}, {"institution": "Slippery Rock University of Pennsylvania", "degree_details": {"degree_name": "Bachelor's Degree", "field_of_study": "Computer Science", "dates_attended_or_expected_graduation": "2001 \u2013 2004"}}], "employee_name": "iCSd6r7xXbc+J10k0g==*6LmlZDnnoUcKOIRrCWs0qg==*N8jlp+eCjG5LtqcSzLLKew==*JDPSug3Nj7YHlF8f3zubGQ=="}, {"experience": [{"company_name": "Syllable", "dates_employed": "Jul 2021\u2013Present 11 mos", "location": "Denver, Colorado, United States", "employment_duration": null, "title": "Implementation Specialist"}, {"company_name": "Epic", "dates_employed": "Feb 2020\u2013Jul 2021 1 yr 6 mos", "location": "Madison, Wisconsin", "employment_duration": null, "title": "Implementation Project Manager"}, {"company_name": "Florida Southern College Student Solutions", "dates_employed": "Aug 2019\u2013Dec 2019 5 mos", "employment_duration": null, "title": "Writing Tutor"}, {"company_name": "NSF REU student", "employment_duration": "Children's Hospital of Philadelphia", "titles": ["CIRP REU Alumni Stories", "2019 CIRP REU Class"], "dates_employed": [null, null]}, {"company_name": "Spunkwear", "dates_employed": "May 2015\u2013Aug 2018 3 yrs 4 mos", "location": "Baltimore, Maryland Area", "employment_duration": null, "title": "Sales Associate"}], "education": [{"institution": "Florida Southern College", "degree_details": {"degree_name": "Bachelor's degree", "field_of_study": "Psychology", "dates_attended_or_expected_graduation": "2016 \u2013 2019"}}], "employee_name": "Wwn30tUVSVDTCsRNMRSirJs=*Y145dxysZTiTdWIcL6cCgQ==*pXMvXvT4R/SrlnU3SVEHcQ==*E8GvUsb0BA2wC0qL/rKcvQ=="}, {"experience": [{"company_name": "Syllable", "dates_employed": "Jan 2022\u2013Present 5 mos", "employment_duration": null, "title": "Associate Product Manager"}, {"company_name": "Morgangleason.com", "dates_employed": "Jan 2014\u2013Present 8 yrs 5 mos", "employment_duration": null, "title": "Patient Advocate"}, {"company_name": "b.well Connected Health", "dates_employed": "Oct 2020\u2013Nov 2021 1 yr 2 mos", "employment_duration": null, "title": "Consumer Research and Experience Champion"}, {"company_name": "CareSync", "dates_employed": "Nov 2014\u2013Jul 2016 1 yr 9 mos", "employment_duration": null, "title": "Data Entry Specialist"}], "education": [{"institution": "Auburn University", "degree_details": {"degree_name": "Bachelor's degree", "field_of_study": "Psychology", "dates_attended_or_expected_graduation": "2016 \u2013 2020"}}], "employee_name": "IKRel6YX7JFFxP5R1WY=*ZOPOLi0DRbAMCvi/rLrFkw==*8luJdXRbZsUDxrxFUzlmBA==*9SUztF+NltUg5iz33oymbA=="}, {"experience": [{"company_name": "Syllable", "dates_employed": "Sep 2021\u2013Present 9 mos", "location": "New York, New York, United States", "employment_duration": null, "title": "Full Stack Engineer"}, {"company_name": "Entrepreneurs Leadership Program", "dates_employed": "Dec 2018\u2013Present 3 yrs 6 mos", "employment_duration": null, "title": "Fellow"}, {"company_name": "Dexter", "dates_employed": "Oct 2020\u2013Mar 2021 6 mos", "location": "Remote", "employment_duration": null, "title": "Software Engineer Intern"}, {"company_name": "Pearl", "dates_employed": "Jul 2020\u2013Jan 2021 7 mos", "location": "Remote", "employment_duration": null, "title": "Full-Stack Software Engineer Intern"}, {"company_name": "University of Michigan", "dates_employed": "Oct 2018\u2013Jul 2020 1 yr 10 mos", "location": "Ann Arbor, Michigan", "employment_duration": null, "title": "Research Assistant, Wearable IoT Devices"}], "education": [{"institution": "University of Michigan", "degree_details": {"degree_name": "Bachelor of Science and Engineering - BSE", "field_of_study": "Computer Science Engineering", "dates_attended_or_expected_graduation": "2017 \u2013 2021"}}], "employee_name": "3TGyKK3fzcidR3JqzCo/eTJ2ZIYdqh0=*rLoOdXt/Z3rbs4+2jsooTg==*Jns/SwchhrvMvIDoy8WnQw==*DpNN5GP04wGge3AGNMUkJQ=="}, {"experience": [{"company_name": "Syllable", "dates_employed": "Oct 2018\u2013Present 3 yrs 8 mos", "employment_duration": null, "title": "Senior Product Designer"}, {"company_name": "Independent", "dates_employed": "Jul 2017\u2013May 2020 2 yrs 11 mos", "location": "Seattle", "employment_duration": null, "title": "Product Design Consultant & Freelancer"}, {"company_name": "Thomas Street", "dates_employed": "Aug 2014\u2013Apr 2017 2 yrs 9 mos", "employment_duration": null, "title": "Designer"}, {"company_name": "Microsoft", "dates_employed": "Sep 2008\u2013Jun 2014 5 yrs 10 mos", "employment_duration": null, "title": "User Experience Designer II"}, {"company_name": "NEST - the home lab", "dates_employed": "Mar 2007\u2013Mar 2008 1 yr 1 mo", "employment_duration": null, "title": "Designer/Researcher"}], "education": [{"institution": "Savannah College of Art and Design", "degree_details": {"degree_name": "BFA", "field_of_study": "Industrial Design, Interaction Design", "dates_attended_or_expected_graduation": "2002 \u2013 2006"}}], "employee_name": "mvCgy8UHCaNeh8xXfg2oFg==*nay6m/uYIq3Z0FlIKX86Vg==*DrvQ9dmljGAu2dLyrB4lDA==*jKDDzxxAtRtAzlq4cvFjPw=="}, {"experience": [{"company_name": "Syllable", "dates_employed": "Jan 2022\u2013Present 5 mos", "employment_duration": null, "title": "Operations Specialist"}, {"company_name": "Epic", "dates_employed": "Jan 2020\u2013Jan 2022 2 yrs 1 mo", "employment_duration": null, "title": "Project Manager"}, {"company_name": "Zeta Tau Alpha Fraternity", "dates_employed": "Dec 2018\u2013Dec 2019 1 yr 1 mo", "location": "Columbus, Ohio", "employment_duration": null, "title": "Director of Socials"}, {"company_name": "Huntington National Bank", "employment_duration": "1 yr 8 mos", "titles": ["Relationship Banker", "Bank Teller"], "dates_employed": ["Oct 2018\u2013Dec 2019 1 yr 3 mos", "May 2018\u2013Oct 2018 6 mos"]}, {"company_name": "The Ohio State University Dining Services", "dates_employed": "Sep 2016\u2013Oct 2018 2 yrs 2 mos", "location": "Columbus, Ohio Area", "employment_duration": null, "title": "Student Assistant"}], "education": [{"institution": "The Ohio State University", "degree_details": {"degree_name": "Bachelor of Science - BS", "field_of_study": "Economics", "dates_attended_or_expected_graduation": "2016 \u2013 2019"}}], "employee_name": "qHJ3SOk2LfheMysuUu0boA==*hOcZ9j2LcBYFLXSnk20dJg==*VERABJbQh3llV5AwSNQt9A==*rtkyRLypVeYX6X467M+z/A=="}, {"experience": [{"company_name": "Syllable", "dates_employed": "Jul 2020\u2013Present 1 yr 11 mos", "location": "Sunnyvale, California, United States", "employment_duration": null, "title": "Product Designer"}, {"company_name": "GritWell", "dates_employed": "Jul 2019\u2013Dec 2019 6 mos", "location": "San Francisco Bay Area", "employment_duration": null, "title": "Product Design Intern"}, {"company_name": "University of Michigan", "employment_duration": "4 mos", "titles": ["UX Designer", "Research Consultant"], "dates_employed": ["Sep 2018\u2013Dec 2018 4 mos", "Sep 2018\u2013Dec 2018 4 mos"]}, {"company_name": "Ogilvy & Mather", "employment_duration": "3 yrs 3 mos", "titles": ["Senior Digital Consultant", "Senior Social Media Planner"], "dates_employed": ["Sep 2015\u2013May 2017 1 yr 9 mos", "Mar 2014\u2013Aug 2015 1 yr 6 mos"]}], "education": [{"institution": "University of Michigan - School of Information", "degree_details": {"degree_name": "Master's degree", "field_of_study": "Health Informatics and User Experience Design", "dates_attended_or_expected_graduation": "2018 \u2013 2020"}}, {"institution": "Frankfurt School of Finance & Management", "degree_details": {"degree_name": "Exchange Program", "field_of_study": "International Economics", "dates_attended_or_expected_graduation": "2010 \u2013 2011"}}, {"institution": "University of Cologne", "degree_details": {"degree_name": "Exchange Program", "field_of_study": "Economics", "dates_attended_or_expected_graduation": "2010 \u2013 2011"}}], "employee_name": "oTZi9t6I3sGVOW/ZHTJH*UvCs85aWK9jxzms9Q3eSXA==*RoeJ8+EQo3UveTEJTqJ1hA==*H0vU4h4zChJ447wVyyzhqA=="}, {"experience": [{"company_name": "Syllable", "dates_employed": "Dec 2018\u2013Present 3 yrs 6 mos", "location": "Sunnyvale, California", "employment_duration": null, "title": "Software Engineer"}, {"company_name": "Volta Charging", "employment_duration": "9 mos", "titles": ["Software Engineer", "Software Engineer"], "dates_employed": ["Sep 2018\u2013Nov 2018 3 mos", "Mar 2018\u2013Aug 2018 6 mos"]}, {"company_name": "Space Systems Loral", "employment_duration": "5 yrs 7 mos", "titles": ["Systems Engineer", "Flight Database Engineer"], "dates_employed": ["Jun 2012\u2013Jul 2014 2 yrs 2 mos", "Jan 2009\u2013Jun 2012 3 yrs 6 mos"]}, {"company_name": "BioMarin", "dates_employed": "Sep 2003\u2013Jun 2004 10 mos", "location": "Novato, California", "employment_duration": null, "title": "Quality Control Analyst"}], "education": [{"institution": "San Jose State University", "degree_details": {"degree_name": "BS", "field_of_study": "Electrical Engineering", "dates_attended_or_expected_graduation": null}}, {"institution": "University of California, Davis", "degree_details": {"degree_name": "BS", "field_of_study": "Genetics", "dates_attended_or_expected_graduation": null}}], "employee_name": "N+8fG1/mlKmtoftd*CuBfdTM2BgVoUdooqMU/XQ==*1OEf91r3bS6S7tgWzedFMA==*B8/A6UFEbWFT41rZwJ7TSw=="}, {"experience": [{"company_name": "Syllable", "dates_employed": "Jan 2022\u2013Present 5 mos", "location": "California, United States", "employment_duration": null, "title": "Staff Engineer"}, {"company_name": "VMware", "dates_employed": "Mar 2018\u2013Jan 2022 3 yrs 11 mos", "location": "San Francisco Bay Area", "employment_duration": null, "title": "Staff Engineer, DevOps"}, {"company_name": "E8 Security (acquired by VMware)", "dates_employed": "Nov 2015\u2013Mar 2018 2 yrs 5 mos", "location": "San Francisco Bay Area", "employment_duration": null, "title": "Sr. Release Mgmt"}, {"company_name": "Cisco Systems", "dates_employed": "2013\u2013Nov 2015 2 yrs", "location": "San Francisco Bay Area", "employment_duration": null, "title": "Technical leader"}, {"company_name": "Alcatel-Lucent", "dates_employed": "2012\u20132013 1 yr", "location": "Mountain View", "employment_duration": null, "title": "Sr SCM Engineer"}], "education": [{"institution": "Savitribai Phule Pune University", "degree_details": {"degree_name": "M.C.S", "field_of_study": "Computer Science", "dates_attended_or_expected_graduation": null}}], "employee_name": "RPOIE0px+5isvTH2*YYhNlRMFsGxIhqB/m6xCJQ==*kMlkELlfH/NQyn3vTVDB6Q==*XXE02SMUo3qPXPNl8+Qg5w=="}, {"experience": [{"company_name": "Syllable", "employment_duration": null, "title": "Marketing Manager"}], "education": [{"institution": "Xiangtan University", "degree_details": {"degree_name": "English Language and Literature Bachelor Degree & Accounting Bachelor Degree", "field_of_study": "Language& Accounting", "dates_attended_or_expected_graduation": "2009 \u2013 2013"}}], "employee_name": "TVANHA78*e0HVpQLm3t3ujz3yuBRJug==*z0044l8sPNKwJAPgJWO8zw==*GQKM6vSNbJXOUZ6esjbxJQ=="}, {"experience": [{"company_name": "Syllable", "dates_employed": "Dec 2017\u2013Present 4 yrs 6 mos", "location": "San Francisco Bay Area", "employment_duration": null, "title": "Senior Software Engineer"}, {"company_name": "Self Employed", "dates_employed": "Oct 2012\u2013Present 9 yrs 8 mos", "employment_duration": null, "title": "Web Developer"}, {"company_name": "Ambulnz", "dates_employed": "May 2017\u2013Dec 2017 8 mos", "location": "NYC", "employment_duration": null, "title": "Senior Software Engineer"}, {"company_name": "Fundbase", "dates_employed": "Aug 2015\u2013May 2017 1 yr 10 mos", "location": "NYC / Remote", "employment_duration": null, "title": "Software Engineer"}, {"company_name": "561 Media", "dates_employed": "Nov 2014\u2013Aug 2015 10 mos", "location": "Boca Raton, FL", "employment_duration": null, "title": "Senior PHP Developer"}], "education": [{"institution": "University of Central Florida", "degree_details": {"degree_name": "Bachelor of Science (BS)", "field_of_study": "Computer Science", "dates_attended_or_expected_graduation": "2010 \u2013 2014"}}], "employee_name": "D/DLPbUw31lKYbbP7iIw9Q==*EGoq6OQrO43r0xhWOS4Qww==*rGcH0FRDc0R7tZ9tmEw3Tg==*cMIVPe2rVLzzPhxSvIMZoA=="}, {"experience": [{"company_name": "Syllable", "dates_employed": "Mar 2022\u2013Present 3 mos", "employment_duration": null, "title": "Software Engineer II"}, {"company_name": "BairesDev", "dates_employed": "Mar 2021\u2013Mar 2022 1 yr 1 mo", "location": "Santiago, Santiago Metropolitan, Chile", "employment_duration": null, "title": "Software Engineer"}, {"company_name": "Syllable", "dates_employed": "Mar 2021\u2013Mar 2022 1 yr 1 mo", "employment_duration": null, "title": "Software Engineer"}, {"company_name": "FabLab UTFSM", "employment_duration": "1 yr 1 mo", "titles": ["IT Manager", "Laboratory Manager"], "dates_employed": ["Aug 2019\u2013Jan 2020 6 mos", "Jan 2019\u2013Aug 2019 8 mos"]}, {"company_name": "FYX Ltda.", "dates_employed": "Dec 2016\u2013Aug 2018 1 yr 9 mos", "location": "Santiago, Chile", "employment_duration": null, "title": "Project Manager"}], "education": [{"institution": "Universidad T\u00e9cnica Federico Santa Mar\u00eda", "degree_details": {"degree_name": "Bachelor's degree", "field_of_study": "Computer Software Engineering", "dates_attended_or_expected_graduation": "2010 \u2013 2017"}}, {"institution": "Universidad de Santiago de Chile", "degree_details": {"field_of_study": "Computer Software Engineering", "dates_attended_or_expected_graduation": "2007 \u2013 2008", "degree_name": null}}], "employee_name": "//6+Rsjh0WMQoeYweDo=*nI7uj1tliQrZ4m99aSGLNA==*kb/XxdQk2K7rjEWrAWPRBQ==*apiD7YSS7dGVpOh+MbgDLw=="}, {"experience": [{"company_name": "Stanford Health Care", "dates_employed": "May 2021\u2013Present 1 yr 1 mo", "location": "Stanford, California, United States", "employment_duration": null, "title": "Inpatient Medicine Physician Assistant"}, {"company_name": "Syllable", "dates_employed": "Jun 2018\u2013Present 4 yrs", "location": "Sunnyvale, California, United States", "employment_duration": null, "title": "Medical Research Consultant"}, {"company_name": "Vituity", "dates_employed": "Aug 2020\u2013Apr 2021 9 mos", "location": "Redding, California, United States", "employment_duration": null, "title": "Hospitalist Medicine Physician Assistant"}, {"company_name": "Stanford Health Care - ValleyCare", "dates_employed": "Mar 2013\u2013Aug 2017 4 yrs 6 mos", "location": "Pleasanton, CA", "employment_duration": null, "title": "Clinical Dietitian"}, {"company_name": "San Francisco State University", "dates_employed": "Aug 2013\u2013Dec 2013 5 mos", "employment_duration": null, "title": "Lecturer"}], "education": [{"institution": "Stanford University", "degree_details": {"degree_name": "Master of Science - MS", "field_of_study": "Physician Assistant", "dates_attended_or_expected_graduation": "2017 \u2013 2020"}}, {"institution": "San Francisco State University", "degree_details": {"degree_name": "Master of Arts (M.A.)", "field_of_study": "Family and Consumer Sciences/Human Sciences", "dates_attended_or_expected_graduation": "2011 \u2013 2013"}}, {"institution": "University of California, Davis", "degree_details": {"degree_name": "Bachelor of Science (BS)", "field_of_study": "Clinical Nutrition/Nutritionist", "dates_attended_or_expected_graduation": "2007 \u2013 2011"}}], "employee_name": "0JFC7R9QlxIYg/9rc1eLp57gTJAhlw==*ofH9KSctATnZ2XCxUv1Lug==*YFHq85AlMc9VV+z9fx+d8Q==*cM4h8J0HnY2nNZMXo3CXkg=="}, {"experience": [{"company_name": "Syllable", "dates_employed": "May 2021\u2013Present 1 yr 1 mo", "location": "San Francisco, California, United States", "employment_duration": null, "title": "Software Engineer"}, {"company_name": "Radical Imaging LLC", "dates_employed": "Dec 2020\u2013May 2021 6 mos", "location": "Belo Horizonte, Minas Gerais, Brazil", "employment_duration": null, "title": "Senior Software Engineer"}, {"company_name": "BairesDev", "dates_employed": "Nov 2020\u2013Dec 2020 2 mos", "location": "Belo Horizonte, Minas Gerais, Brazil", "employment_duration": null, "title": "Software Engineer"}, {"company_name": "Mundiale", "dates_employed": "Jun 2020\u2013Nov 2020 6 mos", "location": "Belo Horizonte, Minas Gerais, Brazil", "employment_duration": null, "title": "Tech Lead"}, {"company_name": "Radical Imaging LLC", "dates_employed": "Oct 2016\u2013May 2020 3 yrs 8 mos", "location": "Remote", "employment_duration": null, "title": "Senior Software Engineer"}], "education": [{"institution": "Est\u00e1cio", "degree_details": {"degree_name": "An\u00e1lise e Desenvolvimento de Sistemas (Information Systems)", "field_of_study": "Computer Science", "dates_attended_or_expected_graduation": "2012 \u2013 2015"}}, {"institution": "Instituto Federal de Educa\u00e7\u00e3o Tecnol\u00f3gica do Cear\u00e1", "degree_details": {"degree_name": "Engenharia de Computa\u00e7\u00e3o", "field_of_study": "Computer Engineering", "dates_attended_or_expected_graduation": "2009 \u2013 2012"}}], "employee_name": "L3ucGIB9OX0dIYop/A==*fKhzdhZRIrmktl/bnNWrIA==*b1H+hghfRfcVwjqHNtMmAg==*dcrMEJ7a8z2PmqcWHQT6pQ=="}, {"experience": null, "education": null, "employee_name": "LtHdDLPJtKmhDLu3G2SC*mpB3j84904VAQUeKLivWWQ==*lNcSXq8AUlJuP1MKsVxWjw==*LoIigTzDV1WDPGeyNn0hlw=="}, {"experience": [{"company_name": "Syllable", "dates_employed": "Feb 2022\u2013Present 4 mos", "location": "Remote", "employment_duration": null, "title": "Software Engineer"}, {"company_name": "CI&T", "dates_employed": "May 2021\u2013Feb 2022 10 mos", "location": "Campinas e Regi\u00e3o", "employment_duration": null, "title": "Software Development Engineer In Test"}, {"company_name": "Thomson Reuters Brasil", "employment_duration": "2 yrs 10 mos", "titles": ["Software Development Engineer", "Test Automation Intern", "Intern", "Intern"], "dates_employed": ["Nov 2019\u2013May 2021 1 yr 7 mos", "Aug 2019\u2013Oct 2019 3 mos", "Jan 2019\u2013Jul 2019 7 mos", "Aug 2018\u2013Jan 2019 6 mos"]}, {"company_name": "Robert Bosch GmbH", "employment_duration": "1 yr 11 mos", "titles": ["Intern", "Intern"], "dates_employed": ["Aug 2017\u2013Aug 2018 1 yr 1 mo", "Oct 2016\u2013Aug 2017 11 mos"]}, {"company_name": "Universidade Estadual de Campinas", "dates_employed": "Apr 2015\u2013Sep 2016 1 yr 6 mos", "location": "Campinas e Regi\u00e3o, Brasil", "employment_duration": null, "title": "Intern"}], "education": [{"institution": "Pontif\u00edcia Universidade Cat\u00f3lica de Campinas", "degree_details": {"degree_name": "Gradua\u00e7\u00e3o em An\u00e1lise de Sistemas", "field_of_study": "An\u00e1lise de Sistemas de Computa\u00e7\u00e3o", "dates_attended_or_expected_graduation": "2015 \u2013 2019"}}], "employee_name": "UbMUSpgs7HwB3jZZXCNW2m4wYq9LVn8=*+FeX5VDe22M5+Zmc9RC29g==*bidEXl1gsS+v34AfnxnFKw==*zMpXWdakJG2i5Ms5N0mIfg=="}, {"experience": [{"company_name": "Syllable", "dates_employed": "Sep 2021\u2013Present 9 mos", "employment_duration": null, "title": "Software Engineer"}, {"company_name": "CI&T", "dates_employed": "Apr 2021\u2013Sep 2021 6 mos", "location": "New York, United States", "employment_duration": null, "title": "Software Engineer"}, {"company_name": "Mundiale", "employment_duration": "1 yr 2 mos", "titles": ["Tech Lead", "Desenvolvedor Pleno", "Tech Lead Trainee", "Desenvolvedor Backend"], "dates_employed": ["Feb 2021\u2013Apr 2021 3 mos", "Sep 2020\u2013Apr 2021 8 mos", "Oct 2020\u2013Feb 2021 5 mos", "Mar 2020\u2013Sep 2020 7 mos"]}, {"company_name": "C\u00f3digo_Font", "dates_employed": "Feb 2019\u2013Mar 2020 1 yr 2 mos", "location": "Florestal", "employment_duration": null, "title": "Desenvolvedor de back end"}, {"company_name": "M&M Instrumenta\u00e7\u00e3o", "dates_employed": "Jun 2015\u2013Jun 2017 2 yrs 1 mo", "employment_duration": null, "title": "Estagi\u00e1rio"}], "education": [{"institution": "Universidade Federal de Vi\u00e7osa", "degree_details": {"degree_name": "Bacharelado", "field_of_study": "Ci\u00eancia da Computa\u00e7\u00e3o", "dates_attended_or_expected_graduation": "2017 \u2013 2020"}}, {"institution": "Escola Polit\u00e9cnica de Minas Gerais", "degree_details": {"degree_name": "Ensino M\u00e9dio/ T\u00e9cnico de Inform\u00e1tica", "field_of_study": "Tecnologia da Informa\u00e7\u00e3o", "dates_attended_or_expected_graduation": "2013 \u2013 2015"}}], "employee_name": "v1v9fcclJf6SdVMrCOs/POBv9w==*wDKPzfSAdKWtSteCwnP02g==*MGfdSRZfIngol6r35nhPMA==*jYbSQMCxWHw7w2GDAu+nsg=="}, {"experience": [{"company_name": "Syllable", "dates_employed": "Jun 2019\u2013Present 3 yrs", "location": "Sunnyvale, CA", "employment_duration": null, "title": "Software Engineer"}, {"company_name": "UC Davis Undergraduate Admissions", "dates_employed": "Mar 2017\u2013Feb 2019 2 yrs", "location": "Davis, CA", "employment_duration": null, "title": "Campus Tour Guide"}, {"company_name": "PatternEx", "dates_employed": "Sep 2018\u2013Nov 2018 3 mos", "location": "San Francisco Bay Area", "employment_duration": null, "title": "Machine Learning Intern"}, {"company_name": "Syllable Corporation", "dates_employed": "Jun 2017\u2013Aug 2018 1 yr 3 mos", "location": "Sunnyvale, CA", "employment_duration": null, "title": "Software Engineering Intern"}, {"company_name": "Associated Students of the University of California Davis (ASUCD)", "dates_employed": "May 2015\u2013Dec 2017 2 yrs 8 mos", "location": "Davis, CA", "employment_duration": null, "title": "Business and Finance Commission Chairperson"}], "education": [{"institution": "University of California, Davis", "degree_details": {"degree_name": "Bachelor of Science - BS", "field_of_study": "Computer Science", "dates_attended_or_expected_graduation": "2014 \u2013 2019"}}, {"institution": "Homestead High School", "degree_details": {"degree_name": "High School", "dates_attended_or_expected_graduation": "2010 \u2013 2014", "field_of_study": null}}], "employee_name": "LSjfqXL0r5Fe8Q==*YdZgYzXYrH8yQGZTkssvIw==*LhprDfTECx2c6+lHnpn/9w==*Q7lOy7QHfCzurKN/Sx54uQ=="}, {"experience": [{"company_name": "Syllable", "dates_employed": "Aug 2021\u2013Present 10 mos", "employment_duration": null, "title": "Software Engineer"}, {"company_name": "Intentional Software Corporation", "employment_duration": "3 yrs 11 mos", "titles": ["Software Analyst and Developer", "Software Engineer Intern"], "dates_employed": ["Aug 2014\u2013Apr 2017 2 yrs 9 mos", "Jun 2013\u2013Sep 2013 4 mos"]}, {"company_name": "Google", "dates_employed": "Jun 2012\u2013Sep 2012 4 mos", "employment_duration": null, "title": "Software Engineer Intern"}, {"company_name": "StudyBlue", "dates_employed": "Jun 2009\u2013Sep 2011 2 yrs 4 mos", "employment_duration": null, "title": "Software Engineer Intern"}], "education": [{"institution": "University of Washington", "degree_details": {"degree_name": "Bachelor of Science (B.S.)", "field_of_study": "Computer Engineering", "dates_attended_or_expected_graduation": "2010 \u2013 2014"}}], "employee_name": "DetNgSYmmKL+Lw5d7ho=*Q6dWhQiLPJVCNH0XOkzfAg==*tpsR+jde0idMXvDe5O2pxw==*FsdtM4sVF9/MIosaovPC8w=="}, {"experience": [{"company_name": "Syllable", "employment_duration": "2 yrs 6 mos", "titles": ["Software Engineer II", "Software Engineer"], "dates_employed": ["Jan 2021\u2013Present 1 yr 5 mos", "Dec 2019\u2013Jan 2021 1 yr 2 mos"]}, {"company_name": "Rakuten Marketing", "dates_employed": "Jun 2018\u2013Sep 2018 4 mos", "location": "Seattle, WA", "employment_duration": null, "title": "Software Engineer Intern"}], "education": [{"institution": "University of Washington", "degree_details": {"degree_name": "Bachelor of Science - BS", "field_of_study": "Computer Science", "dates_attended_or_expected_graduation": "2016 \u2013 2019"}}], "employee_name": "bKlGu6WZmaGW*oEcMz7BgOydZUCUqsSCYtw==*DVdRW2i1YwFjhsIyXcVPhg==*mVwsDT+TR8+XRLF/qjYCTg=="}, {"experience": [{"company_name": "Syllable", "dates_employed": "Oct 2018\u2013Present 3 yrs 8 mos", "employment_duration": null, "title": "Medical Researcher"}, {"company_name": "Fitgenes Australia Ltd", "dates_employed": "Jul 2017\u2013Oct 2018 1 yr 4 mos", "location": "Brisbane, Australia", "employment_duration": null, "title": "Marketing And Business Development Coordinator"}, {"company_name": "Princess Alexandra Hospital NHS Trust", "dates_employed": "Feb 2017\u2013Jul 2017 6 mos", "location": "Brisbane, Australia", "employment_duration": null, "title": "Research Student"}, {"company_name": "UniQuest", "dates_employed": "Feb 2017\u2013May 2017 4 mos", "location": "Brisbane, Australia", "employment_duration": null, "title": "Research Student"}, {"company_name": "Institute of Public Health, Bengaluru", "dates_employed": "Oct 2015\u2013Dec 2015 3 mos", "location": "Bangalore, India", "employment_duration": null, "title": "Intern Research Assistant"}], "education": [{"institution": "The University of Queensland", "degree_details": {"degree_name": "Master of Science (MS)", "field_of_study": "Biotechnology", "dates_attended_or_expected_graduation": "2016 \u2013 2017"}}, {"institution": "PES University", "degree_details": {"degree_name": "Bachelor of Engineering (BE)", "field_of_study": "Biotechnology", "dates_attended_or_expected_graduation": "2013"}}, {"institution": "IGNOU", "degree_details": {"degree_name": "GRADUATE DIPLOMA", "field_of_study": "Nutrition Sciences", "dates_attended_or_expected_graduation": null}}], "employee_name": "Yv+YVzof8ydDwOLikw==*V6McyhSVQucmxfPyFG1QPA==*GScxPKMXWJ4mjv0dh24iIQ==*37kwZHMYV6UfmH7kgDqifA=="}, {"experience": [{"company_name": "Syllable", "dates_employed": "2018\u2013Present 4 yrs", "location": "Bangalore", "employment_duration": null, "title": "Medical Researcher"}, {"company_name": "Your Practice Online", "dates_employed": "Feb 2014\u2013Oct 2018 4 yrs 9 mos", "location": "Bangalore", "employment_duration": null, "title": "Senior Medical Content Writer"}, {"company_name": "MMS", "dates_employed": "May 2010\u2013Dec 2013 3 yrs 8 mos", "employment_duration": null, "title": "Medical Writer"}, {"company_name": "Molecular Connections", "dates_employed": "Jan 2007\u2013Apr 2010 3 yrs 4 mos", "location": "Bangalore", "employment_duration": null, "title": "Scientific Analyst"}], "education": [{"institution": "Bangalore University, Bangalore", "degree_details": {"degree_name": "Master's degree", "field_of_study": "Biotechnology", "dates_attended_or_expected_graduation": "2004 \u2013 2006"}}], "employee_name": "IOfgBvEx8TftjHWzwChjKNn5iQ==*g6XtFy7ZL95av5GadgXMPQ==*8lg0xQD09/uY2ppBhBdyFw==*9UAyclNgN4Bdu+t39Ebm7g=="}, {"experience": [{"company_name": "Syllable", "dates_employed": "Dec 2021\u2013Present 6 mos", "location": "Sunnyvale, California, United States", "employment_duration": null, "title": "Videographer"}], "education": [{"institution": "San Francisco State University", "degree_details": {"degree_name": "Bachelor of Arts - BA", "field_of_study": "Cinematography and Film/Video Production", "dates_attended_or_expected_graduation": "2019 \u2013 2021"}}, {"institution": "Skyline College", "degree_details": {"field_of_study": "Cinematography and Film/Video Production", "dates_attended_or_expected_graduation": "2017 \u2013 2019", "degree_name": null}}, {"institution": "South San Francisco High School", "degree_details": {"degree_name": "High School Diploma", "dates_attended_or_expected_graduation": "2013 \u2013 2015", "field_of_study": null}}], "employee_name": "eT0WlsdMierqXMbnrDAMoQg=*ifknqNNA35JWRcBim2q/Sw==*2RltxzX/E4JFtD0WaVZFEw==*x9jGU5vjN781hUKNKJXoPA=="}]