[{"experience": [{"company_name": "Radiant Neuro", "dates_employed": "May 2021\u2013Present", "employment_duration": "1 yr 1 mo", "location": null, "title": "Co-Founder"}, {"company_name": "The Red Circle", "dates_employed": "Aug 2019\u2013Present", "employment_duration": "2 yrs 10 mos", "location": "San Francisco Bay Area", "title": "President"}, {"company_name": "Edmund Hillary Foundation", "dates_employed": "Feb 2020\u2013Present", "employment_duration": "2 yrs 4 mos", "location": null, "title": "Fellow"}, {"company_name": "Fathom Computing", "dates_employed": "Jan 2018\u2013Present", "employment_duration": "4 yrs 5 mos", "location": "San Francisco Bay Area", "title": "Advisor"}, {"company_name": "Ahura AI", "dates_employed": "Apr 2019\u2013Present", "employment_duration": "3 yrs 2 mos", "location": "San Francisco Bay Area", "title": "Advisor"}], "education": [{"institution": "University of Southern California", "degree_details": {"degree_name": "Master of Science - MS", "field_of_study": "Social Neuroscience", "dates_attended_or_expected_graduation": "2010 \u2013 2012"}}, {"institution": "Singularity University", "degree_details": {"degree_name": "GSP", "dates_attended_or_expected_graduation": "2015 \u2013 2015", "field_of_study": null}}, {"institution": "University of D\u00fcsseldorf", "degree_details": {"degree_name": "Master's Degree", "dates_attended_or_expected_graduation": "2009 \u2013 2012", "field_of_study": null}}], "employee_name": "67Q1VDWPq4v+mzcqMizAaw==*G3NfHkswu9yyl8txAFQ5Lw==*oX+Fxywv8QM12RUmorxX2w==*BIbCXTGtnzvOHpvw/xB8kA=="}, {"experience": [{"company_name": "Intelligent Market Solutions Group", "dates_employed": "1989\u2013Present", "employment_duration": "33 yrs", "location": "Toronto, Canada Area", "title": "Founder"}, {"company_name": "The Staffing Exchange Inc.", "dates_employed": "Oct 2019\u2013Present", "employment_duration": "2 yrs 8 mos", "location": "Toronto, Canada Area", "title": "Business Relationship Development"}, {"company_name": "Dark Star Quantum Lab", "dates_employed": "Dec 2020\u2013Present", "employment_duration": "1 yr 6 mos", "location": "Greater Toronto Area, Canada", "title": "Co-Founding Chair"}, {"company_name": "Ahura A.I.", "dates_employed": "2019\u2013Present", "employment_duration": "3 yrs", "location": "Toronto, Canada Area", "title": "Board Advisor / Project Management"}, {"company_name": "Bay3000 Consulting Inc.", "dates_employed": "2008\u2013Present", "employment_duration": "14 yrs", "location": null, "title": "Project Management Consultant"}], "education": [{"institution": "University of Waterloo", "degree_details": {"degree_name": "Bachelor of Mathematics", "field_of_study": "Mathematics", "dates_attended_or_expected_graduation": "1985 \u2013 1989"}}, {"institution": "Project Management Institute", "degree_details": {"degree_name": "PMP (2005 Instructor only), PgMP (2007 Instructor only), SP-PMI (Instructor only)", "dates_attended_or_expected_graduation": "2005 \u2013 2005", "field_of_study": null}}, {"institution": "Trab Training Inc.", "degree_details": {"degree_name": "CTT+ Train the Trainer", "dates_attended_or_expected_graduation": null, "field_of_study": null}}], "employee_name": "xr5o5Vh0VxqPhydvces=*3cA3BSjjjZZCIzgbKZYCGA==*7q/Bk0mkdfFovvOpkxPWjQ==*a3bVVf0MihEuyJonQ2j99g=="}, {"experience": [{"company_name": "Ahura AI", "dates_employed": "Mar 2021\u2013Present", "employment_duration": "1 yr 3 mos", "location": "San Francisco Bay Area", "title": "Co-founder, COO, CPO"}, {"company_name": "Alliance4ai", "dates_employed": "Oct 2019\u2013Present", "employment_duration": "2 yrs 8 mos", "location": "Johannesburg Area, South Africa", "title": "Co Founder and Board Member"}, {"company_name": "Alex Tsado Inc.", "dates_employed": "Jun 2018\u2013Present", "employment_duration": "4 yrs", "location": null, "title": "Impact Investor and Advisor"}, {"company_name": "Data Science Nigeria", "dates_employed": "Jun 2020\u2013Present", "employment_duration": "2 yrs", "location": "Nigeria", "title": "Board Member"}, {"company_name": "Bain & Company", "dates_employed": "Apr 2020\u2013Mar 2021", "employment_duration": "1 yr", "location": "San Francisco Bay Area", "title": "Consultant"}], "education": [{"institution": "Northwestern University - Kellogg School of Management", "degree_details": {"degree_name": "Master of Business Administration (MBA)", "field_of_study": "Business Administration and Management, Strategy, Leadership", "dates_attended_or_expected_graduation": "2015 \u2013 2017"}}, {"institution": "Columbia University in the City of New York", "degree_details": {"degree_name": "Bachelor of Engineering", "field_of_study": "Electrical Engineering, Computer Science, Enterpreneurship", "dates_attended_or_expected_graduation": "2008 \u2013 2012"}}, {"institution": "China Europe International Business School (CEIBS)", "degree_details": {"degree_name": "Master of Business Administration (MBA)", "field_of_study": "Global Ops", "dates_attended_or_expected_graduation": null}}], "employee_name": "S8xmNOPcS42dAA==*q/uEq/mS3JnKO+3eWwDhkg==*5ZGYeqtdp6brPcx2KBAPrw==*AxYjaJj3Pt08qVDbbYxyiQ=="}, {"experience": [{"company_name": "Ahura A.I.", "dates_employed": "Jan 2018\u2013Present", "employment_duration": "4 yrs 5 mos", "location": "Greater New York City Area", "title": "CEO and Co-founder"}, {"company_name": "Rental Geek", "dates_employed": "Oct 2016\u2013Mar 2018", "employment_duration": "1 yr 6 mos", "location": "New York, New York", "title": "Advisor"}, {"company_name": "Vestorly", "dates_employed": "Jul 2017\u2013Jan 2018", "employment_duration": "7 mos", "location": "Greater New York City Area", "title": "Vice President of Global Sales and Sales Operations"}, {"company_name": "Peace Accelerators", "dates_employed": "Sep 2016\u2013Sep 2017", "employment_duration": "1 yr 1 mo", "location": "New York, New York", "title": "Chairman Of The Board"}, {"company_name": "Bizzabo", "dates_employed": "Mar 2016\u2013May 2017", "employment_duration": "1 yr 3 mos", "location": "New York", "title": "Vice President of Sales"}], "education": [{"institution": "The Wharton School", "degree_details": {"degree_name": "Entrepreneurship Acceleration Program", "field_of_study": "Entrepreneurship/Entrepreneurial Studies", "dates_attended_or_expected_graduation": "2018 \u2013 2019"}}, {"institution": "University of Maryland", "degree_details": {"degree_name": "BS", "field_of_study": "Marketing, Logistics, Aerospace Engineering", "dates_attended_or_expected_graduation": "2000 \u2013 2006"}}], "employee_name": "rz6dWdeozCbaSd40*QKZbiUrgJXs8cCtGtLs84w==*/vGsuhHS4CUguhwhdFkYrQ==*nX4CFDO3NY2i8/ie2mnomQ=="}, {"experience": [{"company_name": "Sharemeister, Inc.", "dates_employed": "Jun 2008\u2013Present", "employment_duration": "14 yrs", "location": "Dallas/Fort Worth Area", "title": "Chairman of the Board"}, {"company_name": "Ahura AI", "dates_employed": "Mar 2021\u2013Present", "employment_duration": "1 yr 3 mos", "location": null, "title": "Chief Information Officer"}, {"company_name": "Time Out Conference/New Canaan Society", "dates_employed": "2011\u20132011", "employment_duration": "less than a year", "location": null, "title": "Member"}, {"company_name": "Inner Circle Entourage", "dates_employed": "2006\u20132008", "employment_duration": "2 yrs", "location": null, "title": "Co-Founder"}], "education": [{"institution": "Arkansas State University", "degree_details": {"degree_name": "Political Science", "field_of_study": "Spanish", "dates_attended_or_expected_graduation": "2004 \u2013 2007"}}, {"institution": "Centro Linguistico Maya", "degree_details": {"field_of_study": "Spanish & Economics", "dates_attended_or_expected_graduation": "2007 \u2013 2008", "degree_name": null}}], "employee_name": "J7LMhjpzgWcWORUOulwioNkJdpNJRh/vSqA+*ohjD6VN00d3WDJtLyBp1OA==*5bW0oGeavxts1a9FsdSXfw==*yig6YwLc/vctiHm//iNNEg=="}, {"experience": [{"company_name": "Ahura A.I.", "dates_employed": "Apr 2021\u2013Present", "employment_duration": "1 yr 2 mos", "location": "San Francisco Bay Area", "title": "Chief Marketing Officer"}, {"company_name": "waste*d", "dates_employed": "Jun 2020\u2013Present", "employment_duration": "2 yrs", "location": "Tahoe City, California, United States", "title": "Co-Founder & Advisor"}, {"company_name": "MakeSoil", "dates_employed": "Aug 2021\u2013Present", "employment_duration": "10 mos", "location": "United States", "title": "Marketing Advisor"}, {"company_name": "Do Good Shit", "dates_employed": "Jun 2020\u2013Present", "employment_duration": "2 yrs", "location": "Truckee, CA", "title": "Board Member"}, {"company_name": "Public Group, LLC Business & Brand Advisory", "dates_employed": "Jan 2000\u2013Present", "employment_duration": "22 yrs 5 mos", "location": "San Francisco Bay Area", "title": "Principal"}], "education": [{"institution": "University of California, Berkeley", "degree_details": {"field_of_study": "English Literature & Political Theory", "dates_attended_or_expected_graduation": null, "degree_name": null}}], "employee_name": "xAe4ALGZfWQFYtE=*CnV02fr71QxSiqbbNtcbkw==*mRtmmJmUYvt8v3J4BzbCww==*arFc1xwvE5uQLiHcczPPZg=="}, {"experience": [{"company_name": "Ahura AI", "dates_employed": "Dec 2021\u2013Present", "employment_duration": "6 mos", "location": "San Francisco Bay Area", "title": "Chief Of Staff"}, {"company_name": "Google", "dates_employed": "Sep 2018\u2013Sep 2021", "employment_duration": "3 yrs 1 mo", "location": "San Francisco Bay Area", "title": "Managing Director, Google Marketing"}, {"company_name": "Salesforce", "dates_employed": "Mar 2015\u2013Sep 2018", "employment_duration": "3 yrs 7 mos", "location": "San Francisco Bay Area", "title": "VP, General Manager Creative and Digital"}, {"company_name": "Salesforce", "dates_employed": "Jan 2014\u2013Mar 2015", "employment_duration": "1 yr 3 mos", "location": "San Francisco Bay Area", "title": "General Manager, Creative Group"}, {"company_name": "Huge", "dates_employed": "Jan 2013\u2013Nov 2013", "employment_duration": "11 mos", "location": "San Francisco Bay Area", "title": "Vice President, Client Service & New Business"}], "education": [{"institution": "Tulane University", "degree_details": {"degree_name": "BA", "field_of_study": "Political Science, History, Literature", "dates_attended_or_expected_graduation": "1989 \u2013 1994"}}, {"institution": "marin academy", "degree_details": {"dates_attended_or_expected_graduation": "1985 \u2013 1989", "degree_name": null, "field_of_study": null}}], "employee_name": "WOHZAaOzB4T1XtU=*EwJi/5hmtCvWHkCvAHcLnw==*f0aeGAWC8mwN+R2QS2kOSQ==*cEHuARXQJ9QJTjG7m+mO+Q=="}, {"experience": [{"company_name": "Digimatiq Marketing, Inc", "dates_employed": "Apr 2017\u2013Present", "employment_duration": "5 yrs 2 mos", "location": "Charlotte, North Carolina, United States", "title": "Co-Founder & Chief Marketing + Services Officer"}, {"company_name": "American Marketing Association - Charlotte Chapter", "dates_employed": "Jan 2017\u2013Present", "employment_duration": "5 yrs 5 mos", "location": "Charlotte, North Carolina Area", "title": "VP, Partnerships"}, {"company_name": "Ahura A.I.", "dates_employed": "Feb 2017\u2013Present", "employment_duration": "5 yrs 4 mos", "location": null, "title": "Advisor & Head of Marketing"}, {"company_name": "The Renacer Foundation", "dates_employed": "Jan 2017\u2013Present", "employment_duration": "5 yrs 5 mos", "location": "Charlotte, North Carolina Area", "title": "Advisor & Head of Marketing"}, {"company_name": "MSIGHTS", "dates_employed": "Jun 2016\u2013May 2017", "employment_duration": "1 yr", "location": "Charlotte, North Carolina Area", "title": "VP, Business Development"}], "education": [{"institution": "University of North Carolina Wilmington", "degree_details": {"degree_name": "BS", "field_of_study": "Marketing", "dates_attended_or_expected_graduation": "2001 \u2013 2005"}}, {"institution": "Pfeiffer University", "degree_details": {"degree_name": "MBA & MSL", "field_of_study": "Organizational Leadership / Strategy & Marketing", "dates_attended_or_expected_graduation": "2012 \u2013 2016"}}, {"institution": "Duke University", "degree_details": {"dates_attended_or_expected_graduation": null, "degree_name": null, "field_of_study": null}}], "employee_name": "D49E79wOqCsDC+Uf*I8/FBKGt8I77s6wTiVHMag==*JBOuVgr7ViQ2wMjDeT9Rgg==*a7wk070+OZmAHjOtiDpqQw=="}, {"experience": [{"company_name": "Lighthouse Leadership Consulting, LLC", "dates_employed": "Jul 2018\u2013Present", "employment_duration": "3 yrs 11 mos", "location": "Falmouth, Massachusetts", "title": "Chief Executive Officer"}, {"company_name": "Ahura AI", "dates_employed": "May 2018\u2013Present", "employment_duration": "4 yrs 1 mo", "location": "California", "title": "Advisory Committee Member"}, {"company_name": "Treetops Condominium Trust, Board of Trustees", "dates_employed": "Sep 2018\u2013Present", "employment_duration": "3 yrs 9 mos", "location": "Falmouth, Massachusetts", "title": "Chair"}, {"company_name": "The World Bank", "dates_employed": "Mar 2013\u2013Present", "employment_duration": "9 yrs 3 mos", "location": null, "title": "Educational Consultant"}, {"company_name": "Self-Employed", "dates_employed": "Jun 2015\u2013Jul 2018", "employment_duration": "3 yrs 2 mos", "location": "Falmouth, Massachusetts", "title": "Education Consultant"}], "education": [{"institution": "Harpur College, State University of New York; Cornell University", "degree_details": {"field_of_study": "Political Science", "dates_attended_or_expected_graduation": null, "degree_name": null}}], "employee_name": "0s7elXudzQIlmNhWcTqS4TmWdg==*Zn03ANpQ6ddd3qW9gjXc2g==*r5duCMn4FfX7FfvWJazwqg==*OlJLUrSOfcsPNkH9UD4vKw=="}, {"experience": [{"company_name": "David Hamilton Nichols, LLC", "dates_employed": "Jan 2018\u2013Present", "employment_duration": "4 yrs 5 mos", "location": null, "title": "Manager"}, {"company_name": "Creatify", "dates_employed": "Jul 2021\u2013Present", "employment_duration": "11 mos", "location": null, "title": "Strategic Advisor"}, {"company_name": "Creatify", "dates_employed": "May 2021\u2013Present", "employment_duration": "1 yr 1 mo", "location": null, "title": "Angel Investor"}, {"company_name": "Africa Health Holdings Limited (AHH)", "dates_employed": "Dec 2020\u2013Present", "employment_duration": "1 yr 6 mos", "location": null, "title": "Angel Investor"}, {"company_name": "Virtual Control Ltd", "dates_employed": "Aug 2021\u2013Present", "employment_duration": "10 mos", "location": null, "title": "Strategic Advisor"}], "education": [{"institution": "Ventura College", "degree_details": {"dates_attended_or_expected_graduation": null, "degree_name": null, "field_of_study": null}}], "employee_name": "CBmPMZGiIrRk40N1RIPRaPRNZH7Kuw==*GsArGVe1B7wg7idcl0ILJw==*MXyELCA5xuGTIQCCpv6Z0w==*0xHY/g0VisrAS8e3hVabnw=="}, {"experience": [{"company_name": "b:Rare Health, Inc.", "dates_employed": "Jan 2022\u2013Present", "employment_duration": "5 mos", "location": "Sunnyvale, California, United States", "title": "Medical Team Psychotherapist & Investor"}, {"company_name": "Ahura AI", "dates_employed": "Dec 2021\u2013Present", "employment_duration": "6 mos", "location": null, "title": "Investor"}, {"company_name": "Peak alliance", "dates_employed": "Nov 2021\u2013Present", "employment_duration": "7 mos", "location": null, "title": "Investor & Board Member"}, {"company_name": "CAMFT", "dates_employed": "2004\u2013Present", "employment_duration": "18 yrs", "location": null, "title": "Member"}, {"company_name": "American Psychotherapy Association", "dates_employed": "Feb 2015\u2013Present", "employment_duration": "7 yrs 4 mos", "location": null, "title": "Member"}], "education": [{"institution": "Santa Clara University", "degree_details": {"degree_name": "M.A.", "field_of_study": "Counseling Psychology", "dates_attended_or_expected_graduation": "1997 \u2013 2004"}}, {"institution": "Lowell High School", "degree_details": {"degree_name": "Diploma", "dates_attended_or_expected_graduation": "1981", "field_of_study": null}}, {"institution": "University of California, Davis", "degree_details": {"degree_name": "B.S.", "field_of_study": "Biochemistry", "dates_attended_or_expected_graduation": "1981 \u2013 1986"}}], "employee_name": "RR+LF6fSWUTffehdWNVhHZVOnihiEgfgM20KhcV00Q2qDk2JKQ==*3pPvvAZXlaWz4QWN9pXuZQ==*dGArsH1kXC6h4/d9cizV+g==*bPTgcyX5f9pjk9IhUCNebg=="}, {"experience": [{"company_name": "Ahura AI", "dates_employed": "Oct 2021\u2013Present", "employment_duration": "8 mos", "location": "Santa Clara, California, United States", "title": "Learning Designer"}, {"company_name": "University of California, Berkeley", "dates_employed": "Aug 2018\u2013Present", "employment_duration": "3 yrs 10 mos", "location": "Berkeley, CA", "title": "Faculty Lecturer"}, {"company_name": "Acalanes Union High School District", "dates_employed": "Nov 2003\u2013Present", "employment_duration": "18 yrs 7 mos", "location": "Lafayette, California", "title": "Teacher-High School Chemistry and Biology"}, {"company_name": "Stanford Center for Opportunity Policy in Education, California Teacher's Association, and NBCRC", "dates_employed": "Sep 2014\u2013Present", "employment_duration": "7 yrs 9 mos", "location": "California", "title": "Instructional Leadership Corps member"}, {"company_name": "Ignited", "dates_employed": "May 2021\u2013Present", "employment_duration": "1 yr 1 mo", "location": "San Francisco Bay Area", "title": "Ignited STEM Research Coach"}], "education": [{"institution": "Lesley University", "degree_details": {"degree_name": "M.Ed.", "field_of_study": "Curriculum & Instruction Specialization: Integrated Teaching through the Arts", "dates_attended_or_expected_graduation": "2014 \u2013 2016"}}, {"institution": "University of Phoenix", "degree_details": {"degree_name": "M.A.", "field_of_study": "Education: Teacher Leadership", "dates_attended_or_expected_graduation": "2010 \u2013 2012"}}, {"institution": "Mount Saint Mary's University", "degree_details": {"degree_name": "B.S.", "field_of_study": "Biological Sciences", "dates_attended_or_expected_graduation": null}}], "employee_name": "uG/hKoG6HBl/Kw==*ANu3OHR0ColAqZSS9AMXzQ==*v9gXp8Tmfdomk7zNEipn/A==*Cy7qR4S5jASRiAs/OTlCLg=="}]