[{"experience": [{"company_name": "Caresyntax", "dates_employed": "Feb 2022\u2013Present", "employment_duration": "4 mos", "location": null, "title": "Director Of Strategic Partnerships"}, {"company_name": "Zebra Medical Vision Ltd", "dates_employed": "Feb 2020\u2013Present", "employment_duration": "2 yrs 4 mos", "location": "United States", "title": "Director of Artificial Intelligence Sales"}, {"company_name": "Philips", "dates_employed": "Mar 2016\u2013Feb 2020", "employment_duration": "4 yrs", "location": null, "title": "HCIS Imaging Informatics"}, {"company_name": "Nuvodia", "dates_employed": "Jan 2013\u2013Feb 2016", "employment_duration": "3 yrs 2 mos", "location": "Dallas/Fort Worth Area", "title": "Enterprise Imaging Consultant"}, {"company_name": "Merge Healthcare", "dates_employed": "2004\u20132012", "employment_duration": "8 yrs", "location": "Dallas/Fort Worth Area", "title": "Senior Sales Manager"}], "education": [{"institution": "Texas A&M University", "degree_details": {"degree_name": "Bachelor's degree", "field_of_study": "Political Science and Government", "dates_attended_or_expected_graduation": null}}], "employee_name": "5FnFue92SulA*mgtxM1h3JNSX3jOniDNELA==*eYtG2JM/z0q7r8fjPDW/0g==*96VcQNrKcIHLGG1Zq6gFmQ=="}, {"experience": [{"company_name": "Nanox AI", "dates_employed": "Nov 2021\u2013Present", "employment_duration": "7 mos", "location": null, "title": "Director of DevOps & IT Operations"}, {"company_name": "Zebra medical vision", "dates_employed": "Aug 2020\u2013Nov 2021", "employment_duration": "1 yr 4 mos", "location": "Israel", "title": "Director of DevOps & IT Operations At Zebra medical vision"}, {"company_name": "Zebra medical vision", "dates_employed": "Jan 2019\u2013Aug 2020", "employment_duration": "1 yr 8 mos", "location": "Israel", "title": "Head of DevOps, IT & Security at Zebra medical vision"}, {"company_name": "Payoneer", "dates_employed": "Jan 2016\u2013Jan 2019", "employment_duration": "3 yrs 1 mo", "location": null, "title": "Head of DevOps"}, {"company_name": "Payoneer", "dates_employed": "Nov 2014\u2013Jan 2016", "employment_duration": "1 yr 3 mos", "location": "Israel", "title": "DevOps team leader"}], "education": [{"institution": "University of Haifa", "degree_details": {"degree_name": "B.Sc", "field_of_study": "Information Systems", "dates_attended_or_expected_graduation": "2008 \u2013 2011"}}, {"institution": "University of Haifa", "degree_details": {"degree_name": "B.A", "field_of_study": "Psychology", "dates_attended_or_expected_graduation": "2008 \u2013 2011"}}], "employee_name": "rYb6od/92HlbR/juxPA=*NSdC7Bet9v/CvQnbzSqkUg==*9KKrG1XXXVI0iR+caQbErQ==*FlNpIPKyXztJgLsHYLwEkw=="}, {"experience": [{"company_name": "Zebra Medical Vision (Acquired by Nanox Vision)", "dates_employed": "Sep 2020\u2013Present", "employment_duration": "1 yr 9 mos", "location": "Shefayim, Israel", "title": "Chief Executive Officer"}, {"company_name": "Earnix", "dates_employed": "Jun 2019\u2013Sep 2020", "employment_duration": "1 yr 4 mos", "location": "Tel Aviv, Israel", "title": "VP Strategy and Business Development"}, {"company_name": "MutualArt", "dates_employed": "2017\u20132019", "employment_duration": "2 yrs", "location": "London, UK", "title": "Chief Executive Officer"}, {"company_name": "Legacy Benefits, LLC", "dates_employed": "2010\u20132017", "employment_duration": "7 yrs", "location": "Greater New York City Area", "title": "President and Chief Executive Officer"}, {"company_name": "Legacy Benefits Corporation", "dates_employed": "2006\u20132010", "employment_duration": "4 yrs", "location": "Greater New York City Area", "title": "Chief Operations Officer"}], "education": [{"institution": "Solvay Brussels School of Economics and Management", "degree_details": {"degree_name": "Master of Business Administration (M.B.A.)", "field_of_study": "Finance", "dates_attended_or_expected_graduation": "1997 \u2013 1998"}}, {"institution": "Tel Aviv University", "degree_details": {"degree_name": "Bachelor of Laws - LLB", "field_of_study": "Law", "dates_attended_or_expected_graduation": "1992 \u2013 1996"}}, {"institution": "Tel Aviv University", "degree_details": {"degree_name": "Bachelor of Science (B.Sc.)", "field_of_study": "Economics", "dates_attended_or_expected_graduation": "1992 \u2013 1996"}}], "employee_name": "BMGvvqYipWY9KZZrJ+Q=*v7co91peuRNDQthMa3/ISA==*bwPCcI1XZ/Rzc+VFCs+UYw==*Wlve58fOCOScQfps28mPZQ=="}, {"experience": [{"company_name": "Zebra Medical Vision Ltd", "dates_employed": "Mar 2021\u2013Present", "employment_duration": "1 yr 3 mos", "location": null, "title": "Director of Product Management"}, {"company_name": "Zebra Medical Vision Ltd", "dates_employed": "Nov 2020\u2013Present", "employment_duration": "1 yr 7 mos", "location": null, "title": "Head of Product, Neuro and Chest CT Segments"}, {"company_name": "Zebra Medical Vision Ltd", "dates_employed": "May 2019\u2013Nov 2020", "employment_duration": "1 yr 7 mos", "location": null, "title": "Senior Product Manager"}, {"company_name": "Cubed Mobile", "dates_employed": "Jan 2018\u2013Apr 2019", "employment_duration": "1 yr 4 mos", "location": null, "title": "Director of Product Management"}, {"company_name": "NeoGames", "dates_employed": "Dec 2014\u2013Dec 2017", "employment_duration": "3 yrs 1 mo", "location": "Tel Aviv", "title": "Senior Product Team Leader"}], "education": [{"institution": "Reichman University (IDC Herzliya)", "degree_details": {"degree_name": "Master of Business Administration - MBA", "field_of_study": "Healthcare Innovation", "dates_attended_or_expected_graduation": "2019 \u2013 2020"}}, {"institution": "Shenkar", "degree_details": {"degree_name": "Bachelor of Science - BS", "field_of_study": "Computer Software Engineering", "dates_attended_or_expected_graduation": "2000 \u2013 2004"}}], "employee_name": "F5QLkad5tyafpdKd9YE=*kLYuiXrc/6ou04xNs+mflw==*QUDCnNB411u9it8b/yNqMg==*sm9z7uFcOEkT84YROSscRA=="}, {"experience": [{"company_name": "Nanox AI", "dates_employed": "Jul 2020\u2013Present", "employment_duration": "1 yr 11 mos", "location": "New York, New York, United States", "title": "Customer Success Manager, Nanox AI (formerly Zebra Medical Vision)"}, {"company_name": "Change Healthcare", "dates_employed": "Oct 2018\u2013Jul 2020", "employment_duration": "1 yr 10 mos", "location": "Greater New York City Area", "title": "Senior Account Manager - InterQual; Clinical Decision Support Solution for Payers and Providers"}, {"company_name": "Change Healthcare", "dates_employed": "Sep 2015\u2013Oct 2018", "employment_duration": "3 yrs 2 mos", "location": "Greater New York City Area", "title": "Customer Success Manager, Enterprise Imaging - Radiology and Cardiology"}, {"company_name": "McKesson", "dates_employed": "Sep 2012\u2013Sep 2015", "employment_duration": "3 yrs 1 mo", "location": null, "title": "Cardiology Support Account Manager"}, {"company_name": "McKesson", "dates_employed": "Sep 2010\u2013Sep 2012", "employment_duration": "2 yrs 1 mo", "location": null, "title": "Cardiology Technical Account Manager"}], "education": null, "employee_name": "CsySof3DQAtSoso=*ek+q6i4FE7CTWhcx0OQySQ==*RdO7KelMU+wS8zu7VjpJ5Q==*ZTKLkqYXiXMNvWbs9VEnSA=="}, {"experience": [{"company_name": "Nanox AI", "dates_employed": "Mar 2022\u2013Present", "employment_duration": "3 mos", "location": "Israel", "title": "CEO"}, {"company_name": "Mor", "dates_employed": null, "employment_duration": null, "location": null, "title": "CEO"}], "education": null, "employee_name": "htrPvFVK8okrQxzsqVUz*BFzdEnscaYwzrRbzG7tMiw==*tO0iDNrpxM5EgoHQGQ7FuA==*SgzDADAOMLF9OAsDK1KWMQ=="}, {"experience": [{"company_name": "Nanox AI", "dates_employed": "Feb 2021\u2013Present", "employment_duration": "1 yr 4 mos", "location": "United States", "title": "US Director, Value-Based Care"}, {"company_name": "Lumere", "dates_employed": "Oct 2019\u2013Jan 2021", "employment_duration": "1 yr 4 mos", "location": "United States", "title": "Regional Vice President"}, {"company_name": "Healthcare IQ", "dates_employed": "Nov 2017\u2013Mar 2019", "employment_duration": "1 yr 5 mos", "location": "United States", "title": "Commercial Development Executive"}, {"company_name": "PBA Health", "dates_employed": "Aug 2016\u2013Oct 2017", "employment_duration": "1 yr 3 mos", "location": "Texas and Louisiana", "title": "Business Development Manager"}, {"company_name": "McKesson", "dates_employed": "Dec 2003\u2013Mar 2016", "employment_duration": "12 yrs 4 mos", "location": "Southeast Texas", "title": "Sales Executive"}], "education": [{"institution": "University of Florida", "degree_details": {"degree_name": "BS", "field_of_study": "Engineering", "dates_attended_or_expected_graduation": null}}], "employee_name": "LjJK6EaENN6SrUirZg==*iMwJz5eQ1Oo2OvbfsZmCaQ==*RJtqWKsCl4H14pk3bF21/g==*dFQCrSRHyQYIgpO+mgbyIg=="}, {"experience": [{"company_name": "Zebra Medical Vision Ltd", "dates_employed": "2021\u2013Present", "employment_duration": "1 yr", "location": null, "title": "Vice President of R&D"}, {"company_name": "Reichman University (IDC Herzliya)", "dates_employed": "2022\u2013Present", "employment_duration": "less than a year", "location": null, "title": "Adjunct Lecturer"}, {"company_name": "Zebra Medical Vision Ltd", "dates_employed": "Sep 2020\u20132021", "employment_duration": "1 yr", "location": null, "title": "Vice President of Research"}, {"company_name": "Zebra Medical Vision Ltd", "dates_employed": "Nov 2018\u2013Aug 2020", "employment_duration": "1 yr 10 mos", "location": null, "title": "Director of AI"}, {"company_name": "IBM", "dates_employed": "Nov 2016\u2013Nov 2018", "employment_duration": "2 yrs 1 mo", "location": "Haifa Area, Israel", "title": "Medical Imaging Research Technology Lead, IBM Research"}], "education": [{"institution": "Harvard Medical School", "degree_details": {"degree_name": "Postdoc Research Fellow", "field_of_study": "Biomedical Image Analysis", "dates_attended_or_expected_graduation": "2008 \u2013 2010"}}, {"institution": "Weizmann Institute of Science", "degree_details": {"degree_name": "Ph.D.", "field_of_study": "Applied Mathematics and Computer Science", "dates_attended_or_expected_graduation": "2002 \u2013 2007"}}, {"institution": "Tel Aviv University", "degree_details": {"degree_name": "M.Sc.", "field_of_study": "Computer Science ( Magna Cum Laude )", "dates_attended_or_expected_graduation": "2000 \u2013 2001"}}], "employee_name": "it+45+XyEz9snATmwTha/Q5AD8rzMiV803/f*o70yGhcnOd9qgooK8/pPHw==*JuEhX5lmROHUD3+aI2pTOQ==*eFfHe8iHoqfCthxM/+MulA=="}, {"experience": [{"company_name": "Tykhe Block Ventures", "dates_employed": "Apr 2021\u2013Present", "employment_duration": "1 yr 2 mos", "location": "United States", "title": "Founder and General Partner"}, {"company_name": "Shadowfax", "dates_employed": "May 2015\u2013Present", "employment_duration": "7 yrs 1 mo", "location": null, "title": "Investor"}, {"company_name": "UrbanClap", "dates_employed": "Apr 2015\u2013Present", "employment_duration": "7 yrs 2 mos", "location": "Gurgaon, India", "title": "Investor"}, {"company_name": "Innov8 Coworking", "dates_employed": "Mar 2018\u2013Present", "employment_duration": "4 yrs 3 mos", "location": null, "title": "Investor"}, {"company_name": "OfBusiness", "dates_employed": "Feb 2016\u2013Present", "employment_duration": "6 yrs 4 mos", "location": "Gurgaon, Haryana, India", "title": "Investor"}], "education": [{"institution": "Indian Institute of Technology, Delhi", "degree_details": {"degree_name": "B.Tech.", "field_of_study": "Computer Science and Engineering", "dates_attended_or_expected_graduation": "1991 \u2013 1995"}}], "employee_name": "WRiPm+mqBSy92xHaiJ0=*HewerEklRNCp6nkw1XKVYQ==*h9eqvFKQWmldQnZdrcWheQ==*Cq0Iz8CxXph6N5SVy2CPNA=="}, {"experience": [{"company_name": "Zebra Medical Vision Ltd", "dates_employed": "Jan 2020\u2013Present", "employment_duration": "2 yrs 5 mos", "location": "Israel", "title": "Business Development Manager"}, {"company_name": "Zebra Medical Vision Ltd", "dates_employed": "Mar 2019\u2013Feb 2020", "employment_duration": "1 yr", "location": null, "title": "Marketing and Business Specialist"}, {"company_name": "Vi / JBV Technologies", "dates_employed": "May 2018\u2013Jan 2019", "employment_duration": "9 mos", "location": "Tel Aviv Area, Israel", "title": "Head of Business and Operations"}, {"company_name": "freelancer", "dates_employed": "Jul 2017\u2013Apr 2018", "employment_duration": "10 mos", "location": "Israel", "title": "Strategist & Tech Scouter"}, {"company_name": "Tiny Love Ltd.", "dates_employed": "May 2011\u20132017", "employment_duration": "6 yrs", "location": "Tel-Aviv, Israel", "title": "Manager of Innovation, Research & Business Development"}], "education": [{"institution": "Ben-Gurion University of the Negev", "degree_details": {"degree_name": "Master of Business Administration (MBA)", "field_of_study": "MBA-Strategy and Entrepreneurship", "dates_attended_or_expected_graduation": "2008 \u2013 2010"}}, {"institution": "The Open University of Israel", "degree_details": {"degree_name": "Course", "field_of_study": "Management Skills Development", "dates_attended_or_expected_graduation": "2012 \u2013 2012"}}, {"institution": "The Academic Program, Management College (\"Hamaslool Ha'akademi shel Hamichlala Leminhal)\"", "degree_details": {"degree_name": "B.A.", "field_of_study": "Communication and Management", "dates_attended_or_expected_graduation": "2003 \u2013 2006"}}], "employee_name": "rYAudLFAoY2nx0/ZSbvA/ciqMg==*da/Rr60Srb9yeJwcUQr42Q==*rgfP5zw/46mDUhflLXrqVw==*5sfBzsI2pWvZExosusDeHw=="}, {"experience": [{"company_name": "Restoring Integrity to the Oceans (RIO)", "dates_employed": "Oct 2021\u2013Present", "employment_duration": "8 mos", "location": "Jakarta, Indonesia", "title": "Director of Finance"}, {"company_name": "AngelList", "dates_employed": "Jan 2019\u2013Present", "employment_duration": "3 yrs 5 mos", "location": null, "title": "Investor"}, {"company_name": "Cartica AI", "dates_employed": "Sep 2020\u2013Present", "employment_duration": "1 yr 9 mos", "location": null, "title": "Investor"}, {"company_name": "Indogen Capital", "dates_employed": "Feb 2020\u2013Present", "employment_duration": "2 yrs 4 mos", "location": "Jakarta", "title": "Partner"}, {"company_name": "SpaceX", "dates_employed": "Mar 2019\u2013Present", "employment_duration": "3 yrs 3 mos", "location": null, "title": "Investor"}], "education": [{"institution": "The London School of Economics and Political Science (LSE)", "degree_details": {"degree_name": "Bachelor\u2019s Degree", "field_of_study": "Economics and Management", "dates_attended_or_expected_graduation": "2000 \u2013 2004"}}, {"institution": "Bogor Agricultural University", "degree_details": {"degree_name": "Doctor of Philosophy - PhD", "field_of_study": "Financial Management", "dates_attended_or_expected_graduation": "2016 \u2013 2021"}}, {"institution": "University of Indonesia", "degree_details": {"degree_name": "Master's Degree", "field_of_study": "Military Strategic Intelligence", "dates_attended_or_expected_graduation": "2012 \u2013 2014"}}], "employee_name": "lnd/HZr9rGAts5gsAnb6eA==*BcPoeIcXQ6mo6fiDuDENRQ==*S6nfIlfBupE8DMd+suuAoQ==*i3NTbZ0FtK6nc7OdQBgNng=="}, {"experience": [{"company_name": "Nanox AI", "dates_employed": "Mar 2021\u2013Present", "employment_duration": "1 yr 3 mos", "location": "New York City Metropolitan Area", "title": "VP of Customer Success"}, {"company_name": "Nanox AI", "dates_employed": "Dec 2016\u2013Mar 2021", "employment_duration": "4 yrs 4 mos", "location": "New York City Metropolitan Area", "title": "Director of Professional Services (Solutions Architecture & Engineering)"}, {"company_name": "Nanox AI", "dates_employed": "Jan 2016\u2013Dec 2016", "employment_duration": "12 mos", "location": "Tel Aviv, Israel", "title": "Senior Data Engineer"}, {"company_name": "Zeek", "dates_employed": "Jan 2014\u2013Dec 2015", "employment_duration": "2 yrs", "location": "Tel Aviv, Israel", "title": "Head of Engineering"}, {"company_name": "Bizzabo", "dates_employed": "Nov 2012\u2013Jan 2014", "employment_duration": "1 yr 3 mos", "location": null, "title": "Software Engineer"}], "education": [{"institution": "Georgia Institute of Technology", "degree_details": {"degree_name": "Master's degree - Computer Science", "field_of_study": "Machine Learning and Artificial Intelligence (AI)", "dates_attended_or_expected_graduation": "2017 \u2013 2020"}}, {"institution": "Ben-Gurion University of the Negev", "degree_details": {"degree_name": "Bachelor's degree - Computer Science", "field_of_study": "NLP", "dates_attended_or_expected_graduation": "2007 \u2013 2010"}}], "employee_name": "iQuMksijZeu6Ez0=*mTBvzulzdVw8MFZqUiaMSA==*hldWcZiGogmfdghS1kWXrg==*437WMUMn9RfrC2LjCe03Lg=="}, {"experience": [{"company_name": "Nanox AI", "dates_employed": "Jan 2022\u2013Present", "employment_duration": "5 mos", "location": null, "title": "Director of Customer Operations"}, {"company_name": "Zebra Medical Vision Ltd", "dates_employed": "Oct 2021\u2013Jan 2022", "employment_duration": "4 mos", "location": null, "title": "Product Operations Manager"}, {"company_name": "Zebra Medical Vision Ltd", "dates_employed": "Mar 2020\u2013Oct 2021", "employment_duration": "1 yr 8 mos", "location": null, "title": "Customer Success Manager"}, {"company_name": "Personetics", "dates_employed": "Dec 2018\u2013Mar 2020", "employment_duration": "1 yr 4 mos", "location": "Tel Aviv Area, Israel", "title": "Project Manager"}, {"company_name": "Change Healthcare", "dates_employed": "Dec 2015\u2013Dec 2018", "employment_duration": "3 yrs 1 mo", "location": "Israel", "title": "Project Manager"}], "education": [{"institution": "Project Management Institute (PMI)", "degree_details": {"degree_name": "PMP, Project Management", "dates_attended_or_expected_graduation": "2017 \u2013 2017", "field_of_study": null}}, {"institution": "Ben-Gurion University of the Negev", "degree_details": {"field_of_study": "Bio medical Engineering", "dates_attended_or_expected_graduation": "2007 \u2013 2011", "degree_name": null}}, {"institution": "Tel Aviv University", "degree_details": {"degree_name": "Master of Business Administration (MBA)", "dates_attended_or_expected_graduation": "2014", "field_of_study": null}}], "employee_name": "/Uirdk/s9SA8Kuw=*CB96HzLy5AfPfQu8Xmx6WQ==*996+Foj31v1CPfLSOEOizQ==*62nEmwtinzhSGG9S0f15xg=="}, {"experience": [{"company_name": "Nanox AI", "dates_employed": "Feb 2022\u2013Present", "employment_duration": "4 mos", "location": "Shefaim, Central, Israel", "title": "Data Analytics Team Lead"}, {"company_name": "Zebra Medical Vision Ltd", "dates_employed": "May 2021\u2013Apr 2022", "employment_duration": "1 yr", "location": "Israel", "title": "Data Scientist"}, {"company_name": "Zebra Medical Vision Ltd", "dates_employed": "Sep 2020\u2013May 2021", "employment_duration": "9 mos", "location": null, "title": "Senior Data Analyst"}, {"company_name": "Feedvisor", "dates_employed": "May 2016\u2013Sep 2020", "employment_duration": "4 yrs 5 mos", "location": "Tel Aviv", "title": "Data Analyst"}, {"company_name": "ironSource", "dates_employed": "Nov 2014\u2013Jan 2016", "employment_duration": "1 yr 3 mos", "location": null, "title": "Business Data Analyst"}], "education": [{"institution": "School of Data Science YDATA", "degree_details": {"degree_name": "Professional Studies", "field_of_study": "Data Science and Machine Learning", "dates_attended_or_expected_graduation": "2018 \u2013 2019"}}, {"institution": "Ben-Gurion University of the Negev", "degree_details": {"degree_name": "industrial engineering and management", "field_of_study": "Information systems", "dates_attended_or_expected_graduation": "2011 \u2013 2014"}}], "employee_name": "wMaMxQO7ZRBjpX0NQ+m1*WG8R1GDCdjf4r6o9MoNytg==*U2vW/c8rHSwRcKshVeqBIA==*BOouJrvl5bn83NBqGzejEg=="}, {"experience": [{"company_name": "Zebra Medical Vision Ltd", "dates_employed": "2020\u2013Present", "employment_duration": "2 yrs", "location": null, "title": "VP Product"}, {"company_name": "Zebra Medical Vision Ltd", "dates_employed": "2019\u20132020", "employment_duration": "1 yr", "location": null, "title": "Strategic Partnerships Product Lead"}, {"company_name": "spirCare", "dates_employed": "Mar 2016\u20132019", "employment_duration": "3 yrs", "location": null, "title": "CEO \u2013 a portfolio company of Sanara incubator"}, {"company_name": "Aspect Imaging", "dates_employed": "May 2015\u2013Feb 2016", "employment_duration": "10 mos", "location": null, "title": "VP R&D"}, {"company_name": "Aspect Imaging", "dates_employed": "Jun 2013\u2013Apr 2015", "employment_duration": "1 yr 11 mos", "location": null, "title": "Manager, Products and Applications"}], "education": [{"institution": "Tel Aviv University", "degree_details": {"degree_name": "MBA", "field_of_study": "Specializing in Technology Management and Information Systems", "dates_attended_or_expected_graduation": "2008 \u2013 2010"}}, {"institution": "Tel Aviv University", "degree_details": {"degree_name": "BSc", "field_of_study": "Bio-Medical engineering", "dates_attended_or_expected_graduation": "2001 \u2013 2005"}}], "employee_name": "3onlja4f0uK7d/8=*FB80ztlmq5hDouQCf+B6Eg==*V5QKoj2xkh7mdJePd9lwZg==*8c8PDo31Ba3UzaPSHcVxFw=="}, {"experience": [{"company_name": "LG Technology Ventures", "dates_employed": "Aug 2018\u2013Present", "employment_duration": "3 yrs 10 mos", "location": "San Francisco Bay Area", "title": "Director"}, {"company_name": "CerebrumX", "dates_employed": "Mar 2021\u2013Present", "employment_duration": "1 yr 3 mos", "location": null, "title": "Investor"}, {"company_name": "Zebra Medical Vision Ltd", "dates_employed": "Sep 2020\u2013Present", "employment_duration": "1 yr 9 mos", "location": null, "title": "Investor"}, {"company_name": "Aurora Labs", "dates_employed": "Feb 2020\u2013Present", "employment_duration": "2 yrs 4 mos", "location": null, "title": "Investor"}, {"company_name": "May Mobility", "dates_employed": "Feb 2019\u2013Present", "employment_duration": "3 yrs 4 mos", "location": null, "title": "Investor"}], "education": [{"institution": "University of Arizona", "degree_details": {"degree_name": "Master's", "field_of_study": "Electrical Engineering", "dates_attended_or_expected_graduation": "2005"}}, {"institution": "Hongik University", "degree_details": {"degree_name": "Bachelor's", "field_of_study": "Electronic, Electrical Engineering", "dates_attended_or_expected_graduation": "2001"}}], "employee_name": "fDMbWG+h8dlWag0=*s2yJYdnQ/nWIKn6WdQtV2Q==*0Tqqg3ZREvFmSyW1WF/6sw==*HbP4/p2LpaBmkVXJOwsvOQ=="}, {"experience": [{"company_name": "Nanox AI", "dates_employed": "Feb 2022\u2013Present", "employment_duration": "4 mos", "location": null, "title": "Head Of Marketing"}, {"company_name": "SolarEdge Technologies", "dates_employed": "Dec 2019\u2013Present", "employment_duration": "2 yrs 6 mos", "location": null, "title": "Corporate Marketing Manager"}, {"company_name": "SolarEdge Technologies", "dates_employed": "Jan 2017\u2013Nov 2019", "employment_duration": "2 yrs 11 mos", "location": null, "title": "Marketing Communication Manager"}, {"company_name": "SolarEdge Technologies", "dates_employed": "Aug 2014\u2013Jan 2017", "employment_duration": "2 yrs 6 mos", "location": null, "title": "Event Marketing Manager"}, {"company_name": "Ravmotor LTD", "dates_employed": "Jan 2011\u2013Oct 2014", "employment_duration": "3 yrs 10 mos", "location": "Israel", "title": "Production & Marketing manager"}], "education": [{"institution": "Ono Academic College", "degree_details": {"degree_name": "Bachelor of Laws (LLB)", "dates_attended_or_expected_graduation": "2007 \u2013 2010", "field_of_study": null}}], "employee_name": "JfgW4dUpO+C3cQ==*nNjZK/iar3NbuL6I0tKFdw==*CvA8TuE0WehY+ZagcVNxvg==*sNEkzex7sycLtzpUrl3Dwg=="}, {"experience": [{"company_name": "Nanox AI", "dates_employed": "Nov 2021\u2013Present", "employment_duration": "7 mos", "location": "Lincolnshire, Illinois, United States", "title": "Director of Solutions & Delivery"}, {"company_name": "GE Healthcare", "dates_employed": "Feb 2021\u2013Dec 2021", "employment_duration": "11 mos", "location": "Chicago, Illinois, United States", "title": "Sr Manager - Software Engineering"}, {"company_name": "GE Healthcare", "dates_employed": "Jan 2016\u2013Feb 2021", "employment_duration": "5 yrs 2 mos", "location": "Greater Chicago Area", "title": "Senior Staff Software Architect"}, {"company_name": "GE Healthcare", "dates_employed": "May 2013\u20132016", "employment_duration": "3 yrs", "location": "Greater Chicago Area", "title": "Senior Software Architect"}, {"company_name": "GE Healthcare", "dates_employed": "Apr 2005\u2013May 2013", "employment_duration": "8 yrs 2 mos", "location": "Israel", "title": "Software Team Lead"}], "education": [{"institution": "The College of Management Academic Studies", "degree_details": {"field_of_study": "Computer Science", "dates_attended_or_expected_graduation": "1996 \u2013 1999", "degree_name": null}}], "employee_name": "0ozolI8WIwI77HFxupEQElc=*UIAdiFC9IHzH/VR4nGVJUg==*2rI7TuA35952eaZpwlnapQ==*gL+DrJ/Y5R9im3gBRFhfhg=="}, {"experience": [{"company_name": "Nanox AI (Zebra Medical Vision)", "dates_employed": "Oct 2020\u2013Present", "employment_duration": "1 yr 8 mos", "location": "Central, Israel", "title": "Clinical Manager"}, {"company_name": "Columbia University in the City of New York", "dates_employed": "Apr 2017\u2013Nov 2021", "employment_duration": "4 yrs 8 mos", "location": null, "title": "Adjunct associate research scientist"}, {"company_name": "Tel Aviv University", "dates_employed": "Mar 2017\u2013Jul 2017", "employment_duration": "5 mos", "location": "Tel Aviv, Israel", "title": "Adjunct Lecturer"}, {"company_name": "Columbia University in the City of New York", "dates_employed": "Apr 2012\u2013Mar 2017", "employment_duration": "5 yrs", "location": "New York, New York, United States", "title": "Postdoctoral Fellow + Associate Research Scientist"}, {"company_name": "Tel Aviv University", "dates_employed": "Oct 2001\u2013Jun 2007", "employment_duration": "5 yrs 9 mos", "location": null, "title": "Teaching Assistant"}], "education": [{"institution": "Tel Aviv University", "degree_details": {"degree_name": "Doctor of Philosophy (PhD)", "field_of_study": "Biomedical Engineering", "dates_attended_or_expected_graduation": "2003 \u2013 2011"}}, {"institution": "Tel Aviv University", "degree_details": {"degree_name": "Master of Science (M.Sc.)", "field_of_study": "Biomedical Engieering", "dates_attended_or_expected_graduation": "1998 \u2013 2002"}}, {"institution": "Tel Aviv University", "degree_details": {"degree_name": "Bachelor of Science (BSc)", "field_of_study": "Engineering/Industrial Management", "dates_attended_or_expected_graduation": "1992 \u2013 1996"}}], "employee_name": "PzVBeLIICdzFZOl9Fco=*VvkitlKxKyKOmOzvVlbHsw==*paJJU9wwJrfTr+mv4UM5qg==*LlKbbPSI0gv1Rlp9Q5OiYA=="}, {"experience": [{"company_name": "Nanox AI", "dates_employed": "Sep 2019\u2013Present", "employment_duration": "2 yrs 9 mos", "location": "Israel", "title": "Director of Quality Assurance"}, {"company_name": "QinFlow", "dates_employed": "Sep 2016\u2013Aug 2019", "employment_duration": "3 yrs", "location": "Israel", "title": "VP Product Realization; RA & QA Manager"}, {"company_name": "DV2MP Gobal Operations Ltd. and QinFlow Ltd.", "dates_employed": "Jul 2010\u2013Sep 2016", "employment_duration": "6 yrs 3 mos", "location": "Einat Israel", "title": "Director Product Realization"}, {"company_name": "N-trig", "dates_employed": "Jun 2006\u2013May 2010", "employment_duration": "4 yrs", "location": null, "title": "Program Manager"}, {"company_name": "N-trig", "dates_employed": "Jan 2004\u2013Jun 2006", "employment_duration": "2 yrs 6 mos", "location": null, "title": "Process Engineer"}], "education": [{"institution": "Tel Aviv University", "degree_details": {"degree_name": "MSc.", "field_of_study": "Matrials Engineering + Business School", "dates_attended_or_expected_graduation": "2002 \u2013 2008"}}, {"institution": "Ben-Gurion University of the Negev", "degree_details": {"degree_name": "BSc.", "field_of_study": "Chemical Engineer", "dates_attended_or_expected_graduation": "1996 \u2013 2000"}}], "employee_name": "v5zFLVqL2IPtmaSZ*cXhTYfqQvJ9Crl7IMxEjCQ==*DsyPznMu/qeORpcP02i6EA==*Pv/asD5BVuCHJ/LpLBg+eg=="}, {"experience": [{"company_name": "Nanox AI", "dates_employed": "Nov 2021\u2013Present", "employment_duration": "7 mos", "location": null, "title": "Product Manager"}, {"company_name": "Nutrino Health", "dates_employed": "Jul 2018\u2013Nov 2021", "employment_duration": "3 yrs 5 mos", "location": null, "title": "Product Manager"}, {"company_name": "Algotec", "dates_employed": "2015\u20132018", "employment_duration": "3 yrs", "location": null, "title": "Project Manager"}, {"company_name": "Algotec", "dates_employed": "2014\u20132015", "employment_duration": "1 yr", "location": null, "title": "QA Engineer"}, {"company_name": "Channel 2 News", "dates_employed": "2013\u20132014", "employment_duration": "1 yr", "location": null, "title": "Anchor"}], "education": [{"institution": "The Hebrew University of Jerusalem", "degree_details": {"degree_name": "Bachelor of Science (B.Sc.)", "field_of_study": "Chemistry and Earth Science", "dates_attended_or_expected_graduation": "2010 \u2013 2013"}}], "employee_name": "YPEJuC1qdmVe4A==*MThwPgr2CpLj/w5rrECMJg==*scv3HJwxD9Ld6GlMtuPbIA==*fsLM6sHE+ZztCNLFFF6/0g=="}, {"experience": [{"company_name": "Nanox AI", "dates_employed": "Feb 2022\u2013Present", "employment_duration": "4 mos", "location": null, "title": "Head of HR"}, {"company_name": "Ambrosia Supherb LTD", "dates_employed": "Jan 2020\u2013Jan 2022", "employment_duration": "2 yrs 1 mo", "location": "Netanya, Central, Israel", "title": "Human Resources Manager"}, {"company_name": "Radwin", "dates_employed": "Feb 2016\u2013Dec 2019", "employment_duration": "3 yrs 11 mos", "location": "Tel Aviv, Israel", "title": "Training and Organizational Development Manager"}, {"company_name": "RADWIN", "dates_employed": "Feb 2009\u2013Jan 2016", "employment_duration": "7 yrs", "location": "Tel Aviv, Israel", "title": "Corporate HR and Welfare Manager"}, {"company_name": "RADWIN", "dates_employed": "Dec 2006\u2013Jan 2009", "employment_duration": "2 yrs 2 mos", "location": "Tel Aviv, Israel", "title": "Human Resources Coordinator"}], "education": [{"institution": "Ariel University", "degree_details": {"degree_name": "Bachelor of BA in Behavioral Sciences, Organizational Psychology, Ariel University.", "dates_attended_or_expected_graduation": null, "field_of_study": null}}, {"institution": "The College of Management Academic Studies", "degree_details": {"degree_name": "Salary Accounting (Certified by Accounting Bureau)", "dates_attended_or_expected_graduation": null, "field_of_study": null}}], "employee_name": "In4C61baRJpkHw==*tP/AKMnXRn4X7v0qudLMaA==*jHr6u7K3dnwzpKDa/1NEJA==*9BDbTZxG4Rlu/sM+9l7F6Q=="}, {"experience": [{"company_name": "Nanox AI", "dates_employed": "Feb 2022\u2013Present", "employment_duration": "4 mos", "location": null, "title": "Director Of Engineering"}, {"company_name": "Nanox AI", "dates_employed": "Apr 2021\u2013Mar 2022", "employment_duration": "1 yr", "location": null, "title": "R&D Team Leader"}, {"company_name": "Zebra Medical Vision Ltd", "dates_employed": "Dec 2014\u2013Apr 2021", "employment_duration": "6 yrs 5 mos", "location": null, "title": "Software Engineer"}, {"company_name": "Other", "dates_employed": "Mar 2012\u2013Mar 2014", "employment_duration": "2 yrs 1 mo", "location": null, "title": "Oracle DBA"}, {"company_name": "None", "dates_employed": "Mar 2011\u2013Mar 2012", "employment_duration": "1 yr 1 mo", "location": null, "title": "Etl Developer - ODI"}], "education": null, "employee_name": "YpY+TnjoS6sHfg==*u7x3x4OnObP6d9C1RQ0hJQ==*siOnlF5U2uSX9m/f4nVITw==*aSVQJ51zpMmZjNooXLpGaA=="}, {"experience": [{"company_name": "Nanox AI", "dates_employed": "Mar 2022\u2013Present", "employment_duration": "3 mos", "location": null, "title": "Clinical Director"}, {"company_name": "Philips", "dates_employed": "Apr 2016\u2013Mar 2022", "employment_duration": "6 yrs", "location": null, "title": "CT clinical systems manager"}, {"company_name": "Philips", "dates_employed": "Sep 2011\u2013Apr 2016", "employment_duration": "4 yrs 8 mos", "location": "Haifa israel", "title": "CT Clinical Specialist"}, {"company_name": "NiliMedix", "dates_employed": "Apr 2009\u2013Sep 2011", "employment_duration": "2 yrs 6 mos", "location": "Tirat Carmel, Haifa District, Israel", "title": "R&D lab student"}], "education": [{"institution": "Technion - Israel Institute of Technology", "degree_details": {"degree_name": "Bsc", "field_of_study": "Biomedical/Medical Engineering", "dates_attended_or_expected_graduation": "2008 \u2013 2012"}}], "employee_name": "sfV8Cm8owHf+BEWI*31gy1wKJnvp3y0PJlb4l6w==*TLrfn+KmHrX9DkgQj8KCOQ==*vRlfvvaFDfkYhH6hz1l+YQ=="}, {"experience": [{"company_name": "Nanox AI", "dates_employed": "Jun 2020\u2013Present", "employment_duration": "2 yrs", "location": "Israel", "title": "DevOps Team Lead"}, {"company_name": "Bright Machines", "dates_employed": "Mar 2019\u2013Jun 2020", "employment_duration": "1 yr 4 mos", "location": null, "title": "DevOps Expert"}, {"company_name": "JFrog", "dates_employed": "Sep 2017\u2013Mar 2019", "employment_duration": "1 yr 7 mos", "location": "Israel", "title": "DevOps Expert"}, {"company_name": "SIRIN LABS", "dates_employed": "May 2014\u2013Aug 2017", "employment_duration": "3 yrs 4 mos", "location": "Tel Aviv", "title": "DevOps And IT Manager"}, {"company_name": "Experis Israel", "dates_employed": "Jan 2013\u2013Apr 2014", "employment_duration": "1 yr 4 mos", "location": "Tel Aviv", "title": "CTO , ALM Division"}], "education": [{"institution": "The Open University of Israel", "degree_details": {"degree_name": "BA", "field_of_study": "Computer science and Management", "dates_attended_or_expected_graduation": "1995 \u2013 2000"}}], "employee_name": "tRw6mHriWoMcy97j3Q==*+ELz0oKuoLEqkmotqNwWkQ==*XbnGRBGGEA1dAx580by4PQ==*Pwtl5vQaeqBsaSQdOwY7HA=="}, {"experience": [{"company_name": "Nanox AI", "dates_employed": "Apr 2020\u2013Present", "employment_duration": "2 yrs 2 mos", "location": null, "title": "Software Engineer"}, {"company_name": "JPMorgan Chase & Co.", "dates_employed": "Aug 2018\u2013Apr 2020", "employment_duration": "1 yr 9 mos", "location": "Herzliya Area, Israel", "title": "Software Engineer"}, {"company_name": "Cisco", "dates_employed": "May 2014\u2013Aug 2018", "employment_duration": "4 yrs 4 mos", "location": null, "title": "Software Engineer"}, {"company_name": "Intel Corporation", "dates_employed": "Jan 2013\u2013May 2014", "employment_duration": "1 yr 5 mos", "location": "Israel", "title": "Software Engineer"}, {"company_name": "Arrow Electronics", "dates_employed": "Jan 2008\u2013Jan 2009", "employment_duration": "1 yr 1 mo", "location": null, "title": "Systems Integration"}], "education": [{"institution": "Interdisciplinary Center (IDC)", "degree_details": {"degree_name": "Bachelor\u2019s Degree", "field_of_study": "Computer Science", "dates_attended_or_expected_graduation": "2009 \u2013 2012"}}], "employee_name": "gu+sDnljs49fl74=*8vvgT0i7g13Zv7MA9MLYuA==*GoQnS++h6XBr9rDwwW2pnQ==*R8c717wYoYPJ1bvHlDHc7Q=="}, {"experience": [{"company_name": "Zebra Medical Vision Ltd", "dates_employed": "Sep 2020\u2013Present", "employment_duration": "1 yr 9 mos", "location": "Tel Aviv, Israel", "title": "Tag Marker"}, {"company_name": "Tel Aviv University", "dates_employed": "Oct 2019\u2013Present", "employment_duration": "2 yrs 8 mos", "location": "Tel Aviv, Israel", "title": "Anatomy TA - Dissection lab"}, {"company_name": "Private clinic", "dates_employed": "Oct 2018\u2013Present", "employment_duration": "3 yrs 8 mos", "location": "Tel Aviv, Israel", "title": "Clinical Manager"}, {"company_name": "Israel Defense Forces", "dates_employed": "Jan 2012\u2013Jan 2015", "employment_duration": "3 yrs 1 mo", "location": "Israel", "title": "Military"}], "education": [{"institution": "Tel Aviv University", "degree_details": {"degree_name": "Doctor of Medicine - MD", "dates_attended_or_expected_graduation": "2018 \u2013 2025", "field_of_study": null}}], "employee_name": "BVc/wwdIqawLizw=*bieVGWGI1mlAm3Y781n6IQ==*hqB+p0WsV0q+Czp+eWlZug==*KDhE/32MHQNlzdCsw2K+VQ=="}, {"experience": [{"company_name": "Nanox AI", "dates_employed": "Sep 2019\u2013Present", "employment_duration": "2 yrs 9 mos", "location": null, "title": "Automation Engineer"}], "education": null, "employee_name": "iTv/x3VxJDpH/d8=*MILGO6w918bGle17vnorxg==*3r13wpKsOoy3Uwhyz3YNFQ==*DA/x20Xk3v4dAx4Ep9HbvA=="}, {"experience": null, "education": [{"institution": "Universit\u00e0 di Pavia", "degree_details": {"degree_name": "Doctor of Medicine (M.D.)", "field_of_study": "Medicine and Surgery", "dates_attended_or_expected_graduation": "2004 \u2013 2010"}}, {"institution": "Robert H. Smith Faculty of Agriculture, Food and Environment", "degree_details": {"degree_name": "B.Sc.Agri", "field_of_study": "Animal Sciences", "dates_attended_or_expected_graduation": "2000 \u2013 2003"}}], "employee_name": "Z5y0aGdGO0mqEU+5*MbXS+I/6BsIdqXdEgH1VHQ==*xPYwO4iRN+UrAsKKGOVaVw==*uXc1o8BeZjg32vkOPjkbeg=="}, {"experience": [{"company_name": "Zebra Medical Vision Ltd", "dates_employed": "2016\u2013Present", "employment_duration": "6 yrs", "location": null, "title": "UI Developer"}, {"company_name": "Freelance work", "dates_employed": "2002\u2013Present", "employment_duration": "20 yrs", "location": null, "title": "Freelance Web Designer, CSS expert"}, {"company_name": "Jammer", "dates_employed": "Dec 2012\u2013Oct 2015", "employment_duration": "2 yrs 11 mos", "location": "Tel Aviv Area, Israel", "title": "Web and UI developer"}, {"company_name": "TipYou.com", "dates_employed": "2011\u20132012", "employment_duration": "1 yr", "location": null, "title": "UI + Design"}, {"company_name": "Shvoong.com", "dates_employed": "2008\u20132011", "employment_duration": "3 yrs", "location": null, "title": "UI"}], "education": [{"institution": "Holon Institute of Technology", "degree_details": {"degree_name": "BSc. Tech", "field_of_study": "Visual Design", "dates_attended_or_expected_graduation": "1992 \u2013 1997"}}, {"institution": "Tel Aviv University", "degree_details": {"field_of_study": "Mathematics and Computer Science", "dates_attended_or_expected_graduation": "1991 \u2013 1992", "degree_name": null}}], "employee_name": "O+MCMINPwp8bFKgoPDk=*QVZjAgs3r1r3XYT71HQ1Fg==*2aQnu23k1+zvT4FjVEKdvA==*kbbmO1BUUrDHRj+hd4apvQ=="}, {"experience": [{"company_name": "Zebra Medical Vision Ltd", "dates_employed": "Sep 2019\u2013Present", "employment_duration": "2 yrs 9 mos", "location": "Israel", "title": "Junior Automation Engineer"}, {"company_name": "MIGAL Galilee Research Institute", "dates_employed": "Mar 2018\u2013Present", "employment_duration": "4 yrs 3 mos", "location": "Galilee", "title": "Data Analyst"}, {"company_name": "Samsung Electronics", "dates_employed": "Oct 2013\u2013Present", "employment_duration": "8 yrs 8 mos", "location": null, "title": "mobile Sw Engineer"}, {"company_name": "HackerU \u05d4\u05de\u05e8\u05db\u05d6 \u05dc\u05dc\u05d9\u05de\u05d5\u05d3\u05d9 \u05de\u05d7\u05e9\u05d1\u05d9\u05dd \u05d5\u05d4\u05e9\u05de\u05ea \u05e2\u05d5\u05d1\u05d3\u05d9\u05dd \u05d1\u05d4\u05d9\u05d9\u05d8\u05e7", "dates_employed": "2013\u2013Present", "employment_duration": "9 yrs", "location": null, "title": "Student"}], "education": [{"institution": "Tel-Hai College", "degree_details": {"degree_name": "Bachelor of Science - BS", "field_of_study": "Computer Science", "dates_attended_or_expected_graduation": "2016 \u2013 2019"}}, {"institution": "hackeru", "degree_details": {"dates_attended_or_expected_graduation": null, "degree_name": null, "field_of_study": null}}], "employee_name": "80wVgGTtmP20i9c=*5UNyTa5s/scGcU/EkNOt2Q==*7uA4UEYwVhapjd2Q96oUAg==*kTKSQVRKDCp2gfa+pdYPfg=="}, {"experience": null, "education": null, "employee_name": "Nb8NjBTFkQpR1ivR57rp*weDDNSdZ/jNwSSXo+Hlk+g==*ST8HhI74ENwLw1YUXG43dQ==*kiqA0eJpwRmoUv1o753lqg=="}, {"experience": null, "education": null, "employee_name": "2Snfsr3WQBKsHD8Jpnim*cOErkq6YhOYBsqdzoqRCgA==*mVDBmYwZrXNVNQ2xAT9TKQ==*LKSnpg2iimuDAqKosnOjgQ=="}, {"experience": null, "education": null, "employee_name": "R9egLW50VR6V4IqrhfZU*gvAXRgTVxeZb1cdpZJZKvg==*5p+vPmRVPLHdlIE/HHjAMA==*kxgnyoLe+GUuPXGJocG/fQ=="}, {"experience": [{"company_name": "Nanox AI", "dates_employed": "Mar 2020\u2013Present", "employment_duration": "2 yrs 3 mos", "location": "Israel", "title": "Senior Research Engineer"}, {"company_name": "Deep Optics", "dates_employed": "Jul 2019\u2013Mar 2020", "employment_duration": "9 mos", "location": "Petah Tikva Area, Israel", "title": "Senior Software Developer"}, {"company_name": "Citi", "dates_employed": "Jan 2018\u2013Jul 2019", "employment_duration": "1 yr 7 mos", "location": "Tel Aviv Area, Israel", "title": "Data Engineer - Data science team - Scala and Python"}, {"company_name": "Citi", "dates_employed": "Dec 2016\u2013Jan 2018", "employment_duration": "1 yr 2 mos", "location": "Tel Aviv Area, Israel", "title": "Infrastructure Developer - Risk team"}, {"company_name": "Nanox AI", "dates_employed": "Oct 2014\u2013Dec 2016", "employment_duration": "2 yrs 3 mos", "location": "Israel Herzlia", "title": "Software Architect"}], "education": [{"institution": "Amal B Petach Tikva", "degree_details": {"degree_name": "Practical Eng", "field_of_study": "Electronics", "dates_attended_or_expected_graduation": "1990 \u2013 1992"}}], "employee_name": "O01pV6+lN9qR*72GtVRBolamK7TKbG1h1RQ==*2CQ3PPVJwdOccd069pnGQw==*jiM4qpHjlag1+k7NZMxJqQ=="}, {"experience": [{"company_name": "Zebra Medical Vision Ltd", "dates_employed": "Jan 2021\u2013Present", "employment_duration": "1 yr 5 mos", "location": "Berkeley, California, United States", "title": "AI Tech Lead"}, {"company_name": "Zebra Medical Vision Ltd", "dates_employed": "Aug 2018\u2013Jan 2021", "employment_duration": "2 yrs 6 mos", "location": "Berkeley", "title": "AI Research Lead"}, {"company_name": "Zebra Medical Vision Ltd", "dates_employed": "Sep 2016\u2013Aug 2018", "employment_duration": "2 yrs", "location": null, "title": "Machine Learning Researcher"}, {"company_name": "SAP", "dates_employed": "Oct 2014\u2013Sep 2016", "employment_duration": "2 yrs", "location": null, "title": "Software Developer"}, {"company_name": "LeanCiti", "dates_employed": "Feb 2014\u2013Oct 2014", "employment_duration": "9 mos", "location": "Israel", "title": "Software Developer"}], "education": [{"institution": "Tel Aviv University", "degree_details": {"degree_name": "MSc", "field_of_study": "Computer Science", "dates_attended_or_expected_graduation": "2015 \u2013 2017"}}, {"institution": "Tel Aviv University", "degree_details": {"degree_name": "BSc", "field_of_study": "Computer Science", "dates_attended_or_expected_graduation": "2012 \u2013 2015"}}, {"institution": "Tel Aviv University", "degree_details": {"degree_name": "Doctor of Philosophy - PhD", "field_of_study": "Computer Science", "dates_attended_or_expected_graduation": "2020"}}], "employee_name": "C2ZFbPX8fKE=*8z5wmwlb+UgKaxQPihhj5A==*30mOMCF5uZJKIEofhXkXuQ==*cnODLsetlG833901PHJU1A=="}, {"experience": [{"company_name": "Nanox-AI (Zebra Medical Vision Ltd)", "dates_employed": "Dec 2019\u2013Present", "employment_duration": "2 yrs 6 mos", "location": "shfayim", "title": "Senior Automation Engineer"}, {"company_name": "Dell EMC XtremIO", "dates_employed": "Feb 2014\u2013Dec 2019", "employment_duration": "5 yrs 11 mos", "location": "Glil yam israel", "title": "Automation Team leader at Dell EMC XtremIO"}, {"company_name": "NovoGoma", "dates_employed": "Nov 2012\u2013Jan 2014", "employment_duration": "1 yr 3 mos", "location": "Tel Aviv", "title": "QA Team Leader"}, {"company_name": "Orca Interactive", "dates_employed": "Dec 2008\u2013Oct 2012", "employment_duration": "3 yrs 11 mos", "location": null, "title": "Automation Testing Engineer & Testing Team Leader"}, {"company_name": "COMVERSE", "dates_employed": "Jan 2006\u2013Dec 2008", "employment_duration": "3 yrs", "location": null, "title": "Software Testing Engineer"}], "education": [{"institution": "Ha'Universita Ha'Petuha", "degree_details": {"degree_name": "M.B.A", "field_of_study": "Business Administration", "dates_attended_or_expected_graduation": "2006 \u2013 2010"}}, {"institution": "Netanya Academic College", "degree_details": {"degree_name": "B.A", "field_of_study": "computers science", "dates_attended_or_expected_graduation": "1999 \u2013 2001"}}], "employee_name": "5FhFXU5HTetTaBAV*3uOIhAv2HT3QUVg+MoTjjA==*h5bLBcGShhAyjP6JMPlQnw==*y8Uo8cmB0jFgGSqoRpGHbA=="}, {"experience": [{"company_name": "Nanox AI", "dates_employed": "Dec 2021\u2013Present", "employment_duration": "6 mos", "location": "Israel", "title": "Customer Success Manager"}, {"company_name": "Ripples", "dates_employed": "Mar 2020\u2013Dec 2021", "employment_duration": "1 yr 10 mos", "location": "Petah\u0331 Tiqwa, Central, Israel", "title": "Global Key Account Manager"}, {"company_name": "Ripples", "dates_employed": "Aug 2017\u2013Mar 2020", "employment_duration": "2 yrs 8 mos", "location": "Petah Tikva Area, Israel", "title": "Customer Success & Professional services leader"}, {"company_name": "Drink Ripples", "dates_employed": "Aug 2016\u2013Aug 2017", "employment_duration": "1 yr 1 mo", "location": "Petah Tikva Area, Israel", "title": "Customer Success representative"}, {"company_name": "Harel Insurance & Finance", "dates_employed": "Apr 2015\u2013Aug 2016", "employment_duration": "1 yr 5 mos", "location": "Ramat Gan Area, Israel", "title": "Telemarketing Agent"}], "education": [{"institution": "The College of Management Academic Studies", "degree_details": {"degree_name": "Master of Business Administration - MBA", "field_of_study": "Management Information Systems, General", "dates_attended_or_expected_graduation": "2020 \u2013 2022"}}, {"institution": "The College of Management Academic Studies", "degree_details": {"degree_name": "Behavioral sciences", "field_of_study": "Human Resources Management/Personnel Administration, General", "dates_attended_or_expected_graduation": "2015 \u2013 2018"}}, {"institution": "Amos De Shalit", "degree_details": {"degree_name": "High school, Majoring Biology and English .", "dates_attended_or_expected_graduation": "2007 \u2013 2009", "field_of_study": null}}], "employee_name": "i27+f7EjuJA7vyA=*uYC8mE99LdX3t7EFEAoxXA==*kbJVDbCh1ORB2Zs39XMCnw==*rs/vBNfMkxpxrFzmWK7fbA=="}, {"experience": [{"company_name": "Zebra Medical Vision Ltd", "dates_employed": "Jul 2019\u2013Present", "employment_duration": "2 yrs 11 mos", "location": "Israel", "title": "Senior Research Engineer"}, {"company_name": "FDNA", "dates_employed": "Oct 2017\u2013Jul 2019", "employment_duration": "1 yr 10 mos", "location": null, "title": "Backend Tech Lead"}, {"company_name": "FDNA", "dates_employed": "Feb 2015\u2013Oct 2017", "employment_duration": "2 yrs 9 mos", "location": "Israel", "title": "Full Stack software engineer"}, {"company_name": "Intel Corporation", "dates_employed": "Jul 2012\u2013Feb 2015", "employment_duration": "2 yrs 8 mos", "location": "Israel", "title": "Software Engineer"}, {"company_name": "Intel Corporation", "dates_employed": "Oct 2008\u2013Jul 2012", "employment_duration": "3 yrs 10 mos", "location": null, "title": "Automation Engineer"}], "education": [{"institution": "Ben-Gurion University of the Negev", "degree_details": {"degree_name": "Master of Science - M.Sc", "field_of_study": "Software and Information Systems Engineering", "dates_attended_or_expected_graduation": "2019 \u2013 2022"}}, {"institution": "Ben-Gurion University of the Negev", "degree_details": {"degree_name": "Bachelor of Science (B.Sc.)", "field_of_study": "Information system Engineering", "dates_attended_or_expected_graduation": "2006 \u2013 2010"}}], "employee_name": "QUGV5JkYE2GH*LxT9hn386yX3AZl7avUy4g==*uYrz5KSxeuZDZVcrvlw9Uw==*7VNKj834h1Vp0Xg7M6wz0g=="}, {"experience": [{"company_name": "Hyperfine", "dates_employed": "Jan 2021\u2013Present", "employment_duration": "1 yr 5 mos", "location": "Guilford, Connecticut, United States", "title": "Senior Medical Director"}, {"company_name": "RadScholars", "dates_employed": "Feb 2021\u2013Present", "employment_duration": "1 yr 4 mos", "location": null, "title": "Consultant"}, {"company_name": "IAG, IMAGE ANALYSIS GROUP", "dates_employed": "Nov 2020\u2013Present", "employment_duration": "1 yr 7 mos", "location": "United States", "title": "Consultant Neuroradiology"}, {"company_name": "Zebra Medical Vision Ltd", "dates_employed": "Nov 2020\u2013Present", "employment_duration": "1 yr 7 mos", "location": null, "title": "Consultant - Neuroradiology"}, {"company_name": "BrainKey", "dates_employed": "Oct 2020\u2013Present", "employment_duration": "1 yr 8 mos", "location": null, "title": "Medical Advisor Neuroradiology"}], "education": [{"institution": "SUNY Downstate School of Medicine", "degree_details": {"degree_name": "MD", "field_of_study": "Medicine", "dates_attended_or_expected_graduation": "1982 \u2013 1986"}}, {"institution": "Emory University", "degree_details": {"degree_name": "BS", "field_of_study": "Biology", "dates_attended_or_expected_graduation": "1976 \u2013 1980"}}], "employee_name": "sFVeAqk9kbjVL7IZXk52Ow==*OoDzl4HFmrzfgVHYf3sgZw==*W/bS0OJwbYoNi+M7chUemw==*AEGmOkOE7alqFA62hIEY7w=="}, {"experience": [{"company_name": "Zebra Medical Vision Ltd", "dates_employed": "Sep 2015\u2013Present", "employment_duration": "6 yrs 9 mos", "location": null, "title": "VP R&D"}], "education": [{"institution": "Field Of Study", "degree_details": {"health_care_technological_innovation": null, "dates_attended_or_expected_graduation": "2015", "degree_name": null, "field_of_study": null}}], "employee_name": "bC4mdDFkY6QG*06pLq1rQBvV74RciQcG0HQ==*gbCAF1AczWub/nHxs9VBHA==*Igs9l3fvOz+hwCSx6qc94w=="}, {"experience": [{"company_name": "Nanox AI", "dates_employed": "Nov 2021\u2013Present", "employment_duration": "7 mos", "location": "Israel", "title": "Data Team Lead"}, {"company_name": "CropX Technologies LTD", "dates_employed": "May 2021\u2013Nov 2021", "employment_duration": "7 mos", "location": "Israel", "title": "Sr Backend Developer"}, {"company_name": "elminda", "dates_employed": "Feb 2020\u2013May 2021", "employment_duration": "1 yr 4 mos", "location": "Herzliyya, Tel Aviv, Israel", "title": "Tech lead, Data platform"}, {"company_name": "Cyber Security (Discloused)", "dates_employed": "Oct 2015\u2013Feb 2020", "employment_duration": "4 yrs 5 mos", "location": "Israel", "title": "Big Data analyst, Developer"}, {"company_name": "OMNITelecom", "dates_employed": "Sep 2014\u2013Oct 2015", "employment_duration": "1 yr 2 mos", "location": "Israel", "title": "Head of IT, NOC and DevOps"}], "education": [{"institution": "The Hebrew University of Jerusalem", "degree_details": {"degree_name": "B.Sc.", "field_of_study": "Physics & Mathematics", "dates_attended_or_expected_graduation": "2005 \u2013 2010"}}, {"institution": "Shay Agnoon", "degree_details": {"degree_name": "School Graduate", "field_of_study": "IT, Computers, Physics, Math, English", "dates_attended_or_expected_graduation": "1999 \u2013 2005"}}], "employee_name": "/Md6leemKg==*6wAR5pstAZkioMx6GPIJYQ==*m/DXasNVG583KFbFSseC7Q==*ggnllJeqlBu7QubeMRnq6g=="}, {"experience": [{"company_name": "The X Ray Group", "dates_employed": "Jan 2019\u2013Present", "employment_duration": "3 yrs 5 mos", "location": "Albury, Australia", "title": "Consultant Radiologist"}, {"company_name": "Novocure GmbH", "dates_employed": "Mar 2016\u2013Present", "employment_duration": "6 yrs 3 mos", "location": null, "title": "Consulting Radiologist"}, {"company_name": "Zebra Medical Vision Ltd", "dates_employed": "Dec 2015\u2013Present", "employment_duration": "6 yrs 6 mos", "location": null, "title": "Consulting Radiologist"}, {"company_name": "Thomas Jefferson University Hospitals", "dates_employed": "Jul 2017\u2013Jun 2018", "employment_duration": "1 yr", "location": "Greater Philadelphia Area", "title": "Body MRI Fellow"}, {"company_name": "Sheba - Tel Ha SHomer Hospital", "dates_employed": "May 2011\u2013May 2017", "employment_duration": "6 yrs 1 mo", "location": "Ramat-Gan", "title": "Board Certified Radiologist"}], "education": [{"institution": "Thomas Jefferson University Hospitals", "degree_details": {"field_of_study": "Body MRI fellowship", "dates_attended_or_expected_graduation": "2018 \u2013 2019", "degree_name": null}}, {"institution": "Tel Aviv University", "degree_details": {"degree_name": "M.D.", "field_of_study": "Medicine", "dates_attended_or_expected_graduation": "2001 \u2013 2008"}}], "employee_name": "iYqaS5IQzPXCQiR9gwXhri38KE0NQbDx*MWL7WTNCXjWaFUoTGMZttQ==*/UiSLvXG+sLSj0dudQqyTg==*d9WGnwn8ahWDQcu0PthpNg=="}, {"experience": [{"company_name": "Zebra Medical Vision Ltd", "dates_employed": "2019\u2013Present", "employment_duration": "3 yrs", "location": null, "title": "Senior Consultant"}, {"company_name": "Hannover Medical Management", "dates_employed": "Jun 2019\u2013Present", "employment_duration": "3 yrs", "location": "India", "title": "Executive Coach and Mentor"}, {"company_name": "Hannover Medical Management", "dates_employed": "2019\u2013Present", "employment_duration": "3 yrs", "location": "Germany", "title": "Co-Founder & CSO"}, {"company_name": "Imara Mediplus Hospital", "dates_employed": "2019\u2013Present", "employment_duration": "3 yrs", "location": null, "title": "Coach to the MD & Board"}, {"company_name": "Dolma Impact Fund", "dates_employed": "2019\u2013Jun 2021", "employment_duration": "2 yrs", "location": null, "title": "Senior Advisor"}], "education": [{"institution": "Faculty of Management Studies - University of Delhi", "degree_details": {"degree_name": "M.B.A", "field_of_study": "Marketing", "dates_attended_or_expected_graduation": "1993 \u2013 1995"}}, {"institution": "Pursuing Ph.D (Navigating the Cancer Journey and Management)", "degree_details": {"degree_name": "Doctor of Philosophy (Ph.D.)", "field_of_study": "Navigating the Cancer Journey and Management", "dates_attended_or_expected_graduation": "2015 \u2013 2018"}}, {"institution": "Malaviya National Institute of Technology Jaipur", "degree_details": {"degree_name": "B.E (Hons)", "field_of_study": "Chemical Engineering", "dates_attended_or_expected_graduation": "1988 \u2013 1992"}}], "employee_name": "DW4BljOl8go0llVBlpuYdA==*Q4zWshDr+Ue/KM5p/HAi8w==*VnzsQqHNZw4+FZ5cgKnShg==*kL+47TOyyNSSxg9fUicSog=="}, {"experience": [{"company_name": "Nanox AI", "dates_employed": "Apr 2022\u2013Present", "employment_duration": "2 mos", "location": null, "title": "Head of Delivery"}, {"company_name": "Zebra Medical Vision Ltd", "dates_employed": "Jul 2020\u2013Mar 2022", "employment_duration": "1 yr 9 mos", "location": null, "title": "Senior Delivery Engineer"}, {"company_name": "Synamedia", "dates_employed": "2018\u2013Dec 2019", "employment_duration": "1 yr", "location": null, "title": "Team Leader Full Stack"}, {"company_name": "Cisco", "dates_employed": "Apr 2015\u20132018", "employment_duration": "3 yrs", "location": null, "title": "Team Leader Project Manager Z-TV"}, {"company_name": "Cisco", "dates_employed": "Aug 2013\u20132015", "employment_duration": "2 yrs", "location": null, "title": "Team Leader DevOps"}], "education": [{"institution": "Lev Academic Center (JCT) (Jerusalem College of Technology )", "degree_details": {"degree_name": "Bachelor of Science - BS", "field_of_study": "Computer Science", "dates_attended_or_expected_graduation": "1996 \u2013 1999"}}], "employee_name": "4P7zlnn9SYqhig==*Fyqo2OvVPR7kYmnex2WYnw==*oKOlSGqSgYflrddbHuQG5g==*RuuDwjd8cBBVqf6arH70hQ=="}, {"experience": [{"company_name": "LG Technology Ventures", "dates_employed": "Nov 2018\u2013Present", "employment_duration": "3 yrs 7 mos", "location": "San Francisco Bay Area", "title": "Managing Director"}, {"company_name": "The Sandbox", "dates_employed": "Nov 2021\u2013Present", "employment_duration": "7 mos", "location": null, "title": "Investor"}, {"company_name": "Claroty", "dates_employed": "Jun 2021\u2013Present", "employment_duration": "1 yr", "location": "Tel Aviv, Israel", "title": "Investor and Board member"}, {"company_name": "Wave", "dates_employed": "Apr 2021\u2013Present", "employment_duration": "1 yr 2 mos", "location": "Los Angeles Metropolitan Area", "title": "Investor"}, {"company_name": "CerebrumX", "dates_employed": "Mar 2021\u2013Present", "employment_duration": "1 yr 3 mos", "location": "Princeton, New Jersey, United States", "title": "Investor and Board member"}], "education": [{"institution": "The Tuck School of Business at Dartmouth", "degree_details": {"degree_name": "Master of Business Administration (M.B.A.)", "dates_attended_or_expected_graduation": "2009 \u2013 2011", "field_of_study": null}}, {"institution": "Dartmouth College", "degree_details": {"degree_name": "Master of Business Administration - MBA", "dates_attended_or_expected_graduation": "2009 \u2013 2011", "field_of_study": null}}, {"institution": "University of Arizona", "degree_details": {"field_of_study": "Computer & Management Information Systems", "dates_attended_or_expected_graduation": "1998 \u2013 2001", "degree_name": null}}], "employee_name": "EL8qPI1AoBMzIaOcXpo=*jPQji8BPqGl0zSk6D7rskQ==*ViSan9OgK2MUYE9dWLrlFQ==*evDjgHlF1BH6n3vF/UvRKw=="}, {"experience": [{"company_name": "Zebra Medical Vision Ltd", "dates_employed": "Jan 2021\u2013Present", "employment_duration": "1 yr 5 mos", "location": null, "title": "Scientific Chair"}, {"company_name": "Davidoff Cancer Center, Rabin medical center", "dates_employed": "Dec 2014\u2013Jan 2021", "employment_duration": "6 yrs 2 mos", "location": "Petah\u0331 Tiqwa, Central, Israel", "title": "Director, Clinic Interventional Oncology"}, {"company_name": "Rabin Medical Center", "dates_employed": "Jan 2014\u2013Jan 2021", "employment_duration": "7 yrs 1 mo", "location": "Israel", "title": "Interventional Radiologist"}, {"company_name": "Zebra Medical Vision Ltd", "dates_employed": "Jan 2014\u2013Jan 2021", "employment_duration": "7 yrs 1 mo", "location": "israel", "title": "Chief Medical Officer"}, {"company_name": "Memorial Sloan-Kettering Cancer Center", "dates_employed": "Jul 2011\u2013Jun 2012", "employment_duration": "1 yr", "location": null, "title": "Interventional Radiology Fellow"}], "education": [{"institution": "Tufts University School of Medicine", "degree_details": {"degree_name": "MD", "dates_attended_or_expected_graduation": "2000 \u2013 2006", "field_of_study": null}}], "employee_name": "IYf2s/otU2eI/k08TcY=*PPEj6bGnyDR1myF1JiSxfg==*8tU533Ki+6vQK533fhiyUQ==*8Kmk6BZfxFzE6LlyNkvDTA=="}, {"experience": [{"company_name": "Tel Aviv Sourasky Medical Center", "dates_employed": "Jan 2022\u2013Present", "employment_duration": "5 mos", "location": "Tel Aviv, Israel", "title": "Interventional Radiology Fellow"}, {"company_name": "Assuta Hospital Ramat HaHayal", "dates_employed": "Jan 2022\u2013Present", "employment_duration": "5 mos", "location": "Tel Aviv, Israel", "title": "Radiologist"}, {"company_name": "Zebra Medical Vision Ltd", "dates_employed": "Apr 2020\u2013Present", "employment_duration": "2 yrs 2 mos", "location": null, "title": "Medical Consultant"}, {"company_name": "Terem", "dates_employed": "Aug 2021\u2013Jan 2022", "employment_duration": "6 mos", "location": "Tel Aviv, Israel", "title": "Diagnostic Radiologist"}, {"company_name": "Clalit Health Services", "dates_employed": "Jul 2014\u2013May 2021", "employment_duration": "6 yrs 11 mos", "location": null, "title": "Medical Doctor, Radiology Resident"}], "education": [{"institution": "Semmelweis University", "degree_details": {"degree_name": "MD", "field_of_study": "Medicine", "dates_attended_or_expected_graduation": "2003 \u2013 2009"}}], "employee_name": "Nj7OVYuQQbF8ZmUG*JqNMgW80yWSbikhVN7mTgg==*9gPR2+6k0viwgIwMRKmZ7w==*lScy2xHV1iWiKH90WMSTDQ=="}, {"experience": [{"company_name": "Nanox AI", "dates_employed": "Oct 2021\u2013Present", "employment_duration": "8 mos", "location": "Israel", "title": "Research Engineer"}, {"company_name": "Israeli Military Intelligence", "dates_employed": "Nov 2015\u2013Mar 2017", "employment_duration": "1 yr 5 mos", "location": null, "title": "SW Development Course - Commanding Officer"}, {"company_name": "Israeli Military Intelligence", "dates_employed": "Feb 2013\u2013Nov 2015", "employment_duration": "2 yrs 10 mos", "location": null, "title": "Software Developer"}], "education": [{"institution": "Tel Aviv University", "degree_details": {"degree_name": "Bachelor of Science - B.Sc.", "field_of_study": "Electrical Engineering & Computer Science", "dates_attended_or_expected_graduation": "2017 \u2013 2021"}}], "employee_name": "9hv+LRuLnByIxg0bDQ==*c8VM0bpp5bvrFdTusnfEng==*jpEzFwv02a4M5UTpvf4INw==*LPoO5PuzdZDEHp9G4S4peg=="}, {"experience": [{"company_name": "Nanox AI", "dates_employed": "May 2022\u2013Present", "employment_duration": "1 mo", "location": null, "title": "Backend Developer"}, {"company_name": "Octopus.Health", "dates_employed": "Mar 2021\u2013Apr 2022", "employment_duration": "1 yr 2 mos", "location": null, "title": "Software Developer"}, {"company_name": "Israeli Military Intelligence", "dates_employed": "Mar 2018\u2013Mar 2021", "employment_duration": "3 yrs 1 mo", "location": "Unit 81", "title": "Information Technology Administrator"}], "education": [{"institution": "The Open University of Israel", "degree_details": {"degree_name": "Bachelor of Science - BS", "field_of_study": "Computer Science", "dates_attended_or_expected_graduation": "2014 \u2013 2018"}}], "employee_name": "iFim9QppxQrP5wPc2NA=*/hel1vQpwHQ2CclpOrs7Ew==*iwK7vJHAf1t7COf2ZKPpCA==*MazP1So0PIVD/ZYrvAEc7A=="}, {"experience": [{"company_name": "I.D.F.", "dates_employed": null, "employment_duration": null, "location": null, "title": "C.T.O."}, {"company_name": "Zebra Medical Vision Ltd", "dates_employed": "Nov 2015\u2013Present", "employment_duration": "6 yrs 7 mos", "location": null, "title": "Software Architect"}], "education": null, "employee_name": "pyblqsggmOJHuOh8Byj6foXn*7EMpAc4Co9HbRwG4CA4QIw==*XEunBGkXbrebm7KxYxnMOA==*T2kUT8b1Mo6YwDiOeFGw3A=="}, {"experience": [{"company_name": "Zebra Medical Vision Ltd", "dates_employed": "Aug 2017\u2013Present", "employment_duration": "4 yrs 10 mos", "location": null, "title": "Machine Learning Researcher"}, {"company_name": "BrightWay Vision Ltd.", "dates_employed": "Jan 2016\u2013Aug 2017", "employment_duration": "1 yr 8 mos", "location": null, "title": "Algorithm Developer"}, {"company_name": "Rafael Advanced Defense Systems", "dates_employed": "Dec 2012\u2013Jan 2016", "employment_duration": "3 yrs 2 mos", "location": "Israel", "title": "Physicist"}], "education": [{"institution": "Technion - Israel Institute of Technology", "degree_details": {"degree_name": "Master's degree", "field_of_study": "Physics", "dates_attended_or_expected_graduation": "2009 \u2013 2012"}}, {"institution": "Technion - Israel Institute of Technology", "degree_details": {"degree_name": "Bachelor of Science - BS", "field_of_study": "Physics", "dates_attended_or_expected_graduation": "2005 \u2013 2009"}}], "employee_name": "DFdg9Q4ha9ej*oxpBLyThyOh67/nrpJSkkg==*8wqiTtYhUbKCG7JkoWgO7g==*8cYbTM4Nxy323nRaC0otDg=="}, {"experience": [{"company_name": "Zebra Medical Vision Ltd", "dates_employed": "Jul 2020\u2013Present", "employment_duration": "1 yr 11 mos", "location": null, "title": "Software Engineer"}, {"company_name": "IAF - Israeli Air Force", "dates_employed": "Dec 2017\u2013Nov 2019", "employment_duration": "2 yrs", "location": null, "title": "Software Architect"}, {"company_name": "IAF - Israeli Air Force", "dates_employed": "Aug 2016\u2013Dec 2017", "employment_duration": "1 yr 5 mos", "location": null, "title": "Software Development Team Lead"}, {"company_name": "Israeli Air Force", "dates_employed": "Sep 2013\u2013Aug 2016", "employment_duration": "3 yrs", "location": null, "title": "Software Engineer"}], "education": [{"institution": "The College of Management Academic Studies", "degree_details": {"degree_name": "Bachelor of Science (B.Sc.)", "field_of_study": "Computer Science", "dates_attended_or_expected_graduation": "2014 \u2013 2017"}}], "employee_name": "Oa/agda1oVC29D3W*jhDXFQAtZdSD7C89uRoafQ==*C3Zal6kPHICweamfOVdU7w==*fJc5oWgCKGDfumtjds9JBw=="}, {"experience": [{"company_name": "Zebra Medical Vision Ltd", "dates_employed": "Jan 2019\u2013Present", "employment_duration": "3 yrs 5 mos", "location": "Tel Aviv, Israel", "title": "Freelance Medical Data Consultant"}, {"company_name": "Ekkosec", "dates_employed": "Nov 2016\u2013Jan 2019", "employment_duration": "2 yrs 3 mos", "location": "Tel Aviv Area, Israel", "title": "Cyber Security Researcher"}, {"company_name": "Black Cube", "dates_employed": "Nov 2014\u2013Mar 2016", "employment_duration": "1 yr 5 mos", "location": "Tel Aviv, Israel", "title": "Business Intelligence Analyst"}, {"company_name": "Israeli Intelligence Service", "dates_employed": "Apr 2011\u2013Nov 2014", "employment_duration": "3 yrs 8 mos", "location": "Givataym, Israel", "title": "Team leader and project manager"}, {"company_name": "Israeli Intelligence Service", "dates_employed": "Jun 2009\u2013Apr 2011", "employment_duration": "1 yr 11 mos", "location": "Givataym, Israel", "title": "Analyst"}], "education": [{"institution": "Tel Aviv University", "degree_details": {"degree_name": "Doctor of Medicine - MD", "field_of_study": "Medicine", "dates_attended_or_expected_graduation": "2015 \u2013 2022"}}], "employee_name": "yPG/FbA19SU6*p+/hoH1EYb98UZGiR+ryOQ==*39jOUTBOVw+YGb4mfNc3WA==*A/2/E7gUcxGSS6MWt7co1Q=="}, {"experience": [{"company_name": "Nanox AI", "dates_employed": "Apr 2022\u2013Present", "employment_duration": "2 mos", "location": "Shefaim, Central, Israel", "title": "Senior QA Engineer"}, {"company_name": "Octopus.Health", "dates_employed": "Nov 2020\u2013Apr 2022", "employment_duration": "1 yr 6 mos", "location": "Ra'ananna, Central, Israel", "title": "Senior QA Engineer"}, {"company_name": "Infibond", "dates_employed": "Aug 2019\u2013Apr 2020", "employment_duration": "9 mos", "location": "Tel Aviv Area, Israel", "title": "QA Specialist"}, {"company_name": "Centerity Systems, Inc.", "dates_employed": "Jul 2018\u2013Jul 2019", "employment_duration": "1 yr 1 mo", "location": "Raanana", "title": "Senior QA Engineer"}, {"company_name": "Qognify", "dates_employed": "Jul 2016\u2013Jun 2018", "employment_duration": "2 yrs", "location": "Raanana", "title": "Scrum QA Specialist"}], "education": null, "employee_name": "fQPRM7XP900CehlY*TX2GxyUXYgVpYIVDMoD8Ng==*HEKyAJKnn1G1yeNc5WdwBw==*Qn4Bs8/2sQGmPNMZNCrN9g=="}, {"experience": null, "education": null, "employee_name": "97OHco5HML3ynrqd0FBh*QUDa8KII/3FyLiJrV2c6aA==*5Y0YBWx2nuERy7y2Uw5aqg==*aWXlAQrEHesuXJuv/9egjg=="}, {"experience": [{"company_name": "Zebra Medical Vision Ltd", "dates_employed": "Mar 2020\u2013Present", "employment_duration": "2 yrs 3 mos", "location": null, "title": "Senior Full Stack Engineer"}, {"company_name": "LivePerson", "dates_employed": "Jun 2013\u20132019", "employment_duration": "6 yrs", "location": "Israel", "title": "Full-stack Developer"}, {"company_name": "Ituran", "dates_employed": "Feb 2008\u2013Mar 2012", "employment_duration": "4 yrs 2 mos", "location": null, "title": "Real time system support"}], "education": [{"institution": "Holon Institute of Technology", "degree_details": {"degree_name": "B.Sc", "field_of_study": "Electrical engineering", "dates_attended_or_expected_graduation": "2007 \u2013 2011"}}], "employee_name": "5SEab1/6qZRNAMoZ4w==*9N0K2v1oXljFc7+MD4KfvQ==*6bGaRY9+xJ5SLjz6ClUnGw==*o2/dtKd1gJO7+mcyUzx39g=="}, {"experience": [{"company_name": "Vimeo", "dates_employed": "Mar 2022\u2013Present", "employment_duration": "3 mos", "location": null, "title": "Researcher"}, {"company_name": "Zebra Medical Vision Ltd", "dates_employed": "Nov 2019\u2013Present", "employment_duration": "2 yrs 7 mos", "location": null, "title": "Algorithm resercher"}, {"company_name": "Elbit Systems Ltd", "dates_employed": "Jun 2017\u2013Nov 2019", "employment_duration": "2 yrs 6 mos", "location": "Haifa Area, Israel", "title": "computer vision and image processing algorithm developer"}, {"company_name": "Elbit Systems Ltd", "dates_employed": "May 2017\u2013Nov 2019", "employment_duration": "2 yrs 7 mos", "location": null, "title": "Algorithm Developer"}, {"company_name": "Israeli Air Force", "dates_employed": "Aug 2010\u2013Nov 2016", "employment_duration": "6 yrs 4 mos", "location": null, "title": "Project Manager"}], "education": [{"institution": "Technion - Israel Institute of Technology", "degree_details": {"degree_name": "Master of Science (MSc)", "field_of_study": "Electrical, Electronics and Communications Engineering", "dates_attended_or_expected_graduation": "2016"}}, {"institution": "Technion - Israel Institute of Technology", "degree_details": {"degree_name": "Bachelor of Science (B.Sc.)", "field_of_study": "Electrical and Electronics Engineering", "dates_attended_or_expected_graduation": "2006 \u2013 2010"}}], "employee_name": "BLMkmnqPy8OosGl7IQ==*aAXvTMFXJMDApR2ksK4G7Q==*ZlXdZU5xkBTUKyv6UzV+Bw==*n/P3SHp14FcIWaUsqzVIog=="}, {"experience": [{"company_name": "Nanox AI", "dates_employed": "Feb 2022\u2013Present", "employment_duration": "4 mos", "location": "Israel", "title": "UI UX Product Designer"}, {"company_name": "Clalit Health Services", "dates_employed": "Jan 2019\u2013Feb 2022", "employment_duration": "3 yrs 2 mos", "location": "Tel Aviv Area, Israel", "title": "UI UX Product Designer"}, {"company_name": "My Vinchi - Virtual Interior Designer System - Start up.", "dates_employed": "Jan 2018\u2013Dec 2018", "employment_duration": "12 mos", "location": "Tel Aviv Area, Israel", "title": "UI UX Designer"}, {"company_name": "Global Brands Group (Member of Fung Group)", "dates_employed": "Sep 2005\u2013Dec 2017", "employment_duration": "12 yrs 4 mos", "location": "Herzliya Area, Israel", "title": "Senior Graphic Designer"}], "education": [{"institution": "6b Studio", "degree_details": {"field_of_study": "Web Page, Digital/Multimedia and Information Resources Design", "dates_attended_or_expected_graduation": "2017 \u2013 2017", "degree_name": null}}, {"institution": "University of Buenos Aires", "degree_details": {"field_of_study": "Graphic Design", "dates_attended_or_expected_graduation": "1993 \u2013 1998", "degree_name": null}}], "employee_name": "A2ibdz246VW/uXMvC7NB*6BlK4krfNZffHKDwiknibA==*Ew9a3u951zUGwehx4pXfYQ==*1cAys/tYPS6fYgYiJEDcbg=="}]