[{"experience": [{"company_name": "ROSS Intelligence", "dates_employed": "Mar 2020\u2013Present", "employment_duration": "2 yrs 3 mos", "location": "Canada", "title": "Data/ML Engineer"}, {"company_name": "Amazon", "dates_employed": "Sep 2019\u2013Dec 2019", "employment_duration": "4 mos", "location": "Canada", "title": "Data Scientist"}, {"company_name": "Ubilab, University of Waterloo", "dates_employed": "May 2019\u2013Aug 2019", "employment_duration": "4 mos", "location": "Waterloo, Ontario", "title": "Data Developer"}, {"company_name": "Scotiabank", "dates_employed": "Jan 2019\u2013Apr 2019", "employment_duration": "4 mos", "location": "Canada", "title": "Data Scientist"}, {"company_name": "Deloitte", "dates_employed": "Sep 2018\u2013Dec 2018", "employment_duration": "4 mos", "location": "Canada", "title": "Data Scientist"}], "education": [{"institution": "University of Waterloo", "degree_details": {"degree_name": "Master of Mathematics", "field_of_study": "Computer Science (Data Science Specialisation)", "dates_attended_or_expected_graduation": "2017 \u2013 2019"}}, {"institution": "Thapar Institute of Engineering & Technology", "degree_details": {"degree_name": "Bachelor of Engineering (B.E.)", "field_of_study": "Computer Science", "dates_attended_or_expected_graduation": "2011 \u2013 2015"}}, {"institution": "Montgomery Guru Nanak Public School", "degree_details": {"degree_name": "Class 12 , PCM , 97%", "dates_attended_or_expected_graduation": "2009 \u2013 2011", "field_of_study": null}}], "employee_name": "L64B9OdrBn95MCx/zXb/e/U=*c699KrdagJSDKUNkOA8QhA==*RrNTW9BNwpB4kcXhA1G9OA==*h5qQf0qFDWIoQnbr84OPXQ=="}, {"experience": [{"company_name": "Flexpa", "dates_employed": "Jan 2021\u2013Present", "employment_duration": "1 yr 5 mos", "location": null, "title": "Chief Executive Officer & Co-founder"}, {"company_name": "Duke Center on Law & Tech", "dates_employed": "Mar 2019\u2013Present", "employment_duration": "3 yrs 3 mos", "location": "Raleigh-Durham, North Carolina Area", "title": "Member Of The Board Of Advisors"}, {"company_name": "(IAALS) Institute for the Advancement of the American Legal System", "dates_employed": "Feb 2019\u2013Present", "employment_duration": "3 yrs 4 mos", "location": "Greater Denver Area", "title": "Member Of The Board Of Advisors"}, {"company_name": "C100", "dates_employed": "Apr 2022\u2013Present", "employment_duration": "2 mos", "location": null, "title": "Member"}, {"company_name": "Legal Innovation Zone", "dates_employed": "Mar 2021\u2013Present", "employment_duration": "1 yr 3 mos", "location": "Toronto, Ontario, Canada", "title": "Special Advisor"}], "education": [{"institution": "Y Combinator", "degree_details": {"dates_attended_or_expected_graduation": null, "degree_name": null, "field_of_study": null}}, {"institution": "University of Saskatchewan", "degree_details": {"degree_name": "Juris Doctor (J.D.)", "dates_attended_or_expected_graduation": null, "field_of_study": null}}, {"institution": "University of Toronto - University of Trinity College", "degree_details": {"dates_attended_or_expected_graduation": null, "degree_name": null, "field_of_study": null}}], "employee_name": "NQ9Dq4iJN1rVsnJVuw==*idDfbCLkKkEPkO4LG9Jn6A==*yWMBlqtvPrtFL5leqIq89g==*DEE08UzRqvkfU1dc5hy+yA=="}, {"experience": [{"company_name": "Coinbase", "dates_employed": "Mar 2021\u2013Present", "employment_duration": "1 yr 3 mos", "location": null, "title": "Product Manager"}, {"company_name": "ROSS Intelligence", "dates_employed": "Jan 2021\u2013Present", "employment_duration": "1 yr 5 mos", "location": null, "title": "Board Director"}, {"company_name": "ROSS Intelligence", "dates_employed": "Sep 2014\u2013Dec 2020", "employment_duration": "6 yrs 4 mos", "location": "San Francisco Bay Area", "title": "CTO/Co-founder"}], "education": [{"institution": "Y Combinator", "degree_details": {"field_of_study": "Technology Entrepreneurship", "dates_attended_or_expected_graduation": null, "degree_name": null}}, {"institution": "University of Toronto", "degree_details": {"field_of_study": "Computer Science", "dates_attended_or_expected_graduation": null, "degree_name": null}}, {"institution": "The University of Texas at Austin", "degree_details": {"field_of_study": "Computer Science", "dates_attended_or_expected_graduation": null, "degree_name": null}}], "employee_name": "NNviGgjA1k8dYImh9MkMesxw*6vTcmPUguNtg9Z7U+c7zjA==*KsOwzW9Z+qYsqxN+kRBoXA==*2oOKUfqvjzv7/wiiYOWO+Q=="}, {"experience": null, "education": null, "employee_name": "XRH+ZoCHiTbzY+YbuLOk*fhSdvCUGnNhXLy6yJd9nUA==*uexaYaNIYStGeTkNAdAZog==*F3cP2wnlV9iNRt2+WHWtzA=="}]