[{"experience": [{"company_name": "Element AI", "employment_duration": "6 yrs", "titles": ["Co-Founder, Chief Administrative Officer", "Co-Founder, SVP Operations"], "dates_employed": ["Apr 2020\u2013Present 2 yrs 3 mos", "Jul 2016\u2013Apr 2020 3 yrs 10 mos"]}, {"company_name": "Genie Audio", "dates_employed": "Jan 2009\u2013Apr 2015 6 yrs 4 mos", "location": "Montreal, Canada Area", "employment_duration": null, "title": "Co-Owner & Executive, Operations"}, {"company_name": "May & Stephens", "dates_employed": "Dec 2003\u2013Sep 2006 2 yrs 10 mos", "location": "London, United Kingdom", "employment_duration": null, "title": "HR"}], "education": [{"institution": "Institute of Corporate Directors", "degree_details": {"degree_name": "ICD.D Certification", "field_of_study": "Corporate Governance", "dates_attended_or_expected_graduation": "2022"}}, {"institution": "Northwestern University - Kellogg School of Management", "degree_details": {"degree_name": "Master of Business Administration - MBA", "dates_attended_or_expected_graduation": "2019", "field_of_study": null}}, {"institution": "Massachusetts Institute of Technology", "degree_details": {"field_of_study": "Crisis Management & Business Continuity", "dates_attended_or_expected_graduation": "2017", "degree_name": null}}], "employee_name": "vcpZV3ikFnOwySrK/Gjq9k7FDLXcuKc=*eLftfYfSEcLTq0IDrMGrOQ==*YK5k+e9ZpCtFSU5PXZjkPA==*Uydjy8LKdeh+0aYUH4kevg=="}, {"experience": [{"company_name": "ServiceNow", "dates_employed": "Jan 2021\u2013Present 1 yr 6 mos", "location": "Montreal, Quebec, Canada", "employment_duration": null, "title": "Head of AI product management and strategy"}, {"company_name": "Element AI", "dates_employed": "Jul 2016\u2013Present 6 yrs", "location": "Montreal, Canada Area", "employment_duration": null, "title": "Founder and CEO"}, {"company_name": "Calcul Qu\u00e9bec", "dates_employed": "Oct 2017\u2013Present 4 yrs 9 mos", "location": "Montreal, Canada Area", "employment_duration": null, "title": "Board Member"}, {"company_name": "FounderFuel", "dates_employed": "Jan 2011\u2013Present 11 yrs 6 mos", "location": null, "employment_duration": null, "title": "Mentor"}, {"company_name": "Real Ventures", "dates_employed": "Oct 2015\u2013Jul 2016 10 mos", "location": "Montreal, Canada Area", "employment_duration": null, "title": "Entrepreneur in Residence"}], "education": null, "employee_name": "t7XvRBJEnYa5Z+KTqhpiiwYxYuDg*p0OV73IEvaagl3cfn68ltA==*BiLehCFDGCdlsF7KzF4VdA==*XsQQ5mmI6rUShZ/21MwHvg=="}, {"experience": [{"company_name": "ServiceNow Research", "dates_employed": "Feb 2021\u2013Present 1 yr 5 mos", "location": "Montreal, Quebec, Canada", "employment_duration": null, "title": "Staff Research Scientist"}, {"company_name": "ServiceNow", "dates_employed": "Jan 2021\u2013Present 1 yr 6 mos", "location": "Montreal, Quebec, Canada", "employment_duration": null, "title": "Senior Research Scientist"}, {"company_name": "Element AI", "dates_employed": "Feb 2017\u2013Jan 2021 4 yrs", "location": "Montreal, Canada Area", "employment_duration": null, "title": "Senior Research Scientist"}, {"company_name": "Google", "dates_employed": "Oct 2014\u2013Feb 2017 2 yrs 5 mos", "location": "Mountain View", "employment_duration": null, "title": "Software Engineer"}, {"company_name": "Universit\u00e9 Laval", "dates_employed": "2008\u2013Aug 2014 6 yrs", "location": null, "employment_duration": null, "title": "Ph.D. student"}], "education": [{"institution": "University of Montreal", "degree_details": {"degree_name": "M.Sc", "field_of_study": "Computer Science", "dates_attended_or_expected_graduation": null}}, {"institution": "Laval University", "degree_details": {"degree_name": "Ph.D", "field_of_study": "Computer Science", "dates_attended_or_expected_graduation": "2008 \u2013 2014"}}, {"institution": "Universit\u00e9 Laval", "degree_details": {"degree_name": "PhD", "field_of_study": "computer science", "dates_attended_or_expected_graduation": "2008 \u2013 2012"}}], "employee_name": "LhQGYGBhYk9KlGK7lZCU69I=*ikdzvtOAa9Xvuo1P7+dA4A==*npWHkXVywqdWy2sbpXkQ1A==*ExEiKlpRzuAejxk1h/GCpQ=="}, {"experience": [{"company_name": "Shinhan Financial Group Co., Ltd.", "dates_employed": "May 2022\u2013Present 2 mos", "location": null, "employment_duration": null, "title": "Shinhan Venture Investment, Head of Global Investment"}, {"company_name": "SK", "dates_employed": "Apr 2018\u2013Present 4 yrs 3 mos", "location": null, "employment_duration": null, "title": "New Tech Investor, SK Holdings Director"}, {"company_name": "Investor", "employment_duration": "Roivant Sciences", "titles": ["SK invests $200M in Roivant for major push into protein degradation"], "dates_employed": [null]}, {"company_name": "Board Member", "employment_duration": "Hummingbird Bioscience", "titles": ["Hummingbird Bioscience Closes US$25 Million Investment With Series B Extension"], "dates_employed": [null]}, {"company_name": "Investor", "employment_duration": "HARBOUR BIOMED", "titles": ["Harbour BioMed Raises $75 Million Series B+ to Accelerate Its Innovative Pipeline"], "dates_employed": [null]}], "education": [{"institution": "Cornell University", "degree_details": {"degree_name": "Master of Business Administration (MBA)", "field_of_study": "johnson", "dates_attended_or_expected_graduation": "2012 \u2013 2014"}}, {"institution": "Sogang University", "degree_details": {"degree_name": "Bachelor of Economics, Bachelor of Law", "dates_attended_or_expected_graduation": null, "field_of_study": null}}], "employee_name": "bm+BOY+s6IYMEA==*XvXoDJyv7tjkDNRoKTll+A==*YpntdIasKH00BB9YWk8hQA==*myXH0YIkKCaqxe+MGAXVbw=="}, {"experience": [{"company_name": "ServiceNow", "dates_employed": "Jan 2021\u2013Present 1 yr 6 mos", "location": "Montreal, Quebec, Canada", "employment_duration": null, "title": "Program Manager & Research Scientist"}, {"company_name": "Element AI", "employment_duration": "4 yrs", "titles": ["Program Manager & Research Scientist at Element AI", "Research Scientist in Artificial Intelligence & Computer Vision"], "dates_employed": ["Apr 2020\u2013Present 2 yrs 3 mos", "2018\u2013Present 4 yrs"]}, {"company_name": "Computer Vision Center", "employment_duration": "13 yrs 9 mos", "titles": ["Research Scientist in Computer Vision", "Phd in Computer Vision"], "dates_employed": ["Aug 2013\u2013Present 8 yrs 11 mos", "Oct 2008\u2013Jul 2013 4 yrs 10 mos"]}, {"company_name": "Davantis", "dates_employed": "Oct 2007\u2013Oct 2008 1 yr 1 mo", "location": null, "employment_duration": null, "title": "Barcelona"}], "education": [{"institution": "Autonomous University of Barcelona", "degree_details": {"degree_name": "Ph.D in Computer Vision & Artificial Intelligence", "field_of_study": "Autonomous Vehicles", "dates_attended_or_expected_graduation": "2009 \u2013 2013"}}, {"institution": "Autonomous University of Barcelona", "degree_details": {"degree_name": "Ph.D in Computer Vision & Artificial Intelligence", "field_of_study": "Autonomous Vehicles", "dates_attended_or_expected_graduation": "2009 \u2013 2013"}}, {"institution": "Universitat Aut\u00f2noma de Barcelona", "degree_details": {"degree_name": "Master of Computer Vision and Artificial Intelligence", "field_of_study": "Ingenier\u00eda inform\u00e1tica", "dates_attended_or_expected_graduation": "2008 \u2013 2009"}}], "employee_name": "Rf9oQcC3rv41H1dQOh33SHlYe4ah1Wfu*yBY/jQy8bjTvU4tvdWvZiw==*8mydAmnGgf6fpGixi/+K1w==*h1JyuxjoP2S6wCC8FrtjsA=="}, {"experience": [{"company_name": "ServiceNow Research", "employment_duration": "1 yr 6 mos", "titles": ["Research Scientist / Research Lead", "Research Scientist"], "dates_employed": ["Jul 2021\u2013Present 1 yr", "Jan 2021\u2013Present 1 yr 6 mos"]}, {"company_name": "Universit\u00e9 Laval", "dates_employed": "Jan 2021\u2013Present 1 yr 6 mos", "location": "Qu\u00e9bec City, Quebec, Canada", "employment_duration": null, "title": "Adjunct Professor of Computer Science"}, {"company_name": "Element AI", "dates_employed": "Sep 2018\u2013Jan 2021 2 yrs 5 mos", "location": "R\u00e9gion de Montr\u00e9al, Canada", "employment_duration": null, "title": "Research Scientist"}, {"company_name": "Universit\u00e9 Laval", "dates_employed": "May 2014\u2013Mar 2019 4 yrs 11 mos", "location": null, "employment_duration": null, "title": "Ph.D. Candidate in Machine Learning / Computational Biology"}, {"company_name": "Element AI", "dates_employed": "Aug 2017\u2013Sep 2018 1 yr 2 mos", "location": "Montr\u00e9al, Canada", "employment_duration": null, "title": "Research Intern"}], "education": [{"institution": "Universit\u00e9 Laval", "degree_details": {"degree_name": "Doctor of Philosophy (Ph.D.)", "field_of_study": "Machine Learning and Computational Biology", "dates_attended_or_expected_graduation": "2014 \u2013 2019"}}, {"institution": "Universit\u00e9 Laval", "degree_details": {"degree_name": "Master of Science (MSc)", "field_of_study": "Machine Learning and Computational Biology Machine Learning and Computational Biology", "dates_attended_or_expected_graduation": "2012 \u2013 2014"}}, {"institution": "Universit\u00e9 Laval", "degree_details": {"degree_name": "Bachelor of Applied Science (B.A.Sc.)", "field_of_study": "Computer Science Computer Science", "dates_attended_or_expected_graduation": "2010 \u2013 2012"}}], "employee_name": "zOZwDUBixm4ri5G8HqRW+A==*fpD0pPtfhiM5/ZWhP8MeAQ==*H0kluvkBmNUMcdgpq8+VpQ==*CE3zsJQX0ejoxeHSZOG22A=="}, {"experience": [{"company_name": "ServiceNow Research", "dates_employed": "Mar 2022\u2013Present 4 mos", "location": "Toronto, Ontario, Canada", "employment_duration": null, "title": "Applied Research Scientist - AI Trust & Governance Lab"}, {"company_name": "Borealis AI", "dates_employed": "Apr 2020\u2013Mar 2022 2 yrs", "location": "Toronto, Ontario, Canada", "employment_duration": null, "title": "Research Engineer"}, {"company_name": "Xanadu", "dates_employed": "Jul 2019\u2013Apr 2020 10 mos", "location": null, "employment_duration": null, "title": "Machine Learning Specialist"}, {"company_name": "RBC", "dates_employed": "May 2018\u2013Jul 2019 1 yr 3 mos", "location": "Toronto, Canada Area", "employment_duration": null, "title": "Sr. Data Scientist"}, {"company_name": "Scotiabank", "dates_employed": "Apr 2017\u2013Jun 2018 1 yr 3 mos", "location": "Toronto, Canada Area", "employment_duration": null, "title": "Data Scientist"}], "education": [{"institution": "University of Toronto", "degree_details": {"degree_name": "Ph.D", "field_of_study": "Biomedical Engineering", "dates_attended_or_expected_graduation": "2010 \u2013 2015"}}, {"institution": "Ryerson University", "degree_details": {"degree_name": "Master of Science (MSc)", "field_of_study": "Electrical, Electronics and Communications Engineering", "dates_attended_or_expected_graduation": "2008 \u2013 2010"}}, {"institution": "Isfahan University of Technology", "degree_details": {"degree_name": "Master of Science (MS)", "field_of_study": "Electrical and Electronics Engineering", "dates_attended_or_expected_graduation": "2005 \u2013 2008"}}], "employee_name": "t5S4akAh3dPYpKmVgu8=*TfDhssCGEqEnXDnqNENVhg==*eN/ZAAgrNKhx+GEgazpfVQ==*zUiD8Uz530G7+s2g25QX3g=="}, {"experience": [{"company_name": "Twitter", "dates_employed": "May 2022\u2013Present 2 mos", "location": "Toronto, Ontario, Canada", "employment_duration": null, "title": "Senior Machine Learning Engineer"}, {"company_name": "ServiceNow Research", "employment_duration": "5 yrs 2 mos", "titles": ["Applied Research Scientist", "Applied research scientist"], "dates_employed": ["Jan 2021\u2013Present 1 yr 6 mos", "May 2017\u2013Jan 2021 3 yrs 9 mos"]}, {"company_name": "Secretary-Treasurer", "employment_duration": "TRAC ( Teaching and Research assistant @ Concordia) Union", "titles": ["TRAC | Teaching and Research Assistants of Concordia University"], "dates_employed": [null]}, {"company_name": "Concordia University", "employment_duration": "2 yrs 4 mos", "titles": ["Graduate Research Assistant", "Graduate Teaching Assistant"], "dates_employed": ["Jan 2014\u2013Apr 2017 3 yrs 4 mos", "Jan 2015\u2013Dec 2016 2 yrs"]}, {"company_name": "MITACS Internship", "employment_duration": "Robotmaster", "titles": ["Robotmaster CAD/CAM for robots (Off-Line Programming)"], "dates_employed": [null]}], "education": [{"institution": "Concordia University", "degree_details": {"degree_name": "Master's degree", "field_of_study": "Computer Science Business Administration, Management and Operations", "dates_attended_or_expected_graduation": "2014 \u2013 2017"}}, {"institution": "Isfahan University of Technology", "degree_details": {"degree_name": "BS", "field_of_study": "Communication & Systems", "dates_attended_or_expected_graduation": "2008 \u2013 2012"}}], "employee_name": "kbXG4MBjkJY+QXPBSB58TofqFtk=*FrtJBxt31CcL6EWaEcBYrA==*YXGm9qA9m00miTaiuGeBVg==*bb8gbfYezJAJY/yOuNsrjQ=="}, {"experience": [{"company_name": "Twitter", "dates_employed": "May 2022\u2013Present 2 mos", "location": "Toronto, Ontario, Canada", "employment_duration": null, "title": "Senior Machine Learning Engineer"}, {"company_name": "ServiceNow Research", "employment_duration": "5 yrs 2 mos", "titles": ["Applied Research Scientist", "Applied research scientist"], "dates_employed": ["Jan 2021\u2013Present 1 yr 6 mos", "May 2017\u2013Jan 2021 3 yrs 9 mos"]}, {"company_name": "Secretary-Treasurer", "employment_duration": "TRAC ( Teaching and Research assistant @ Concordia) Union", "titles": ["TRAC | Teaching and Research Assistants of Concordia University"], "dates_employed": [null]}, {"company_name": "Concordia University", "employment_duration": "2 yrs 4 mos", "titles": ["Graduate Research Assistant", "Graduate Teaching Assistant"], "dates_employed": ["Jan 2014\u2013Apr 2017 3 yrs 4 mos", "Jan 2015\u2013Dec 2016 2 yrs"]}, {"company_name": "MITACS Internship", "employment_duration": "Robotmaster", "titles": ["Robotmaster CAD/CAM for robots (Off-Line Programming)"], "dates_employed": [null]}], "education": [{"institution": "Concordia University", "degree_details": {"degree_name": "Master's degree", "field_of_study": "Computer Science Business Administration, Management and Operations", "dates_attended_or_expected_graduation": "2014 \u2013 2017"}}, {"institution": "Isfahan University of Technology", "degree_details": {"degree_name": "BS", "field_of_study": "Communication & Systems", "dates_attended_or_expected_graduation": "2008 \u2013 2012"}}], "employee_name": "9vKo1eV5+duRxtsHsxW8PAmfA4E=*tAdqgRCURnIvEz56D+O87A==*nKq9fJHYU0nr1tjM0frYww==*C8sfzGYdRDvbz1jjSz5a0w=="}, {"experience": [{"company_name": "ServiceNow Research", "dates_employed": "Mar 2022\u2013Present 4 mos", "location": "Toronto, Ontario, Canada", "employment_duration": null, "title": "Sr Applied Research Scientist"}, {"company_name": "ServiceNow", "dates_employed": "Jan 2021\u2013Mar 2022 1 yr 3 mos", "location": "Toronto, Ontario, Canada", "employment_duration": null, "title": "Applied Research Scientist"}, {"company_name": "Element AI", "dates_employed": "Jan 2019\u2013Jan 2021 2 yrs 1 mo", "location": "Toronto, Canada Area", "employment_duration": null, "title": "Applied Research Scientist"}, {"company_name": "RSVP.ai", "dates_employed": "May 2018\u2013Dec 2018 8 mos", "location": "Waterloo, Ontario, Canada", "employment_duration": null, "title": "Machine Learning Research Intern"}, {"company_name": "Ciber", "dates_employed": "Jun 2016\u2013Sep 2016 4 mos", "location": "London, United Kingdom", "employment_duration": null, "title": "Project Assistant"}], "education": [{"institution": "Department of Computer Science, University of Toronto", "degree_details": {"degree_name": "MSc in Applied Computing", "field_of_study": "Computer Science", "dates_attended_or_expected_graduation": "2017 \u2013 2018"}}, {"institution": "University of Nottingham", "degree_details": {"degree_name": "Bachelor\u2019s Degree", "field_of_study": "Computer Science with Artificial Intelligence", "dates_attended_or_expected_graduation": "2015 \u2013 2017"}}], "employee_name": "bi48Z+HjjHkDiAA=*oYRRNvuce0jXgUlAfdYVDw==*iy8aSB3dRIALHtDsmI+mow==*9GtgVJMmf6P/lhSYG2ZGhA=="}, {"experience": [{"company_name": "ServiceNow Research", "dates_employed": "May 2022\u2013Present 2 mos", "location": null, "employment_duration": null, "title": "Lead, AI Trust and Governance Lab"}, {"company_name": "ServiceNow", "dates_employed": "Jan 2021\u2013May 2022 1 yr 5 mos", "location": null, "employment_duration": null, "title": "Staff Applied Research Scientist"}, {"company_name": "Element AI", "dates_employed": "Dec 2020\u2013Jan 2021 2 mos", "location": null, "employment_duration": null, "title": "Applied Research Scientist"}, {"company_name": "Rio Tinto", "employment_duration": "1 yr 7 mos", "titles": ["Specialist Data Scientist", "Data Scientist"], "dates_employed": ["Apr 2020\u2013Dec 2020 9 mos", "Jun 2019\u2013Mar 2020 10 mos"]}, {"company_name": "Wavo.me", "dates_employed": "Oct 2018\u2013Jun 2019 9 mos", "location": null, "employment_duration": null, "title": "Data Engineer"}], "education": [{"institution": "McGill University", "degree_details": {"degree_name": "Doctor of Philosophy (Ph.D.)", "field_of_study": "Renewable Resources", "dates_attended_or_expected_graduation": "2013 \u2013 2017"}}, {"institution": "King's College London", "degree_details": {"degree_name": "Master of Science (MSc)", "field_of_study": "Environmental Monitoring, Modelling and Management", "dates_attended_or_expected_graduation": "2010 \u2013 2011"}}, {"institution": "The American University in Cairo", "degree_details": {"degree_name": "Bachelor of Science (BSc)", "field_of_study": "Physics", "dates_attended_or_expected_graduation": "2006 \u2013 2010"}}], "employee_name": "M/FRgXLz06A49MVFag==*wpNgAUWb5TK6icdui1GePA==*H+4aGk9BhExC3HApwioUPQ==*REgXzAzqV+H+CIe3jI+7Tg=="}, {"experience": [{"company_name": "Element AI", "dates_employed": "Aug 2019\u2013Present 2 yrs 11 mos", "location": "Montreal, Canada Area", "employment_duration": null, "title": "Product Manager & Product Owner"}, {"company_name": "Tink", "dates_employed": "Oct 2017\u2013Aug 2019 1 yr 11 mos", "location": "Montreal, Canada Area", "employment_duration": null, "title": "Product Owner"}, {"company_name": "Banco Santander Chile", "dates_employed": "Nov 2016\u2013Oct 2017 1 yr", "location": "Santiago Province, Chile", "employment_duration": null, "title": "Brand Ambassador"}, {"company_name": "Caisse de d\u00e9p\u00f4t et placement du Qu\u00e9bec (CDPQ)", "dates_employed": "May 2015\u2013Jul 2016 1 yr 3 mos", "location": "Montr\u00e9al, Canada", "employment_duration": null, "title": "Project Director (consultant)"}, {"company_name": "Totem", "dates_employed": "Nov 2014\u2013Jul 2016 1 yr 9 mos", "location": "Toronto, Canada", "employment_duration": null, "title": "Senior Consultant"}], "education": [{"institution": "HEC Montr\u00e9al", "degree_details": {"degree_name": "Master of Business Administration (MBA)", "dates_attended_or_expected_graduation": "2012 \u2013 2013", "field_of_study": null}}, {"institution": "Massachusetts Institute of Technology", "degree_details": {"field_of_study": "Tackling the Challenges of Big Data", "dates_attended_or_expected_graduation": "2014 \u2013 2014", "degree_name": null}}, {"institution": "McGill University", "degree_details": {"field_of_study": "Translation and business communication", "dates_attended_or_expected_graduation": null, "degree_name": null}}], "employee_name": "QAHpm2WXHgkx4PkqF0xMaDdF0EJaJAiIIg==*Lm15+y8JK29hxamurDHVbg==*itTUPnCAFyWeC5ssw+2Vng==*wWeihcF/5MlWGPtv5dpltA=="}, {"experience": [{"company_name": "ServiceNow Research", "dates_employed": "Jan 2022\u2013Present 6 mos", "location": "Montreal, Quebec, Canada", "employment_duration": null, "title": "Sr Applied Research Scientist"}, {"company_name": "ServiceNow", "employment_duration": "1 yr 1 mo", "titles": ["Sr Applied Research Scientist", "Applied Research Scientist"], "dates_employed": ["Aug 2021\u2013Jan 2022 6 mos", "Jan 2021\u2013Aug 2021 8 mos"]}, {"company_name": "Element AI", "dates_employed": "Oct 2017\u2013Jan 2021 3 yrs 4 mos", "location": "Montreal, Canada Area", "employment_duration": null, "title": "Applied Research Scientist"}, {"company_name": "Unata Inc.", "dates_employed": "Aug 2016\u2013Sep 2017 1 yr 2 mos", "location": "Toronto, Canada Area", "employment_duration": null, "title": "Data Science Engineer"}, {"company_name": "Infomart, a Division of Postmedia Network Inc.", "dates_employed": "Apr 2016\u2013Jul 2016 4 mos", "location": "Toronto, Canada Area", "employment_duration": null, "title": "Scala Developer"}], "education": [{"institution": "The University of Freiburg", "degree_details": {"degree_name": "Doctor of Philosophy (Ph.D.)", "field_of_study": "Theoretical and Mathematical Physics", "dates_attended_or_expected_graduation": "2008 \u2013 2011"}}, {"institution": "University of Bayreuth", "degree_details": {"degree_name": "Diplom (German equivalent of M.S. degree)", "field_of_study": "Theoretical and Mathematical Physics", "dates_attended_or_expected_graduation": "2002 \u2013 2008"}}], "employee_name": "qwT5bw74k5h5tBejVO1i*Y+rt2rXKsotLnOt12xKJWw==*rXPLHADHIenxUiCtp7J+ug==*zfyR2GzDgLGxJ3znnGaf5w=="}, {"experience": [{"company_name": "ServiceNow Research", "dates_employed": "Feb 2022\u2013Present 5 mos", "location": "Montreal, Quebec, Canada", "employment_duration": null, "title": "Sr Research Scientist"}, {"company_name": "RIKEN", "dates_employed": "Aug 2020\u2013Aug 2021 1 yr 1 mo", "location": "Virtual", "employment_duration": null, "title": "Research Intern"}, {"company_name": "DeepMind", "dates_employed": "Sep 2019\u2013Jan 2020 5 mos", "location": "London, United Kingdom", "employment_duration": null, "title": "Research Intern"}, {"company_name": "Element AI", "dates_employed": "Jun 2018\u2013Aug 2019 1 yr 3 mos", "location": "Montreal, Canada Area", "employment_duration": null, "title": "Research Intern"}, {"company_name": "Polytechnique Montr\u00e9al", "dates_employed": "Jan 2017\u2013May 2017 5 mos", "location": null, "employment_duration": null, "title": "Teaching Assistant"}], "education": [{"institution": "Universit\u00e9 de Montr\u00e9al", "degree_details": {"degree_name": "Doctor of Philosophy - PhD candidate", "field_of_study": "Computer Science", "dates_attended_or_expected_graduation": "2017 \u2013 2021"}}, {"institution": "McGill University", "degree_details": {"degree_name": "Master of Science (M.Sc.)", "field_of_study": "Mathematics and Statistics", "dates_attended_or_expected_graduation": "2015 \u2013 2017"}}, {"institution": "McGill University", "degree_details": {"degree_name": "Bachelor of Arts (B.A.)", "field_of_study": "Honours Economics, minor in Mathematics", "dates_attended_or_expected_graduation": "2012 \u2013 2015"}}], "employee_name": "uAsMg8XtLsAK/xuZE5oM7w==*T6eAmAbMWhAmIRd471UzfQ==*nQVtNL36PoGKuyrIHBWMLw==*CqyUfJlbQY1x3+gIY6C4HA=="}, {"experience": [{"company_name": "ServiceNow Research", "dates_employed": "Dec 2021\u2013Present 7 mos", "location": "London, England, United Kingdom", "employment_duration": null, "title": "AI Research Scientist"}, {"company_name": "Borealis AI", "dates_employed": "May 2021\u2013Oct 2021 6 mos", "location": null, "employment_duration": null, "title": "ML Research Intern"}, {"company_name": "Student researcher", "employment_duration": "Google", "titles": ["Domain Conditional Predictors for Domain Adaptation \u2013 Google Research"], "dates_employed": [null]}, {"company_name": "Huawei", "dates_employed": "Jul 2019\u2013Feb 2020 8 mos", "location": "Montreal, Quebec, Canada", "employment_duration": null, "title": "Research Intern"}, {"company_name": "FCA Fiat Chrysler Automobiles", "dates_employed": "Apr 2014\u2013Nov 2016 2 yrs 8 mos", "location": "Goiana-PE, Brazil", "employment_duration": null, "title": "Manufacturing Analyst"}], "education": [{"institution": "Universit\u00e9 du Qu\u00e9bec - Institut national de la recherche scientifique", "degree_details": {"degree_name": "Doctor of Philosophy (PhD)", "field_of_study": "Machine Learning", "dates_attended_or_expected_graduation": "2017 \u2013 2021"}}, {"institution": "Universidade de Pernambuco", "degree_details": {"degree_name": "Master's degree", "field_of_study": "Computational Intelligence", "dates_attended_or_expected_graduation": "2015 \u2013 2017"}}, {"institution": "Universidade de Pernambuco", "degree_details": {"degree_name": "Bachelor's degree", "field_of_study": "Mechatronics, Robotics, and Automation Engineering", "dates_attended_or_expected_graduation": "2007 \u2013 2012"}}], "employee_name": "SH9lMp2MBbD43JguqQ==*qwFK2YTJT89R9RycMSrFHA==*gNXalCMpgNA3xN3fdz0x3g==*V2ZUCxl1DtIaeU8xp4lJUQ=="}, {"experience": [{"company_name": "Desjardins", "dates_employed": "Jul 2020\u2013Present 2 yrs", "location": "Montr\u00e9al, Qu\u00e9bec, Canada", "employment_duration": null, "title": "Senior Advisory Consultant - Business Strategy - New avenues of growth"}, {"company_name": "Element AI", "dates_employed": "Feb 2020\u2013Present 2 yrs 5 mos", "location": "R\u00e9gion de Montr\u00e9al, Canada", "employment_duration": null, "title": "Artificial intelligence Delivery Manager for customers"}, {"company_name": "Consultants DRMI inc.", "dates_employed": "2000\u2013Present 22 yrs", "location": "Montreal, Canada Area and International", "employment_duration": null, "title": "Freelance consulting - Strategic consultant, Program management and complex projects"}, {"company_name": "Stealth Startup", "dates_employed": "2018\u20132020 2 yrs", "location": "R\u00e9gion de Montr\u00e9al, Canada", "employment_duration": null, "title": "Private investor and Start-up support"}, {"company_name": "Action citoyenne", "dates_employed": "May 2019\u2013Oct 2019 6 mos", "location": "Pointe-Calumet", "employment_duration": null, "title": "Citizen Volunteer action - Flooding and envionmental issues"}], "education": [{"institution": "MIT Sloan School of Management", "degree_details": {"field_of_study": "MIT Computer Science and Artificial Intelligence Laboratory (CSAIL)", "dates_attended_or_expected_graduation": "2018 \u2013 2018", "degree_name": null}}, {"institution": "The George Washington University", "degree_details": {"degree_name": "Master's certificate units", "field_of_study": "Program management", "dates_attended_or_expected_graduation": null}}, {"institution": "Universit\u00e9 du Qu\u00e9bec \u00e0 Montr\u00e9al", "degree_details": {"degree_name": "Master's degree", "field_of_study": "Project Management (International projects specialization)", "dates_attended_or_expected_graduation": null}}], "employee_name": "FZ69uMXJzhpSIJ8RqGMljW+Nuy4VFQ==*ZbJKktWPE8/Fgy+RSYLz8A==*UThk5OA3D2FyKk8CG0Qp7Q==*P7Mf03DXycdPDCxciHhV3w=="}, {"experience": [{"company_name": "ServiceNow Research", "dates_employed": "Mar 2022\u2013Present 4 mos", "location": "Remote", "employment_duration": null, "title": "Developper AI Devops"}, {"company_name": "Sherbrooke University", "dates_employed": "Jun 2021\u2013Present 1 yr 1 mo", "location": "Sherbrooke, Quebec, Canada", "employment_duration": null, "title": "Blockhain Specialist"}, {"company_name": "Co-Founder", "employment_duration": "Evenix", "titles": ["", "", ""], "dates_employed": [null, null, null]}, {"company_name": "Owner", "employment_duration": "JustinBrulotte.com", "titles": ["Justin Br\u00fblotte - Cr\u00e9ateur de site web"], "dates_employed": [null]}, {"company_name": "ServiceNow Research", "dates_employed": "Jan 2021\u2013Mar 2022 1 yr 3 mos", "location": "Remote", "employment_duration": null, "title": "Developper AI Devops - Junior"}], "education": [{"institution": "Universit\u00e9 de Sherbrooke", "degree_details": {"degree_name": "Computer Engineering", "field_of_study": "Informatique", "dates_attended_or_expected_graduation": "2016 \u2013 2020"}}, {"institution": "C\u00e9gep de Sherbrooke", "degree_details": {"degree_name": "Computer Science and Mathematics", "dates_attended_or_expected_graduation": "2014 \u2013 2016", "field_of_study": null}}], "employee_name": "CxPR+JXTUkni*UpFLYtO+kLmRl0b5H9kjxA==*JdyFCvGYW9djrhfwYv7byA==*TjEofQCrepw0ogt8lJQw4A=="}, {"experience": [{"company_name": "ServiceNow Research", "dates_employed": "Mar 2022\u2013Present 4 mos", "location": "Amsterdam, Noord-Holland, Nederland", "employment_duration": null, "title": "Research Scientist"}, {"company_name": "ServiceNow", "dates_employed": "Jan 2021\u2013Present 1 yr 6 mos", "location": null, "employment_duration": null, "title": "Research Scientist"}, {"company_name": "Element AI", "dates_employed": "Mar 2019\u2013Present 3 yrs 4 mos", "location": "Montreal en omgeving, Canada", "employment_duration": null, "title": "Research Scientist"}, {"company_name": "Universit\u00e9 de Montr\u00e9al", "dates_employed": "Aug 2014\u2013Mar 2020 5 yrs 8 mos", "location": null, "employment_duration": null, "title": "PHD Student"}, {"company_name": "Facebook", "dates_employed": "Jun 2017\u2013Feb 2018 9 mos", "location": "Greater New York City en omgeving, Verenigde Staten", "employment_duration": null, "title": "Research Internship"}], "education": [{"institution": "University of Groningen", "degree_details": {"degree_name": "Bachelor of Science (B.Sc.)", "field_of_study": "Computer Science", "dates_attended_or_expected_graduation": "2008 \u2013 2013"}}], "employee_name": "x2Bv9YsJsDzo48UfPg==*xpyC3ACF9DH6mxIqV7Xhsg==*cnjNqjKyKYTr54jTd8l3tg==*PzaBDUhAjVSkoevOILi15g=="}, {"experience": [{"company_name": "ServiceNow Research", "dates_employed": "Apr 2022\u2013Present 3 mos", "location": "Montreal, Quebec, Canada", "employment_duration": null, "title": "Research Lead & Sr Research Scientist"}, {"company_name": "Universitat Aut\u00f2noma de Barcelona", "dates_employed": "May 2020\u2013Present 2 yrs 2 mos", "location": "Barcelona, Catalu\u00f1a, Espa\u00f1a", "employment_duration": null, "title": "Adjunct Professor"}, {"company_name": "ServiceNow Research", "employment_duration": "4 yrs 3 mos", "titles": ["Research Scientist", "Research Scientist", "Research Internship"], "dates_employed": ["Jan 2021\u2013Apr 2022 1 yr 4 mos", "Jun 2019\u2013Jan 2020 8 mos", "Feb 2018\u2013Jan 2020 2 yrs"]}, {"company_name": "Computer Vision Center", "dates_employed": "2015\u2013Feb 2019 4 yrs", "location": "Barcelona y alrededores, Espa\u00f1a", "employment_duration": null, "title": "PHD Student"}, {"company_name": "Visual Tagging Services, S.L.", "dates_employed": "May 2014\u2013Jun 2014 2 mos", "location": "Computer Vision Center, Cerdanyola del Vall\u00e8s, Spain", "employment_duration": null, "title": "Research Assistant"}], "education": [{"institution": "Universitat Aut\u00f2noma de Barcelona", "degree_details": {"degree_name": "Doctor of Philosophy - PhD", "field_of_study": "Inteligencia artificial", "dates_attended_or_expected_graduation": "2016 \u2013 2019"}}, {"institution": "KU Leuven", "degree_details": {"degree_name": "(Advanced) Master's degree", "field_of_study": "Artificial Intelligence", "dates_attended_or_expected_graduation": "2014 \u2013 2015"}}, {"institution": "Universitat Aut\u00f2noma de Barcelona", "degree_details": {"degree_name": "Graduate", "field_of_study": "Computer Engineering", "dates_attended_or_expected_graduation": "2009 \u2013 2014"}}], "employee_name": "+Hupef4qtaSs0/P2ZEpyW9Z8wQ==*M4wwEesAexjIojhmUNMX+Q==*qUaw5IrG9QtIztol9JuK7w==*+hqTzf8/fmZTFEWAO9jvUw=="}, {"experience": [{"company_name": "ServiceNow Research", "employment_duration": "2 yrs 4 mos", "titles": ["Research Lead", "Research Scientist", "Research Scientist"], "dates_employed": ["May 2021\u2013Present 1 yr 2 mos", "Jan 2021\u2013May 2021 5 mos", "Mar 2020\u2013Jan 2021 11 mos"]}, {"company_name": "Universit\u00e9 de Montr\u00e9al", "employment_duration": "5 yrs 10 mos", "titles": ["Graduate Student", "Reseach Intern"], "dates_employed": ["Aug 2015\u2013Mar 2020 4 yrs 8 mos", "Jun 2014\u2013Aug 2014 3 mos"]}, {"company_name": "Yandex", "employment_duration": "2 yrs 2 mos", "titles": ["Software Engineer Intern", "Software Engineer Intern"], "dates_employed": ["Sep 2011\u2013Aug 2013 2 yrs", "Jul 2011\u2013Aug 2011 2 mos"]}], "education": [{"institution": "Jacobs University Bremen", "degree_details": {"degree_name": "Master's Degree", "field_of_study": "Computer Science", "dates_attended_or_expected_graduation": "2013 \u2013 2015"}}, {"institution": "Belarusian State University", "degree_details": {"degree_name": "Bachelor's Degree", "field_of_study": "Computer Science", "dates_attended_or_expected_graduation": "2009 \u2013 2013"}}], "employee_name": "eQUZN84u/aJmfhk+mK7KgA==*CXVm81jnnmBOvYxXLIPRkA==*4s8aY/DEvBkT1TTqF409Ug==*AcuRJfB/923M2j7/fJMKiw=="}, {"experience": [{"company_name": "Polytechnique Montr\u00e9al", "dates_employed": "2003\u2013Present 19 yrs", "location": null, "employment_duration": null, "title": "Professor"}, {"company_name": "Cirrelt", "dates_employed": "1995\u2013Present 27 yrs", "location": null, "employment_duration": null, "title": "Member"}, {"company_name": "IVADO Labs", "dates_employed": "Apr 2018\u2013Present 4 yrs 3 mos", "location": "Montreal, Canada Area", "employment_duration": null, "title": "Scientific Director"}, {"company_name": "Gray Oncology Solutions", "dates_employed": "Jun 2019\u2013Present 3 yrs 1 mo", "location": "Montreal, Canada Area", "employment_duration": null, "title": "Founding Advisor"}, {"company_name": "PemPem", "dates_employed": "Oct 2019\u2013Present 2 yrs 9 mos", "location": "Montreal, Canada Area", "employment_duration": null, "title": "Technical and Strategic Advisor"}], "education": [{"institution": "Universit\u00e9 de Montr\u00e9al", "degree_details": {"degree_name": "Ph.D.", "field_of_study": "Operations Research", "dates_attended_or_expected_graduation": "1997 \u2013 2002"}}], "employee_name": "3eYGGOl9P5Yv4Xdj6rS/ygc0i+Jp*TPDcv1VAr90cW7sj6u0ypA==*SA3xScVCSwR9yI25FcNGtA==*Szg/Bt2KF2oDSmRCc4wSuA=="}, {"experience": [{"company_name": "ServiceNow Research", "dates_employed": "Oct 2018\u2013Present 3 yrs 9 mos", "location": "Montreal, Canada Area", "employment_duration": null, "title": "Staff AI Developer, Machine Learning Engineer"}, {"company_name": "Mohawk Group, Inc.", "dates_employed": "Mar 2018\u2013Oct 2018 8 mos", "location": "Montreal, Canada Area", "employment_duration": null, "title": "Senior Software Developer, Cloud"}, {"company_name": "Genetec", "dates_employed": "Oct 2015\u2013Mar 2018 2 yrs 6 mos", "location": "Montr\u00e9al, Canada", "employment_duration": null, "title": "Software Engineer, Cloud Computing"}, {"company_name": "Lightspeed POS", "dates_employed": "Jan 2015\u2013Sep 2015 9 mos", "location": "Montreal, Canada Area", "employment_duration": null, "title": "Software Engineer"}, {"company_name": "CHOC, Sports League Management", "dates_employed": "2006\u2013Jan 2015 9 yrs", "location": "Montr\u00e9al, Canada", "employment_duration": null, "title": "Founder and Owner"}], "education": [{"institution": "Concordia University", "degree_details": {"degree_name": "Bachelor's degree", "field_of_study": "Software Engineering, Web Services", "dates_attended_or_expected_graduation": null}}], "employee_name": "HVHlPCBT/cWCa8oh2d3c*BwvCMiz5DlaE8rRxLYHb3g==*OAOwKeekeUPEpXTm0ksvkA==*/CY3t5ZB89OAs97i9vfQhQ=="}, {"experience": [{"company_name": "ServiceNow Research", "dates_employed": "Oct 2019\u2013Present 2 yrs 9 mos", "location": null, "employment_duration": null, "title": "Applied Research Scientist"}, {"company_name": "Neo Smart Blinds (Neo Materials and Consulting Inc) www.neosmartblinds.com", "dates_employed": "Oct 2018\u2013Present 3 yrs 9 mos", "location": null, "employment_duration": null, "title": "Advisor"}, {"company_name": "Element AI", "dates_employed": "Oct 2018\u2013Oct 2019 1 yr 1 mo", "location": "Toronto, Canada Area", "employment_duration": null, "title": "Research Intern"}, {"company_name": "Neo Smart Blinds (Neo Materials and Consulting Inc)", "dates_employed": "Jun 2015\u2013Oct 2018 3 yrs 5 mos", "location": "Montreal, Canada Area", "employment_duration": null, "title": "Co-Founder & CTO"}, {"company_name": "Accenture", "dates_employed": "Jan 2015\u2013May 2015 5 mos", "location": "Montreal, Canada Area", "employment_duration": null, "title": "Management Consulting Analyst"}], "education": [{"institution": "University of Toronto", "degree_details": {"degree_name": "Doctor of Philosophy - PhD", "field_of_study": "Machine Learning", "dates_attended_or_expected_graduation": "2019 \u2013 2023"}}, {"institution": "University of Toronto", "degree_details": {"degree_name": "Master's degree", "field_of_study": "Machine Learning", "dates_attended_or_expected_graduation": "2017 \u2013 2019"}}, {"institution": "University of Waterloo", "degree_details": {"degree_name": "Graduate Diploma", "field_of_study": "Social Innovation", "dates_attended_or_expected_graduation": "2013 \u2013 2014"}}], "employee_name": "+NjqhsK34GPRG+RUX4tDepmBFA==*bIo/yWwF+c+m3/MQLNHCTw==*Nu0L6U5093fNJOSl7XlzYw==*CV2n/EMIVnAxncf5eZG68w=="}, {"experience": [{"company_name": "ServiceNow Research", "employment_duration": "4 yrs 1 mo", "titles": ["Senior Research Engineer", "Machine Learning Software Engineer"], "dates_employed": ["Jan 2021\u2013Present 1 yr 6 mos", "Jun 2018\u2013Jan 2021 2 yrs 8 mos"]}, {"company_name": "Cisco", "employment_duration": "8 yrs 8 mos", "titles": ["Senior Software Engineer", "Senior UC&C Design Engineer", "TelePresence Dev-Test Engineer"], "dates_employed": ["Jan 2014\u2013Jun 2018 4 yrs 6 mos", "May 2013\u2013Feb 2014 10 mos", "Nov 2009\u2013Jul 2013 3 yrs 9 mos"]}, {"company_name": "Topolog\u00eda de Red", "dates_employed": "Oct 2007\u2013Oct 2009 2 yrs 1 mo", "location": "Lugo Area, Spain", "employment_duration": null, "title": "Systems & Network Engineer"}, {"company_name": "Dioptra, S.L.", "dates_employed": "Feb 2003\u2013Oct 2009 6 yrs 9 mos", "location": null, "employment_duration": null, "title": "Systems Administrator"}], "education": [{"institution": "Universitat Oberta de Catalunya", "degree_details": {"degree_name": "MSc. Computer Networks & Operating Systems Security", "field_of_study": "Computer Science", "dates_attended_or_expected_graduation": "2007 \u2013 2009"}}, {"institution": "Udacity", "degree_details": {"degree_name": "Deep Reinforcement Learning", "field_of_study": "Artificial Intelligence", "dates_attended_or_expected_graduation": "2020 \u2013 2020"}}, {"institution": "Universidad de Santiago de Compostela", "degree_details": {"degree_name": "BSc. Physics", "field_of_study": "Electronics and Computational Physics", "dates_attended_or_expected_graduation": null}}], "employee_name": "3P35Lv/SLSOWRU0Ljw610A==*BO3lCEIJEe4TusI8m/x33g==*Tk+pbTgctY5TGcGY0o4eWw==*yqLTFiLDURggXrCSVBAGLQ=="}, {"experience": [{"company_name": "Element AI", "dates_employed": "Jun 2019\u2013Present 3 yrs 1 mo", "location": "Montreal, Quebec, Canada", "employment_duration": null, "title": "Postdoctoral Researcher"}, {"company_name": "Mila - Quebec Artificial Intelligence Institute", "dates_employed": "Jan 2019\u2013Present 3 yrs 6 mos", "location": "Montreal, Canada Area", "employment_duration": null, "title": "Postdoctoral Researcher"}, {"company_name": "Universit\u00e9 de Montr\u00e9al", "dates_employed": "Jun 2017\u2013Jan 2019 1 yr 8 mos", "location": "Montreal, Canada Area", "employment_duration": null, "title": "Visiting PHD Student"}, {"company_name": "Inria", "dates_employed": "Dec 2015\u2013Dec 2018 3 yrs 1 mo", "location": "Bordeaux Area, France", "employment_duration": null, "title": "PHD Student"}, {"company_name": "G & W Consulting UG (haftungsbeschr\u00e4nkt)", "dates_employed": "Mar 2011\u2013Jul 2016 5 yrs 5 mos", "location": "Leipzig Area, Germany", "employment_duration": null, "title": "Co-Founder"}], "education": [{"institution": "Institut national de recherche en informatique (INRIA), Bordeaux", "degree_details": {"degree_name": "Doctor of Philosophy - PhD", "field_of_study": "Artificial Intelligence", "dates_attended_or_expected_graduation": "2015 \u2013 2018"}}, {"institution": "Vrije Universiteit Amsterdam (VU Amsterdam)", "degree_details": {"degree_name": "Master of Science - MS", "field_of_study": "Artificial Intelligence", "dates_attended_or_expected_graduation": "2013 \u2013 2015"}}, {"institution": "Leipzig University", "degree_details": {"degree_name": "Bachelor of Science - BS", "field_of_study": "Computer Sciences, Artificial Intelligence", "dates_attended_or_expected_graduation": "2009 \u2013 2013"}}], "employee_name": "/jUsmeiJ4IpHi66a+oQ=*wtMCplrAChlmEbjcSfKb9g==*vqUFFZqB+nKg36JN/fEw9w==*P8awlicFIBYOMh8ataKA8A=="}, {"experience": null, "education": null, "employee_name": "jMgY3OTnNRUX2S59N+/O*KTyForBjLCEn6YKBfC4XbA==*kfMs8a5Rgp9iI4LD7W+ndQ==*seW762Aa4J4dYQT7zQHaLw=="}, {"experience": [{"company_name": "University of Toronto", "dates_employed": "2022\u2013Present less than a year", "location": "Toronto, Ontario, Canada", "employment_duration": null, "title": "PhD Candidate in Computer Science (AI)"}, {"company_name": "ServiceNow Research", "dates_employed": "Sep 2021\u2013Present 10 mos", "location": "Montreal, Quebec, Canada", "employment_duration": null, "title": "Visiting Researcher"}, {"company_name": "Tapplock", "dates_employed": "2015\u2013Present 7 yrs", "location": "Toronto, Canada Area", "employment_duration": null, "title": "Cofounder"}, {"company_name": "Gobbo.com", "dates_employed": "2015\u2013Present 7 yrs", "location": "Toronto, Canada Area", "employment_duration": null, "title": "Cofounder"}, {"company_name": "Global Intelligence Alliance", "dates_employed": "Sep 2013\u2013May 2014 9 mos", "location": "Shanghai", "employment_duration": null, "title": "Analyst"}], "education": [{"institution": "Queen's University", "degree_details": {"degree_name": "Bachelor of Commerce (B.Com.)", "field_of_study": "Finance, Consulting", "dates_attended_or_expected_graduation": null}}, {"institution": "Queen's University", "degree_details": {"degree_name": "Mathematics", "dates_attended_or_expected_graduation": null, "field_of_study": null}}, {"institution": "Queen's University", "degree_details": {"degree_name": "Master's in Computer Science", "dates_attended_or_expected_graduation": null, "field_of_study": null}}], "employee_name": "hdeOSxKUOOwhSJVE*XkIxhTXk+759N2q14mV4cQ==*arMHcU3CevcpqVT9JXcPZQ==*v6fEoR3fOHSxaT0GybArjQ=="}, {"experience": [{"company_name": "ServiceNow Research", "dates_employed": "Oct 2021\u2013Present 9 mos", "location": "Toronto, Ontario, Canada", "employment_duration": null, "title": "Applied Research Scientist"}, {"company_name": "ServiceNow", "dates_employed": "Jan 2021\u2013Oct 2021 10 mos", "location": "Toronto, Ontario, Canada", "employment_duration": null, "title": "Applied Research Scientist"}, {"company_name": "Element AI", "dates_employed": "Jan 2019\u2013Jan 2021 2 yrs 1 mo", "location": "Toronto, Canada Area", "employment_duration": null, "title": "Applied Research Scientist"}, {"company_name": "University Health Network", "dates_employed": "Apr 2018\u2013Nov 2018 8 mos", "location": "Toronto, Canada Area", "employment_duration": null, "title": "Research Associate"}, {"company_name": "Laboratoire d'Informatique de Grenoble", "dates_employed": "May 2017\u2013Sep 2017 5 mos", "location": "Grenoble Area, France", "employment_duration": null, "title": "Research Intern"}], "education": [{"institution": "University of Toronto", "degree_details": {"degree_name": "Master of Science (M.Sc.) in Computer Science", "field_of_study": "Artificial Intelligence - Language", "dates_attended_or_expected_graduation": "2015 \u2013 2018"}}, {"institution": "University of Toronto", "degree_details": {"degree_name": "Bachelor of Applied Science (B.A.Sc.)", "field_of_study": "Engineering Science (Electrical and Computer Option)", "dates_attended_or_expected_graduation": "2010 \u2013 2015"}}, {"institution": "Lorne Park Secondary School", "degree_details": {"dates_attended_or_expected_graduation": "2005 \u2013 2009", "degree_name": null, "field_of_study": null}}], "employee_name": "IxuzMgy+693qzKWaevCJZHY=*OmPzHVAHnwtrq8QtAjCJGQ==*sK7Dji3TLHuYJTrmiwHZvg==*+DOryJ7Y8AUbpN4fcMrnaw=="}, {"experience": [{"company_name": "Element AI, a ServiceNow company", "dates_employed": "Oct 2020\u2013Present 1 yr 9 mos", "location": null, "employment_duration": null, "title": "DevOps Engineer"}, {"company_name": "Cyanic Automation", "dates_employed": "Oct 2019\u2013Sep 2020 1 yr", "location": "Edmonton, Alberta, Canada", "employment_duration": null, "title": "DevOps Engineer"}, {"company_name": "Radiant Info Systems Private Limited., Bangalore", "dates_employed": "Jun 2018\u2013Jul 2019 1 yr 2 mos", "location": "Bangalore Urban, Karnataka, India", "employment_duration": null, "title": "Linux Administrator"}], "education": [{"institution": "Lovely Professional University", "degree_details": {"degree_name": "Bachelor of Technology - BTech", "field_of_study": "Electrical, Electronics and Communications Engineering", "dates_attended_or_expected_graduation": "2014 \u2013 2018"}}], "employee_name": "YvD/vEBBhBY=*fiPT8bb4Ak1fbFB5wGX5lw==*Sjg1TufVkV25hhnHjYdYzQ==*Odk64j8y5AHRZwXaZCRETw=="}, {"experience": [{"company_name": "ServiceNow Research", "employment_duration": "5 yrs 1 mo", "titles": ["Applied Research Scientist", "Applied Research Scientist"], "dates_employed": ["Jan 2021\u2013Present 1 yr 6 mos", "Jun 2017\u2013Jan 2021 3 yrs 8 mos"]}, {"company_name": "Perimeter Institute", "employment_duration": "6 yrs 1 mo", "titles": ["PHD Student", "Masters Student"], "dates_employed": ["Sep 2011\u2013Aug 2016 5 yrs", "Aug 2010\u2013Jun 2011 11 mos"]}], "education": [{"institution": "University of Waterloo", "degree_details": {"degree_name": "Doctor of Philosophy (PhD)", "field_of_study": "Physics", "dates_attended_or_expected_graduation": "2011 \u2013 2016"}}, {"institution": "University of Waterloo", "degree_details": {"degree_name": "Master of Science (MSc)", "field_of_study": "Physics", "dates_attended_or_expected_graduation": "2010 \u2013 2011"}}, {"institution": "Universit\u00e9 Laval", "degree_details": {"degree_name": "Bachelor of Science (B.Sc.)", "field_of_study": "Physics", "dates_attended_or_expected_graduation": "2007 \u2013 2010"}}], "employee_name": "8cBtPv+qkGWhIVzb1oUGxcE=*tMlc9+8rP5UJyf8GIW6/iQ==*kMl9pSmODyIxVDAp0+iYnA==*RXboC36vnHjyQ0Fq/Ctf1w=="}, {"experience": [{"company_name": "ServiceNow Research", "dates_employed": "Jan 2021\u2013Present 1 yr 6 mos", "location": "Montreal, Quebec, Canada", "employment_duration": null, "title": "Applied Research Scientist"}, {"company_name": "Element AI", "dates_employed": "Jan 2018\u2013Jan 2021 3 yrs 1 mo", "location": "Montreal, Canada Area", "employment_duration": null, "title": "Applied Research Scientist"}, {"company_name": "ENGIE", "dates_employed": "Jan 2016\u2013Dec 2017 2 yrs", "location": "Wallonie, Belgique", "employment_duration": null, "title": "Modeler Analyst"}, {"company_name": "Universit\u00e9 libre de Bruxelles", "dates_employed": "Oct 2013\u2013Nov 2015 2 yrs 2 mos", "location": "Bruxelles", "employment_duration": null, "title": "Postdoctoral Researcher"}], "education": [{"institution": "Princeton University", "degree_details": {"degree_name": "Doctor of Philosophy - PhD", "field_of_study": "Condensed Matter and Materials Physics", "dates_attended_or_expected_graduation": "2008 \u2013 2013"}}, {"institution": "McGill University", "degree_details": {"degree_name": "Master of Science - MS", "field_of_study": "Condensed Matter and Materials Physics", "dates_attended_or_expected_graduation": "2006 \u2013 2008"}}, {"institution": "Universit\u00e9 de Montr\u00e9al", "degree_details": {"degree_name": "Bachelor of Science - BS", "field_of_study": "Physics and Computer Sciences", "dates_attended_or_expected_graduation": "2003 \u2013 2006"}}], "employee_name": "x/ZzopFN0Zh0czI/JaRi3u8=*Hu+tZ0jjMx8FgDcwyQT5bw==*Ad3yVVzfgt2EKUd0jNk4ZQ==*6HJtPl+KtV2jp9EwqqZmGQ=="}, {"experience": [{"company_name": "Element AI", "dates_employed": "May 2017\u2013Present 5 yrs 2 mos", "location": "Montreal, Quebec, Canada", "employment_duration": null, "title": "AI Developer"}, {"company_name": "Expedia, Inc.", "dates_employed": "Mar 2015\u2013Apr 2017 2 yrs 2 mos", "location": "Montreal, Canada Area", "employment_duration": null, "title": "Software Development Engineer"}, {"company_name": "Guavus", "dates_employed": "Jan 2014\u2013Nov 2014 11 mos", "location": "Montreal, Canada Area", "employment_duration": null, "title": "Software Developer"}, {"company_name": "EMC", "dates_employed": "Jul 2012\u2013Dec 2013 1 yr 6 mos", "location": "Montreal, Canada Area", "employment_duration": null, "title": "Integration Engineer"}, {"company_name": "Krzysztof Majewski", "dates_employed": "Jan 2011\u2013Jun 2012 1 yr 6 mos", "location": "Montreal, Canada Area", "employment_duration": null, "title": "Independent IT consultant"}], "education": [{"institution": "University of Oslo (UiO)", "degree_details": {"degree_name": "Doctor of Philosophy - PhD", "field_of_study": "Computer Science", "dates_attended_or_expected_graduation": "2008 \u2013 2010"}}, {"institution": "The University of British Columbia", "degree_details": {"degree_name": "M.Sc.", "field_of_study": "Computer Science", "dates_attended_or_expected_graduation": "1999 \u2013 2003"}}, {"institution": "McGill University", "degree_details": {"degree_name": "B.Sc. (Honours)", "field_of_study": "Computer Science", "dates_attended_or_expected_graduation": "1993 \u2013 1998"}}], "employee_name": "n8xkRY+5pNhFMU4B/6y+zZiB*voXwlh22Seztl94MxuhY1Q==*17sN3aIPfVfmRdgmH6nc0g==*sLAWqb1HuFnuTNC80IZC6w=="}, {"experience": [{"company_name": "ServiceNow Research", "dates_employed": "Jan 2022\u2013Present 6 mos", "location": null, "employment_duration": null, "title": "Tech Lead - AI Trust & Governance Lab"}, {"company_name": "ServiceNow", "dates_employed": "Jan 2021\u2013Jan 2022 1 yr 1 mo", "location": "Montr\u00e9al, Qu\u00e9bec, Canada", "employment_duration": null, "title": "AI Developper"}, {"company_name": "Element AI", "dates_employed": "Feb 2018\u2013Jan 2021 3 yrs", "location": "Montreal, Canada Area", "employment_duration": null, "title": "AI Developer"}, {"company_name": "PhotoInPress", "dates_employed": "Sep 2009\u2013Feb 2018 8 yrs 6 mos", "location": "Montreal, Canada Area", "employment_duration": null, "title": "Principal Engineer"}, {"company_name": "Ubisoft Montr\u00e9al", "employment_duration": "3 yrs 11 mos", "titles": ["Senior Generalist Programmer", "Senior Tools Programmer"], "dates_employed": ["Mar 2007\u2013Sep 2009 2 yrs 7 mos", "Nov 2005\u2013Mar 2007 1 yr 5 mos"]}], "education": [{"institution": "Polytechnique Montr\u00e9al", "degree_details": {"degree_name": "B. Ing.", "field_of_study": "Computer Engineering", "dates_attended_or_expected_graduation": "1992 \u2013 1996"}}, {"institution": "C\u00e9gep de Rimouski", "degree_details": {"degree_name": "DEC", "field_of_study": "Sciences", "dates_attended_or_expected_graduation": "1990 \u2013 1992"}}], "employee_name": "oEMsrBBCmP0sAQniQQja*5tF71wdShwL7VscpnTVunw==*2uN04IfdIVbnGAdWjeIGoA==*R00gdmiTXC3jQO6Q33kq3Q=="}, {"experience": [{"company_name": "ServiceNow Research", "employment_duration": "5 yrs 2 mos", "titles": ["Research Developer", "Research Developer", "AI Developer"], "dates_employed": ["Jan 2021\u2013Present 1 yr 6 mos", "Apr 2020\u2013Mar 2022 2 yrs", "May 2017\u2013Apr 2020 3 yrs"]}, {"company_name": "Recurse Center", "dates_employed": "Sep 2016\u2013Dec 2016 4 mos", "location": "Greater New York City Area", "employment_duration": null, "title": "Recurser"}, {"company_name": "Morgan Stanley", "employment_duration": "2 yrs 5 mos", "titles": ["Technology Analyst", "Software Developer"], "dates_employed": ["Aug 2015\u2013Sep 2016 1 yr 2 mos", "May 2014\u2013Aug 2014 4 mos"]}, {"company_name": "Ocean Physics - Fisheries and Oceans Canada", "dates_employed": "Jan 2014\u2013May 2014 5 mos", "location": "Halifax, Canada Area", "employment_duration": null, "title": "Research Assistant"}, {"company_name": "General Dynamics Canada", "dates_employed": "May 2013\u2013Aug 2013 4 mos", "location": null, "employment_duration": null, "title": "Co-op Student Software Developer"}], "education": [{"institution": "Dalhousie University", "degree_details": {"degree_name": "Bachelor of Science (B.Sc.)", "field_of_study": "Major Co-op in Computer Science and Mathematics Distinction", "dates_attended_or_expected_graduation": "2011 \u2013 2015"}}], "employee_name": "5pNjFaE2W3xedejyO92d*91jIo+kEbATLOtHhwT9sOQ==*uzb8Y5BvGS7/owADeI0gug==*Ar5ZNnaZPgw0z+aMvfYzZg=="}, {"experience": [{"company_name": "Elementai", "dates_employed": "Jul 2020\u2013Present 2 yrs", "location": "France", "employment_duration": null, "title": "Senior Software Developer"}, {"company_name": "-", "dates_employed": "Sep 2010\u2013Present 11 yrs 10 mos", "location": null, "employment_duration": null, "title": "Spare-time"}, {"company_name": "Element AI", "dates_employed": "Jan 2018\u2013Jul 2020 2 yrs 7 mos", "location": "Montreal, Quebec, Canada", "employment_duration": null, "title": "Senior Software Developer"}, {"company_name": "VO2 GROUP", "dates_employed": "Oct 2016\u2013Jan 2018 1 yr 4 mos", "location": "R\u00e9gion de Montr\u00e9al, Canada", "employment_duration": null, "title": "Consulting Engineer"}, {"company_name": "Ville de Montr\u00e9al", "dates_employed": "Mar 2017\u2013Sep 2017 7 mos", "location": "Montreal, Canada Area", "employment_duration": null, "title": "DevOps/Developer"}], "education": [{"institution": "Polytech Tours", "degree_details": {"degree_name": "Master of Research", "field_of_study": "Computer Science", "dates_attended_or_expected_graduation": "2011 \u2013 2011"}}, {"institution": "Polytech Tours", "degree_details": {"degree_name": "Engineer", "field_of_study": "Computer Science Computer Science", "dates_attended_or_expected_graduation": "2008 \u2013 2011"}}, {"institution": "Universit\u00e9 de Tours", "degree_details": {"degree_name": "DEUG", "field_of_study": "Math\u00e9matiques (PeiP)", "dates_attended_or_expected_graduation": "2006 \u2013 2008"}}], "employee_name": "VyghZUVGOSHwo/d4nP2w*A1ikAEGziQ7yur0fv5k6Sw==*Vk/cU14pB2yKf2ETK0CSlw==*ZdcGIQHZpbrQYAXAQFNXeA=="}, {"experience": [{"company_name": "Element AI, a ServiceNow company", "dates_employed": "Jan 2021\u2013Present 1 yr 6 mos", "location": "Santa Clara County, California, United States", "employment_duration": null, "title": "Sr. AEM backend developer"}, {"company_name": "Splunk", "dates_employed": "May 2019\u2013Dec 2020 1 yr 8 mos", "location": "San Francisco, California, United States", "employment_duration": null, "title": "Sr. AEM developer"}, {"company_name": "American Express", "dates_employed": "Mar 2017\u2013Apr 2019 2 yrs 2 mos", "location": "Arizona, United States", "employment_duration": null, "title": "Sr. AEM developer"}, {"company_name": "Kaiser Permanente", "dates_employed": "Apr 2016\u2013Feb 2017 11 mos", "location": "Oakland, California, United States", "employment_duration": null, "title": "AEM developer"}, {"company_name": "SUPERVALU", "dates_employed": "Jan 2014\u2013Mar 2016 2 yrs 3 mos", "location": "Eden Prairie, Minnesota, United States", "employment_duration": null, "title": "AEM developer"}], "education": [{"institution": "Osmania University", "degree_details": {"degree_name": "Bachelor of Science - BS", "field_of_study": "Computer Science", "dates_attended_or_expected_graduation": null}}], "employee_name": "VEHCWjIlMA==*IEb213Q55Y4vBmdlwrW0AQ==*wwMXyt/U80G2D1mb+oqNYQ==*okd7fGCKKN0jc7F644Z+Ow=="}, {"experience": [{"company_name": "Element AI", "dates_employed": "Nov 2018\u2013Present 3 yrs 8 mos", "location": "London, United Kingdom", "employment_duration": null, "title": "Software Engineer, ARL"}, {"company_name": "Contractor", "dates_employed": "Oct 2016\u2013Nov 2018 2 yrs 2 mos", "location": null, "employment_duration": null, "title": "Senior Software Engineer, R&D"}, {"company_name": "SkyBiometry", "dates_employed": "Oct 2012\u2013Oct 2016 4 yrs 1 mo", "location": "Lithuania", "employment_duration": null, "title": "Co-founder"}, {"company_name": "Neurotechnology", "employment_duration": "19 yrs", "titles": ["R&D Manager, Computer Vision", "R&D Team Lead, Biometrics", "Freelance R&D Consultant"], "dates_employed": ["Jan 2007\u2013Aug 2016 9 yrs 8 mos", "2001\u2013Jan 2007 6 yrs", "1997\u20132001 4 yrs"]}], "education": [{"institution": "Vilniaus universitetas / Vilnius University", "degree_details": {"degree_name": "Master's Degree", "field_of_study": "Biophysics", "dates_attended_or_expected_graduation": "2000 \u2013 2002"}}, {"institution": "Vilniaus universitetas / Vilnius University", "degree_details": {"degree_name": "Bachelor's Degree", "field_of_study": "Molecular Biology", "dates_attended_or_expected_graduation": "1995 \u2013 2000"}}], "employee_name": "jEL/qDqKvRjz3CyxlRAm*zOmUKHkzhQPOnVm+dH3LJg==*3w6+PDv1Kk9RVmtLRI2GuA==*LzSTAY8TN3l/rc9F6r5NDw=="}, {"experience": [{"company_name": "Element AI", "dates_employed": "Aug 2018\u2013Present 3 yrs 11 mos", "location": null, "employment_duration": null, "title": "System automation specialist"}], "education": null, "employee_name": "fYpIThkTrjw8z+9vfw==*4f758PYKEbmaBKkH63MURA==*dBBaeMJiAjciznH7zXMtNg==*MYzhqxtBTb1tIEv0UdIX/Q=="}, {"experience": [{"company_name": "Element AI", "dates_employed": "Jun 2019\u2013Present 3 yrs 1 mo", "location": "Santa Fe Springs, California, United States", "employment_duration": null, "title": "AI Consultant"}, {"company_name": "Nuro", "dates_employed": "Dec 2017\u2013Apr 2019 1 yr 5 mos", "location": "Tampa, Florida, United States", "employment_duration": null, "title": "Product Design Engineer"}, {"company_name": "Zoox", "dates_employed": "Jan 2016\u2013Jul 2016 7 mos", "location": "Atlanta, Georgia, United States", "employment_duration": null, "title": "Research Intern"}], "education": [{"institution": "Missouri University of Science and Technology", "degree_details": {"degree_name": "Applied Mathematics", "field_of_study": "Artificial Intelligence", "dates_attended_or_expected_graduation": "2014 \u2013 2016"}}, {"institution": "University of Missouri-Saint Louis", "degree_details": {"degree_name": "Bachelor of Applied Science - BASc", "field_of_study": "Mathematics and Computer Science", "dates_attended_or_expected_graduation": "2010 \u2013 2014"}}, {"institution": "Missouri Valley High School", "degree_details": {"dates_attended_or_expected_graduation": "1998 \u2013 2010", "degree_name": null, "field_of_study": null}}], "employee_name": "hsSVwijaap3qn4lAZg==*e4IM9C278ZA+OndUANwbTg==*3jp8HIRRPvURcojAd5O2zw==*kKq7y33W0MpyLne114h6Iw=="}, {"experience": [{"company_name": "ServiceNow Research", "employment_duration": "3 yrs 6 mos", "titles": ["AI Developer", "AI Developer - Applied Research Lab", "AI Developer - Human AI Interaction Research"], "dates_employed": ["Jan 2021\u2013Present 1 yr 6 mos", "Jan 2020\u2013Dec 2020 12 mos", "Jan 2019\u2013Jan 2020 1 yr 1 mo"]}, {"company_name": "JDA Software", "employment_duration": "6 yrs 4 mos", "titles": ["Software Developer - JDA Labs - Emerging Technologies", "Software Developer"], "dates_employed": ["Jul 2016\u2013Oct 2018 2 yrs 4 mos", "Jul 2012\u2013Jul 2016 4 yrs 1 mo"]}, {"company_name": "Planora", "dates_employed": "Jan 2012\u2013Jul 2012 7 mos", "location": "Montreal, Quebec, Canada", "employment_duration": null, "title": "Build Master"}, {"company_name": "A2M", "employment_duration": "2 yrs 3 mos", "titles": ["Build Master", "Quality Assurance - Internal Tooling"], "dates_employed": ["Jul 2009\u2013Apr 2011 1 yr 10 mos", "Feb 2009\u2013Jul 2009 6 mos"]}], "education": [{"institution": "Dalhousie University", "degree_details": {"degree_name": "MSc", "field_of_study": "Physics", "dates_attended_or_expected_graduation": "2002 \u2013 2005"}}, {"institution": "Dalhousie University", "degree_details": {"degree_name": "BSc First Class Honours", "field_of_study": "Physics", "dates_attended_or_expected_graduation": "1997 \u2013 2002"}}], "employee_name": "T48TKc4SKVcAmag=*qd2jmjJnZMLWngzoZ3DjmQ==*i09qjSKcC+UFf+GscgUogA==*qbkDS92io2wq2ut/5gJudQ=="}, {"experience": null, "education": null, "employee_name": null}, {"experience": [{"company_name": "Element AI", "dates_employed": "Sep 2017\u2013Present 4 yrs 10 mos", "location": null, "employment_duration": null, "title": "Machine Learning Engineer"}], "education": [{"institution": "Massachusetts Institute of Technology", "degree_details": {"degree_name": "Master's degree", "field_of_study": "Artificial Intelligence", "dates_attended_or_expected_graduation": "2008 \u2013 2012"}}], "employee_name": "2EBi0u8D4P1HECXyJY+lpbE=*7OOTttDJ7ViJXx3KDU4UrA==*kE23OHbFL3Hqinw/Z8xXvQ==*84JWgc0alxNXdAOMVku54w=="}, {"experience": [{"company_name": "Element AI", "dates_employed": null, "location": null, "employment_duration": null, "title": "Analyst"}], "education": null, "employee_name": "C4Cr4eppolY+tqs=*fZGeKoqRn6gWnDvUhlm/Zg==*NoVsXvKyOI8Rl+PBY3LEaA==*AkOj+73EXiPNiUt/Nd3OMg=="}, {"experience": null, "education": null, "employee_name": "jc7nrIVNaKuQvU/ByPpu*M+GpG9P+IN5nSBasZYd5EA==*FMjzsVRf7W/IkT73kHpt+A==*vWxEc6sNuB92zPQ/o0ro8g=="}, {"experience": null, "education": null, "employee_name": "vXfpDqFyJGBlQD5z/V/X*QBJchDL5XR4NSliB6uewFg==*pq/pTChu13QYUXtPD7qIGA==*ueyXgshD0/AY6eecj5vWfA=="}, {"experience": [{"company_name": "Element AI", "dates_employed": null, "location": null, "employment_duration": null, "title": "carine"}], "education": null, "employee_name": "NHKZit8qqtmI3SiG*6ZPmqi+DC+No4iARXJuScQ==*M52cmCEJH1YC69yhzBtpIQ==*T9zjmHoJvZy9cg+xGqWvAw=="}, {"experience": null, "education": null, "employee_name": "aWlrK5889R3UmW+OGliy*rH1XcPVErDal8FgpoQRqOg==*OJXq3czA97gzHyTGwRl+ow==*/RmvSl8ElalcIqziPY7P1Q=="}, {"experience": null, "education": null, "employee_name": "jmvyhk+hTxqHWi3Y1dzC*X688bEMVgqMNhEnP1Jxs7A==*T4bzRgAn+d98IqghxTOesQ==*NWwT7jgoJ6aDEs2tVW05+A=="}, {"experience": null, "education": null, "employee_name": "Pysk5wgyPCN4h8Tw01yc*o86ZK3n2HpwZIWSE5p57tA==*ciZvZPab8FcxfQgLxGycJw==*n6z+GwU+A+OXIZS05Y/Ucw=="}, {"experience": null, "education": null, "employee_name": "6gZRuwUvzbCh7/9kFkM9*ITxPx93Faxxiw6lPnflntA==*Kf8YVxQF8Y8tsQSKgEUOVQ==*JyhBvvfFWvnT9XAcJamKlg=="}, {"experience": null, "education": null, "employee_name": "RVZLDoHeoN4QMy4XAJ7y*hWwwzIRSx7Sw8IHEK4mUvA==*VR1lpfA+tGsWDJNQFcWBnw==*tlBG9dWzu6Imav/nGfdhNQ=="}]