[{"experience": [{"company_name": "Kira Systems", "dates_employed": "Sep 2017\u2013Present", "employment_duration": "4 yrs 9 mos", "location": null, "title": "CFO / COO"}, {"company_name": "Independent Consultant", "dates_employed": "2015\u2013Present", "employment_duration": "7 yrs", "location": null, "title": "CFO"}, {"company_name": "Pinetree Capital Ltd", "dates_employed": "May 2016\u2013Mar 2019", "employment_duration": "2 yrs 11 mos", "location": null, "title": "CFO"}, {"company_name": "IntelliResponse Systems Inc", "dates_employed": "2008\u20132015", "employment_duration": "7 yrs", "location": null, "title": "CFO"}], "education": [{"institution": "Queen's University", "degree_details": {"dates_attended_or_expected_graduation": null, "degree_name": null, "field_of_study": null}}], "employee_name": "N4kT8kWEXzp1*aLJsrV27J3e9S/lFSqYWBA==*mGp8hs3ZiBgAA4xnztpV5Q==*QpWcD+CSqjNBlRKH3RWZ5Q=="}, {"experience": [{"company_name": "Kira Systems", "dates_employed": "Jul 2020\u2013Present", "employment_duration": "1 yr 11 mos", "location": null, "title": "Senior Vice President, Product"}, {"company_name": "BlackBerry", "dates_employed": "Apr 2019\u2013Jul 2020", "employment_duration": "1 yr 4 mos", "location": "Toronto, Canada Area", "title": "Vice President Of Product Management"}, {"company_name": "BlackBerry", "dates_employed": "Jun 2015\u2013Apr 2019", "employment_duration": "3 yrs 11 mos", "location": "Toronto, Canada Area", "title": "Senior Director - Product Management & UX"}, {"company_name": "Blackberry", "dates_employed": "May 2013\u2013Jun 2015", "employment_duration": "2 yrs 2 mos", "location": "Toronto, Canada", "title": "Director - Software Product Management"}, {"company_name": "Research In Motion", "dates_employed": "Jul 2009\u2013May 2013", "employment_duration": "3 yrs 11 mos", "location": "Toronto, Canada Area", "title": "Director - UX Program Management"}], "education": [{"institution": "Carleton University", "degree_details": {"degree_name": "Masters", "field_of_study": "Human Computer Interaction", "dates_attended_or_expected_graduation": "1998 \u2013 2000"}}, {"institution": "SRB", "degree_details": {"dates_attended_or_expected_graduation": "1989 \u2013 1993", "degree_name": null, "field_of_study": null}}], "employee_name": "IdTY/TXOzmCqB+qx*G0xEs1nvFNk6bQHvsi8gIA==*y2BsddVqxfLvw5CWOvDB/A==*Fv/3Fb3aLitnIXlnuZ+D9Q=="}, {"experience": [{"company_name": "Kira Systems", "dates_employed": "Feb 2020\u2013Present", "employment_duration": "2 yrs 4 mos", "location": "Toronto, Ontario, Canada", "title": "Customer Value Planning Manager"}, {"company_name": "Intelex Technologies ULC", "dates_employed": "Sep 2019\u2013Feb 2020", "employment_duration": "6 mos", "location": null, "title": "Customer Success Manager"}, {"company_name": "Intelex Technologies Inc.", "dates_employed": "Oct 2018\u2013Feb 2020", "employment_duration": "1 yr 5 mos", "location": "Toronto, Canada Area", "title": "Customer Success Advocate"}, {"company_name": "Intelex Technologies Inc.", "dates_employed": "Aug 2017\u2013Feb 2020", "employment_duration": "2 yrs 7 mos", "location": "Toronto, Canada Area", "title": "Business Planning Manager"}, {"company_name": "Intelex Technologies Inc.", "dates_employed": "Jun 2016\u2013Aug 2017", "employment_duration": "1 yr 3 mos", "location": "Toronto, Canada Area", "title": "Corporate Marketing Specialist"}], "education": [{"institution": "University of Toronto", "degree_details": {"degree_name": "Foundations of Project Management", "field_of_study": "Project Management", "dates_attended_or_expected_graduation": "2016 \u2013 2017"}}, {"institution": "University of Ottawa", "degree_details": {"degree_name": "Bachelor of Arts (B.A.)", "field_of_study": "Sociology", "dates_attended_or_expected_graduation": "2007 \u2013 2011"}}], "employee_name": "OG6p7Ivm64zuK3sYtTOT*hYIE58C5t1aHOkliSvDzQA==*TUg4GAwjhAcpDq7f8B8heA==*muQAP5lq7U+VxHNs/+n+IQ=="}, {"experience": [{"company_name": "Kira Systems", "dates_employed": "May 2018\u2013Present", "employment_duration": "4 yrs 1 mo", "location": "Toronto, Canada Area", "title": "Director, Partnerships and Alliances"}, {"company_name": "Sandvine", "dates_employed": "Nov 2008\u2013Jan 2018", "employment_duration": "9 yrs 3 mos", "location": "Waterloo, Canada", "title": "Director, APAC Partner Management"}, {"company_name": "Sandvine", "dates_employed": "Jan 2006\u2013Oct 2008", "employment_duration": "2 yrs 10 mos", "location": null, "title": "Director, Product and Solutions Marketing"}, {"company_name": "Sandvine", "dates_employed": "Jun 2003\u2013Oct 2006", "employment_duration": "3 yrs 5 mos", "location": null, "title": "Alliance Manager"}, {"company_name": "Mareva Consulting", "dates_employed": "Jan 2002\u2013May 2003", "employment_duration": "1 yr 5 mos", "location": null, "title": "Principal"}], "education": [{"institution": "Northwestern University - Kellogg School of Management", "degree_details": {"dates_attended_or_expected_graduation": "2012 \u2013 2013", "degree_name": null, "field_of_study": null}}, {"institution": "Keio University", "degree_details": {"degree_name": "Monbusho Scholarship", "dates_attended_or_expected_graduation": "1994 \u2013 1995", "field_of_study": null}}, {"institution": "Queen's University", "degree_details": {"degree_name": "MBA", "field_of_study": "International Business", "dates_attended_or_expected_graduation": "1987 \u2013 1989"}}], "employee_name": "5XPFlwNY+c7tMG97*e0uI2mEbvZh11STmTlBxkw==*L1wDzEp2GZfLbsNkWeu/Xw==*kz0IJc+W5UO+uzs2Q/cFvQ=="}, {"experience": [{"company_name": "Kira Systems", "dates_employed": "Apr 2021\u2013Present", "employment_duration": "1 yr 2 mos", "location": "Toronto, Ontario, Canada", "title": "Manager - Core Operations"}, {"company_name": "Kira Systems", "dates_employed": "Oct 2018\u2013Mar 2021", "employment_duration": "2 yrs 6 mos", "location": "Toronto, Canada Area", "title": "Team Lead - System Administration"}, {"company_name": "eGov Jamaica Limited (formerly Fiscal Services Ltd.)", "dates_employed": "Oct 2011\u2013May 2018", "employment_duration": "6 yrs 8 mos", "location": "eGov Jamaica Limited (formerly Fiscal Services Ltd.)", "title": "Department Head, Technical Services"}, {"company_name": "Fiscal Services Limited", "dates_employed": "Jul 2009\u2013Sep 2011", "employment_duration": "2 yrs 3 mos", "location": null, "title": "Manager, E-Services"}, {"company_name": "Fiscal Services Limited", "dates_employed": "Dec 2003\u2013Jun 2009", "employment_duration": "5 yrs 7 mos", "location": null, "title": "Manager, Systems Management"}], "education": [{"institution": "University of Technology", "degree_details": {"degree_name": "BSc.", "field_of_study": "Computing with Management Studies", "dates_attended_or_expected_graduation": "2006 \u2013 2008"}}, {"institution": "College of Arts Science & Technology", "degree_details": {"degree_name": "Diploma", "field_of_study": "Computer & Management Studies", "dates_attended_or_expected_graduation": "1991 \u2013 1993"}}], "employee_name": "IqkbTLv16ZRxTc20*rEqoxmLyXwjOIv+aKjQ18w==*pSlf68rVW3NY/aX7/pSJFg==*v2ANY9fEOes3wzBiJL9wOg=="}, {"experience": [{"company_name": "Kira Systems", "dates_employed": "Apr 2017\u2013Present", "employment_duration": "5 yrs 2 mos", "location": "London, United Kingdom", "title": "Account Director, EMEA"}, {"company_name": "Intapp", "dates_employed": "Aug 2013\u2013Apr 2017", "employment_duration": "3 yrs 9 mos", "location": "United Kingdom", "title": "Regional Sales & Account Director"}, {"company_name": "BA Insight", "dates_employed": "Oct 2012\u2013Aug 2013", "employment_duration": "11 mos", "location": null, "title": "Account Manager"}], "education": [{"institution": "The University of Edinburgh", "degree_details": {"degree_name": "MA (Hons) Chinese", "dates_attended_or_expected_graduation": null, "field_of_study": null}}, {"institution": "Dalian University of Technology", "degree_details": {"degree_name": "\u5927\u8fde\u7406\u5de5\u5927\u5b66", "field_of_study": "Chinese", "dates_attended_or_expected_graduation": null}}], "employee_name": "gWNOXzVWgrxXd9Y=*KcBGUk8hwdkm8ddN8ZQnrg==*6Wbcz2JteFb6uZ5hvORVHg==*hR3NtFME7xdqsY05cTXhqQ=="}, {"experience": [{"company_name": "Kira Systems", "dates_employed": "Nov 2020\u2013Present", "employment_duration": "1 yr 7 mos", "location": "Toronto, Ontario, Canada", "title": "Advisor"}, {"company_name": "Lycoming Partners", "dates_employed": "Jun 2014\u2013Present", "employment_duration": "8 yrs", "location": "Pittsburgh Pennsylvania", "title": "Partner"}, {"company_name": "New Sun Rising", "dates_employed": "Jan 2016\u2013Present", "employment_duration": "6 yrs 5 mos", "location": "Greater Pittsburgh Area", "title": "Advisor & Startup Mentor"}, {"company_name": "Hootsuite", "dates_employed": "2009\u2013Present", "employment_duration": "13 yrs", "location": "Vancouver, Canada Area", "title": "Advisor"}, {"company_name": "Avenu", "dates_employed": "Nov 2016\u2013Sep 2018", "employment_duration": "1 yr 11 mos", "location": "Greater Pittsburgh Area", "title": "Interim Executive Director"}], "education": [{"institution": "Ohio Wesleyan University", "degree_details": {"degree_name": "BA", "dates_attended_or_expected_graduation": "1979 \u2013 1981", "field_of_study": null}}], "employee_name": "T1RZ7dDH5UE=*AExM1mNXL5IC9QuTNSaQ7A==*SZhrziZUp4/qc+CBUBrIUw==*5WPNa0GSnRlbv5fEuDm/8A=="}, {"experience": [{"company_name": "Kira Systems", "dates_employed": "Dec 2021\u2013Present", "employment_duration": "6 mos", "location": null, "title": "Product Manager"}, {"company_name": "Kira Systems", "dates_employed": "Jul 2019\u2013Nov 2021", "employment_duration": "2 yrs 5 mos", "location": null, "title": "Manager, Legal Knowledge Engineering"}, {"company_name": "Fragomen", "dates_employed": "Nov 2016\u2013Jun 2019", "employment_duration": "2 yrs 8 mos", "location": null, "title": "Manager/Lawyer"}, {"company_name": "Fragomen", "dates_employed": "Apr 2014\u2013Nov 2016", "employment_duration": "2 yrs 8 mos", "location": null, "title": "Associate"}, {"company_name": "Brown & Partners LLP", "dates_employed": "Oct 2012\u2013Apr 2014", "employment_duration": "1 yr 7 mos", "location": null, "title": "Associate"}], "education": [{"institution": "York University - Osgoode Hall Law School", "degree_details": {"degree_name": "Doctor of Law (J.D.)", "dates_attended_or_expected_graduation": "2008 \u2013 2011", "field_of_study": null}}, {"institution": "University of Toronto - Rotman School of Management", "degree_details": {"degree_name": "Bachelor of Commerce (B.Com.)", "dates_attended_or_expected_graduation": "2003 \u2013 2007", "field_of_study": null}}], "employee_name": "qRhqV/hcYqqlWZcrAxeA*G9i1DNAmZBbJixqTuvB++w==*9Bl7dPtGsv7NBUFM8wJ45A==*9KpntWQa2iS2HdkJif4S2A=="}, {"experience": [{"company_name": "Kira Systems", "dates_employed": "Oct 2019\u2013Present", "employment_duration": "2 yrs 8 mos", "location": null, "title": "Director - Legal Knowledge Engineering"}, {"company_name": "Kira Systems", "dates_employed": "Nov 2017\u2013Oct 2019", "employment_duration": "2 yrs", "location": null, "title": "Legal Knowledge Engineering Manager"}, {"company_name": "Stikeman Elliott LLP", "dates_employed": "Aug 2012\u2013Nov 2017", "employment_duration": "5 yrs 4 mos", "location": null, "title": "Associate"}, {"company_name": "Stikeman Elliott LLP", "dates_employed": "Jul 2011\u2013Aug 2012", "employment_duration": "1 yr 2 mos", "location": null, "title": "Student at law"}, {"company_name": "Stikeman Elliott LLP", "dates_employed": "May 2010\u2013Sep 2010", "employment_duration": "5 mos", "location": null, "title": "Summer Student"}], "education": [{"institution": "York University - Osgoode Hall Law School", "degree_details": {"degree_name": "JD", "field_of_study": "Law", "dates_attended_or_expected_graduation": "2008 \u2013 2011"}}, {"institution": "Ryerson University", "degree_details": {"degree_name": "MBA", "field_of_study": "Real Estate and International Business", "dates_attended_or_expected_graduation": "2007 \u2013 2008"}}, {"institution": "McGill University", "degree_details": {"degree_name": "BComm (Great Distinction)", "field_of_study": "Marketing and Finance", "dates_attended_or_expected_graduation": "2003 \u2013 2007"}}], "employee_name": "4gj0/em2nz84golkvXc=*alnMB94qd2sZxaiG94kxFw==*RChsH7a3FWbdxSEhISu0Wg==*s1FPMRgraz8tIJzPCOTVuA=="}, {"experience": [{"company_name": "Kira Systems", "dates_employed": "Jan 2018\u2013Present", "employment_duration": "4 yrs 5 mos", "location": "Toronto, Canada", "title": "Software Release Manager"}, {"company_name": "Kira Systems", "dates_employed": "Oct 2016\u2013Jan 2018", "employment_duration": "1 yr 4 mos", "location": "Toronto, Canada", "title": "Client Service Manager"}, {"company_name": "Kira Systems", "dates_employed": "Oct 2016\u2013Jan 2018", "employment_duration": "1 yr 4 mos", "location": "Toronto, Canada", "title": "QA Team Lead"}, {"company_name": "Kira Systems", "dates_employed": "Feb 2016\u2013Oct 2016", "employment_duration": "9 mos", "location": "Toronto, Canada", "title": "Client Service Associate"}, {"company_name": "Kira Systems", "dates_employed": "Feb 2016\u2013Mar 2016", "employment_duration": "2 mos", "location": "Toronto, Canada", "title": "System Annotator"}], "education": [{"institution": "University of Toronto", "degree_details": {"degree_name": "Bachelor\u2019s Degree, Honours", "field_of_study": "Biological Anthropology", "dates_attended_or_expected_graduation": "2011 \u2013 2015"}}, {"institution": "Cardinal Carter Catholic High School", "degree_details": {"degree_name": "High School", "dates_attended_or_expected_graduation": "2007 \u2013 2011", "field_of_study": null}}], "employee_name": "xy2dhGGe934dsxP98C4=*9aFz6kxXYLGnyM6AlcWL0g==*8LRC1jUzRQL+BdLjmzBe9Q==*UQpnIqjwIBtqqmU5vSQywg=="}, {"experience": [{"company_name": "Kira Systems", "dates_employed": "Sep 2021\u2013Present", "employment_duration": "9 mos", "location": "Remote", "title": "Site Reliability Specialist"}, {"company_name": "Capgemini", "dates_employed": "Nov 2015\u2013Present", "employment_duration": "6 yrs 7 mos", "location": "Birmingham, United Kingdom", "title": "Platform Engineer"}, {"company_name": "HM Forces", "dates_employed": "Jul 2011\u2013Oct 2015", "employment_duration": "4 yrs 4 mos", "location": "14th Signal Regiment (EW), Haverfordwest", "title": "Electronic Warfare Systems Operator"}, {"company_name": "McDonald's", "dates_employed": "Apr 2007\u2013Jun 2011", "employment_duration": "4 yrs 3 mos", "location": "Wrekin Retail Park, Telford", "title": "Shift Running Floor Manager"}], "education": [{"institution": "Aston University", "degree_details": {"degree_name": "Bachelor of Science (BSc)", "field_of_study": "digital and technology solutions", "dates_attended_or_expected_graduation": "2016 \u2013 2021"}}, {"institution": "Wiltshire and Somerset Colleges Partnership Limited", "degree_details": {"degree_name": "BTEC Level 3 Diploma", "field_of_study": "Professional Competence for IT and Telecoms Professionals (QCF)", "dates_attended_or_expected_graduation": "2012 \u2013 2014"}}, {"institution": "Wiltshire and Somerset Colleges Partnership", "degree_details": {"degree_name": "Edexcel BTEC Level 3 Certificate", "field_of_study": "ICT Systems and Principles (QCF)", "dates_attended_or_expected_graduation": "2012 \u2013 2013"}}], "employee_name": "wrYZJsOZfjxbF/Y=*l3SYiMZ2pVgPPEBDz5agug==*b6yfONFhX6BpqUKg/UkxvA==*34dqxE9tf2xlJ+tWz7j69g=="}, {"experience": [{"company_name": "Kira Systems", "dates_employed": "Aug 2021\u2013Present", "employment_duration": "10 mos", "location": "Toronto, Ontario, Canada", "title": "Customer Success Manager"}, {"company_name": "Softchoice", "dates_employed": "Aug 2019\u2013Aug 2021", "employment_duration": "2 yrs 1 mo", "location": "Toronto, Canada Area", "title": "Sales Academy, Onboarding Team Lead"}, {"company_name": "Softchoice", "dates_employed": "Mar 2019\u2013Aug 2021", "employment_duration": "2 yrs 6 mos", "location": "Toronto, Canada Area", "title": "Corporate Account Manager - Toronto Midmarket"}, {"company_name": "FCA Fiat Chrysler Automobiles", "dates_employed": "Jun 2017\u2013Mar 2019", "employment_duration": "1 yr 10 mos", "location": "Toronto, ON", "title": "Digital Marketing Manager"}, {"company_name": "Car Nation Canada - Unique Chrysler", "dates_employed": "Jun 2016\u2013Jun 2017", "employment_duration": "1 yr 1 mo", "location": "Burlington, ON", "title": "Marketing Manager"}], "education": [{"institution": "Western University", "degree_details": {"degree_name": "Bachelor", "field_of_study": "Health Sciences", "dates_attended_or_expected_graduation": "2010 \u2013 2014"}}, {"institution": "Humber College", "degree_details": {"degree_name": "Postgrad Cert", "field_of_study": "Public Relations", "dates_attended_or_expected_graduation": "2015 \u2013 2016"}}], "employee_name": "1v3lxBvg64MXbA==*rERKeGwkB515FcppJDQ1Gg==*IzqQPfgwUVT/JfXnzQu/DQ==*YHw0qEI+vVgQyCpVfw1yWA=="}, {"experience": [{"company_name": "Kira Systems", "dates_employed": "Dec 2021\u2013Present", "employment_duration": "6 mos", "location": "Toronto, Ontario, Canada", "title": "Software Development Manager"}, {"company_name": "Workday", "dates_employed": "Oct 2020\u2013Jul 2021", "employment_duration": "10 mos", "location": "Dublin City, County Dublin, Ireland", "title": "Manager Software Development Application - Expenses"}, {"company_name": "Workday", "dates_employed": "May 2018\u2013Oct 2020", "employment_duration": "2 yrs 6 mos", "location": "Dublin, Leinster, Ireland", "title": "Manager Software Development Application - Settlements"}, {"company_name": "Workday", "dates_employed": "Jun 2016\u2013May 2018", "employment_duration": "2 yrs", "location": "Ireland", "title": "Application Engineer - Settlements"}, {"company_name": "Firecrest Clinical", "dates_employed": "Jun 2013\u2013Jun 2016", "employment_duration": "3 yrs 1 mo", "location": "Limerick, Ireland", "title": "Software Engineer"}], "education": [{"institution": "TIPPERARY INSTITUTE, Thurles", "degree_details": {"degree_name": "Honours Bachelor of Science", "field_of_study": "Computing", "dates_attended_or_expected_graduation": "2004 \u2013 2008"}}, {"institution": "Heywood CS", "degree_details": {"degree_name": "Leaving Certificate", "dates_attended_or_expected_graduation": "1997 \u2013 2004", "field_of_study": null}}], "employee_name": "gkP7zu12edcUfLM=*BDB63QtaOy9iRHuGnzrUDg==*ng08iDPJKMBRmDtAj9ygSg==*01zmtjM/8Z9Sp7Zczt05tg=="}, {"experience": [{"company_name": "Kira Systems", "dates_employed": "Jun 2018\u2013Present", "employment_duration": "4 yrs", "location": "Toronto, Canada Area", "title": "Senior Director, Design (acquired by Litera)"}, {"company_name": "Conferences around the world", "dates_employed": "2007\u2013Present", "employment_duration": "15 yrs", "location": "Global", "title": "Keynote Speaker, Panelist & Moderator"}, {"company_name": "Indigo", "dates_employed": "Aug 2016\u2013Jun 2018", "employment_duration": "1 yr 11 mos", "location": "Toronto, Canada Area", "title": "Director, Experience Design"}, {"company_name": "Flowzo, Inc.", "dates_employed": "2016\u20132018", "employment_duration": "2 yrs", "location": "San Francisco Bay Area", "title": "Advisor"}, {"company_name": "Apps World", "dates_employed": "2012\u20132017", "employment_duration": "5 yrs", "location": "London, United Kingdom", "title": "Advisor"}], "education": [{"institution": "University of Waterloo", "degree_details": {"degree_name": "Bachelor of Arts & Business (Hons.) Co-op", "dates_attended_or_expected_graduation": null, "field_of_study": null}}, {"institution": "University of Westminster", "degree_details": {"degree_name": "Master of Arts", "field_of_study": "Interaction Design", "dates_attended_or_expected_graduation": "Media (1)"}}, {"institution": "Cornell University", "degree_details": {"degree_name": "Certificate in Customer-Focused Product & Service Design", "dates_attended_or_expected_graduation": "2013 \u2013 2014", "field_of_study": null}}], "employee_name": "jm4sXjds3IXDr9UL*V/YARo+j3E8pGNo8xjcKUQ==*IpiNlAWQi759D6xQaca6XQ==*d2aIksjMzSe1PA2EKAwYOA=="}, {"experience": [{"company_name": "Kira Systems", "dates_employed": "Jan 2022\u2013Present", "employment_duration": "5 mos", "location": "Toronto, Ontario, Canada", "title": "Principal Product Manager"}, {"company_name": "Miovision", "dates_employed": "Sep 2019\u2013Dec 2021", "employment_duration": "2 yrs 4 mos", "location": "Kitchener, Ontario, Canada", "title": "Manager, Product Compliance"}, {"company_name": "Miovision", "dates_employed": "Mar 2018\u2013Sep 2019", "employment_duration": "1 yr 7 mos", "location": "Kitchener, Ontario, Canada", "title": "Product Manager, Market Access and Regulatory Affairs"}, {"company_name": "Miovision", "dates_employed": "Sep 2017\u2013Mar 2018", "employment_duration": "7 mos", "location": "Kitchener, Ontario, Canada", "title": "Product Manager, Travel Time and Scout Connect"}, {"company_name": "Miovision Technologies", "dates_employed": "Jul 2016\u2013Sep 2017", "employment_duration": "1 yr 3 mos", "location": "Kitchener, Ontario, Canada", "title": "Technical Product Manager, DataLink"}], "education": [{"institution": "University of Waterloo", "degree_details": {"degree_name": "B.A.Sc", "field_of_study": "Systems Design Engineering with Option in Management Science", "dates_attended_or_expected_graduation": "1998 \u2013 2003"}}], "employee_name": "N4daiEnnRssZ*N2P6YXhUPLWrIsze8jl4cg==*akrViEfG3tz+SF5Atc0cjA==*TkqfN5opHbZdr4y14x4SJA=="}, {"experience": [{"company_name": "Kira Systems", "dates_employed": null, "employment_duration": null, "location": null, "title": "Sales Operations Manager"}], "education": null, "employee_name": "koRZJZ59HtMDFDk=*U8DS6ujj41mDIabn4IKJYw==*vDMv9ljWI5nUSL/OKACixA==*Eos5BFJegVDmhey6Tdb0gQ=="}, {"experience": [{"company_name": "Kira Systems", "dates_employed": "Jul 2021\u2013Present", "employment_duration": "11 mos", "location": "Toronto, Ontario, Canada", "title": "Senior Site Reliability Engineer"}, {"company_name": "Kira Systems", "dates_employed": "Apr 2019\u2013Jul 2021", "employment_duration": "2 yrs 4 mos", "location": "Toronto, Canada Area", "title": "Site Reliability Engineer"}, {"company_name": "Kira Systems", "dates_employed": "Jul 2018\u2013Apr 2019", "employment_duration": "10 mos", "location": "Toronto, Canada Area", "title": "Technical Support Associate"}, {"company_name": "Cota", "dates_employed": "Dec 2017\u2013Jul 2018", "employment_duration": "8 mos", "location": "Toronto, Canada Area", "title": "Systems and Network Administrator"}, {"company_name": "Ricoh Canada Inc.", "dates_employed": "Nov 2017\u2013Dec 2017", "employment_duration": "2 mos", "location": "Mississauga, ON", "title": "Technical Support Analyst (Co-op)"}], "education": [{"institution": "University of Jyv\u00e4skyl\u00e4", "degree_details": {"degree_name": "Web Intelligence and Service Engineering", "field_of_study": "Cloud Computing, Big Data", "dates_attended_or_expected_graduation": "2016 \u2013 2018"}}, {"institution": "National University of Computer and Emerging Sciences", "degree_details": {"degree_name": "Bachelor's degree", "field_of_study": "Computer Science", "dates_attended_or_expected_graduation": "2010 \u2013 2016"}}], "employee_name": "IxSO5cmhzYhAmwlMb012*2ncUyAyJsS9SiOabf3DiIA==*91K6OvpzYXT0UvPV3Wo7Ew==*99cUDR2JwgOiJSdJL/IAnw=="}, {"experience": [{"company_name": "Kira Systems", "dates_employed": "May 2020\u2013Present", "employment_duration": "2 yrs 1 mo", "location": "London, England, United Kingdom", "title": "Senior Customer Success Manager"}, {"company_name": "American Theme Events", "dates_employed": "Feb 2013\u2013Present", "employment_duration": "9 yrs 4 mos", "location": "London, UK", "title": "Non-Executive Director"}, {"company_name": "iManage", "dates_employed": "Nov 2018\u2013May 2020", "employment_duration": "1 yr 7 mos", "location": "London", "title": "Delivery Owner"}, {"company_name": "Squiz", "dates_employed": "Oct 2013\u2013Nov 2018", "employment_duration": "5 yrs 2 mos", "location": "London, United Kingdom", "title": "Senior Technical Consultant/Product Owner(PM) - Search Technology"}, {"company_name": "Recommind", "dates_employed": "May 2011\u2013Oct 2013", "employment_duration": "2 yrs 6 mos", "location": "City of London", "title": "Senior Technical Consultant"}], "education": null, "employee_name": "yGh9Ia4Df9bXYK9c*zs3xXtNCC8xDxCFlnaCH2g==*2t7jSv6BD/fwjtJmkan/Vw==*mxdkJrVQbUV4wzVhY3kiqA=="}, {"experience": [{"company_name": "Kira Systems", "dates_employed": "Jul 2021\u2013Present", "employment_duration": "11 mos", "location": "Toronto, Ontario, Canada", "title": "Corporate Markets Lead & Practice Consultant (Americas)"}, {"company_name": "MusiCounts", "dates_employed": "Sep 2018\u2013Present", "employment_duration": "3 yrs 9 mos", "location": "Toronto, Canada Area", "title": "Advisory Committee Member"}, {"company_name": "Kira Systems", "dates_employed": "Nov 2020\u2013Jul 2021", "employment_duration": "9 mos", "location": "Toronto, Ontario, Canada", "title": "Practice Consultant (Americas)"}, {"company_name": "Aird & Berlis LLP", "dates_employed": "Dec 2018\u2013Nov 2020", "employment_duration": "2 yrs", "location": "Toronto, Canada Area", "title": "Lawyer (Commercial Real Estate & Development)"}, {"company_name": "Robins Appleby LLP", "dates_employed": "Sep 2015\u2013Nov 2018", "employment_duration": "3 yrs 3 mos", "location": "Toronto, Ontario", "title": "Lawyer (Commercial Real Estate & Development)"}], "education": [{"institution": "Queen's University", "degree_details": {"degree_name": "Doctor of Law (JD)", "dates_attended_or_expected_graduation": "2011 \u2013 2014", "field_of_study": null}}, {"institution": "The University of Hong Kong", "degree_details": {"degree_name": "Semester Abroad", "dates_attended_or_expected_graduation": "2013", "field_of_study": null}}, {"institution": "Western University", "degree_details": {"degree_name": "Bachelor of Arts Honors (BA (Hons))", "field_of_study": "English Language and Literature & American Studies", "dates_attended_or_expected_graduation": "2007 \u2013 2011"}}], "employee_name": "bmBXQRuL7d3pQT/Z*G15c9om6L5uo+I7eGjkd1w==*kvcJCKe82vVF7UF7RShIow==*VzrDlzwTDqGkKbp4T2M5AA=="}, {"experience": [{"company_name": "Kira Systems", "dates_employed": "May 2021\u2013Present", "employment_duration": "1 yr 1 mo", "location": null, "title": "Director of Engineering"}, {"company_name": "Litera", "dates_employed": "Sep 2021\u2013Present", "employment_duration": "9 mos", "location": "Toronto, Ontario, Canada", "title": "Director Of Engineering"}, {"company_name": "Kira Systems", "dates_employed": "Nov 2019\u2013May 2021", "employment_duration": "1 yr 7 mos", "location": "Toronto, Canada Area", "title": "Software Development Manager"}, {"company_name": "Renaissance Learning", "dates_employed": "Apr 2019\u2013Aug 2019", "employment_duration": "5 mos", "location": "Ontario, Canada", "title": "Tech Lead & Product Owner"}, {"company_name": "Renaissance Learning", "dates_employed": "Jun 2011\u2013Apr 2019", "employment_duration": "7 yrs 11 mos", "location": "Aurora, Ontario", "title": "Lead Software Developer (Scrum Master for period of Feb 2015 - Oct 2015)"}], "education": [{"institution": "University of Waterloo", "degree_details": {"degree_name": "B.A. Sc.", "field_of_study": "Computer Engineering with Management Science option (graduated with Honours)", "dates_attended_or_expected_graduation": "1990 \u2013 1995"}}, {"institution": "Stanford University", "degree_details": {"field_of_study": "Machine Learning", "dates_attended_or_expected_graduation": "2020 \u2013 2020", "degree_name": null}}], "employee_name": "wofeXy7xslkycZ8A0TN3*t8LoRTAgScKk7m0ZVFDVWg==*HlxomY4Cuve8c76hGep9MQ==*bUbgubyUxQgmSjevFBH3Fg=="}, {"experience": [{"company_name": "Kira Systems", "dates_employed": "Jan 2020\u2013Present", "employment_duration": "2 yrs 5 mos", "location": "Toronto, Ontario, Canada", "title": "Security Ops Manager"}, {"company_name": "Nubank", "dates_employed": "Sep 2018\u2013Apr 2019", "employment_duration": "8 mos", "location": "S\u00e3o Paulo Area, Brazil", "title": "Security Engineering Manager"}, {"company_name": "Nubank", "dates_employed": "Aug 2016\u2013Sep 2018", "employment_duration": "2 yrs 2 mos", "location": "S\u00e3o Paulo Area, Brazil", "title": "Security Engineer"}, {"company_name": "Nubank", "dates_employed": "Feb 2016\u2013Aug 2016", "employment_duration": "7 mos", "location": "S\u00e3o Paulo Area, Brazil", "title": "Software Engineer"}, {"company_name": "VAGAS.com", "dates_employed": "Aug 2014\u2013Aug 2015", "employment_duration": "1 yr 1 mo", "location": null, "title": "Software Developer"}], "education": null, "employee_name": "6br5Mg/S84jyyJK4kQ==*lf8adC5OwfMkZ8uoBBfatQ==*PIz9Us/O6sPdu5NIEhtXhQ==*boZFN/BVva6anzw5QNOQXQ=="}, {"experience": [{"company_name": "Kira Systems", "dates_employed": "Nov 2019\u2013Present", "employment_duration": "2 yrs 7 mos", "location": null, "title": "Practice Consultant"}, {"company_name": "Taylor Root", "dates_employed": "Oct 2017\u2013Nov 2019", "employment_duration": "2 yrs 2 mos", "location": null, "title": "Senior Consultant"}, {"company_name": "Olswang - (Now CMS)", "dates_employed": "Sep 2013\u2013Sep 2017", "employment_duration": "4 yrs 1 mo", "location": "London, United Kingdom", "title": "Real Estate Associate"}, {"company_name": "Blackstone Property Management", "dates_employed": "Feb 2017\u2013May 2017", "employment_duration": "4 mos", "location": "London, United Kingdom", "title": "Legal Counsel (secondee)"}, {"company_name": "BMO Real Estate Partners", "dates_employed": "Sep 2013\u2013Jul 2014", "employment_duration": "11 mos", "location": "London, United Kingdom", "title": "Legal Counsel (secondee)"}], "education": [{"institution": "BPP Law School", "degree_details": {"degree_name": "Legal Practice Course", "dates_attended_or_expected_graduation": "2010 \u2013 2011", "field_of_study": null}}, {"institution": "University of Nottingham", "degree_details": {"degree_name": "BA", "field_of_study": "Politics", "dates_attended_or_expected_graduation": "2005 \u2013 2008"}}, {"institution": "The College of Law, London", "degree_details": {"degree_name": "Graduate Diploma in Law", "dates_attended_or_expected_graduation": "2008 \u2013 2009", "field_of_study": null}}], "employee_name": "Y28/RQw+cLMd0g==*wX4yz9kntBBxVnM1M8+QBg==*2/tO/K5xNKOACz+OdCBILw==*xARq0QjFplqAzLSoqxDViA=="}, {"experience": [{"company_name": "Kira Systems", "dates_employed": "Jun 2021\u2013Present", "employment_duration": "1 yr", "location": null, "title": "Senior Quality Engineer"}, {"company_name": "Axonify", "dates_employed": "May 2019\u2013Jun 2021", "employment_duration": "2 yrs 2 mos", "location": null, "title": "Senior QA Analyst (Automation)"}, {"company_name": "BBM", "dates_employed": "Aug 2016\u2013Apr 2019", "employment_duration": "2 yrs 9 mos", "location": "Ontario, Canada", "title": "Test Automation Developer"}, {"company_name": "BlackBerry", "dates_employed": "Jun 2011\u2013Aug 2016", "employment_duration": "5 yrs 3 mos", "location": "Ontario, Canada", "title": "Software Testing Specialist"}], "education": [{"institution": "University of Waterloo", "degree_details": {"degree_name": "Master of Engineering (MEng)", "field_of_study": "Computer Software Engineering", "dates_attended_or_expected_graduation": "2009 \u2013 2011"}}, {"institution": "Northeastern University, China", "degree_details": {"degree_name": "Bachelor of Engineering (B.Eng),", "field_of_study": "Electrical and Computer Engineering", "dates_attended_or_expected_graduation": null}}], "employee_name": "VPzGoAkkbMXN2g==*kZ0WRPHJwbgzPX8OKkVyvQ==*qYNYPFDgC7vOTX7PeN9W/A==*v6KMnhQEUOok8nBofxcCiw=="}, {"experience": [{"company_name": "Kira Systems", "dates_employed": "Sep 2021\u2013Present", "employment_duration": "9 mos", "location": "Toronto, Ontario, Canada", "title": "Technical Account Manager"}, {"company_name": "SOTI", "dates_employed": "Nov 2019\u2013Sep 2021", "employment_duration": "1 yr 11 mos", "location": "Mississauga, Ontario, Canada", "title": "Enterprise Mobility Consultant | Technical Account Manager"}, {"company_name": "SOTI", "dates_employed": "Mar 2019\u2013Nov 2019", "employment_duration": "9 mos", "location": "Mississauga, Ontario, Canada", "title": "Senior Technical Support Specialist, Level 3"}, {"company_name": "SOTI", "dates_employed": "Aug 2018\u2013Mar 2019", "employment_duration": "8 mos", "location": "Mississauga, Ontario, Canada", "title": "Senior Technical Support Specialist"}, {"company_name": "SOTI", "dates_employed": "Jun 2017\u2013Aug 2018", "employment_duration": "1 yr 3 mos", "location": "Mississauga, Ontario, Canada", "title": "Technical Support Specialist"}], "education": [{"institution": "Al-Nahrain University", "degree_details": {"degree_name": "Bachelor's degree", "field_of_study": "networks engineering", "dates_attended_or_expected_graduation": "2008 \u2013 2012"}}], "employee_name": "7p4Ao4ichGJ+OzWYdhSEC3A=*JJkLptD5egl7AdWKmaZrHw==*/eQs3jGee7WPkCR3p+GR0w==*+OkhJUBQ8GKQANkZknoJlA=="}, {"experience": [{"company_name": "Kira Systems", "dates_employed": "Jan 2020\u2013Present", "employment_duration": "2 yrs 5 mos", "location": "Toronto, Ontario, Canada", "title": "Senior Software Engineer"}, {"company_name": "Lead Technologist", "dates_employed": "Jan 2018\u2013Jan 2020", "employment_duration": "2 yrs 1 mo", "location": "South Africa", "title": "Director"}, {"company_name": "Game On Coaching", "dates_employed": "May 2014\u2013Jan 2018", "employment_duration": "3 yrs 9 mos", "location": "My laptop", "title": "CTO"}, {"company_name": "Teknatic", "dates_employed": "Jun 2009\u2013Jan 2018", "employment_duration": "8 yrs 8 mos", "location": "Johannesburg Area, South Africa", "title": "General Manager"}, {"company_name": "Better Solutions", "dates_employed": "2014\u20132015", "employment_duration": "1 yr", "location": null, "title": "CTO"}], "education": [{"institution": "KES", "degree_details": {"dates_attended_or_expected_graduation": "1995 \u2013 1999", "degree_name": null, "field_of_study": null}}, {"institution": "links field", "degree_details": {"dates_attended_or_expected_graduation": "1989 \u2013 1994", "degree_name": null, "field_of_study": null}}], "employee_name": "R+QliuabFpy73O4UPvmj*G2AxQJmiPw+5ZLcYLn6JWA==*2WdshQJ3kDyKrg/kLEa72Q==*LOxBJe7ApZRSGgdLiLrbQw=="}, {"experience": [{"company_name": "Kira Systems", "dates_employed": "May 2018\u2013Present", "employment_duration": "4 yrs 1 mo", "location": "United Kingdom", "title": "Senior Performance System Administrator"}, {"company_name": "TNT Express ICS", "dates_employed": "Oct 2016\u2013Dec 2016", "employment_duration": "3 mos", "location": "Atherstone, Warwickshire", "title": "Websphere Consultant"}, {"company_name": "TNT Express ICS", "dates_employed": "Oct 2015\u2013Jan 2016", "employment_duration": "4 mos", "location": "Atherstone, Warwickshire, United Kingdom", "title": "Websphere Consultant"}, {"company_name": "TNT Express ICS", "dates_employed": "Jun 2014\u2013May 2015", "employment_duration": "1 yr", "location": "Ashby de la Zouch", "title": "Operational Test Analyst - Contractor"}, {"company_name": "TNT Express ICS", "dates_employed": "Dec 2007\u2013May 2014", "employment_duration": "6 yrs 6 mos", "location": "TNT Express ICS", "title": "Senior WebSphere and Portal Administrator"}], "education": null, "employee_name": "uxPjau3T3CU03fNwUGzO*mdDDTHJc2hasiocgv9Cv9A==*hcA1hd4rAYoWXZ/VCCsddg==*C1Hu6E5eFWt4UaeqdRFGPQ=="}, {"experience": [{"company_name": "Kira Systems", "dates_employed": "Sep 2021\u2013Present", "employment_duration": "9 mos", "location": null, "title": "Intermediate Quality Engineer"}, {"company_name": "Cayzu Help Desk Software", "dates_employed": "Nov 2016\u2013Aug 2021", "employment_duration": "4 yrs 10 mos", "location": "Windsor, Ontario, Canada", "title": "Senior QA Specialist"}, {"company_name": "Data Deposit Box", "dates_employed": "Nov 2012\u2013Jun 2016", "employment_duration": "3 yrs 8 mos", "location": "Ontario, Canada", "title": "Senior QA specialist"}, {"company_name": "\u0410\u043f\u0440\u0438\u043e\u0440\u0438\u0442", "dates_employed": "Dec 2010\u2013Oct 2012", "employment_duration": "1 yr 11 mos", "location": "Dnepropetrovsk", "title": "Test Designer"}, {"company_name": "\u0410\u043f\u0440\u0438\u043e\u0440\u0438\u0442", "dates_employed": "Jan 2008\u2013Feb 2009", "employment_duration": "1 yr 2 mos", "location": "Dnepropetrovsk", "title": "Product Specialist"}], "education": [{"institution": "Dnipropetrovsk National University", "degree_details": {"degree_name": "Bachelor's degree", "field_of_study": "Applied Mathematics faculty \u2013 Mathematical Modelling specialization", "dates_attended_or_expected_graduation": "2000 \u2013 2005"}}, {"institution": "Oleksandriiskyi Industrial College", "degree_details": {"degree_name": "Bachelor's degree", "field_of_study": "Computer Sciences \u2013 Programming for Electronic Computational Technics and Automated Systems.", "dates_attended_or_expected_graduation": "1996 \u2013 2000"}}], "employee_name": "zHBN5X6T1sJhbiwdt2lQ*PgGRcgTf2TytHY/+iY7rjg==*iAWLYuI+dwTlAZztAvftVQ==*1Ft2gyUJwz8+ogNV2D7J9g=="}, {"experience": [{"company_name": "CENX", "dates_employed": null, "employment_duration": null, "location": null, "title": "Senior Software Developer"}, {"company_name": "Kira Systems", "dates_employed": "Sep 2017\u2013Present", "employment_duration": "4 yrs 9 mos", "location": null, "title": "Software Developer"}], "education": null, "employee_name": "U+VIvAaTRYkKRCWtA7A=*lSsAXCdIbupvRItzW0ZRxQ==*JHbu3dbF1jCJZCSXcwo0Kg==*y/g7JXXo/hJC7Ihrrz2cyQ=="}, {"experience": [{"company_name": "Kira Systems", "dates_employed": "2018\u2013Present", "employment_duration": "4 yrs", "location": "Toronto, ON", "title": "Contract Administrator"}, {"company_name": "Sysomos", "dates_employed": "Jan 2015\u2013Present", "employment_duration": "7 yrs 5 mos", "location": "Toronto, ON", "title": "Certified Law Clerk"}, {"company_name": "Nasdaq", "dates_employed": "Mar 2017\u2013Jun 2017", "employment_duration": "4 mos", "location": "Toronto, Canada Area", "title": "Law Clerk"}, {"company_name": "Marketwired", "dates_employed": "Apr 2013\u2013Dec 2014", "employment_duration": "1 yr 9 mos", "location": "Toronto, ON", "title": "Law Clerk"}, {"company_name": "80 Montclair Ave., Wall Real Estate", "dates_employed": "Mar 2008\u2013Apr 2013", "employment_duration": "5 yrs 2 mos", "location": "Toronto, ON", "title": "Superintendent"}], "education": [{"institution": "Institute of Law Clerks of Ontario", "degree_details": {"degree_name": "Certificate", "dates_attended_or_expected_graduation": "2013 \u2013 2014", "field_of_study": null}}, {"institution": "University of Sofia, Bulgaria", "degree_details": {"degree_name": "Master of Law Degree", "field_of_study": "Law", "dates_attended_or_expected_graduation": "1992 \u2013 1998"}}], "employee_name": "atDUNEOH5oRRVKygjYZpTQ==*N9HH9e1Eqa/K7wNO4DDLFA==*LXhm6QjWHD2ajnQMGocrCw==*jfwDmLO50OutJZEeLDC1Bg=="}, {"experience": [{"company_name": "Kira Systems", "dates_employed": "Apr 2021\u2013Present", "employment_duration": "1 yr 2 mos", "location": "Toronto, Ontario, Canada", "title": "Knowledge Management Analyst"}, {"company_name": "Kira Systems", "dates_employed": "Mar 2019\u2013Apr 2021", "employment_duration": "2 yrs 2 mos", "location": "Toronto, Canada Area", "title": "Legal Knowledge Engineering Coordinator"}, {"company_name": "Kira Systems", "dates_employed": "Jun 2018\u2013Mar 2019", "employment_duration": "10 mos", "location": "Toronto, Canada Area", "title": "Client Support Associate"}, {"company_name": "Christie Gardens Retirement Home", "dates_employed": "Jun 2013\u2013Jun 2018", "employment_duration": "5 yrs 1 mo", "location": "Toronto, Canada Area", "title": "Front Desk Concierge"}, {"company_name": "Davies McLean Zweig", "dates_employed": "May 2017\u2013Aug 2017", "employment_duration": "4 mos", "location": "Scarborough, Ontario", "title": "Legal Assistant"}], "education": [{"institution": "Centennial College", "degree_details": {"degree_name": "Graduate Certificate", "field_of_study": "Paralegal", "dates_attended_or_expected_graduation": "2016 \u2013 2017"}}, {"institution": "Carleton University", "degree_details": {"degree_name": "Bachelor of Arts (B.A.)", "field_of_study": "Law; Minor in Drama", "dates_attended_or_expected_graduation": "2012 \u2013 2016"}}], "employee_name": "uMjRbdCo1Caar+iAHDA=*bSkifpoZpmtEKeVFOI9gxA==*pnFk52pDIi+bgcdtH6qwGA==*CXnJoWV7kRXGA9l+EkbT6g=="}, {"experience": [{"company_name": "Kira Systems", "dates_employed": "Apr 2021\u2013Present", "employment_duration": "1 yr 2 mos", "location": null, "title": "Client Support Associate"}, {"company_name": "Industrial Alliance Insurance and Financial Services", "dates_employed": "Jan 2018\u2013Apr 2021", "employment_duration": "3 yrs 4 mos", "location": "Toronto, Ontario, Canada", "title": "Sales Assistant, Group Sales"}, {"company_name": "iA Financial Group (Industrial Alliance)", "dates_employed": "Sep 2017\u2013Jan 2018", "employment_duration": "5 mos", "location": "Toronto, Canada Area", "title": "Sales Assistant Intern"}, {"company_name": "Digital Marketing Agency \"Seobility\"", "dates_employed": "Feb 2014\u2013Sep 2015", "employment_duration": "1 yr 8 mos", "location": "Belarus, Minsk", "title": "Key Account Manager"}, {"company_name": "BPS Sberbank", "dates_employed": "Feb 2013\u2013Feb 2014", "employment_duration": "1 yr 1 mo", "location": "Belarus, Minsk", "title": "Corporate Account Manager"}], "education": [{"institution": "Seneca College", "degree_details": {"field_of_study": "Marketing/Marketing Management, General", "dates_attended_or_expected_graduation": "2017 \u2013 2017", "degree_name": null}}, {"institution": "Belarusian National Technical University", "degree_details": {"degree_name": "Master's degree", "field_of_study": "Management and Economics", "dates_attended_or_expected_graduation": "2007 \u2013 2012"}}, {"institution": "Lingva+", "degree_details": {"field_of_study": "Language Interpretation and Translation", "dates_attended_or_expected_graduation": "2009 \u2013 2011", "degree_name": null}}], "employee_name": "I456ZDrTMf3X9F1s2KSLIOn8A9E4Arrh+NvQ4Rg=*Z0Fp5ELQjFg2kMp8+6rx9A==*Qpt4ke9ghRHryYu7ClVg8A==*mxMPcXr43nbQnlH+kV88sw=="}, {"experience": [{"company_name": "Kira Systems", "dates_employed": "2017\u2013Present", "employment_duration": "5 yrs", "location": "Toronto, Canada Area", "title": "Developer"}, {"company_name": "University of Waterloo", "dates_employed": "Sep 2015\u2013Dec 2015", "employment_duration": "4 mos", "location": null, "title": "Teaching Assistant"}, {"company_name": "University of Waterloo", "dates_employed": "Sep 2014\u2013Dec 2014", "employment_duration": "4 mos", "location": null, "title": "Teaching Assistant"}, {"company_name": "Security Compass", "dates_employed": "Jan 2014\u2013Apr 2014", "employment_duration": "4 mos", "location": null, "title": "Software Developer"}], "education": [{"institution": "University of Waterloo", "degree_details": {"degree_name": "Bachelor\u2019s Degree", "field_of_study": "Computer Science", "dates_attended_or_expected_graduation": "2012 \u2013 2016"}}], "employee_name": "NQzRVo9c82/ZVQN8*bTfLaaB7Pbi7RN3v6FSZ2g==*yh9li/JM3LIBK69CqXUFtA==*9HUrJvkQBNr78zlXvORfIA=="}, {"experience": [{"company_name": "Kira Systems", "dates_employed": "Mar 2019\u2013Present", "employment_duration": "3 yrs 3 mos", "location": "Toronto, Canada Area", "title": "Client Support Associate"}, {"company_name": "Starbucks", "dates_employed": "Apr 2008\u2013Mar 2019", "employment_duration": "11 yrs", "location": "Toronto, Canada Area", "title": "Shift Supervisor"}, {"company_name": "Youth Research and Evaluation eXchange", "dates_employed": "Feb 2018\u2013Dec 2018", "employment_duration": "11 mos", "location": "Toronto, Canada Area", "title": "Research Assistant"}], "education": [{"institution": "York University", "degree_details": {"degree_name": "Masters Degree, Social Work", "field_of_study": "Social Work", "dates_attended_or_expected_graduation": "2019 \u2013 2021"}}, {"institution": "York University", "degree_details": {"degree_name": "Bachelor of International Development Studies (Hons)", "dates_attended_or_expected_graduation": "2013 \u2013 2018", "field_of_study": null}}], "employee_name": "IB/bSIEFiQSQU3/6dP0=*99nz9L9l7BcAaEzQeYyd1A==*+vVdQ+vpsS366NdZ7FMcMQ==*IqGkCFzX3liPg4MtzVnhzg=="}, {"experience": [{"company_name": "Kira Systems", "dates_employed": "Oct 2021\u2013Present", "employment_duration": "8 mos", "location": "Toronto, Ontario, Canada", "title": "Client Support Associate"}, {"company_name": "Compass Group Canada", "dates_employed": "Sep 2019\u2013Sep 2021", "employment_duration": "2 yrs 1 mo", "location": "Toronto, Canada Area", "title": "Accenture - Guest Services Specialist"}, {"company_name": "Pitman Training London, EC2 and W1", "dates_employed": "Jul 2017\u2013Mar 2019", "employment_duration": "1 yr 9 mos", "location": "London, United Kingdom", "title": "Training Assistant/Exam Invigilator"}, {"company_name": "Boston Pizza International Inc", "dates_employed": "Jul 2011\u2013May 2017", "employment_duration": "5 yrs 11 mos", "location": "Ontario, Canada", "title": "Server"}], "education": [{"institution": "Pitman Training Group", "degree_details": {"field_of_study": "Adminstrative Assistant Diploma", "dates_attended_or_expected_graduation": "2017 \u2013 2019", "degree_name": null}}, {"institution": "Pitman Training Group", "degree_details": {"field_of_study": "Office IT Diploma", "dates_attended_or_expected_graduation": "2017 \u2013 2019", "degree_name": null}}, {"institution": "McMaster University", "degree_details": {"degree_name": "Bachelor's degree", "field_of_study": "Sociology", "dates_attended_or_expected_graduation": "2007 \u2013 2013"}}], "employee_name": "Xp5zhNrbfxHZrKGkUc6l3dk=*s9LBPfREee9eYHOoa0ZkTg==*JevN6tlXTftIHZVjKaeU3Q==*e39hHmVCa7kC1/ayoYj1+Q=="}, {"experience": [{"company_name": "Kira Systems", "dates_employed": "Jun 2017\u2013Present", "employment_duration": "5 yrs", "location": "Toronto, Canada Area", "title": "Machine Learning Engineer"}, {"company_name": "University of Strathclyde", "dates_employed": "Sep 2014\u2013Jun 2017", "employment_duration": "2 yrs 10 mos", "location": "Glasgow, United Kingdom", "title": "Student"}, {"company_name": "University of Strathclyde", "dates_employed": "May 2016\u2013Aug 2016", "employment_duration": "4 mos", "location": "Glasgow, United Kingdom", "title": "Research Internship"}], "education": [{"institution": "University of Strathclyde", "degree_details": {"degree_name": "Bachelor\u2019s Degree", "field_of_study": "Electrical and Electronics Engineering", "dates_attended_or_expected_graduation": "2014 \u2013 2017"}}], "employee_name": "wmaAMzrH0nlv5GKZj32oNfE=*tPKTqjbKZgmjUH8+G+9lmA==*XPWjLDsH2vNcZlkWc0eKxQ==*OefuT7Qdi5EOSAfglLnJBg=="}, {"experience": null, "education": null, "employee_name": "515wdSMvUQ//0sqUYWw1*kG9FoQ7U4eU7phfaC6cCTg==*VW80FOcGXh0HARD4SB09Rw==*cp2+4UXPDtpMHDk3z6Mb4A=="}, {"experience": null, "education": null, "employee_name": "a6vU/G1M1vHD7Fr+MWpn*h6qQKC4FoUbsBgTJ9F5EyA==*dtmsQfV3tIZaH0J5vz1EQg==*UgmPDCl8+MaKDBqposHUzw=="}, {"experience": [{"company_name": "Kira Systems", "dates_employed": "Jul 2021\u2013Present", "employment_duration": "11 mos", "location": "Toronto, Ontario, Canada", "title": "Junior Accountant"}], "education": [{"institution": "Sacred Heart University", "degree_details": {"degree_name": "Bachelor of Science - BS", "field_of_study": "Accounting", "dates_attended_or_expected_graduation": "2017 \u2013 2021"}}], "employee_name": "zYXlcj3ttjoEpBjF+b/DjQ==*Py1fIXh3GZ8ENPMsELu9bQ==*3xls2pmlXwQzFpfhHbXN6Q==*yqNTAd3XedTtndMMKdfRgg=="}, {"experience": null, "education": null, "employee_name": "Ke3EHEhg7cQ6yrm0oj4f*JtkC+CwjmbTZ/hEFPnVJXA==*y9zkMmZ/s64pbRHf2JM2vg==*L4x/GiYtgNHjPV2MJ31aGg=="}, {"experience": null, "education": null, "employee_name": "5N0+W0D1lkDA4AGtcUE5*tqSNWNZMGJ7YeYOcEw6iPg==*7m30ig4oQR3Rz2iE95RRLQ==*dvdkMru5UNwNTJ5HR3BRDQ=="}, {"experience": null, "education": null, "employee_name": "T6xdgwrw50oX8OmdPzGr*Za3T0GjjzSAw6xSpmGNe/A==*L7dH63S3DETwFB5NUaIcDg==*u0ctkTiMvoYkbS+VbiTwvw=="}, {"experience": null, "education": null, "employee_name": "0lUDrjwqvPOVhPnook+y*P1CYfa7JmiEm6ErouCUm9g==*nRITRa6QancsoCY+LWfZVA==*ZG7KIJv04kCt9T581fpl0A=="}, {"experience": null, "education": null, "employee_name": "jRirH8/cM6T2Ml5Uz6K8*Remxvr/8l5nEUi38CIo0cg==*55aWPgrYN8UbcEU10p0I8w==*DIprlvi8FtUSWxSeSNJdmg=="}, {"experience": null, "education": null, "employee_name": "RgoE9cZUbIymvskIiRG5*vEr6vKQDQf8Rm9DEEpY1bQ==*b0jJ7vu/71PV8Up4O01TLw==*4ZaMlRol19Wda/KOmEmzZg=="}, {"experience": null, "education": null, "employee_name": "2GYLSMbv+0QWxOsUSWrL*6Tys6fdp5mQ8oHQ8olUGRw==*U5b6CAtTl2hq/1LlpMD3qw==*6I7HXn6w+p2R5XEktfndRw=="}, {"experience": null, "education": null, "employee_name": "b5vQ7gGZM9ZRRJUsnCR+*4gAIsAfxVewW1d/ZgDLpsg==*9sD9Y5jWg7M7hvXSqSm/wQ==*DaIPRsVm8EIkHbVvOY1X1g=="}, {"experience": [{"company_name": "Kira Inc.", "dates_employed": "Jan 2015\u2013Present", "employment_duration": "7 yrs 5 mos", "location": "Remote", "title": "Principal Software Developer"}, {"company_name": "Component Management Software, Inc.", "dates_employed": "2002\u20132016", "employment_duration": "14 yrs", "location": null, "title": "Owner"}, {"company_name": "Nokia/Microsoft", "dates_employed": "2009\u20132014", "employment_duration": "5 yrs", "location": "Remotely from Vermont", "title": "Senior Software Engineer"}, {"company_name": "Dataupia", "dates_employed": "Jun 2006\u2013May 2009", "employment_duration": "3 yrs", "location": "Remotely from Massachusetts.", "title": "Principal Software Engineer"}, {"company_name": "Content Integrity, Inc", "dates_employed": "1999\u20132001", "employment_duration": "2 yrs", "location": null, "title": "CTO, VP Development"}], "education": [{"institution": "Boston University", "degree_details": {"degree_name": "MA", "field_of_study": "Computer Science", "dates_attended_or_expected_graduation": "1979 \u2013 1988"}}, {"institution": "Boston University", "degree_details": {"degree_name": "BA", "field_of_study": "Computer Science", "dates_attended_or_expected_graduation": "1983"}}], "employee_name": "WlFQGj00sWosbA==*TRJVoI+aMGtWuYsbtj3E3A==*0snQpvdE34FownkfImE/OA==*3hfWXTUbj4XTm3M/FvKnTA=="}, {"experience": [{"company_name": "Kira Inc.", "dates_employed": "Mar 2019\u2013Present", "employment_duration": "3 yrs 3 mos", "location": "Toronto, Canada Area", "title": "Senior Director, Legal"}, {"company_name": "Blueprint Software Systems", "dates_employed": "Oct 2017\u2013Sep 2018", "employment_duration": "1 yr", "location": "Toronto, Canada Area", "title": "VP, Legal"}, {"company_name": "Shari Pinkus", "dates_employed": "May 2017\u2013Oct 2017", "employment_duration": "6 mos", "location": null, "title": "Senior Legal Counsel"}, {"company_name": "Vision Critical Communications Inc.", "dates_employed": "May 2013\u2013May 2017", "employment_duration": "4 yrs 1 mo", "location": "Toronto", "title": "Director, Legal Services"}, {"company_name": "Varicent Software Incorporated", "dates_employed": "Jan 2010\u2013Apr 2013", "employment_duration": "3 yrs 4 mos", "location": null, "title": "Senior Legal Counsel"}], "education": [{"institution": "Western University", "degree_details": {"degree_name": "LL.B.", "field_of_study": "Law", "dates_attended_or_expected_graduation": "1993 \u2013 1996"}}, {"institution": "York University - Osgoode Hall Law School", "degree_details": {"dates_attended_or_expected_graduation": null, "degree_name": null, "field_of_study": null}}], "employee_name": "xiFOULVHIqZjvqM1*NtlNRsoDpzZD9yVRIF0qMA==*27RNsNWRpZJOu5n+JTUqiw==*hFYeVbxuUJC6qqRtzPyVMQ=="}, {"experience": [{"company_name": "Kira Systems", "dates_employed": "Aug 2021\u2013Present", "employment_duration": "10 mos", "location": "Toronto, Ontario, Canada", "title": "Customer Success Manager"}], "education": null, "employee_name": "e8BwNim537EoLkestg==*4KIkWp3SKnHT+SxQyNgaNQ==*lkFcqweK1+pr3sT+y3s1ig==*FUs0A8vIp4xzLCkThM1wYQ=="}, {"experience": [{"company_name": "Kira Systems", "dates_employed": "Jan 2020\u2013Present", "employment_duration": "2 yrs 5 mos", "location": null, "title": "Software Developer"}, {"company_name": "Kenzan", "dates_employed": "Jan 2017\u2013Dec 2019", "employment_duration": "3 yrs", "location": null, "title": "Technical Architect"}, {"company_name": "Lissome Software", "dates_employed": "2008\u2013Dec 2018", "employment_duration": "10 yrs", "location": null, "title": "Owner"}, {"company_name": "Kenzan", "dates_employed": "Feb 2014\u2013Jan 2017", "employment_duration": "3 yrs", "location": null, "title": "Jr Technical Architect"}, {"company_name": "Kenzan", "dates_employed": "Jul 2013\u2013Feb 2014", "employment_duration": "8 mos", "location": null, "title": "Front End Team Lead"}], "education": [{"institution": "Vassar College", "degree_details": {"degree_name": "Bachelor of Arts (BA)", "field_of_study": "English Language and Literature/Letters", "dates_attended_or_expected_graduation": null}}], "employee_name": "9XtO8PzFT9e1X3xeIdqQLfrs*0VqeXkAk7hAgFDeIuSY/bQ==*0RO7ReMa2UZgkqjie/iwcw==*jLm3RYXSiHMazWL+sjGfCg=="}, {"experience": [{"company_name": "Kira Systems", "dates_employed": "May 2017\u2013Present", "employment_duration": "5 yrs 1 mo", "location": "Toronto, Canada Area", "title": "Lead Product Technical Writer"}, {"company_name": "Pitney Bowes", "dates_employed": "2008\u20132017", "employment_duration": "9 yrs", "location": "Toronto, Canada Area", "title": "Advisory Technical Writer"}, {"company_name": "Pitney Bowes/MapInfo", "dates_employed": "2004\u20132008", "employment_duration": "4 yrs", "location": "Toronto, Canada Area", "title": "Senior Technical Writer"}, {"company_name": "MapInfo", "dates_employed": "2001\u20132004", "employment_duration": "3 yrs", "location": "Toronto, Canada Area", "title": "QA/Technical Writer"}, {"company_name": "Grand River Conservation Authority", "dates_employed": "2000\u20132001", "employment_duration": "1 yr", "location": "Cambridge, Ontario, Canada", "title": "GIS Analyst"}], "education": [{"institution": "University of Waterloo", "degree_details": {"degree_name": "Bachelor\u2019s Degree", "field_of_study": "Geographic Information Science and Cartography, Environmental Assessment, Information Technology", "dates_attended_or_expected_graduation": "1995 \u2013 2000"}}], "employee_name": "wVRE0KfMudl10f6Jbag=*X+yUZPkDZnkEg8NdXVEdeA==*1YiEntQ/WprnFaUJ60NUoA==*1XSAKEIkfKRZFE5BPzlwqQ=="}, {"experience": [{"company_name": "Agiloft", "dates_employed": "Jan 2022\u2013Present", "employment_duration": "5 mos", "location": "Greater Tampa Bay Area", "title": "Senior Legal Knowledge Engineer (Product)"}, {"company_name": "Kira Systems", "dates_employed": "2018\u2013Present", "employment_duration": "4 yrs", "location": "Tampa, Florida, United States", "title": "Knowledge Engineer (Banking & Finance)"}, {"company_name": "Berea College", "dates_employed": "2013\u20132017", "employment_duration": "4 yrs", "location": "Berea, Kentucky, United States", "title": "Assistant Professor, Economics and Business"}, {"company_name": "Steptoe & Johnson PLLC", "dates_employed": "2006\u20132012", "employment_duration": "6 yrs", "location": "Lexington, Kentucky, United States", "title": "Attorney"}, {"company_name": "Kimberly-Clark", "dates_employed": "2001\u20132002", "employment_duration": "1 yr", "location": "Knoxville, Tennessee, United States", "title": "Senior Financial Reporting Specialist"}], "education": [{"institution": "University of Florida", "degree_details": {"degree_name": "Master of Laws - LLM", "field_of_study": "Taxation", "dates_attended_or_expected_graduation": "2007 \u2013 2008"}}, {"institution": "University of Tennessee, Knoxville", "degree_details": {"degree_name": "Doctor of Law - JD", "field_of_study": "Law", "dates_attended_or_expected_graduation": "2002 \u2013 2005"}}, {"institution": "University of Tennessee, Knoxville", "degree_details": {"degree_name": "M.Acc.", "field_of_study": "Accounting", "dates_attended_or_expected_graduation": "1999 \u2013 2000"}}], "employee_name": "d/ew8jZ3GFOgbgY9t6Ro5Q==*TKzAGVNcmCzPHxKaTHYBcA==*Ti7M0mnJDrwmeOIB/T5VUA==*yh+Ya2GO5olsFQmETalkCw=="}, {"experience": [{"company_name": "Kira Systems", "dates_employed": "Jul 2021\u2013Present", "employment_duration": "11 mos", "location": "Toronto, Ontario, Canada", "title": "Business Development Team Lead"}, {"company_name": "Kira Systems", "dates_employed": "Jan 2020\u2013Present", "employment_duration": "2 yrs 5 mos", "location": "Toronto, Canada", "title": "Business Development Representative"}, {"company_name": "PTC Recruiting", "dates_employed": "Oct 2019\u2013Jan 2020", "employment_duration": "4 mos", "location": "Toronto, Ontario", "title": "Business Development Manager"}, {"company_name": "FDM Group", "dates_employed": "Jan 2019\u2013Oct 2019", "employment_duration": "10 mos", "location": "Toronto, Canada Area", "title": "Account Executive"}, {"company_name": "FDM Group", "dates_employed": "Aug 2018\u2013Jan 2019", "employment_duration": "6 mos", "location": null, "title": "Recruitment Consultant"}], "education": null, "employee_name": "OCHHhiB8FdvIe9mB/y8fzTnm*JGOwTc0uMPDq6HwAN2ma7g==*THUFL7XUXl9gPo5g+A9ZZQ==*imcMIxzSaUb+dpKXAd6H8A=="}, {"experience": [{"company_name": "Kira Systems", "dates_employed": "Feb 2018\u2013Present", "employment_duration": "4 yrs 4 mos", "location": null, "title": "Senior Software Quality Engineer"}, {"company_name": "Blueprint Software Systems", "dates_employed": "Dec 2015\u2013Feb 2018", "employment_duration": "2 yrs 3 mos", "location": "Toronto, Ontario, Canada", "title": "Senior Test Automation Engineer"}, {"company_name": "CGI", "dates_employed": "Jan 2014\u2013Dec 2015", "employment_duration": "2 yrs", "location": "Toronto, Canada Area", "title": "Senior Test Engineer"}, {"company_name": "EVault", "dates_employed": "Apr 2013\u2013Jan 2014", "employment_duration": "10 mos", "location": "Toronto, Canada Area", "title": "Automation Test Engineer"}, {"company_name": "Genesys", "dates_employed": "Oct 2012\u2013Apr 2013", "employment_duration": "7 mos", "location": "Toronto, Canada Area", "title": "Senior Performance Test Analyst"}], "education": [{"institution": "McMaster University", "degree_details": {"degree_name": "Combined Honours Economics and Computer Science", "field_of_study": "Economics, Computer Science", "dates_attended_or_expected_graduation": "2001 \u2013 2006"}}], "employee_name": "+4vr6sURbJ8=*iffloX8daQfIuGxIrrzwbg==*EQXns9+N9Xaug4IPZxA/tA==*Mt0QytMwZ8St8K+t1vaV6A=="}, {"experience": [{"company_name": "Kira Systems", "dates_employed": "Nov 2018\u2013Present", "employment_duration": "3 yrs 7 mos", "location": null, "title": "Legal Knowledge Engineering Manager"}, {"company_name": "Torys LLP", "dates_employed": "Sep 2015\u2013Oct 2018", "employment_duration": "3 yrs 2 mos", "location": null, "title": "Associate"}, {"company_name": "Torys LLP", "dates_employed": "Aug 2014\u2013Jun 2015", "employment_duration": "11 mos", "location": "Toronto, Canada Area", "title": "Student at Law"}, {"company_name": "Torys LLP", "dates_employed": "May 2013\u2013Aug 2013", "employment_duration": "4 mos", "location": "Toronto, Canada Area", "title": "Student at Law"}, {"company_name": "Aall & Co. Ltd.", "dates_employed": "Jun 2009\u2013Aug 2011", "employment_duration": "2 yrs 3 mos", "location": "Cayman Islands", "title": "General Manager and Acting Chief Financial Officer"}], "education": [{"institution": "Dalhousie University", "degree_details": {"degree_name": "Bachelor of Arts - BA", "dates_attended_or_expected_graduation": null, "field_of_study": null}}, {"institution": "Ivey Business School at Western University", "degree_details": {"degree_name": "Master of Business Administration - MBA", "dates_attended_or_expected_graduation": null, "field_of_study": null}}, {"institution": "Western University", "degree_details": {"degree_name": "Doctor of Law - JD", "dates_attended_or_expected_graduation": null, "field_of_study": null}}], "employee_name": "VdtzfTWkMZg2Hw==*K8MxWVeNUmhlQo543827Xw==*fgW65soreaSrxcfhoh3/pg==*59krES7CrrPVmB9mFAIntA=="}, {"experience": [{"company_name": "Kira Systems", "dates_employed": "Feb 2020\u2013Present", "employment_duration": "2 yrs 4 mos", "location": "Toronto, Ontario, Canada", "title": "Technical Product Writer"}, {"company_name": "Index Exchange", "dates_employed": "Dec 2017\u2013Feb 2020", "employment_duration": "2 yrs 3 mos", "location": "Toronto, Canada Area", "title": "Senior Technical Writer"}, {"company_name": "Informatica", "dates_employed": "Mar 2014\u2013Nov 2017", "employment_duration": "3 yrs 9 mos", "location": "Toronto, Canada Area", "title": "Senior Technical Writer"}, {"company_name": "ADP Dealer Services", "dates_employed": "Jul 2004\u2013Jan 2014", "employment_duration": "9 yrs 7 mos", "location": "Toronto, Canada Area", "title": "Technical Writer"}, {"company_name": "SourceSkills Ltd.", "dates_employed": "Apr 2002\u2013Jul 2004", "employment_duration": "2 yrs 4 mos", "location": "Dublin, Ireland", "title": "Technical Writer"}], "education": [{"institution": "University College Dublin", "degree_details": {"degree_name": "Bachelor's Degree", "field_of_study": "English and History", "dates_attended_or_expected_graduation": null}}, {"institution": "University College Dublin", "degree_details": {"degree_name": "Master's Degree", "field_of_study": "Modern English", "dates_attended_or_expected_graduation": null}}, {"institution": "Michael Smurfit Business College", "degree_details": {"degree_name": "Diploma in Business Studies", "dates_attended_or_expected_graduation": null, "field_of_study": null}}], "employee_name": "lKkKeGNmDsEqxN4=*jtGfDVfBuQIi2lyI4DkbxA==*hfMfEMg9mxrdb+S4kQIe/A==*NQDK/aA7TnCozZxq2QVcwQ=="}, {"experience": [{"company_name": "Kira Systems", "dates_employed": "Nov 2018\u2013Present", "employment_duration": "3 yrs 7 mos", "location": "Edmonton, Canada Area", "title": "Principal Software Developer"}, {"company_name": "Home", "dates_employed": "Apr 2007\u2013Present", "employment_duration": "15 yrs 2 mos", "location": "Home", "title": "Free Software Developer"}, {"company_name": "ATB Financial", "dates_employed": "Jan 2018\u2013Nov 2018", "employment_duration": "11 mos", "location": "Edmonton, Canada Area", "title": "Senior Developer"}, {"company_name": "Dell EMC", "dates_employed": "Jul 2010\u2013Jan 2018", "employment_duration": "7 yrs 7 mos", "location": "Edmonton", "title": "Principal Software Engineer"}, {"company_name": "ADGA Group", "dates_employed": "Sep 2007\u2013Jun 2010", "employment_duration": "2 yrs 10 mos", "location": "Home", "title": "Programmer/Analyst"}], "education": [{"institution": "University of Alberta", "degree_details": {"degree_name": "M.Sc.", "field_of_study": "Robotics", "dates_attended_or_expected_graduation": "2000 \u2013 2003"}}, {"institution": "University of Guelph", "degree_details": {"degree_name": "B.Sc.", "field_of_study": "Engineering Systems & Computing", "dates_attended_or_expected_graduation": "1995 \u2013 1999"}}], "employee_name": "Nnka3omDCRxP9PFabGTJVUk=*ZHM6OTQBlQBYxV5dypdOsA==*KxT9+ShkbOJ8V5dNVW89kQ==*9qe42NDr230rIMjmW/HTpg=="}, {"experience": [{"company_name": "Kira Systems", "dates_employed": "Apr 2021\u2013Present", "employment_duration": "1 yr 2 mos", "location": "Toronto, Ontario, Canada", "title": "Technical Account Manager"}, {"company_name": "Kira Systems", "dates_employed": "Jun 2019\u2013Apr 2021", "employment_duration": "1 yr 11 mos", "location": "Toronto, Canada Area", "title": "Technical Support Associate"}, {"company_name": "Construction", "dates_employed": "May 2017\u2013Jun 2019", "employment_duration": "2 yrs 2 mos", "location": "Toronto, Canada Area", "title": "Property Management Assistant"}, {"company_name": "Freelance", "dates_employed": "Nov 2015\u2013Jun 2019", "employment_duration": "3 yrs 8 mos", "location": "Toronto, Canada Area", "title": "IT Consulting"}, {"company_name": "altis Human Resources (Altis HR)", "dates_employed": "Nov 2014\u2013Nov 2015", "employment_duration": "1 yr 1 mo", "location": "Toronto, Canada Area", "title": "Data Entry Specialist"}], "education": [{"institution": "Seneca College", "degree_details": {"degree_name": "Diploma", "field_of_study": "Computer Networking and Technical Support", "dates_attended_or_expected_graduation": "2017 \u2013 2019"}}, {"institution": "St. Patrick's Comprehensive School, Shannon, Clare, Ireland", "degree_details": {"degree_name": "High School", "field_of_study": "Leaving Certificate", "dates_attended_or_expected_graduation": "1999 \u2013 2004"}}], "employee_name": "kayC4/3oHzGZj8N1zRM=*++omBcIXAp2E8YJcXdRWwQ==*6bYSkg1iYbHCk67L27lUbg==*OzO6LE6uE+Jn1T7lM8nBsg=="}, {"experience": [{"company_name": "Kira Systems", "dates_employed": "Jan 2020\u2013Present", "employment_duration": "2 yrs 5 mos", "location": "Toronto, Ontario, Canada", "title": "Software Developer"}, {"company_name": "Kira Systems", "dates_employed": "Apr 2018\u2013Aug 2020", "employment_duration": "2 yrs 5 mos", "location": null, "title": "Quality Engineer"}, {"company_name": "ScribbleLive", "dates_employed": "Dec 2016\u2013Apr 2018", "employment_duration": "1 yr 5 mos", "location": "Toronto, Ontario, Canada", "title": "QA Engineer"}, {"company_name": "TunnelBear Inc.", "dates_employed": "May 2015\u2013Oct 2016", "employment_duration": "1 yr 6 mos", "location": "Toronto, Canada Area", "title": "QA Engineer and Tech Support Bear"}, {"company_name": "JAYU", "dates_employed": "Jan 2015\u2013Aug 2016", "employment_duration": "1 yr 8 mos", "location": "Toronto, Canada Area", "title": "Director of Project Management"}], "education": [{"institution": "University of Toronto", "degree_details": {"degree_name": "Hon. B.Sc.", "field_of_study": "Astrophysics", "dates_attended_or_expected_graduation": "2009 \u2013 2013"}}, {"institution": "Chonbuk National University", "degree_details": {"degree_name": "Bachelor of Science (B.Sc.)", "field_of_study": "Physics", "dates_attended_or_expected_graduation": "2006 \u2013 2008"}}], "employee_name": "IBPiOQyy40Y3KXBz*ouVmLhFv5MNfgNdcVSfACg==*nYZJNONBfufUJai/4V74lA==*tkwTCa/GAmXmzWfuZjLzOg=="}, {"experience": [{"company_name": "Kira Systems", "dates_employed": "Jan 2018\u2013Present", "employment_duration": "4 yrs 5 mos", "location": "Toronto, Canada Area", "title": "Senior Software Engineer"}, {"company_name": "ScribbleLive", "dates_employed": "Oct 2016\u2013Jan 2018", "employment_duration": "1 yr 4 mos", "location": "Toronto, Canada Area", "title": "Software Engineer"}, {"company_name": "GALE Partners", "dates_employed": "Jun 2015\u2013Oct 2016", "employment_duration": "1 yr 5 mos", "location": "Toronto, Canada Area", "title": "Associate Full Stack Developer"}, {"company_name": "GALE Partners", "dates_employed": "Jan 2015\u2013Jun 2015", "employment_duration": "6 mos", "location": "Toronto, Canada Area", "title": "Jr. Full Stack Developer"}], "education": [{"institution": "HackerYou", "degree_details": {"degree_name": "Front-End Development Professional", "field_of_study": "Web Development", "dates_attended_or_expected_graduation": "2014 \u2013 2014"}}, {"institution": "Nipissing University", "degree_details": {"degree_name": "BEd", "field_of_study": "Education", "dates_attended_or_expected_graduation": "2010 \u2013 2011"}}, {"institution": "Trent University", "degree_details": {"degree_name": "B.A. Honours", "field_of_study": "History", "dates_attended_or_expected_graduation": "2006 \u2013 2010"}}], "employee_name": "i1PqzOVSkKkjDfNq2xtVTeZRUQ==*L7KAO0CMHXEf2w9gmfT5KA==*4XUxtYHRoNt448QFxlFaog==*9xpeCL5xghstYuYfgQ6Y4w=="}, {"experience": [{"company_name": "Kira Systems", "dates_employed": "Aug 2021\u2013Present", "employment_duration": "10 mos", "location": null, "title": "Buisness Development Representative"}], "education": [{"institution": "Penn State University", "degree_details": {"degree_name": "Communication Arts and Sciences", "dates_attended_or_expected_graduation": "2017 \u2013 2021", "field_of_study": null}}], "employee_name": "ep11Ssyf9JDnlYQ9cSWQ*fLtjuzm0TQe2eq1Of4VoeQ==*EKIEK5L7qZQNqOUprN3b/g==*6Auf5ebtQJJ3PoVlUZctVw=="}, {"experience": [{"company_name": "Kira Systems", "dates_employed": "2021\u2013Present", "employment_duration": "1 yr", "location": "Toronto, Ontario, Canada", "title": "DevOps Specialist"}, {"company_name": "TradeRev", "dates_employed": "2018\u20132020", "employment_duration": "2 yrs", "location": null, "title": "DevOps Engineer / Site Reliability Engineer"}, {"company_name": "TradeRev", "dates_employed": "2016\u20132018", "employment_duration": "2 yrs", "location": null, "title": "System Administrator / Analyst"}, {"company_name": "Softwood Technology Inc", "dates_employed": "2015\u20132016", "employment_duration": "1 yr", "location": null, "title": "Network and System Engineer"}, {"company_name": "QA Consultants", "dates_employed": "2011\u20132014", "employment_duration": "3 yrs", "location": "Toronto, Canada Area", "title": "QA Analyst"}], "education": [{"institution": "Seneca College", "degree_details": {"degree_name": "Diploma", "field_of_study": "Computer Network & Technical Support", "dates_attended_or_expected_graduation": null}}], "employee_name": "162WLdM1dg==*/OnJwsHcvTzLOzvQAAiI4w==*wQ14bOHQ5qvDVBqrx4RGMg==*F+tiEdhfYtssZq7DBEBdPw=="}, {"experience": [{"company_name": "Chubb", "dates_employed": "Jul 2021\u2013Present", "employment_duration": "11 mos", "location": "Toronto, Ontario, Canada", "title": "Legal Counsel"}, {"company_name": "Kira Systems", "dates_employed": "Apr 2017\u2013Present", "employment_duration": "5 yrs 2 mos", "location": "Toronto, Canada Area", "title": "Contractor - Legal Knowledge Engineering"}, {"company_name": "Intact", "dates_employed": "Aug 2018\u2013Jul 2021", "employment_duration": "3 yrs", "location": "Toronto, Canada Area", "title": "Legal Counsel"}, {"company_name": "Intact", "dates_employed": "Aug 2017\u2013Jun 2018", "employment_duration": "11 mos", "location": null, "title": "Articling Student"}, {"company_name": "Coachman Insurance Company", "dates_employed": "May 2016\u2013Sep 2016", "employment_duration": "5 mos", "location": "Toronto, Canada Area", "title": "Summer Law Student"}], "education": [{"institution": "York University - Osgoode Hall Law School", "degree_details": {"degree_name": "Doctor of Law - JD", "dates_attended_or_expected_graduation": null, "field_of_study": null}}, {"institution": "Humber College", "degree_details": {"degree_name": "Post-graduate", "field_of_study": "Journalism", "dates_attended_or_expected_graduation": null}}, {"institution": "University of Waterloo", "degree_details": {"degree_name": "Bachelor of Arts - BA", "field_of_study": "English Language and Literature/Letters", "dates_attended_or_expected_graduation": null}}], "employee_name": "AaD5G5ZmuL4=*eJ7lwYeJY5+gdNZWuKrB2A==*UIx4J4w1GNxHRnuhyK2iFw==*G8VTxvdavJ+2mIzzD3HYUA=="}, {"experience": null, "education": null, "employee_name": "rsKTkM5JWghvG6beNFKH*Bz0gPc8uNhZUAyKICJD0iQ==*xtnMqs0JHEjDQfzz4VIpDQ==*DOVEjoeGjf+/bmZPLUGL4Q=="}, {"experience": [{"company_name": "Kira Systems", "dates_employed": "Jan 2022\u2013Present", "employment_duration": "5 mos", "location": "Toronto, Ontario, Canada", "title": "Interim Client Support Lead"}, {"company_name": "k9 Concierge Midtown", "dates_employed": "Nov 2017\u2013Present", "employment_duration": "4 yrs 7 mos", "location": "Toronto, Canada Area", "title": "Owner"}, {"company_name": "Kira Systems", "dates_employed": "Feb 2018\u2013Jan 2022", "employment_duration": "4 yrs", "location": "Toronto, Ontario, Canada", "title": "CSA"}, {"company_name": "TD", "dates_employed": "Apr 2014\u2013Sep 2016", "employment_duration": "2 yrs 6 mos", "location": "GTA", "title": "FSR"}, {"company_name": "Starbucks", "dates_employed": "Nov 2011\u2013Apr 2016", "employment_duration": "4 yrs 6 mos", "location": null, "title": "Barista"}], "education": [{"institution": "Columbia University in the City of New York", "degree_details": {"degree_name": "Research Doctorate", "field_of_study": "Biophysics", "dates_attended_or_expected_graduation": "2000 \u2013 2006"}}, {"institution": "Ryerson University", "degree_details": {"degree_name": "Bachelor of Science (BSc)", "field_of_study": "Registered Nursing, Nursing Administration, Nursing Research and Clinical Nursing", "dates_attended_or_expected_graduation": "1997 \u2013 2000"}}, {"institution": "The University of Western Ontario", "degree_details": {"degree_name": "Master's degree", "field_of_study": "Biophysics", "dates_attended_or_expected_graduation": "1988 \u2013 1992"}}], "employee_name": "0XsCtubjhAvPrw==*/jlizlTiqaWoAr/D4KbHnw==*IlUfUZFizLsNrNxmcSvQag==*8KXvMnT1N0Ig6+MjQ1zkrA=="}, {"experience": [{"company_name": "Kira Systems", "dates_employed": "Jun 2019\u2013Present", "employment_duration": "3 yrs", "location": null, "title": "Legal Knowledge Engineering"}, {"company_name": "ABC.D TurF Ltd.", "dates_employed": "Oct 2016\u2013Aug 2019", "employment_duration": "2 yrs 11 mos", "location": "Vancouver, British Columbia", "title": "Shareholder"}, {"company_name": "ABC.D TurF Ltd.", "dates_employed": "May 2016\u2013Jun 2018", "employment_duration": "2 yrs 2 mos", "location": "Vancouver, Canada", "title": "VP Business Development and Finance"}, {"company_name": "Scott & Down LLP", "dates_employed": "2011\u2013Mar 2015", "employment_duration": "4 yrs", "location": "Toronto, Canada", "title": "Partner"}, {"company_name": "Office of the Honourable Harinder S. Takhar, Minister of Government Services", "dates_employed": "May 2010\u2013Jun 2011", "employment_duration": "1 yr 2 mos", "location": "Toronto, Canada Area", "title": "Senior Policy Advisor"}], "education": [{"institution": "The University of British Columbia", "degree_details": {"degree_name": "LL.B", "field_of_study": "Law", "dates_attended_or_expected_graduation": "2004 \u2013 2007"}}, {"institution": "University of Toronto", "degree_details": {"degree_name": "H.B.A", "field_of_study": "Economics, Economic History", "dates_attended_or_expected_graduation": "1999 \u2013 2004"}}], "employee_name": "/3+GGr8F0tZEFQ==*kTq2nq58NJaEgH0ShS43uA==*87Teouq2W3lPqfd1a6ULlQ==*VmpASp/0mWkbyxFDgKIkVg=="}, {"experience": [{"company_name": "Kira Systems", "dates_employed": "Oct 2021\u2013Present", "employment_duration": "8 mos", "location": "Toronto, Ontario, Canada", "title": "Senior Quality Engineer"}, {"company_name": "Oracle", "dates_employed": "Apr 2018\u2013Oct 2021", "employment_duration": "3 yrs 7 mos", "location": "Toronto, Canada Area", "title": "Software Developer In Test"}, {"company_name": "Maxiprosoft", "dates_employed": "Oct 2010\u2013Sep 2017", "employment_duration": "7 yrs", "location": "Minsk, Belarus", "title": "QA Engineer"}, {"company_name": "Belarusian Hydrometeorological Center", "dates_employed": "Jan 2008\u2013Jul 2010", "employment_duration": "2 yrs 7 mos", "location": "Minsk, Belarus", "title": "Software Engineer"}], "education": [{"institution": "Belarusian State University of Informatics and Radioelectronics", "degree_details": {"degree_name": "Master's degree", "field_of_study": "Information Technology", "dates_attended_or_expected_graduation": "2003 \u2013 2008"}}], "employee_name": "P3eYjAJ+uH4gCOkQ*5zlC6mSJh/EgwNq0e+wM/g==*hjLDeF6vRpLLjLsQbFUfIw==*PgTZHe8nGBkQg7pJlgn4qg=="}, {"experience": [{"company_name": "Kira Systems", "dates_employed": "May 2020\u2013Present", "employment_duration": "2 yrs 1 mo", "location": null, "title": "Client Support Associate"}, {"company_name": "HSBC", "dates_employed": "Aug 2018\u2013May 2020", "employment_duration": "1 yr 10 mos", "location": "Leeds, United Kingdom", "title": "Customer Service Advisor"}], "education": [{"institution": "University of Leeds", "degree_details": {"degree_name": "Bachelor of Laws", "field_of_study": "LLB Law", "dates_attended_or_expected_graduation": "2017 \u2013 2020"}}, {"institution": "Greenhead College", "degree_details": {"field_of_study": "A-Levels", "dates_attended_or_expected_graduation": "2015 \u2013 2017", "degree_name": null}}], "employee_name": "fbPma6uR0jXc/0s7*ro5iGpPX8ZxV6QpGUrvEqw==*UTtnEPrPcVXAJox1R4bjdw==*qxhsDb3oY4GikA2kEWzZGA=="}, {"experience": [{"company_name": "Kira Systems", "dates_employed": "Dec 2019\u2013Present", "employment_duration": "2 yrs 6 mos", "location": "Toronto, Canada Area", "title": "Software Developer"}, {"company_name": "https://github.com/dawranliou", "dates_employed": "Jul 2019\u2013Dec 2019", "employment_duration": "6 mos", "location": null, "title": "Free/Libre and Open Source Software Developer"}, {"company_name": "KLA", "dates_employed": "Dec 2013\u2013Jun 2019", "employment_duration": "5 yrs 7 mos", "location": "San Francisco Bay Area", "title": "Software Engineer"}], "education": [{"institution": "Cornell University", "degree_details": {"degree_name": "Master of Engineering (MEng)", "field_of_study": "Mechanical Engineering", "dates_attended_or_expected_graduation": "2012 \u2013 2013"}}, {"institution": "National Taiwan University", "degree_details": {"degree_name": "Bachelor of Science (BS)", "field_of_study": "Mechanical Engineering", "dates_attended_or_expected_graduation": "2007 \u2013 2011"}}], "employee_name": "eByJbja0sc1EiubC*37TdOErOzZ6WHH0hlAYxRA==*Zpz0lZdXoQ+dUmrpqFAhMQ==*jK7WVuUC8VrCeMIgt+k6BQ=="}, {"experience": [{"company_name": "Kira Systems", "dates_employed": "Apr 2021\u2013Present", "employment_duration": "1 yr 2 mos", "location": "Toronto, Canada", "title": "Senior Graphic Designer"}, {"company_name": "linh-trinh.com", "dates_employed": "Jun 2017\u2013Present", "employment_duration": "5 yrs", "location": "Toronto, Canada", "title": "Brand Designer"}, {"company_name": "Kira Systems", "dates_employed": "Mar 2019\u2013Apr 2021", "employment_duration": "2 yrs 2 mos", "location": "Toronto, Canada", "title": "Graphic Designer"}, {"company_name": "Ecopark Group", "dates_employed": "Feb 2015\u2013Jun 2017", "employment_duration": "2 yrs 5 mos", "location": "Vietnam", "title": "Brand Development Specialist"}, {"company_name": "Bratus Agency", "dates_employed": "Sep 2015\u2013Feb 2016", "employment_duration": "6 mos", "location": "Vietnam", "title": "Junior Brand Consultant"}], "education": [{"institution": "University of East Anglia", "degree_details": {"degree_name": "Master of Science (MSc)", "field_of_study": "Brand Leadership", "dates_attended_or_expected_graduation": "2013 \u2013 2014"}}, {"institution": "RMIT University Vietnam", "degree_details": {"degree_name": "Bachelor", "field_of_study": "Commerce", "dates_attended_or_expected_graduation": "2008 \u2013 2010"}}, {"institution": "FPT Arena Multimedia", "degree_details": {"degree_name": "Diploma", "field_of_study": "Multimedia", "dates_attended_or_expected_graduation": "2010 \u2013 2012"}}], "employee_name": "To+ymZq1la/qXQ==*bC+aEOz/OlijcQ86wTuiUQ==*c1CWPdYvAxQxqayoEk5sOA==*gw4b4IdahBUzps1GgWnY+Q=="}, {"experience": [{"company_name": "Zuva", "dates_employed": "Sep 2021\u2013Present", "employment_duration": "9 mos", "location": "Toronto, Ontario, Canada", "title": "Software Engineer"}, {"company_name": "Kira Systems", "dates_employed": "Jun 2021\u2013Present", "employment_duration": "1 yr", "location": null, "title": "Senior Software Engineer"}, {"company_name": "NetNumber", "dates_employed": "Mar 2020\u2013May 2021", "employment_duration": "1 yr 3 mos", "location": "Toronto, Ontario, Canada", "title": "Software Engineer II"}, {"company_name": "CIBC", "dates_employed": "Feb 2019\u2013Mar 2020", "employment_duration": "1 yr 2 mos", "location": "Toronto, Canada Area", "title": "Senior Application Developer"}, {"company_name": "Index Exchange", "dates_employed": "Oct 2017\u2013Jan 2019", "employment_duration": "1 yr 4 mos", "location": "Toronto, Canada Area", "title": "Service Engineer"}], "education": [{"institution": "Brock University", "degree_details": {"degree_name": "Bachelor\u2019s Degree", "field_of_study": "Computer Science", "dates_attended_or_expected_graduation": "2010 \u2013 2015"}}], "employee_name": "zxyjBfYWrltPi5eAHC12vg==*gyhu7XmqsX7RJx1YLLSvUg==*wTbJ9rjD25WlXCoC9GaD+g==*zQXBYi6tehYTjdNwJbN6oQ=="}]