[{"experience": [{"company_name": "Falkonry", "dates_employed": "Sep 2012\u2013Present", "employment_duration": "9 yrs 9 mos", "location": "Cupertino, California, United States", "title": "Founder and CEO"}, {"company_name": "Industry 4.0 Club", "dates_employed": "Feb 2021\u2013Present", "employment_duration": "1 yr 4 mos", "location": "Everywhere", "title": "Co-Founder"}, {"company_name": "Future Jain Leadership Program", "dates_employed": "Aug 2019\u2013Present", "employment_duration": "2 yrs 10 mos", "location": null, "title": "Advisor and Instructor"}, {"company_name": "C3.ai", "dates_employed": "Apr 2012\u2013Sep 2012", "employment_duration": "6 mos", "location": "San Francisco Bay Area", "title": "Vice President, Customer Success"}, {"company_name": "C3.ai", "dates_employed": "Jan 2010\u2013Mar 2012", "employment_duration": "2 yrs 3 mos", "location": "San Mateo", "title": "Application Architect"}], "education": [{"institution": "University of Southern California", "degree_details": {"degree_name": "Ph D", "field_of_study": "Computer Science", "dates_attended_or_expected_graduation": "2000 \u2013 2004"}}, {"institution": "University of Southern California", "degree_details": {"degree_name": "M. S.", "field_of_study": "Computer Science", "dates_attended_or_expected_graduation": "1998 \u2013 1999"}}, {"institution": "University of Mumbai", "degree_details": {"degree_name": "B. E.", "field_of_study": "Computer Engineering", "dates_attended_or_expected_graduation": "1992 \u2013 1997"}}], "employee_name": "E0K1YM0FYe0e7Usb*oKS0P0I2PAGMU1oEUfWHrQ==*Ex0Vi/dVuIgmG81WTCfpyA==*WQ/HRcs6Tdw0qmPwtV1wLQ=="}, {"experience": [{"company_name": "Smarsh", "dates_employed": "Jan 2021\u2013Present", "employment_duration": "1 yr 5 mos", "location": "New York, United States", "title": "Chief Analytics Officer"}, {"company_name": "Falkonry", "dates_employed": "Jun 2014\u2013Present", "employment_duration": "8 yrs", "location": "Santa Clara", "title": "Advisor"}, {"company_name": "Digital Reasoning", "dates_employed": "Aug 2017\u2013Dec 2020", "employment_duration": "3 yrs 5 mos", "location": "Greater Nashville Area, TN", "title": "Chief Analytics Officer"}, {"company_name": "BAE Systems Applied Intelligence", "dates_employed": "Aug 2015\u2013Aug 2017", "employment_duration": "2 yrs 1 mo", "location": null, "title": "Chief Data Scientist"}, {"company_name": "BAE Systems Applied Intelligence", "dates_employed": "Feb 2014\u2013Jul 2015", "employment_duration": "1 yr 6 mos", "location": "Washington D.C. Metro Area", "title": "Senior Architect, Analytics Practice Head Americas"}], "education": [{"institution": "George Mason University", "degree_details": {"degree_name": "Ph.D", "field_of_study": "Computer Science", "dates_attended_or_expected_graduation": "2008 \u2013 2013"}}, {"institution": "University of North Carolina at Charlotte", "degree_details": {"degree_name": "MS", "field_of_study": "Computer Science", "dates_attended_or_expected_graduation": "1997 \u2013 1999"}}, {"institution": "University of Mumbai", "degree_details": {"degree_name": "B.E", "field_of_study": "Electronics", "dates_attended_or_expected_graduation": "1992 \u2013 1996"}}], "employee_name": "GMqe4Bc3SESOftIl1AFirMHh*12g24glJXVPMMpEKLkXTCw==*wHRDznObk53h4XjNzgpqLw==*ogroIq9XIbXKVUM/S828qQ=="}, {"experience": [{"company_name": "Falkonry", "dates_employed": "Sep 2015\u2013Present", "employment_duration": "6 yrs 9 mos", "location": "Sunnyvale, California, United States", "title": "SVP Enterprise BU Falkonry"}, {"company_name": "EasyNDA", "dates_employed": "Sep 2013\u2013Present", "employment_duration": "8 yrs 9 mos", "location": "Palo Alto, CA", "title": "Chief Executive Officer"}, {"company_name": "SparkLabs - Global Accelerator", "dates_employed": "Aug 2012\u2013Present", "employment_duration": "9 yrs 10 mos", "location": "Palo Alto, CA", "title": "Mentor"}, {"company_name": "Alianza", "dates_employed": "Jul 2011\u2013Dec 2015", "employment_duration": "4 yrs 6 mos", "location": "Lindon, UT", "title": "Member Board of Directors"}, {"company_name": "The Sure Chill Company", "dates_employed": "Mar 2015\u2013Sep 2015", "employment_duration": "7 mos", "location": "Palo Alto, CA", "title": "Strategic Advisor"}], "education": [{"institution": "Duke University - The Fuqua School of Business", "degree_details": {"degree_name": "MBA", "field_of_study": "Business Administration", "dates_attended_or_expected_graduation": "1990 \u2013 1992"}}, {"institution": "Bettis Reactor Engineering School", "degree_details": {"degree_name": "MS", "field_of_study": "Nuclear Engineering", "dates_attended_or_expected_graduation": "1984 \u2013 1984"}}, {"institution": "Duke University", "degree_details": {"degree_name": "BSEE", "field_of_study": "Electrical Engineering", "dates_attended_or_expected_graduation": "1979 \u2013 1983"}}], "employee_name": "2lCYXIABnTB7n6/6*wPT9la0CNgSq/A/ono7VGw==*uOWfP8GGRZoIAhLULypX2w==*1Y/d3mSTCp61jezQBcQYIA=="}, {"experience": [{"company_name": "Falkonry", "dates_employed": "Apr 2018\u2013Present", "employment_duration": "4 yrs 2 mos", "location": "Mumbai, Maharashtra, India", "title": "Director Of Engineering"}, {"company_name": "Zapati Private Limited", "dates_employed": "Apr 2016\u2013Present", "employment_duration": "6 yrs 2 mos", "location": "Udaipur Area, India", "title": "Co Founder"}, {"company_name": "UdaipurTalents", "dates_employed": "Jun 2011\u2013Present", "employment_duration": "11 yrs", "location": "Udaipur Area, India", "title": "Founder"}, {"company_name": "Lakecity Tutors Private Limited", "dates_employed": "Jun 2017\u2013Jan 2020", "employment_duration": "2 yrs 8 mos", "location": "Udaipur Area, India", "title": "Advisor"}, {"company_name": "Falkonry", "dates_employed": "Apr 2016\u2013Apr 2018", "employment_duration": "2 yrs 1 mo", "location": "United States", "title": "Principal Engineer"}], "education": [{"institution": "College of Technology and Engineering, Udaipur", "degree_details": {"degree_name": "Bachelor of Engineering (BEng)", "field_of_study": "Computer Science", "dates_attended_or_expected_graduation": "2009 \u2013 2013"}}, {"institution": "Central Public Sr. Sec. School", "degree_details": {"degree_name": "Indian School Certificate (ISC)", "field_of_study": "Science-Maths", "dates_attended_or_expected_graduation": "2002 \u2013 2009"}}], "employee_name": "E4jmDqpavGkBUUc=*w6H6wG5HvXj8reQSxqka9A==*q4EKHN156mYUhCEDTVVtlQ==*oZM3HpZ0J8gnpffrEOOIzw=="}, {"experience": [{"company_name": "Falkonry", "dates_employed": "Mar 2019\u2013Present", "employment_duration": "3 yrs 3 mos", "location": "Mumbai", "title": "Head of Marketing"}, {"company_name": "Samsung Mobile", "dates_employed": "Dec 2014\u2013Feb 2019", "employment_duration": "4 yrs 3 mos", "location": "Suwon, Gyeonggi-do, Korea", "title": "Marketing Manager, Mobile Enterprise Business"}, {"company_name": "Samsung Mobile", "dates_employed": "Jun 2013\u2013Dec 2014", "employment_duration": "1 yr 7 mos", "location": "Suwon, Gyeonggi-do, Korea", "title": "Global Account Manager, Mobile Enterprise Business"}, {"company_name": "Groupon", "dates_employed": "Jul 2012\u2013Aug 2012", "employment_duration": "2 mos", "location": "London, United Kingdom", "title": "Strategy Consultant"}, {"company_name": "Tesco PLC", "dates_employed": "2011\u20132012", "employment_duration": "1 yr", "location": "United Kingdom", "title": "Solution Designer, International Business Technology"}], "education": [{"institution": "INSEAD", "degree_details": {"degree_name": "Master of Business Administration (MBA)", "dates_attended_or_expected_graduation": "2012 \u2013 2012", "field_of_study": null}}, {"institution": "B. M. S. College of Engineering", "degree_details": {"degree_name": "Bachelor of Engineering", "field_of_study": "Computer Science and Engineering", "dates_attended_or_expected_graduation": "2001 \u2013 2005"}}, {"institution": "Mayo College", "degree_details": {"degree_name": "Indian School Certificate (A & O level equivalent)", "dates_attended_or_expected_graduation": "1993 \u2013 2001", "field_of_study": null}}], "employee_name": "3puR84XVdr3VzauDdw==*gQAW9jJ0SJkiWjIldaIvOA==*5Q21nkcLVkEyExhwAmOHQQ==*DZKlroYgJOkzgGEkFEBaKw=="}, {"experience": [{"company_name": "Falkonry", "dates_employed": "Oct 2021\u2013Present", "employment_duration": "8 mos", "location": "Cupertino, California", "title": "Chief Product Officer"}, {"company_name": "SageCMO", "dates_employed": "Oct 2019\u2013Present", "employment_duration": "2 yrs 8 mos", "location": "San Francisco Bay Area", "title": "CEO | Business Plans | Marketing Plans | Messaging | Strategic Deliverables | CEO Advisory"}, {"company_name": "Parsable", "dates_employed": "Feb 2017\u2013Sep 2019", "employment_duration": "2 yrs 8 mos", "location": "San Francisco, California", "title": "CMO | Manufacturing | B2B | SaaS | High-Growth | Venture | Marketing Built from Scratch"}, {"company_name": "Nomis Solutions", "dates_employed": "Apr 2015\u2013Jan 2017", "employment_duration": "1 yr 10 mos", "location": "Silicon Valley, California", "title": "CMO | B2B | SaaS | Fintech | Restart | Re-build | Re-Message | Prep for Sale"}, {"company_name": "Kaybus", "dates_employed": "May 2014\u2013Feb 2015", "employment_duration": "10 mos", "location": "San Francisco, Ca", "title": "Vice President Marketing | B2B | Saas | Knowledge Mgmt | Idea Stage Series A | Build Mktg"}], "education": [{"institution": "Northwestern University - Kellogg School of Management", "degree_details": {"degree_name": "<Candidate> Chief Product Officer Program (2021-2022)", "field_of_study": "Product Leadership", "dates_attended_or_expected_graduation": "2021"}}, {"institution": "University of Michigan - Stephen M. Ross School of Business", "degree_details": {"degree_name": "MBA", "field_of_study": "Strategy, eCommerce, Marketing, New Venture Management", "dates_attended_or_expected_graduation": null}}, {"institution": "University of California, Davis", "degree_details": {"degree_name": "BA", "field_of_study": "International Relations - World Trade", "dates_attended_or_expected_graduation": null}}], "employee_name": "5xns1dPscPuu1k9PXQ==*YQswfrFzbG6w8qLEtlB2IQ==*8gECUiZqV4Sc2YvRrCsF5g==*jmWWdONxG0IuCwx3ZF0xpw=="}, {"experience": [{"company_name": "Falkonry", "dates_employed": "Oct 2019\u2013Present", "employment_duration": "2 yrs 8 mos", "location": "Sunnyvale", "title": "Machine Learning Software Engineer"}, {"company_name": "University of Southern California", "dates_employed": "Aug 2018\u2013Dec 2018", "employment_duration": "5 mos", "location": "United States", "title": "Directed Research Assistant"}, {"company_name": "AAVARTAN, NIT Raipur", "dates_employed": "Apr 2016\u2013May 2017", "employment_duration": "1 yr 2 mos", "location": null, "title": "Head Coordinator at Technocracy"}, {"company_name": "IIT Madras Research Park", "dates_employed": "May 2016\u2013Jul 2016", "employment_duration": "3 mos", "location": "India", "title": "Research Intern at Healthcare Technology Innovation Center"}], "education": [{"institution": "University of Southern California", "degree_details": {"degree_name": "Master of Science - MS", "field_of_study": "Electrical Engineering(Machine Learning,Pattern Recognition and Artificial Intelligence)", "dates_attended_or_expected_graduation": "2017 \u2013 2019"}}, {"institution": "National Institute of Technology Raipur", "degree_details": {"degree_name": "Bachelor\u2019s Degree", "field_of_study": "Electronics and Telecommunication", "dates_attended_or_expected_graduation": "2013 \u2013 2017"}}], "employee_name": "5iCLl9R/E6cGlJnVcpeM7yqiVE4=*kGzD72rmUAkajJ3rrFV6vA==*PdukD1flRPEZvfXz2Y6O2g==*FydmqhoIlLe3hlKbTfzSog=="}, {"experience": [{"company_name": "Falkonry", "dates_employed": "May 2021\u2013Present", "employment_duration": "1 yr 1 mo", "location": "Mumbai, Maharashtra, India", "title": "Senior Marketing Manager"}, {"company_name": "Indian Institute of Management Ahmedabad", "dates_employed": "Oct 2020\u2013Apr 2021", "employment_duration": "7 mos", "location": "Ahmadabad, Gujarat, India", "title": "Placement Coordinator"}, {"company_name": "CGG", "dates_employed": "Feb 2013\u2013Oct 2019", "employment_duration": "6 yrs 9 mos", "location": "Offshore Worldwide", "title": "Geoscience Specialist"}, {"company_name": "CGG", "dates_employed": "Jun 2010\u2013Jan 2013", "employment_duration": "2 yrs 8 mos", "location": "Assen, Netherland", "title": "Project Leader / Geophysicist"}, {"company_name": "CGGVeritas", "dates_employed": "Jun 2007\u2013May 2010", "employment_duration": "3 yrs", "location": "Mumbai, India", "title": "Geophysicist"}], "education": [{"institution": "Indian Institute of Management Ahmedabad", "degree_details": {"degree_name": "MBA-PGPX", "dates_attended_or_expected_graduation": "2020 \u2013 2021", "field_of_study": null}}, {"institution": "Indian Institute of Technology, Roorkee", "degree_details": {"degree_name": "Master of Science (M.Sc.)", "field_of_study": "Physics", "dates_attended_or_expected_graduation": "2005 \u2013 2007"}}, {"institution": "Delhi University", "degree_details": {"degree_name": "Bachelor of Science (B.Sc.)", "field_of_study": "Physics", "dates_attended_or_expected_graduation": "2003 \u2013 2005"}}], "employee_name": "cIfrF/wthtmwNKnnFQWX2w==*aXzeqfoFEPGGx2hqCMjJ+Q==*UvU6su4c5W9N1lGR8z2uPA==*LzuBDRpY6dzjMZBVewhoLw=="}, {"experience": [{"company_name": "Falkonry", "dates_employed": "Jan 2018\u2013Present", "employment_duration": "4 yrs 5 mos", "location": null, "title": "CTO"}, {"company_name": "Guidewire Software", "dates_employed": "Mar 2016\u2013Present", "employment_duration": "6 yrs 3 mos", "location": null, "title": "Chief Architect, Data and Analytics"}, {"company_name": "Maverix Biomics", "dates_employed": "Aug 2012\u2013Dec 2015", "employment_duration": "3 yrs 5 mos", "location": "San Mateo, CA", "title": "Director of Engineering"}, {"company_name": "ServiceSource", "dates_employed": "2012\u20132012", "employment_duration": "less than a year", "location": null, "title": "Principal Architect"}, {"company_name": "C3 IoT", "dates_employed": "Feb 2009\u2013Aug 2011", "employment_duration": "2 yrs 7 mos", "location": null, "title": "Architect"}], "education": [{"institution": "University of Chicago", "degree_details": {"degree_name": "A.B.", "field_of_study": "Mathematics", "dates_attended_or_expected_graduation": "1991 \u2013 1995"}}], "employee_name": "KiWhqLBVYIf5pw==*nRPmNOP8oBInS7DPO6pKNA==*G02ywAoeWs3DRisKQUI5xw==*lcZ88Sc7oeowQ3w14zYZQg=="}, {"experience": [{"company_name": "Arihanta Academy", "dates_employed": "Sep 2021\u2013Present", "employment_duration": "9 mos", "location": "San Francisco Bay Area", "title": "Chief Executive Officer & Founder"}, {"company_name": "Falkonry", "dates_employed": "Jan 2013\u2013Present", "employment_duration": "9 yrs 5 mos", "location": "Santa Clara, California", "title": "Member Board of Directors"}, {"company_name": "OpsHub, Inc.", "dates_employed": "Apr 2007\u2013Present", "employment_duration": "15 yrs 2 mos", "location": "Palo Alto, CA", "title": "Member Board of Directors"}, {"company_name": "Armor Defense Inc.", "dates_employed": "Jan 2015\u2013Dec 2016", "employment_duration": "2 yrs", "location": "Dallas/Fort Worth Area", "title": "Member Board of Directors"}, {"company_name": "RedSeal Systems", "dates_employed": "Mar 2011\u2013Feb 2014", "employment_duration": "3 yrs", "location": null, "title": "President & CEO"}], "education": [{"institution": "University of Illinois Urbana-Champaign", "degree_details": {"degree_name": "Ph.D.", "field_of_study": "Nuclear Engineering", "dates_attended_or_expected_graduation": "1977 \u2013 1981"}}, {"institution": "University of Cincinnati", "degree_details": {"degree_name": "MS", "field_of_study": "Nuclear Engineering", "dates_attended_or_expected_graduation": "1975 \u2013 1976"}}, {"institution": "Indian Institute of Science (IISc)", "degree_details": {"degree_name": "BS", "field_of_study": "EE", "dates_attended_or_expected_graduation": "1972 \u2013 1975"}}], "employee_name": "mZfshl+j5q5S8l7b*xSwR7hmwD8ZgRwNQLDoNIQ==*D74m7uu6CYtDmek7ArANJg==*2lPLPbOs3VF3/Il6/5QKTw=="}, {"experience": [{"company_name": "About Product", "dates_employed": "Jan 2021\u2013Present", "employment_duration": "1 yr 5 mos", "location": "Santa Clara, California, United States", "title": "Mentor, Coach"}, {"company_name": "Falkonry", "dates_employed": "Mar 2018\u2013Present", "employment_duration": "4 yrs 3 mos", "location": "Sunnyvale, California", "title": "Investor / Director, Product Management"}, {"company_name": "Jain Angels", "dates_employed": "Jan 2013\u2013Dec 2020", "employment_duration": "8 yrs", "location": "Santa Clara, California", "title": "Angel Investor / Founder"}, {"company_name": "Product School", "dates_employed": "Oct 2017\u2013Dec 2019", "employment_duration": "2 yrs 3 mos", "location": "Santa Clara, CA", "title": "Lead PM Instructor / Featured Speaker"}, {"company_name": "Hourmony Inc", "dates_employed": "Sep 2016\u2013Aug 2018", "employment_duration": "2 yrs", "location": "Silicon Valley", "title": "Investor / Co-Founder / Chief Product Officer"}], "education": [{"institution": "Stanford University", "degree_details": {"degree_name": "Professional Certificate", "field_of_study": "Innovation & Enterpreneurship", "dates_attended_or_expected_graduation": "2015 \u2013 2017"}}, {"institution": "Santa Clara University Leavey School of Business", "degree_details": {"degree_name": "MBA", "field_of_study": "International Business, Food & Agribusiness", "dates_attended_or_expected_graduation": "2007 \u2013 2012"}}, {"institution": "University of Southern California", "degree_details": {"degree_name": "MS", "field_of_study": "Computer Science", "dates_attended_or_expected_graduation": "2003 \u2013 2004"}}], "employee_name": "HmlEt54Jq5jlAVg=*1wfYTQGdMQOrHCnhwPt+yg==*KwHGvS+1PKLDEWZEcGlCEw==*3faor3nqFKKsIk5AXGA/2w=="}, {"experience": [{"company_name": "Next47", "dates_employed": "Mar 2017\u2013Present", "employment_duration": "5 yrs 3 mos", "location": "Palo Alto", "title": "Partner"}, {"company_name": "confidential", "dates_employed": "Sep 2021\u2013Present", "employment_duration": "9 mos", "location": "California, United States", "title": "Investor - Field Service Management Startup"}, {"company_name": "confidential Robotics Startup", "dates_employed": "Mar 2021\u2013Present", "employment_duration": "1 yr 3 mos", "location": "United States", "title": "Investor - Robotics Startup"}, {"company_name": "Citrine Informatics", "dates_employed": "Jul 2019\u2013Present", "employment_duration": "2 yrs 11 mos", "location": null, "title": "Investor"}, {"company_name": "Falkonry", "dates_employed": "Jun 2018\u2013Present", "employment_duration": "4 yrs", "location": null, "title": "Investor"}], "education": [{"institution": "Cornell University", "degree_details": {"degree_name": "Doctor of Philosophy - PhD", "field_of_study": "Physics", "dates_attended_or_expected_graduation": null}}, {"institution": "University of Strathclyde", "degree_details": {"degree_name": "Master of Philosophy - MPhil", "field_of_study": "Physics", "dates_attended_or_expected_graduation": null}}, {"institution": "University of Virginia", "degree_details": {"degree_name": "Bachelor of Science - BS", "field_of_study": "Physics", "dates_attended_or_expected_graduation": null}}], "employee_name": "/QqaGys8w6YYZZI=*IzZLG9tMtH/D29dGCna2eQ==*Ckg+AsvYAoVBdjh9RAC8aA==*maVwR9o29DCSiSeS2QKI+w=="}, {"experience": [{"company_name": "Falkonry", "dates_employed": "Mar 2022\u2013Present", "employment_duration": "3 mos", "location": "Winter Springs, Florida, United States", "title": "Artificial Intelligence Specialist/Account Manager"}, {"company_name": "Peter Schwoerer Consulting LLC", "dates_employed": "Apr 2013\u2013Present", "employment_duration": "9 yrs 2 mos", "location": "Winter Springs, FL", "title": "Owner- Providing Sales and Technical Consulting"}, {"company_name": "CMES Robotics Inc", "dates_employed": "Nov 2020\u2013Mar 2022", "employment_duration": "1 yr 5 mos", "location": "Seattle, Washington, United States", "title": "Vice President Of Business Development - Contract"}, {"company_name": "Aptean", "dates_employed": "Jun 2015\u2013Dec 2019", "employment_duration": "4 yrs 7 mos", "location": "Winter Springs, FL", "title": "North American Manager - OPTIWARE, Acquired by Aptean"}, {"company_name": "RF Code", "dates_employed": "Jan 2012\u2013Apr 2013", "employment_duration": "1 yr 4 mos", "location": "Winter Springs, FL", "title": "Southeast Regional Director"}], "education": [{"institution": "University of Cincinnati", "degree_details": {"degree_name": "BS", "field_of_study": "Chemical Engineering", "dates_attended_or_expected_graduation": "1982 \u2013 1984"}}, {"institution": "City College of Chicago - Overseas Div.", "degree_details": {"field_of_study": "General Undergraduate Course Work", "dates_attended_or_expected_graduation": "1980 \u2013 1982", "degree_name": null}}, {"institution": "University of Maryland - Overseas Div.", "degree_details": {"field_of_study": "General Undergraduate Course Work", "dates_attended_or_expected_graduation": "1980 \u2013 1982", "degree_name": null}}], "employee_name": "1erxScB0DRvflWTEtAnI*CoQY2YL23eqYir/sMuiKRw==*eHuhuyJSVGiuP5OFTpuXdw==*2Aqt/gbLMVX1NlE7KpgB+A=="}, {"experience": [{"company_name": "Falkonry", "dates_employed": "May 2021\u2013Present", "employment_duration": "1 yr 1 mo", "location": "Mumbai, Maharashtra, India", "title": "Senior Manager"}, {"company_name": "Indian Institute of Management Ahmedabad", "dates_employed": "May 2020\u2013Apr 2021", "employment_duration": "1 yr", "location": "Ahmedabad, Gujarat", "title": "MBA Student"}, {"company_name": "UBS", "dates_employed": "Apr 2019\u2013Mar 2020", "employment_duration": "1 yr", "location": "Pune, Maharashtra, India", "title": "Associate Director Of Technology"}, {"company_name": "Indian Navy", "dates_employed": "Apr 2017\u2013Dec 2018", "employment_duration": "1 yr 9 mos", "location": "Kerala, India", "title": "Senior Delivery Manager"}, {"company_name": "Indian Navy", "dates_employed": "Apr 2016\u2013Apr 2017", "employment_duration": "1 yr 1 mo", "location": "India", "title": "Senior Engineering Manager"}], "education": [{"institution": "Indian Institute of Management Ahmedabad", "degree_details": {"degree_name": "Master of Business Administration - MBA", "field_of_study": "Business Administration and Management, General", "dates_attended_or_expected_graduation": "2020 \u2013 2021"}}, {"institution": "Cochin University of Science and Technology", "degree_details": {"degree_name": "Master of Technology (M.Tech.)", "field_of_study": "Aeronautics", "dates_attended_or_expected_graduation": "2011 \u2013 2013"}}, {"institution": "Indian Institute of Management Ahmedabad", "degree_details": {"degree_name": "Armed Forces Program Certification", "field_of_study": "Business/Commerce, General", "dates_attended_or_expected_graduation": "2018 \u2013 2019"}}], "employee_name": "KzhO20CaAj/bblSwGYHzsw==*RQldLon7fW9v9C5jSI5/qg==*UK2iyufPiBp5wGGOEnasQA==*Z6It7kRQv0+cHVueOlnCtw=="}, {"experience": [{"company_name": "MedaSystems, Inc.", "dates_employed": "Mar 2021\u2013Present", "employment_duration": "1 yr 3 mos", "location": "Redwood City, California, United States", "title": "Chairman"}, {"company_name": "various tech companies", "dates_employed": "Jan 2007\u2013Present", "employment_duration": "15 yrs 5 mos", "location": null, "title": "Consultant and Advisor"}, {"company_name": "Fintel Technologies", "dates_employed": "Apr 2014\u2013Present", "employment_duration": "8 yrs 2 mos", "location": "New York City", "title": "Advisor"}, {"company_name": "www.recvue.com", "dates_employed": "Jan 2017\u2013Present", "employment_duration": "5 yrs 5 mos", "location": "San Francisco Bay Area", "title": "Advisor"}, {"company_name": "Falkonry", "dates_employed": "Jan 2015\u2013Present", "employment_duration": "7 yrs 5 mos", "location": "Santa Clara", "title": "Investor"}], "education": [{"institution": "Stanford University Graduate School of Business", "degree_details": {"degree_name": "MBA", "dates_attended_or_expected_graduation": "1965 \u2013 1967", "field_of_study": null}}, {"institution": "Massachusetts Institute of Technology", "degree_details": {"degree_name": "S.B", "field_of_study": "Course XV (Industrial Management)", "dates_attended_or_expected_graduation": "1961 \u2013 1965"}}], "employee_name": "ohB1yHWVU7Q=*sq6JCtw5TwoqxvN3w4wDBg==*0D0L10rfTVSZ9c/79/IYLg==*q362phapxG5MTXYTIaKeEQ=="}, {"experience": [{"company_name": "Falkonry", "dates_employed": "Feb 2021\u2013Present", "employment_duration": "1 yr 4 mos", "location": null, "title": "Senior Marketing Specialist"}, {"company_name": "SoGoSurvey", "dates_employed": "Oct 2016\u2013Feb 2021", "employment_duration": "4 yrs 5 mos", "location": null, "title": "Marketing Manager"}, {"company_name": "SoGoSurvey", "dates_employed": "Aug 2012\u2013Oct 2016", "employment_duration": "4 yrs 3 mos", "location": "Mumbai Metropolitan Region", "title": "Product Manager"}, {"company_name": "Tridat Technologies Pvt. Ltd.", "dates_employed": "2011\u20132012", "employment_duration": "1 yr", "location": "Mumbai Metropolitan Region", "title": "XML Integrator"}], "education": [{"institution": "G.H. Raisoni Education & Medical Foundations G.H. Raisoni Institute of Engineering & Technology,Pune", "degree_details": {"degree_name": "Bachelor\u2019s Degree", "field_of_study": "Information Technology", "dates_attended_or_expected_graduation": "2007 \u2013 2011"}}], "employee_name": "q2endLdemIhzZwJdvknO8g==*t3UqnIc/B27hrxPMzw02gA==*PB0yv3KxJu6bjuOVBwqD8w==*rJlh31awtg3uqVCS7ybkyQ=="}, {"experience": [{"company_name": "Zetta Venture Partners", "dates_employed": "2013\u2013Present", "employment_duration": "9 yrs", "location": "San Francisco, Ca.", "title": "Managing Director"}, {"company_name": "Massachusetts Institute of Technology", "dates_employed": "2001\u2013Present", "employment_duration": "21 yrs", "location": "Cambridge, Massachusetts", "title": "Trustee"}, {"company_name": "Bryj.ai", "dates_employed": "2014\u2013Present", "employment_duration": "8 yrs", "location": "San Francisco Bay Area", "title": "Director"}, {"company_name": "Domino Data Lab", "dates_employed": "2015\u2013Present", "employment_duration": "7 yrs", "location": "San Francisco Bay Area", "title": "Director"}, {"company_name": "EnsoData", "dates_employed": "May 2020\u2013Present", "employment_duration": "2 yrs 1 mo", "location": "Madison, Wisconsin, United States", "title": "Director"}], "education": [{"institution": "Massachusetts Institute of Technology", "degree_details": {"degree_name": "Bachelor of Science (BS)", "field_of_study": "Electrical and Electronics Engineering", "dates_attended_or_expected_graduation": "1972 \u2013 1976"}}, {"institution": "Stanford University", "degree_details": {"degree_name": "Master of Science (MSc)", "field_of_study": "Engineering Management", "dates_attended_or_expected_graduation": "1983 \u2013 1984"}}, {"institution": "University of Minnesota", "degree_details": {"degree_name": "Master of Science (MS)", "field_of_study": "Electrical and Electronics Engineering", "dates_attended_or_expected_graduation": "1976 \u2013 1979"}}], "employee_name": "cYCsXNiGdQ9f4RP1GXY=*yr5W3v8YKh0TsmQFOFHk5w==*dYb1xZ3sxCESS15JrXom0Q==*f/lIJ0jn2TwE+av/mZzYag=="}, {"experience": [{"company_name": "Falkonry", "dates_employed": "Jan 2017\u2013Present", "employment_duration": "5 yrs 5 mos", "location": "Sunnyvale", "title": "Senior Manager Business Operations"}, {"company_name": "Falkonry", "dates_employed": "Apr 2013\u2013Jan 2017", "employment_duration": "3 yrs 10 mos", "location": "Santa Clara, CA", "title": "Associate Business Analyst"}, {"company_name": "Foothill College", "dates_employed": "Feb 2011\u20132013", "employment_duration": "2 yrs", "location": "Los Altos, CA", "title": "Transfer Admission Advisor"}, {"company_name": "De Anza College", "dates_employed": "Jan 2009\u2013Mar 2009", "employment_duration": "3 mos", "location": "Cupertino, CA", "title": "Teaching Assistant"}, {"company_name": "University of Southern California", "dates_employed": "Sep 2003\u2013May 2004", "employment_duration": "9 mos", "location": null, "title": "Graduate Assistant Advisor"}], "education": [{"institution": "University of Southern California", "degree_details": {"degree_name": "M. S. Ed.", "field_of_study": "Education Administration", "dates_attended_or_expected_graduation": "2001 \u2013 2003"}}, {"institution": "Mohanlal Sukhadia University", "degree_details": {"degree_name": "M. A.", "field_of_study": "Public Administration", "dates_attended_or_expected_graduation": "1995 \u2013 2000"}}], "employee_name": "gPGQdc0v5MsRD69XBfQ=*TzA9fK1vtWdY2uG0X/2flw==*AlE/5N6kmDtAfv5L6NdHFg==*R0P4vj+igtom/SFYN/0QZw=="}, {"experience": [{"company_name": "Falkonry", "dates_employed": "Jan 2021\u2013Present", "employment_duration": "1 yr 5 mos", "location": "Sunnyvale, California, United States", "title": "Product Manager"}, {"company_name": "Falkonry", "dates_employed": "Mar 2019\u2013Jan 2021", "employment_duration": "1 yr 11 mos", "location": "San Francisco Bay Area", "title": "ML Application Engineer - Customer Success"}, {"company_name": "Falkonry", "dates_employed": "Jul 2018\u2013Feb 2019", "employment_duration": "8 mos", "location": "San Francisco Bay Area", "title": "Technical Support Engineer"}, {"company_name": "University of Maryland College Park", "dates_employed": "Oct 2017\u2013May 2018", "employment_duration": "8 mos", "location": "United States", "title": "Graduate Assistant - Quest Forward Coordinator"}, {"company_name": "BAE Systems Applied Intelligence", "dates_employed": "May 2017\u2013Aug 2017", "employment_duration": "4 mos", "location": "Washington D.C. Metro Area", "title": "Data Science Intern"}], "education": [{"institution": "University of Maryland", "degree_details": {"degree_name": "Masters of Information Management", "field_of_study": "Data Analytics", "dates_attended_or_expected_graduation": "2016 \u2013 2018"}}, {"institution": "NMAM Institute of Technology", "degree_details": {"degree_name": "Bachelor of Engineering (B.E.)", "field_of_study": "Computer Science", "dates_attended_or_expected_graduation": "2008 \u2013 2012"}}], "employee_name": "WcbpP25ghKYmnNk=*l7tfvt2hNfODsMB5Oe7Zgw==*wj6uQ/uP+gHkLRC1U+JnJw==*E7lQRSAbJKm3TqEjx621OA=="}, {"experience": [{"company_name": "Intel, Corp.", "dates_employed": "Jan 2016\u2013Present", "employment_duration": "6 yrs 5 mos", "location": "Santa Clara, CA", "title": "Software Engineer"}, {"company_name": "Falkonry", "dates_employed": "Apr 2019\u2013Present", "employment_duration": "3 yrs 2 mos", "location": "Sunnyvale, CA", "title": "Machine Learning Researcher"}, {"company_name": "University of New Mexico", "dates_employed": "Jan 2014\u2013Dec 2015", "employment_duration": "2 yrs", "location": "Albuquerque, NM", "title": "Graduate Student and Research Assistant"}, {"company_name": "Intel Corporation", "dates_employed": "May 2014\u2013Aug 2014", "employment_duration": "4 mos", "location": "Rio Rancho, NM", "title": "Student Intern"}, {"company_name": "Sandia National Laboratories", "dates_employed": "Nov 2004\u2013Dec 2013", "employment_duration": "9 yrs 2 mos", "location": "Albuquerque, NM", "title": "Technical Project Leader"}], "education": [{"institution": "University of New Mexico", "degree_details": {"degree_name": "Master\u2019s Degree", "field_of_study": "Computer Science", "dates_attended_or_expected_graduation": "2014 \u2013 2016"}}, {"institution": "University of California, Los Angeles", "degree_details": {"degree_name": "Doctor of Philosophy (Ph.D.)", "field_of_study": "Experimental Condensed Matter Physics", "dates_attended_or_expected_graduation": "1991 \u2013 1997"}}, {"institution": "Udacity", "degree_details": {"degree_name": "Nanodegree", "field_of_study": "Deep Learning", "dates_attended_or_expected_graduation": null}}], "employee_name": "XqTBdda0nJh0xCPKu6g=*xg+3NFM5XBF5v01rdAFNKw==*0/l1zN1aEKQN0Z6jrNaGUg==*dc8NRvJubAb3IuoM01bReA=="}, {"experience": [{"company_name": "Falkonry", "dates_employed": "Nov 2018\u2013Present", "employment_duration": "3 yrs 7 mos", "location": "San Francisco Bay Area / Big Island, Hawaii", "title": "Vice President, Public Sector"}, {"company_name": "Stony Lonesome Group LLC", "dates_employed": "Sep 2018\u2013Present", "employment_duration": "3 yrs 9 mos", "location": "San Francisco Bay Area / Big Island, Hawaii", "title": "Venture Partner"}, {"company_name": "Self-employed", "dates_employed": "Nov 2015\u2013Present", "employment_duration": "6 yrs 7 mos", "location": "San Francisco Bay Area / Big Island, Hawaii", "title": "Owner"}, {"company_name": "Team Sheeper", "dates_employed": "Jan 2012\u2013Present", "employment_duration": "10 yrs 5 mos", "location": "Menlo Park, CA", "title": "Triathlon Coach"}, {"company_name": "Intel Corporation", "dates_employed": "Oct 2015\u2013Aug 2017", "employment_duration": "1 yr 11 mos", "location": "San Francisco Bay Area", "title": "Member of New Technology Group"}], "education": [{"institution": "Rice University", "degree_details": {"degree_name": "B.A.", "dates_attended_or_expected_graduation": "1980 \u2013 1984", "field_of_study": null}}, {"institution": "University of California, Berkeley", "degree_details": {"dates_attended_or_expected_graduation": "1984 \u2013 1986", "degree_name": null, "field_of_study": null}}, {"institution": "Ghent University", "degree_details": {"dates_attended_or_expected_graduation": "1986 \u2013 1986", "degree_name": null, "field_of_study": null}}], "employee_name": "fbF1mUXNh07Tsg==*5uv5/bFjUF7d3pShRXV6Xg==*z4YcIk3fBLWi9s9Abh/YJA==*bQQE6EE25M6HFkYtxIzD4A=="}, {"experience": [{"company_name": "Falkonry", "dates_employed": "Jul 2021\u2013Present", "employment_duration": "11 mos", "location": null, "title": "Content Strategist"}, {"company_name": "Freelance", "dates_employed": "Nov 2017\u2013Jul 2021", "employment_duration": "3 yrs 9 mos", "location": null, "title": "Content Specialist"}, {"company_name": "9.9 Media", "dates_employed": "Jun 2015\u2013Nov 2017", "employment_duration": "2 yrs 6 mos", "location": "Mumbai Area, India", "title": "Managing Editor"}, {"company_name": "9.9 Media", "dates_employed": "Jun 2014\u2013Jun 2015", "employment_duration": "1 yr 1 mo", "location": "Mumbai Area, India", "title": "Associate Editor"}, {"company_name": "9.9 Media", "dates_employed": "Jun 2013\u2013Jun 2014", "employment_duration": "1 yr 1 mo", "location": "Mumbai", "title": "Assistant Editor - Digit Magazine"}], "education": [{"institution": "St. Xavier's College", "degree_details": {"degree_name": "BMS", "field_of_study": "Marketing Research, Economics | Specialisation - Finance & International Finance", "dates_attended_or_expected_graduation": "2005 \u2013 2008"}}, {"institution": "University of Mumbai", "degree_details": {"degree_name": "BMS", "field_of_study": "Management", "dates_attended_or_expected_graduation": "2005 \u2013 2008"}}], "employee_name": "84jK552DmuOaRy1nel5cL3x1*DYHKA1fEGjdjaeoIHTFmJg==*R7gf13sn7PcwTymTwAz5gg==*dtaL5AXw9XdDZ9Xi3sZPfw=="}, {"experience": [{"company_name": "Falkonry", "dates_employed": "Oct 2021\u2013Present", "employment_duration": "8 mos", "location": null, "title": "Lead Software Engineer"}, {"company_name": "Uphill AI", "dates_employed": "Sep 2021\u2013Present", "employment_duration": "9 mos", "location": "Nashville Metropolitan Area", "title": "Principal Data Science Consultant"}, {"company_name": "Self-employed", "dates_employed": "Jul 2021\u2013Oct 2021", "employment_duration": "4 mos", "location": null, "title": "Independent Consultant"}, {"company_name": "Smarsh", "dates_employed": "Feb 2021\u2013Jul 2021", "employment_duration": "6 mos", "location": "Franklin, Tennessee, United States", "title": "Director of NLP Research"}, {"company_name": "Digital Reasoning", "dates_employed": "Oct 2018\u2013Jul 2021", "employment_duration": "2 yrs 10 mos", "location": "Greater Nashville Area, TN", "title": "Principal Research Engineer"}], "education": [{"institution": "Vanderbilt University", "degree_details": {"degree_name": "Ph.D.", "field_of_study": "Electrical Engineering", "dates_attended_or_expected_graduation": "2006 \u2013 2011"}}, {"institution": "ARTIST Summer School Europe", "degree_details": {"field_of_study": "Embedded Systems Design", "dates_attended_or_expected_graduation": "2009", "degree_name": null}}, {"institution": "University of Kentucky", "degree_details": {"degree_name": "M.S.", "field_of_study": "Electrical Engineering", "dates_attended_or_expected_graduation": "1997 \u2013 1999"}}], "employee_name": "8fLcAganUaNkMg==*iZWRLmYLDAqQsPy/BF48Ig==*U9PQg+RoH8Q1FafrJKcXBQ==*s7Vs6koLq3xPGDb4tprAYA=="}, {"experience": [{"company_name": "Falkonry", "dates_employed": "Feb 2021\u2013Present", "employment_duration": "1 yr 4 mos", "location": null, "title": "Engineering Manager"}, {"company_name": "Falkonry", "dates_employed": "Apr 2017\u2013Jan 2021", "employment_duration": "3 yrs 10 mos", "location": "Mumbai Area, India", "title": "Senior Software Engineer"}, {"company_name": "Falkonry", "dates_employed": "Apr 2014\u2013Mar 2017", "employment_duration": "3 yrs", "location": "Mumbai Area, India", "title": "Software Engineer"}, {"company_name": "WonderBiz Technologies", "dates_employed": "Oct 2013\u2013Mar 2014", "employment_duration": "6 mos", "location": null, "title": "Software Engineer"}, {"company_name": "Zeus Learning", "dates_employed": "Jul 2010\u2013Oct 2013", "employment_duration": "3 yrs 4 mos", "location": null, "title": "Software Engineer"}], "education": [{"institution": "University of Mumbai", "degree_details": {"degree_name": "Bachelor of Engineering (B.E.)", "field_of_study": "Information Technology", "dates_attended_or_expected_graduation": "2006 \u2013 2010"}}], "employee_name": "09iXlN4glJ3pTMoX/jnmZu8=*JU0piiZbLRZu+kHejJrXuA==*qV3ePkgbof6rqCaBJjEnnQ==*wgxDk/1okYUPrO0gY1Ynqg=="}, {"experience": [{"company_name": "Presidio Ventures", "dates_employed": "Jun 2017\u2013Present", "employment_duration": "5 yrs", "location": null, "title": "Senior Director"}, {"company_name": "Falkonry", "dates_employed": "May 2020\u2013Present", "employment_duration": "2 yrs 1 mo", "location": null, "title": "Board Observer"}, {"company_name": "Acalvio Technologies", "dates_employed": "Apr 2019\u2013Present", "employment_duration": "3 yrs 2 mos", "location": null, "title": "Board Observer"}, {"company_name": "Tealium", "dates_employed": "Jul 2017\u2013Present", "employment_duration": "4 yrs 11 mos", "location": null, "title": "Board Observer"}, {"company_name": "Workspot, Inc", "dates_employed": "Jul 2017\u2013Present", "employment_duration": "4 yrs 11 mos", "location": null, "title": "Board Observer"}], "education": null, "employee_name": "wca0EwHy3sBqpPGUa4o=*8+Z5pdwPNv9hQCRmJZn+MQ==*e8aB/aKmKDU4ClDDZfRdqw==*SB3Y6X2DQ/vMoCZmGcHT4g=="}, {"experience": [{"company_name": "Falkonry", "dates_employed": "Feb 2022\u2013Present", "employment_duration": "4 mos", "location": "Mumbai, Maharashtra, India", "title": "Software Engineer"}, {"company_name": "Falkonry", "dates_employed": "Aug 2020\u2013Feb 2022", "employment_duration": "1 yr 7 mos", "location": "Mumbai, Maharashtra, India", "title": "Associate Software Engineer"}, {"company_name": "Accelerate Business Solutions", "dates_employed": "Jun 2019\u2013Jul 2019", "employment_duration": "2 mos", "location": "Mumbai Area, India", "title": "Software Engineer Intern"}], "education": [{"institution": "Dwarkadas J. Sanghvi College of Engineering", "degree_details": {"degree_name": "Bachelor of Engineering - BE", "field_of_study": "Computer Science", "dates_attended_or_expected_graduation": "2016 \u2013 2020"}}, {"institution": "Shri T P Bhatia Junior College of Science", "degree_details": {"degree_name": "HSC", "field_of_study": "Science", "dates_attended_or_expected_graduation": "2014 \u2013 2016"}}], "employee_name": "JKYunKETpGE7j2hogmM=*9pyrwztNnYKgjUQbHxktKA==*Kk5o3N6G7C+81zjK7cQ00A==*tkPKg3s+XgsEBdit/fJT2A=="}, {"experience": null, "education": null, "employee_name": "L7LbscY0AvW5Onv0ME/z*Pm2QXCOrmiP7sSv3E3+Baw==*y3fFiU5t6if/Kl/X2BNBlg==*q2pLl56wHkTNQVyt8bDN7g=="}, {"experience": null, "education": null, "employee_name": "MAvlEoRSdDXlzFgHoTwh*nrXtXfIas4XG2u+THV9/bg==*kEAzwEgwlKDzyQSO6Fuujg==*Y41y5AelOkkXMYas5f3b9Q=="}, {"experience": null, "education": null, "employee_name": "RrDT59FC9g0u9srsvW2p*KrJ9h1wCOwr1o4HdvvIe+A==*ifaq51/dgkrBDVgVGPvFKA==*Povnifi3JVuujC3ehFd1jg=="}, {"experience": null, "education": null, "employee_name": "DCtDrE8FiTJAMpx8C7AT*RFQA2Prp+RwUN6IdvyoFDg==*QeyXeCwExl+M2Ba3Xzh4Ng==*573gPWy5Z1YCwr6sMNXkOg=="}, {"experience": null, "education": null, "employee_name": "z4af8UveqDISAdgj4PMe*3xkQelh/urK8NXE7hCxedg==*LDd9Mmso7GLI++4YiWxeEQ==*0+BI8KjenCGQ/+aRTJf2aw=="}, {"experience": [{"company_name": "Falkonry", "dates_employed": "May 2019\u2013Present", "employment_duration": "3 yrs 1 mo", "location": "Sunnyvale, CA", "title": "Senior Systems Engineer"}, {"company_name": "Cyclonix IO", "dates_employed": "Oct 2018\u2013Present", "employment_duration": "3 yrs 8 mos", "location": "Fremont, CA", "title": "Head Of Product"}, {"company_name": "Guidance Dental", "dates_employed": "Aug 2017\u2013Present", "employment_duration": "4 yrs 10 mos", "location": "Whittier, CA", "title": "CIO"}, {"company_name": "Toshiba Memory America, Inc. (TMA)", "dates_employed": "Nov 2017\u2013Oct 2018", "employment_duration": "1 yr", "location": "San Jose, CA", "title": "Director of Product Engineering"}, {"company_name": "Diablo Technologies", "dates_employed": "Jul 2016\u2013Aug 2017", "employment_duration": "1 yr 2 mos", "location": "San Jose", "title": "Solutions Architect"}], "education": [{"institution": "University of California, Davis", "degree_details": {"degree_name": "B.S.", "field_of_study": "Mechanical Engineering", "dates_attended_or_expected_graduation": "1997 \u2013 2001"}}], "employee_name": "0jfhbQhYlLcJoA==*cKWzfZeT7RoyQSdna8SzYw==*eKpNG8b+nLXufPvDaOVgpw==*de92+muWcXf5AzGdMS2NlQ=="}, {"experience": [{"company_name": "Falkonry", "dates_employed": "Jul 2021\u2013Present", "employment_duration": "11 mos", "location": "Sunnyvale, California, United States", "title": "Machine Learning Software Engineer"}, {"company_name": "University of Southern California", "dates_employed": "Aug 2020\u2013Dec 2020", "employment_duration": "5 mos", "location": null, "title": "Grader"}, {"company_name": "Sat-Com (Pty) Ltd.", "dates_employed": "Jan 2018\u2013Jul 2019", "employment_duration": "1 yr 7 mos", "location": "Namibia", "title": "Electronics and Communication Engineer"}, {"company_name": "Sat-Com (Pty) Ltd.", "dates_employed": "Jan 2018\u2013Apr 2018", "employment_duration": "4 mos", "location": "Namibia", "title": "Research Intern"}, {"company_name": "NUST Namibia", "dates_employed": "May 2016\u2013Jul 2016", "employment_duration": "3 mos", "location": "Namibia", "title": "Research Intern"}], "education": [{"institution": "University of Southern California", "degree_details": {"degree_name": "Master's degree", "field_of_study": "Electrical and Computer engineering", "dates_attended_or_expected_graduation": "2019 \u2013 2021"}}, {"institution": "Vellore Institute of Technology", "degree_details": {"degree_name": "Bachelor of Technology - BTech", "field_of_study": "Electrical, Electronics and Communications Engineering", "dates_attended_or_expected_graduation": "2014 \u2013 2018"}}], "employee_name": "B5phaATmurBdWwU=*3opZPcOTvRrQ6fora74Izg==*UwnIzSkwr8ClysTmCQPvEg==*ny1RidMdh4g0G/MZtbP+MQ=="}, {"experience": [{"company_name": "Falkonry", "dates_employed": "Feb 2022\u2013Present", "employment_duration": "4 mos", "location": "Remote", "title": "Lead Engineer"}, {"company_name": "Falkonry", "dates_employed": "Aug 2020\u2013Jan 2022", "employment_duration": "1 yr 6 mos", "location": "Remote", "title": "Senior Software Engineer"}, {"company_name": "Falkonry", "dates_employed": "Dec 2017\u2013Aug 2020", "employment_duration": "2 yrs 9 mos", "location": "Remote", "title": "Software Engineer"}, {"company_name": "dekkho", "dates_employed": "Feb 2017\u2013Oct 2017", "employment_duration": "9 mos", "location": "Mumbai", "title": "Senior Software Engineer - Full Stack"}, {"company_name": "Sendd-Craftsvilla", "dates_employed": "Feb 2016\u2013Feb 2017", "employment_duration": "1 yr 1 mo", "location": "Mumbai", "title": "Full Stack Developer"}], "education": [{"institution": "Aditya Birla Public School,Khor(M.P.)", "degree_details": {"dates_attended_or_expected_graduation": "1994 \u2013 2002", "degree_name": null, "field_of_study": null}}, {"institution": "Carmel Convent Sr. Sec. School,Neemuch", "degree_details": {"degree_name": "High School", "field_of_study": "PCM with Computer Science", "dates_attended_or_expected_graduation": "2002 \u2013 2009"}}, {"institution": "Maulana Azad National Institute of Technology", "degree_details": {"degree_name": "Bachelor\u2019s Degree", "field_of_study": "Computer Science & Engineering", "dates_attended_or_expected_graduation": "2010 \u2013 2014"}}], "employee_name": "6bfxywuA8TNGQAY=*7HEH2u3VLLWLnZff61/r2w==*kqTOaLV+Upun1KceB3SRqA==*FSAiEyBLAYmyEAjjinDjZA=="}, {"experience": [{"company_name": "Falkonry", "dates_employed": "Feb 2022\u2013Present", "employment_duration": "4 mos", "location": "Mumbai, Maharashtra, India", "title": "Lead Engineer"}, {"company_name": "Falkonry", "dates_employed": "Aug 2020\u2013Jan 2022", "employment_duration": "1 yr 6 mos", "location": "Mumbai, Maharashtra, India", "title": "Senior Software Engineer"}, {"company_name": "Falkonry", "dates_employed": "Mar 2019\u2013Jul 2020", "employment_duration": "1 yr 5 mos", "location": "Mumbai Area, India", "title": "Software Engineer"}, {"company_name": "Media.net", "dates_employed": "Jul 2017\u2013Feb 2019", "employment_duration": "1 yr 8 mos", "location": "Mumbai Area, India", "title": "Lead UI Developer"}, {"company_name": "Pet Like That", "dates_employed": "Sep 2015\u2013Jun 2017", "employment_duration": "1 yr 10 mos", "location": "Mumbai Area, India", "title": "Co-Founder"}], "education": [{"institution": "University of Mumbai", "degree_details": {"degree_name": "Bachelor's degree", "field_of_study": "Information Technology", "dates_attended_or_expected_graduation": null}}], "employee_name": "Js3pFn2btXV6/qRU*1gZZLQRsNemRwdGBkiUqzA==*9DNLOftMLiNHp6OvqbmwnQ==*FUVrx0uuk3m5WHqIanXNZg=="}, {"experience": [{"company_name": "Falkonry", "dates_employed": "Nov 2021\u2013Present", "employment_duration": "7 mos", "location": "Cupertino, California, United States", "title": "Application Analyst"}, {"company_name": "Sparta Science", "dates_employed": "Jun 2020\u2013Nov 2021", "employment_duration": "1 yr 6 mos", "location": "Palo Alto, California, United States", "title": "Data Science Intern"}, {"company_name": "Seattle University", "dates_employed": "Jun 2019\u2013Aug 2019", "employment_duration": "3 mos", "location": "Greater Seattle Area", "title": "Front Office Desk Assistant"}, {"company_name": "Connect the Dots Events", "dates_employed": "Jul 2018\u2013Sep 2018", "employment_duration": "3 mos", "location": "County Dublin, Ireland", "title": "Market Research Intern"}, {"company_name": "Bon Appetit", "dates_employed": "Jan 2017\u2013Jun 2017", "employment_duration": "6 mos", "location": "Seattle, Washington", "title": "Barista"}], "education": [{"institution": "University of California, Santa Cruz", "degree_details": {"degree_name": "Master's degree", "field_of_study": "Statistical Science", "dates_attended_or_expected_graduation": "2019 \u2013 2021"}}, {"institution": "Seattle University", "degree_details": {"degree_name": "Bachelor of Business Administration - BBA", "field_of_study": "Business Analytics", "dates_attended_or_expected_graduation": "2015 \u2013 2019"}}], "employee_name": "QkMMxpRFDM0BSG6PVA==*S7qhuK/rnolUUSGLHGjI1w==*zvVSlHwV6FCWIKgbBCwyrQ==*XFNGwwVCKZhpsunlm1X7vQ=="}, {"experience": [{"company_name": "Falkonry", "dates_employed": "Nov 2021\u2013Present", "employment_duration": "7 mos", "location": null, "title": "Lead Data Engineer"}, {"company_name": "Mercury Insurance", "dates_employed": "Nov 2019\u2013Oct 2021", "employment_duration": "2 yrs", "location": null, "title": "Sr Data Engineer"}, {"company_name": "Slalom", "dates_employed": "Jun 2019\u2013Oct 2019", "employment_duration": "5 mos", "location": "United States", "title": "Data Engineer"}, {"company_name": "AT&T", "dates_employed": "Jan 2010\u2013May 2019", "employment_duration": "9 yrs 5 mos", "location": null, "title": "Principal Engineer"}, {"company_name": "InfoGroup", "dates_employed": "2009\u20132009", "employment_duration": "less than a year", "location": null, "title": "Senior Software Engineer"}], "education": null, "employee_name": "Fl5YuE4Kw3Iycw==*1kHC9XY45fryuMDUjDKsnQ==*bQ8tA77xLFLXxAi0pzvwRQ==*jexACe9fzp+REhuMgXvaiQ=="}, {"experience": [{"company_name": "Falkonry", "dates_employed": "Jul 2018\u2013Present", "employment_duration": "3 yrs 11 mos", "location": "Sunnyvale, California, United States", "title": "Principal Software Engineer (Remote)"}, {"company_name": "Accurate Background", "dates_employed": "Apr 2017\u2013Jul 2018", "employment_duration": "1 yr 4 mos", "location": "Irvine, California, United States", "title": "Principal Software Engineer"}, {"company_name": "Kareo", "dates_employed": "Aug 2014\u2013Apr 2017", "employment_duration": "2 yrs 9 mos", "location": "Irvine, California, United States", "title": "Lead Engineer"}, {"company_name": "Gaikai Sony Computer Entertainment America", "dates_employed": "Aug 2012\u2013Aug 2014", "employment_duration": "2 yrs 1 mo", "location": "Aliso Viejo", "title": "Senior Software Engineer/Architect"}, {"company_name": "Gaikai (Acquired by Sony)", "dates_employed": "Dec 2010\u2013Aug 2012", "employment_duration": "1 yr 9 mos", "location": "Aliso Viejo CA", "title": "Sr. Software Architect"}], "education": [{"institution": "New Jersey Institute of Technology", "degree_details": {"degree_name": "MS", "field_of_study": "Computer Science", "dates_attended_or_expected_graduation": "1998 \u2013 1999"}}, {"institution": "Shri G S Institute of Technology & Science", "degree_details": {"degree_name": "BE", "field_of_study": "Electronics & Instrumentation", "dates_attended_or_expected_graduation": "1993 \u2013 1997"}}], "employee_name": "KkXIvsi+AnqrJER5*DZoHvf33KaPrVGvbbrsKxA==*ELlFko8HsxUmBAXAn661vA==*J97PXBEVMPJCPbIMGcKt5A=="}, {"experience": [{"company_name": "Falkonry", "dates_employed": "May 2019\u2013Present", "employment_duration": "3 yrs 1 mo", "location": "East Coast", "title": "Sr. Applications Engineer"}, {"company_name": "General Dynamics Information Technology", "dates_employed": "Mar 2018\u2013Present", "employment_duration": "4 yrs 3 mos", "location": "Quantico, VA", "title": "SAP Advisor"}, {"company_name": "SAP National Security Services (SAP NS2)", "dates_employed": "May 2009\u2013Jun 2017", "employment_duration": "8 yrs 2 mos", "location": "Rockville, Maryland", "title": "Business Process Specialist"}, {"company_name": "Business Objects", "dates_employed": "Jul 2008\u2013May 2009", "employment_duration": "11 mos", "location": null, "title": "Senior Software Engineer"}, {"company_name": "Inxight Software", "dates_employed": "Apr 2004\u2013Jun 2008", "employment_duration": "4 yrs 3 mos", "location": "Sunnyvale, CA", "title": "Pre-sales Software Integration Specialist"}], "education": [{"institution": "Old Dominion University", "degree_details": {"degree_name": "Bachelor of Science - BS", "field_of_study": "Computer Science", "dates_attended_or_expected_graduation": "1983 \u2013 1987"}}], "employee_name": "ClnxZq5XpDJ/k/z5cf39*WzUXQrkoF430OEYTRoPX6Q==*i/kirTGtNac9E3FFLyb25Q==*CEDg1CZ5IFOdUy5tIEgRUA=="}, {"experience": [{"company_name": "Falkonry", "dates_employed": "Oct 2021\u2013Present", "employment_duration": "8 mos", "location": null, "title": "Associate Software Engineer"}, {"company_name": "Accenture", "dates_employed": "May 2021\u2013Oct 2021", "employment_duration": "6 mos", "location": null, "title": "Application Development Analyst"}, {"company_name": "Cognizant", "dates_employed": "Dec 2020\u2013Mar 2021", "employment_duration": "4 mos", "location": null, "title": "Intern"}], "education": [{"institution": "Shri Ramdeobaba College of Engineering and Management", "degree_details": {"degree_name": "Bachelor of Engineering - BE", "field_of_study": "Information Technology", "dates_attended_or_expected_graduation": "2017 \u2013 2021"}}], "employee_name": "QW+X6VHqlwUke+KdBN10*RxgFyZFAL0TQcn5DE71yUw==*Awotr8a54QhbpNUdcoRZqg==*tMUAsEjiSgER+1GrIja70g=="}, {"experience": [{"company_name": "Falkonry", "dates_employed": "Oct 2021\u2013Present", "employment_duration": "8 mos", "location": "Mumbai, Maharashtra, India", "title": "Software Intern"}, {"company_name": "Digitian Hub", "dates_employed": "Jan 2021\u2013Sep 2021", "employment_duration": "9 mos", "location": "New Delhi, Delhi, India", "title": "Software Engineer"}, {"company_name": "Stupa Sport Analytics", "dates_employed": "May 2021\u2013Jul 2021", "employment_duration": "3 mos", "location": "New Delhi, Delhi, India", "title": "Technical Intern (Machine Learning/Python)"}, {"company_name": "Labcolabs", "dates_employed": "Dec 2020\u2013Mar 2021", "employment_duration": "4 mos", "location": "India", "title": "Back End Developer"}, {"company_name": "Coding Ninjas India", "dates_employed": "Aug 2020\u2013Dec 2020", "employment_duration": "5 mos", "location": "India", "title": "Teaching Assistant & Mentor"}], "education": [{"institution": "Kurukshetra University", "degree_details": {"degree_name": "Bachelor's degree", "field_of_study": "Computer Science Engineering", "dates_attended_or_expected_graduation": "2018 \u2013 2022"}}], "employee_name": "NBhMKsejrpGfxYhq*Ufe1hMV2eXulRC151+kD2Q==*2L8+reD7P+TSda6AVze+HA==*HYbETkiHJ9noicXmlGPNRw=="}, {"experience": [{"company_name": "Falkonry", "dates_employed": "Jan 2022\u2013Present", "employment_duration": "5 mos", "location": "San Francisco Bay Area", "title": "Product Designer"}, {"company_name": "Kika Tech, Inc.", "dates_employed": "Oct 2019\u2013Jan 2022", "employment_duration": "2 yrs 4 mos", "location": "San Francisco Bay Area", "title": "Product Operations and UX"}, {"company_name": "Miotta", "dates_employed": "Jul 2019\u2013Sep 2019", "employment_duration": "3 mos", "location": "San Francisco Bay Area", "title": "Marketing Associate"}, {"company_name": "ByteDance", "dates_employed": "Sep 2018\u2013Dec 2018", "employment_duration": "4 mos", "location": "UC Berkeley", "title": "Campus Ambassador"}, {"company_name": "VeeR VR", "dates_employed": "May 2018\u2013Aug 2018", "employment_duration": "4 mos", "location": null, "title": "Marketing and Social Media Specialist"}], "education": [{"institution": "University of California, Berkeley", "degree_details": {"degree_name": "Bachelor's degree", "field_of_study": "Communication and Media Studies", "dates_attended_or_expected_graduation": "2015 \u2013 2019"}}, {"institution": "Swiss Hotel Management School", "degree_details": {"degree_name": "Bachelor of Arts (B.A.)", "field_of_study": "Hospitality and Events Management", "dates_attended_or_expected_graduation": "2014 \u2013 2015"}}], "employee_name": "zlonw7tkiZE=*ATKsGRcVyvxiLRSUnjrWjw==*5Bz62PTXK2hTvWxsa33w+g==*cqPBiX/11b2Czkio4WTATw=="}, {"experience": [{"company_name": "Falkonry", "dates_employed": "Apr 2019\u2013Present", "employment_duration": "3 yrs 2 mos", "location": "Mumbai, Maharashtra, India", "title": "Accountant"}, {"company_name": "POOL AND WATER CONCEPTS PRIVATE LIMITED", "dates_employed": "Apr 2017\u2013Dec 2018", "employment_duration": "1 yr 9 mos", "location": "Goa", "title": "Manager"}, {"company_name": "Ariston Capital Services Pvt Ltd", "dates_employed": "Apr 2016\u2013Apr 2017", "employment_duration": "1 yr 1 mo", "location": "Andheri, Mumbai", "title": "Account Manager"}, {"company_name": "D. V. Dalal & Co.", "dates_employed": "Nov 2013\u2013Nov 2015", "employment_duration": "2 yrs 1 mo", "location": "Fort, Mumbai", "title": "Senior Accountant"}], "education": [{"institution": "The Institute of Chartered Accountants of India", "degree_details": {"degree_name": "Chartered Accountant", "field_of_study": "Chartered Accountancy, ICAI", "dates_attended_or_expected_graduation": "2007 \u2013 2016"}}, {"institution": "IDOL, Mumbai University", "degree_details": {"degree_name": "Master's degree", "field_of_study": "Commerce", "dates_attended_or_expected_graduation": "2010 \u2013 2012"}}, {"institution": "St. Xavier's College", "degree_details": {"degree_name": "Bachelor's degree", "field_of_study": "Commerce", "dates_attended_or_expected_graduation": "2007 \u2013 2010"}}], "employee_name": "jJDLhYmNjbkWddM=*z0TESsouKeTx/7PW01Am6Q==*MUvnMPh9nEN1txhNLEKIFA==*5GDIg6ICi+J1NguV23Bwjw=="}, {"experience": [{"company_name": "Falkonry", "dates_employed": "Jul 2021\u2013Present", "employment_duration": "11 mos", "location": "Mumbai, Maharashtra, India", "title": "Senior Software Engineer"}, {"company_name": "BookMyShow", "dates_employed": "Jul 2017\u2013Apr 2021", "employment_duration": "3 yrs 10 mos", "location": "Mumbai, Maharashtra, India", "title": "Senior Data Engineer"}, {"company_name": "BookMyShow", "dates_employed": "Mar 2016\u2013Jul 2017", "employment_duration": "1 yr 5 mos", "location": "Mumbai Area, India", "title": "Senior Fullstack Engineer"}, {"company_name": "BookMyShow", "dates_employed": "Jun 2015\u2013Mar 2016", "employment_duration": "10 mos", "location": "Mumbai Area, India", "title": "UI Developer"}, {"company_name": "Accenture in India", "dates_employed": "Aug 2014\u2013May 2015", "employment_duration": "10 mos", "location": "Bengaluru Area, India", "title": "Associate Software Engineer"}], "education": [{"institution": "Vellore Institute of Technology", "degree_details": {"degree_name": "Master of Technology (M.Tech.)", "field_of_study": "Computer Science", "dates_attended_or_expected_graduation": "2012 \u2013 2014"}}, {"institution": "Basaveshwar Engineering College", "degree_details": {"degree_name": "Bachelor of Engineering (B.E)", "field_of_study": "Computer Science", "dates_attended_or_expected_graduation": "2008 \u2013 2012"}}, {"institution": "Vidya Niketan School,Pimpri", "degree_details": {"degree_name": "High School", "dates_attended_or_expected_graduation": "2004 \u2013 2006", "field_of_study": null}}], "employee_name": "pZIRsIjDBrdrpCY=*9A2hbPZQHzDsIAnd3Zai4A==*ukiHbFyNjp6rTHuJaMVtPQ==*0+7jgEvYxdzpxTgcOJdFcA=="}, {"experience": [{"company_name": "Falkonry", "dates_employed": "Jul 2019\u2013Present", "employment_duration": "2 yrs 11 mos", "location": "Sunnyvale, California", "title": "ML Application Engineer"}, {"company_name": "University of Maryland College Park", "dates_employed": "Dec 2017\u2013Present", "employment_duration": "4 yrs 6 mos", "location": "College Park, Maryland", "title": "Graduate Assistant"}, {"company_name": "Optimal Solutions LLC", "dates_employed": "Jul 2018\u2013Aug 2018", "employment_duration": "2 mos", "location": "College Park,Maryland", "title": "Business Intelligence Intern"}, {"company_name": "Accenture", "dates_employed": "Jun 2015\u2013Jul 2017", "employment_duration": "2 yrs 2 mos", "location": "Mumbai, Maharashtra, India", "title": "Business Intelligence Analyst"}, {"company_name": "Zeal sports rental equipments", "dates_employed": "Jun 2013\u2013May 2014", "employment_duration": "1 yr", "location": "Mumbai Area, India", "title": "Co Founder"}], "education": [{"institution": "University of Maryland", "degree_details": {"degree_name": "Master's degree", "field_of_study": "Information Management", "dates_attended_or_expected_graduation": "2017 \u2013 2019"}}, {"institution": "K.J Somaiya College of Engineering", "degree_details": {"degree_name": "Bachelor of Engineering (B.E.)", "field_of_study": "Electronics and telecommunication", "dates_attended_or_expected_graduation": "2011 \u2013 2015"}}], "employee_name": "mqSiHUiGdZ0GtHQNYpOjFA==*FNf6ST6pEVzNerZCKvw6Wg==*WqwUJnlP87STjvnX9as3FQ==*LBVAoAmuCIUjn+5qjDyRGQ=="}, {"experience": [{"company_name": "Falkonry", "dates_employed": "Feb 2022\u2013Present", "employment_duration": "4 mos", "location": null, "title": "Software Engineer"}, {"company_name": "Falkonry", "dates_employed": "Aug 2020\u2013Feb 2022", "employment_duration": "1 yr 7 mos", "location": null, "title": "Associate Software Engineer"}], "education": [{"institution": "Dwarkadas J. Sanghvi College of Engineering", "degree_details": {"degree_name": "BE - Bachelor of Engineering", "field_of_study": "Computer Engineering", "dates_attended_or_expected_graduation": "2016 \u2013 2020"}}], "employee_name": "Rb+fRm40z3nc/EdnZw==*L0qvqlt5mkIvWk/qqZGUDw==*+Shb+GkZ151NZlO12ggXdQ==*JJgrZ9UXBHIsBUAsFPv9Rg=="}, {"experience": [{"company_name": "Falkonry", "dates_employed": "Sep 2019\u2013Present", "employment_duration": "2 yrs 9 mos", "location": "Mumbai Area, India", "title": "Associate Legal Counsel"}, {"company_name": "Falkonry", "dates_employed": "Dec 2018\u2013Sep 2019", "employment_duration": "10 mos", "location": "Mumbai, Maharashtra, India", "title": "Contract Administrator"}, {"company_name": "Gartner", "dates_employed": "Jun 2017\u2013Dec 2018", "employment_duration": "1 yr 7 mos", "location": "Mumbai, Maharashtra, India", "title": "Contracts Support Assistant"}, {"company_name": "Integreon", "dates_employed": "Jun 2016\u2013Mar 2017", "employment_duration": "10 mos", "location": "Mumbai, Maharashtra, India", "title": "Attorney Associate"}, {"company_name": "Sumati Legal Services Private Limited", "dates_employed": "Jan 2016\u2013Apr 2016", "employment_duration": "4 mos", "location": "Chandigarh", "title": "Legal Consultant"}], "education": [{"institution": "The Unison School of Law", "degree_details": {"degree_name": "Bachelor of Laws (LL.B.)", "dates_attended_or_expected_graduation": "2007 \u2013 2012", "field_of_study": null}}], "employee_name": "rmxW+bkLVKeMva5EOomx+Q==*ZkHeU3R8jrRLHkMj6vZ15g==*Y8pnIjeBrbqQ7rdDIcg72Q==*z3dNNSkPcGKrt0v806l5cw=="}, {"experience": [{"company_name": "Falkonry", "dates_employed": "Oct 2020\u2013Present", "employment_duration": "1 yr 8 mos", "location": "Mumbai, Maharashtra, India", "title": "Associate Software Engineer"}, {"company_name": "Maulana Azad National Institute of Technology", "dates_employed": "Apr 2019\u2013Mar 2020", "employment_duration": "1 yr", "location": "Bhopal, Madhya Pradesh, India", "title": "Graduate Teaching Assistant"}], "education": [{"institution": "Maulana Azad National Institute of Technology", "degree_details": {"degree_name": "Master of Technology - MTech", "field_of_study": "Information Security", "dates_attended_or_expected_graduation": "2018 \u2013 2020"}}, {"institution": "Maharashtra Institute of Technology", "degree_details": {"degree_name": "Bachelor of Engineering", "field_of_study": "Computer Engineering", "dates_attended_or_expected_graduation": "2013 \u2013 2017"}}], "employee_name": "uQKOoCq1r7i2ZaJLDrkRUlh4Ozc=*gOhVt9WtaKjOwiDJJCnF+A==*iIQEAkAExt8FOshhThBxjA==*eSW9Mu/ybi7dUZhtS/zYpw=="}, {"experience": [{"company_name": "Falkonry", "dates_employed": "Feb 2022\u2013Present", "employment_duration": "4 mos", "location": null, "title": "Software Engineer"}, {"company_name": "Falkonry", "dates_employed": "Aug 2020\u2013Jan 2022", "employment_duration": "1 yr 6 mos", "location": "Mumbai, Maharashtra, India", "title": "Associate Software Engineer"}, {"company_name": "Reliance Jio", "dates_employed": "Dec 2018\u2013Jun 2019", "employment_duration": "7 mos", "location": "Navi Mumbai, Maharashtra, India", "title": "Software Developer Intern"}], "education": [{"institution": "Dwarkadas J. Sanghvi College of Engineering", "degree_details": {"degree_name": "Bachelor of Engineering", "field_of_study": "Information Technology", "dates_attended_or_expected_graduation": "2016 \u2013 2020"}}], "employee_name": "rQe/H9BpSFKGGtXMJN4=*vTUTIFgClG6Jd6W07vmjkQ==*J9vwm0Z6/ehVTbJU1M714A==*EhkPzJt4u1TCmaqFqAPPSw=="}, {"experience": [{"company_name": "Falkonry", "dates_employed": "Aug 2020\u2013Present", "employment_duration": "1 yr 10 mos", "location": "Mumbai, Maharashtra, India", "title": "Associate Software Engineer"}, {"company_name": "CoutLoot", "dates_employed": "Dec 2018\u2013Feb 2019", "employment_duration": "3 mos", "location": "Goregaon", "title": "MEAN Stack Developor- Intern"}, {"company_name": "Adipradhan foundation", "dates_employed": "Dec 2018\u2013Jan 2019", "employment_duration": "2 mos", "location": null, "title": "Web Developer"}, {"company_name": "DJCSI", "dates_employed": "Feb 2018\u2013Jun 2018", "employment_duration": "5 mos", "location": null, "title": "Co-committee member of DJCSI"}], "education": [{"institution": "Mumbai University Mumbai", "degree_details": {"degree_name": "BE", "field_of_study": "Information Technology", "dates_attended_or_expected_graduation": "2016 \u2013 2020"}}, {"institution": "SVKM's DWARKADAS J. SANGHVI COLLEGE OF ENGINEERING", "degree_details": {"degree_name": "Bachelor of Engineering", "field_of_study": "Information Technology", "dates_attended_or_expected_graduation": "2016 \u2013 2020"}}, {"institution": "T.P. Bhatia junior college of science", "degree_details": {"degree_name": "Higher secondary certificate", "field_of_study": "Science", "dates_attended_or_expected_graduation": "2014 \u2013 2016"}}], "employee_name": "4xinRNZSLOyZDrI=*wkfyNJWkEZ/vgj7VZX5R2g==*LR8CJpoVcRX3JbnmTqp6Zg==*+HnFJFI6wvVh0L0pIWlWIA=="}, {"experience": [{"company_name": "Falkonry", "dates_employed": "Oct 2021\u2013Present", "employment_duration": "8 mos", "location": "Mumbai, Maharashtra, India", "title": "Associate Software Engineer"}, {"company_name": "Accenture in India", "dates_employed": "Jul 2021\u2013Sep 2021", "employment_duration": "3 mos", "location": "Pune, Maharashtra, India", "title": "Application Development Associate"}, {"company_name": "Mahindra & Mahindra Limited", "dates_employed": "Dec 2020\u2013May 2021", "employment_duration": "6 mos", "location": "Nagpur, Maharashtra, India", "title": "Intern"}], "education": [{"institution": "G.H.Raisoni college of engineering nagpur", "degree_details": {"degree_name": "BE - Bachelor of Engineering", "field_of_study": "Computer Science", "dates_attended_or_expected_graduation": "2017 \u2013 2021"}}], "employee_name": "0KVHjE7jtHWq+7bL0P8DdQ==*ReS9Sq+9ZVGtTp/pthFjvA==*nUotLFgwh4bGoij7RTbzKA==*9GjB65OXiHETE7rIEnwe3g=="}, {"experience": [{"company_name": "Falkonry", "dates_employed": "May 2019\u2013Present", "employment_duration": "3 yrs 1 mo", "location": null, "title": "Staff Engineer"}, {"company_name": "Box", "dates_employed": "Nov 2015\u2013May 2019", "employment_duration": "3 yrs 7 mos", "location": null, "title": "Staff Software Engineer"}, {"company_name": "Box", "dates_employed": "Feb 2013\u2013Oct 2015", "employment_duration": "2 yrs 9 mos", "location": null, "title": "Sr. Engineering Manager"}, {"company_name": "Box", "dates_employed": "Jun 2012\u2013Feb 2013", "employment_duration": "9 mos", "location": null, "title": "Engineering Manager"}, {"company_name": "Box", "dates_employed": "Nov 2011\u2013Jun 2012", "employment_duration": "8 mos", "location": null, "title": "Sr. Software Engineer"}], "education": [{"institution": "Stanford University", "degree_details": {"degree_name": "M.S.", "field_of_study": "Computer Science", "dates_attended_or_expected_graduation": "1997 \u2013 1998"}}, {"institution": "UC Santa Barbara", "degree_details": {"degree_name": "B.S.", "field_of_study": "Computer Science", "dates_attended_or_expected_graduation": "1991 \u2013 1995"}}], "employee_name": "5Lstry24pUGwlNU=*rHQXqv21ElSuoY8tZ87Xuw==*D7yzposNsGoPhkK+FHPj7w==*vrM1PY9bqxt7IBFNEn1TYw=="}, {"experience": [{"company_name": "Falkonry", "dates_employed": "Feb 2021\u2013Present", "employment_duration": "1 yr 4 mos", "location": null, "title": "Software Engineer In Test"}, {"company_name": "Falkonry", "dates_employed": "Sep 2019\u2013Feb 2021", "employment_duration": "1 yr 6 mos", "location": null, "title": "Associate Software Engineer"}], "education": [{"institution": "Centre for Development of Advanced Computing (C-DAC)", "degree_details": {"degree_name": "PG Diploma", "field_of_study": "Big Data Analytics", "dates_attended_or_expected_graduation": "2019 \u2013 2019"}}, {"institution": "Goa Engineering College - Government of Goa", "degree_details": {"degree_name": "Bachelor of Engineering - BE", "field_of_study": "Electronics and Telecommunication", "dates_attended_or_expected_graduation": "2014 \u2013 2018"}}], "employee_name": "75BrWdawMpiOq09a2fk=*p9b5N36FchvHPrWroTBg3w==*DaWyYiZV1axZWLxsP6dRVg==*JGIlOSZjtf1yyedw68RHcw=="}, {"experience": [{"company_name": "Falkonry", "dates_employed": "Jan 2021\u2013Present", "employment_duration": "1 yr 5 mos", "location": null, "title": "Engagement Advisor, Customer Success"}, {"company_name": "ExxonMobil", "dates_employed": "Dec 2018\u2013Nov 2020", "employment_duration": "2 yrs", "location": "Houston, Texas", "title": "Senior Research Engineer"}, {"company_name": "Artie McFerrin Department of Chemical Engineering, Texas A&M University", "dates_employed": "Aug 2013\u2013Dec 2018", "employment_duration": "5 yrs 5 mos", "location": "Bryan/College Station, Texas Area", "title": "Graduate Research Assistant"}, {"company_name": "Federal Energy Regulatory Commission", "dates_employed": "Jun 2016\u2013Aug 2016", "employment_duration": "3 mos", "location": "Washington, District Of Columbia", "title": "LNG Engineering and Compliance Intern"}, {"company_name": "ExxonMobil", "dates_employed": "May 2015\u2013Aug 2015", "employment_duration": "4 mos", "location": "Spring, Texas", "title": "Summer intern (ExxonMobil Research and Engineering)"}], "education": [{"institution": "Texas A&M University", "degree_details": {"degree_name": "Doctor of Philosophy (Ph.D.)", "field_of_study": "Chemical Engineering", "dates_attended_or_expected_graduation": "2013 \u2013 2018"}}, {"institution": "National Law School of India University", "degree_details": {"degree_name": "Post Graduation Diploma", "field_of_study": "Environmental Law", "dates_attended_or_expected_graduation": "2009 \u2013 2010"}}, {"institution": "G.B. Pant University of Agriculture & Technology", "degree_details": {"degree_name": "B-Tech, Civil Engg", "dates_attended_or_expected_graduation": "2004 \u2013 2008", "field_of_study": null}}], "employee_name": "++BbhUXfCgrBEh8=*7BNV6jec9/zdip1meDcqSA==*RZIBYLJ/s4k3CFtkLVBNrQ==*uQKAJZWlub9sUFcbMeWLdw=="}, {"experience": [{"company_name": "Falkonry", "dates_employed": "May 2016\u2013Present", "employment_duration": "6 yrs 1 mo", "location": "Sunnyvale", "title": "Staff Engineer"}, {"company_name": "Maverix Biomics", "dates_employed": "Jun 2014\u2013Apr 2016", "employment_duration": "1 yr 11 mos", "location": "San Mateo", "title": "Principal Engineer"}, {"company_name": "ServiceSource", "dates_employed": "Nov 2010\u2013May 2014", "employment_duration": "3 yrs 7 mos", "location": null, "title": "Architect"}, {"company_name": "SAP Labs", "dates_employed": "Mar 1998\u2013Nov 2010", "employment_duration": "12 yrs 9 mos", "location": null, "title": "Architect"}], "education": [{"institution": "National Institute of Technology, Tiruchirappalli", "degree_details": {"degree_name": "Master of Engineering (M.Eng.)", "field_of_study": "Computer Science", "dates_attended_or_expected_graduation": "1996 \u2013 1998"}}, {"institution": "Bharathiar University", "degree_details": {"degree_name": "BE", "field_of_study": "Computer Science", "dates_attended_or_expected_graduation": "1992 \u2013 1996"}}], "employee_name": "8lg0qbtf4jyP24M8cQ==*ddbcmi8kIR2A+8kkli7Lfg==*SBodKYb6knjawdsONtQRCQ==*Tegw8fEOUYgZ75U83nzTfg=="}, {"experience": [{"company_name": "Falkonry", "dates_employed": "Jul 2013\u2013Present", "employment_duration": "8 yrs 11 mos", "location": "Santa Clara", "title": "Software Engineer"}, {"company_name": "Lockheed Martin Space Systems Company", "dates_employed": "Jan 2012\u2013Jul 2013", "employment_duration": "1 yr 7 mos", "location": "Palo Alto, CA", "title": "Research Scientist"}, {"company_name": "Aerospace Systems Design Laboratory", "dates_employed": "Aug 2010\u2013Dec 2011", "employment_duration": "1 yr 5 mos", "location": "Atlanta, Georgia", "title": "Graduate Research Assistant"}, {"company_name": "Lockheed Martin Space Systems Company", "dates_employed": "May 2011\u2013Aug 2011", "employment_duration": "4 mos", "location": "Sunnyvale, CA", "title": "College Student Technical Senior Specialist"}], "education": [{"institution": "Georgia Institute of Technology", "degree_details": {"degree_name": "M.S.", "field_of_study": "Aerospace Engineering", "dates_attended_or_expected_graduation": "2010 \u2013 2011"}}, {"institution": "University of California, Los Angeles", "degree_details": {"degree_name": "B.S.", "field_of_study": "Aerospace Engineering", "dates_attended_or_expected_graduation": "2006 \u2013 2010"}}], "employee_name": "IVZjbHT6SvoxL/QYeGM=*y5UsJFyBjANOxL4XmplFdw==*rWni0ksLFLlqXBI0JN+4ug==*kAq6ThYqhYJLTHl+EbFaAQ=="}]