[{"experience": [{"company_name": "CLARA Analytics", "dates_employed": "Jan 2022\u2013Present 6 mos", "location": "Santa Clara, California, United States", "employment_duration": null, "title": "Chief Customer and Marketing Officer"}, {"company_name": "Kaiser Permanente", "dates_employed": "May 2018\u2013Jan 2022 3 yrs 9 mos", "location": "Oakland, California", "employment_duration": null, "title": "Executive Director and Vice President - Revenue Management Technology"}, {"company_name": "Various Companies", "dates_employed": "Jul 2016\u2013May 2018 1 yr 11 mos", "location": "Various", "employment_duration": null, "title": "Principal Consultant - Technology Strategy and Product Management"}, {"company_name": "AIG", "dates_employed": "Dec 2014\u2013May 2016 1 yr 6 mos", "location": "New York City, NY", "employment_duration": null, "title": "Global Head of Data Strategy & Innovation"}, {"company_name": "Director Information Technology Strategy", "employment_duration": "Kaiser Permanente", "titles": ["", "", ""], "dates_employed": [null, null, null]}], "education": [{"institution": "UCLA Anderson School of Management", "degree_details": {"degree_name": "Master of Business Administration - MBA", "field_of_study": "Finance, General", "dates_attended_or_expected_graduation": null}}, {"institution": "University of Utah - David Eccles School of Business", "degree_details": {"degree_name": "BS", "field_of_study": "Marketing/Marketing Management, General", "dates_attended_or_expected_graduation": null}}], "employee_name": "v+M8V0flGugQVr0=*kSfGmXE2/jexXW9UCy0FZA==*Ef4IwsIRSzbujOaM/W//0w==*FLgHSvPIugt5EJZwlOycTA=="}, {"experience": [{"company_name": "CLARA Analytics", "dates_employed": "2021\u2013Present 1 yr", "location": "New York, New York, United States", "employment_duration": null, "title": "Chief Financial Officer"}, {"company_name": "Flutterwave", "dates_employed": "2020\u20132021 1 yr", "location": "New York City Metropolitan Area", "employment_duration": null, "title": "Senior Vice President - Global Head of Finance"}, {"company_name": "WeWork", "dates_employed": "2016\u20132020 4 yrs", "location": null, "employment_duration": null, "title": "Vice President - Head of Financial Planning and Analysis"}, {"company_name": "CLEAR (by Alclear, LLC)", "dates_employed": "2013\u20132016 3 yrs", "location": null, "employment_duration": null, "title": "Vice President of Finance"}, {"company_name": "Moore Capital Management", "dates_employed": "2011\u20132012 1 yr", "location": "New York, New York", "employment_duration": null, "title": "Senior Analyst / Vice President Level"}], "education": [{"institution": "University of Michigan - Stephen M. Ross School of Business", "degree_details": {"degree_name": "BBA", "field_of_study": "Finance", "dates_attended_or_expected_graduation": "1998 \u2013 2002"}}], "employee_name": "GWONh5q27543qY9Lhx4xGkySsg==*njLGS7gmH80tRocUkYI4NA==*d3IH8os4DB3i7/+7deUxsA==*a++nbQ66y/XG6+gsQRz+hA=="}, {"experience": [{"company_name": "CLARA Analytics", "dates_employed": "Oct 2021\u2013Present 9 mos", "location": "United States", "employment_duration": null, "title": "Product Lead"}, {"company_name": "IBM", "dates_employed": "Apr 2019\u2013Oct 2021 2 yrs 7 mos", "location": "San Francisco, California", "employment_duration": null, "title": "Senior Product Manager"}, {"company_name": "Pawsh", "dates_employed": "2018\u20132020 2 yrs", "location": "San Francisco Bay Area", "employment_duration": null, "title": "Co-Founder - Head Growth and Product"}, {"company_name": "ClosedWon (Stealth)", "dates_employed": "May 2018\u2013Apr 2019 1 yr", "location": "San Francisco, California", "employment_duration": null, "title": "Head of Product"}, {"company_name": "UniCarriers", "dates_employed": "Jan 2018\u2013Jun 2018 6 mos", "location": "Greater Chicago Area", "employment_duration": null, "title": "Project Lead Data Analytics"}], "education": [{"institution": "Northern Illinois University", "degree_details": {"degree_name": "Master of Science - MS", "field_of_study": "Management Information Systems - Business Analytics", "dates_attended_or_expected_graduation": "2017 \u2013 2018"}}, {"institution": "Symbiosis Centre for Management Studies- Pune", "degree_details": {"degree_name": "Master of Business Administration - MBA", "field_of_study": "International Business", "dates_attended_or_expected_graduation": "2014 \u2013 2016"}}, {"institution": "Anna University", "degree_details": {"degree_name": "Bachelor of Engineering - BE", "field_of_study": "Computer Science", "dates_attended_or_expected_graduation": "2008 \u2013 2012"}}], "employee_name": "XBQcdtVsSEQkC+IXh+M5tXsh0Mt29A==*CEz+aF+tN9aGssp1gLIQ/Q==*r03CsPeOGdOh2FTctpNVJg==*lVIIH1ClCkKCLiot5DlZAA=="}, {"experience": [{"company_name": "Cityblock Health", "dates_employed": "Jan 2022\u2013Present 6 mos", "location": "San Jose, California, United States", "employment_duration": null, "title": "Head Of Engineering, Data Platform"}, {"company_name": "CLARA analytics", "dates_employed": "Nov 2019\u2013Present 2 yrs 8 mos", "location": null, "employment_duration": null, "title": "VP Engineering and Operations"}, {"company_name": "Orbital Insight", "dates_employed": "Sep 2017\u2013Nov 2019 2 yrs 3 mos", "location": "Mountain View, CA", "employment_duration": null, "title": "VP Engineering and Operations"}, {"company_name": "Support.com", "employment_duration": "3 yrs 1 mo", "titles": ["VP Product and Engineering - Section 16 Officer", "VP Engineering and Operations"], "dates_employed": ["Jan 2016\u2013Aug 2017 1 yr 8 mos", "Aug 2014\u2013Dec 2015 1 yr 5 mos"]}, {"company_name": "Citrix Systems - SaaS Division", "dates_employed": "Aug 2010\u2013Jul 2014 4 yrs", "location": "San Francisco", "employment_duration": null, "title": "Director Engineering, IT Support Line of Business"}], "education": [{"institution": "University of California, Berkeley", "degree_details": {"degree_name": "Bachelor of Science (BS)", "field_of_study": "Biophysics", "dates_attended_or_expected_graduation": "1990 \u2013 1990"}}, {"institution": "University of California, Santa Cruz", "degree_details": {"degree_name": "Bachelor of Science (BS)", "field_of_study": "Computer Science", "dates_attended_or_expected_graduation": "1990 \u2013 1990"}}], "employee_name": "/+cIK4uG+GC0Aa1aMWg=*gPYaKqsemjGlDvXVQCKFTg==*+0URIRdv3k3/wugRfsyyog==*NXo0LyH1eIjfaR48putstg=="}, {"experience": [{"company_name": "CLARA Analytics", "dates_employed": "Apr 2022\u2013Present 3 mos", "location": "Santa Clara, California, United States", "employment_duration": null, "title": "Vice President Of Product Management"}, {"company_name": "Agero, Inc.", "dates_employed": "Nov 2018\u2013Apr 2022 3 yrs 6 mos", "location": "Medford, Massachusetts", "employment_duration": null, "title": "Senior Director of Product Management"}, {"company_name": "Agero, Inc.", "dates_employed": "Feb 2017\u2013Nov 2018 1 yr 10 mos", "location": "Greater Boston Area", "employment_duration": null, "title": "Director of Product Management"}, {"company_name": "Liberty Mutual Insurance", "employment_duration": "4 yrs 1 mo", "titles": ["AVP, USCM Auto Claims Process", "Asst. Product Manager, Auto Claims Property Damage Liability"], "dates_employed": ["Apr 2015\u2013Dec 2016 1 yr 9 mos", "Dec 2012\u2013Apr 2015 2 yrs 5 mos"]}, {"company_name": "Hollingsworth & Vose", "dates_employed": "Jan 2011\u2013Dec 2012 2 yrs", "location": "Greater Boston Area", "employment_duration": null, "title": "Enterprise Master Black Belt"}], "education": [{"institution": "Carnegie Mellon University - Tepper School of Business", "degree_details": {"degree_name": "MBA", "field_of_study": "Strategy, Operations, Finance", "dates_attended_or_expected_graduation": "2005 \u2013 2007"}}, {"institution": "Boston University", "degree_details": {"degree_name": "BA", "field_of_study": "Computer Science", "dates_attended_or_expected_graduation": "1997 \u2013 2001"}}], "employee_name": "fSQHMHaiJj3Qp6DHEgU=*6Yv7zXP3md5+9YlqK/t+cQ==*js/g536c7NVYozhLUYF0uQ==*HtYjjD27Zjr36jgvPpbEqg=="}, {"experience": [{"company_name": "CLARA analytics", "employment_duration": "3 yrs 9 mos", "titles": ["Director Of Engineering", "Sr Engineering Manager"], "dates_employed": ["Jan 2019\u2013Present 3 yrs 6 mos", "Oct 2018\u2013Dec 2018 3 mos"]}, {"company_name": "LeanTaaS", "employment_duration": "6 yrs 5 mos", "titles": ["Engineering Manager", "Senior Software Engineer"], "dates_employed": ["Jun 2016\u2013Sep 2018 2 yrs 4 mos", "May 2012\u2013Jan 2016 3 yrs 9 mos"]}, {"company_name": "Infosys", "dates_employed": "Mar 2010\u2013Apr 2012 2 yrs 2 mos", "location": "Cupertino, California Area", "employment_duration": null, "title": "Technology Lead"}, {"company_name": "Mahindra Satyam", "employment_duration": "6 yrs 7 mos", "titles": ["Senior Developer", "Senior Developer"], "dates_employed": ["May 2008\u2013Mar 2010 1 yr 11 mos", "Sep 2003\u2013Apr 2008 4 yrs 8 mos"]}], "education": [{"institution": "vishweshwaraiah technological university", "degree_details": {"degree_name": "Bachelors", "field_of_study": "Computer Science", "dates_attended_or_expected_graduation": "1999 \u2013 2003"}}], "employee_name": "z3XD0Hf4okSdLz0OMA==*vqhjK2vHlfV2/wKREnt9gw==*YvJnjTL0+KoK5gXUmcLLgQ==*Y7MY5/dv97mfEJ60CJmP/w=="}, {"experience": [{"company_name": "CLARA Analytics", "dates_employed": "Jul 2021\u2013Present 1 yr", "location": "Santa Clara, California, United States and Remote", "employment_duration": null, "title": "Chief Insurance and Science Officer"}, {"company_name": "RocketML", "dates_employed": "Apr 2021\u2013Present 1 yr 3 mos", "location": null, "employment_duration": null, "title": "Member Of The Board Of Advisors"}, {"company_name": "Beez", "dates_employed": "Apr 2021\u2013Present 1 yr 3 mos", "location": null, "employment_duration": null, "title": "Insurance Domain Advisor"}, {"company_name": "EMPLOYERS", "dates_employed": "May 2017\u2013Mar 2021 3 yrs 11 mos", "location": "Reno, Nevada Area", "employment_duration": null, "title": "SVP -- Chief Data and Analytics Officer"}, {"company_name": "AIG Life and Retirement / AIG Consumer Lines", "dates_employed": "2012\u20132016 4 yrs", "location": "Houston, TX", "employment_duration": null, "title": "Chief Data Officer / Head of Consumer Data Integration and Analytics"}], "education": [{"institution": "Harvard Business School", "degree_details": {"degree_name": "MBA", "field_of_study": "Finance", "dates_attended_or_expected_graduation": null}}, {"institution": "The Ohio State University", "degree_details": {"degree_name": "BS", "field_of_study": "Accounting and Finance", "dates_attended_or_expected_graduation": null}}], "employee_name": "QcqsT+EySnVKqw==*OkLrQ4YBp8dnbuh/wvle4g==*6xocjqvdrUmqPRSJDS8Ncg==*AvRSTKMudr9sKUnWm0VPrw=="}, {"experience": [{"company_name": "Chesapeake Employers' Insurance Company", "dates_employed": "Mar 2019\u2013Present 3 yrs 4 mos", "location": "United States", "employment_duration": null, "title": "Chief Results Officer for Subsidiary Initiatives"}, {"company_name": "iCubed Ventures, LLC", "dates_employed": "Apr 2019\u2013Present 3 yrs 3 mos", "location": "United States", "employment_duration": null, "title": "President and Chief Executive Officer"}, {"company_name": "CLARA analytics", "dates_employed": "Nov 2019\u2013Present 2 yrs 8 mos", "location": null, "employment_duration": null, "title": "Member, Clara Advisory Panel"}, {"company_name": "Transverse Insurance Group", "dates_employed": "Apr 2021\u2013Present 1 yr 3 mos", "location": null, "employment_duration": null, "title": "Member, Transverse Limited Partnership Advisory Committee"}, {"company_name": "Board Member", "employment_duration": "Lea's Foundation for Leukemia Research", "titles": ["", "", "", "", ""], "dates_employed": [null, null, null, null, null]}], "education": [{"institution": "Clarkson University", "degree_details": {"degree_name": "BS", "field_of_study": "Mathematics", "dates_attended_or_expected_graduation": "1988 \u2013 1992"}}], "employee_name": "XhSC5CYxCY5IpFDnMQ==*VzMOqXUClVF6e5kE+0badg==*W2iQQG7FwLtT9RGtR8a25w==*QJwyDuqSkZjyl6JBIzX30g=="}, {"experience": [{"company_name": "CLARA Analytics", "dates_employed": "2021\u2013Present 1 yr", "location": null, "employment_duration": null, "title": "Chief Executive Officer"}, {"company_name": "Shenandoah University", "dates_employed": "2003\u2013Present 19 yrs", "location": null, "employment_duration": null, "title": "Board Of Trustee Member"}, {"company_name": "Equifax", "dates_employed": "May 2019\u2013Present 3 yrs 2 mos", "location": null, "employment_duration": null, "title": "Equifax Board Director, Audit Committee and Technology Committee"}, {"company_name": "L Brands", "dates_employed": "2016\u20132020 4 yrs", "location": null, "employment_duration": null, "title": "Executive Vice President, Enterprise Chief Analytics and Artificial Intelligence Officer"}, {"company_name": "AIG", "dates_employed": "2012\u20132016 4 yrs", "location": null, "employment_duration": null, "title": "Senior Vice President, Enterprise Chief Data Officer"}], "education": [{"institution": "Nanzan University, Japan", "degree_details": {"field_of_study": "Japanese Language and International Business", "dates_attended_or_expected_graduation": null, "degree_name": null}}, {"institution": "Moscow International University", "degree_details": {"field_of_study": "Russian Language and International Business", "dates_attended_or_expected_graduation": null, "degree_name": null}}, {"institution": "Shenandoah University", "degree_details": {"degree_name": "Summa Cum Laude, BBA", "field_of_study": "International Business", "dates_attended_or_expected_graduation": null}}], "employee_name": "LWwX1elnW9zGuMO0Tw/iVr0=*MAxL6WwUeoheI0AFio8y1w==*nTI4P0SpO9/FEm/Zm+VcQA==*yQV0sx0EjI/48A0aYe2U0g=="}, {"experience": [{"company_name": "CLARA Analytics", "dates_employed": "Nov 2021\u2013Present 8 mos", "location": "Santa Clara, California, United States", "employment_duration": null, "title": "Director of Data and MLOps"}, {"company_name": "Big Data and Brews", "dates_employed": "Mar 2018\u2013Present 4 yrs 4 mos", "location": "Reno, Nevada, United States", "employment_duration": null, "title": "Organizer"}, {"company_name": "CLARA Analytics", "dates_employed": "Aug 2021\u2013Nov 2021 4 mos", "location": "Reno, Nevada, United States", "employment_duration": null, "title": "Director of Data Science"}, {"company_name": "EMPLOYERS", "employment_duration": "2 yrs 8 mos", "titles": ["Director of Data Products", "Data Scientist"], "dates_employed": ["Dec 2019\u2013Jul 2021 1 yr 8 mos", "Dec 2018\u2013Dec 2019 1 yr 1 mo"]}, {"company_name": "LexisNexis", "dates_employed": "Jul 2018\u2013Dec 2018 6 mos", "location": "Sacramento, California Area", "employment_duration": null, "title": "Machine Learning Engineer"}], "education": [{"institution": "The Johns Hopkins University", "degree_details": {"degree_name": "Master of Science (MS)", "field_of_study": "Bioinformatics", "dates_attended_or_expected_graduation": "2013 \u2013 2016"}}, {"institution": "Thinkful", "degree_details": {"degree_name": "Data Science Bootcamp", "field_of_study": "Data Science", "dates_attended_or_expected_graduation": "2017 \u2013 2017"}}, {"institution": "University of California, Santa Cruz", "degree_details": {"degree_name": "Bachelor\u2019s Degree", "field_of_study": "Biology (Minor:Physics)", "dates_attended_or_expected_graduation": "2007 \u2013 2010"}}], "employee_name": "4WNRHlmP1hGIFFXv*2kDSCIG2fAYUbO+rNVvI3Q==*VQRBPWc8n9WjLOeIFYm7Dg==*A6QdfJXVRVOaD8YiETL1Cg=="}, {"experience": [{"company_name": "CLARA Analytics", "dates_employed": "Apr 2022\u2013Present 3 mos", "location": "United States", "employment_duration": null, "title": "Chief Technology Officer"}, {"company_name": "Kaiser Permanente", "employment_duration": "22 yrs 2 mos", "titles": ["Senior Director, Revenue Management Integration Engineering", "Director IT Engineering", "Principal Architect - Revenue Management Program", "Principal Enterprise Architect - KPHC (EMR) and ePIMS (Pharmacy) Applications", "Infrastructure Architect - KPHC (EMR) and KPCC (Claims) Infrastructure Design and Implementation", "Manager - KPHC Release and Environments Engineering", "Manager - KPHC High/Critical Incident Management", "Delivery Manager - KPHC(EMR) Continuous Availability Solutions", "KPHC (EMR) Technology Lead - Design, Deployment, Implementation, Cutover and Support", "Lead Developer - KP Clinical Information Systems Development and Deployment"], "dates_employed": ["Jan 2020\u2013Apr 2022 2 yrs 4 mos", "Jan 2019\u2013Jan 2020 1 yr 1 mo", "Jul 2017\u2013Dec 2018 1 yr 6 mos", "Apr 2015\u2013Jul 2017 2 yrs 4 mos", "Mar 2013\u2013Mar 2015 2 yrs 1 mo", "Sep 2010\u2013Mar 2013 2 yrs 7 mos", "Feb 2008\u2013Sep 2010 2 yrs 8 mos", "Aug 2007\u2013Feb 2008 7 mos", "Apr 2004\u2013Aug 2007 3 yrs 5 mos", "Mar 2000\u2013Mar 2004 4 yrs 1 mo"]}, {"company_name": "IBM", "employment_duration": "4 yrs 3 mos", "titles": ["ETL / Data Warehouse Consultant", "Software Developer"], "dates_employed": ["Apr 2000\u2013Jun 2000 3 mos", "Apr 1996\u2013Feb 2000 3 yrs 11 mos"]}], "education": [{"institution": "Bharathidasan University", "degree_details": {"degree_name": "Master's in Computer Applications", "field_of_study": "Computer Science", "dates_attended_or_expected_graduation": "1993 \u2013 1996"}}, {"institution": "Bharathidasan University", "degree_details": {"degree_name": "Bachelor's in Computer Science", "field_of_study": "Computer Science", "dates_attended_or_expected_graduation": "1990 \u2013 1993"}}], "employee_name": "FuEPn1rJU8reXUrp*FCZH5RwfoH6cKDHL5qIumA==*/sfWCSrG2j1UTlBVCmoMPQ==*qbSKfddrwEx2u6oXAO9MjA=="}, {"experience": [{"company_name": "CLARA Analytics", "dates_employed": "Mar 2022\u2013Present 4 mos", "location": "United States", "employment_duration": null, "title": "Director of Sales Operations and Enablement"}, {"company_name": "Duck Creek Technologies", "dates_employed": "Dec 2019\u2013Mar 2022 2 yrs 4 mos", "location": "Greater Boston Area", "employment_duration": null, "title": "Associate Manager, Sales Operations"}, {"company_name": "GE Healthcare", "dates_employed": "Feb 2019\u2013Dec 2019 11 mos", "location": "Marlborough, MA", "employment_duration": null, "title": "Contract Specialist"}, {"company_name": "Zimmer Biomet", "employment_duration": "5 yrs 5 mos", "titles": ["Contract and Sales Ops Associate Manager", "Contracts and Pricing Analyst", "Associate Contracts and Pricing Analyst"], "dates_employed": ["Dec 2017\u2013Jan 2019 1 yr 2 mos", "Jun 2016\u2013Dec 2017 1 yr 7 mos", "Sep 2013\u2013Jun 2016 2 yrs 10 mos"]}, {"company_name": "The University of Akron, School of Art", "dates_employed": "Aug 2009\u2013Sep 2013 4 yrs 2 mos", "location": null, "employment_duration": null, "title": "Art Budget Administrators Assistant"}], "education": [{"institution": "The University of Akron", "degree_details": {"degree_name": "Bachelor of Business Administration (BBA)", "field_of_study": "Finance and Financial Management Services", "dates_attended_or_expected_graduation": "2009 \u2013 2013"}}, {"institution": "The University of Akron", "degree_details": {"degree_name": "Bachelor of Business Administration", "field_of_study": "Corporate Finance", "dates_attended_or_expected_graduation": "2009 \u2013 2013"}}], "employee_name": "gb0eShCvfYvCVVegxZfe0g==*pkwmC7pWHDqOVX6eEoIVgQ==*82q5OtnVHpmvKVgdtdKHQg==*aVMz+hvmTG8G8biUP+3KwA=="}, {"experience": [{"company_name": "Aspen Capital Group", "dates_employed": "2019\u2013Present 3 yrs", "location": null, "employment_duration": null, "title": "Partner"}, {"company_name": "Sureify", "dates_employed": "2021\u2013Present 1 yr", "location": "San Jose, California, United States", "employment_duration": null, "title": "Board Observer"}, {"company_name": "Transcend", "dates_employed": "2021\u2013Present 1 yr", "location": "Princeton, New Jersey, United States", "employment_duration": null, "title": "Board Member"}, {"company_name": "Deposco", "dates_employed": "2021\u2013Present 1 yr", "location": "Alpharetta, Georgia, United States", "employment_duration": null, "title": "Investor"}, {"company_name": "CLARA analytics", "dates_employed": "2020\u2013Present 2 yrs", "location": "Santa Clara, California, United States", "employment_duration": null, "title": "Board Observer"}], "education": [{"institution": "University of Michigan", "degree_details": {"degree_name": "Bachelor of Business Administration (BBA)", "dates_attended_or_expected_graduation": null, "field_of_study": null}}, {"institution": "Minnetonka High School", "degree_details": {"dates_attended_or_expected_graduation": null, "degree_name": null, "field_of_study": null}}], "employee_name": "OdErwZeKoKy8x5VP*KdBsNgF5eGle5/ukHt1NHw==*sL6PVuPE+KYTkRr4DTXaYA==*lbNmXOpONvaCmeiZzcy0Aw=="}, {"experience": [{"company_name": "CLARA analytics", "dates_employed": "Feb 2020\u2013Present 2 yrs 5 mos", "location": null, "employment_duration": null, "title": "Senior Manager of FP&A"}, {"company_name": "Wells Fargo", "dates_employed": "2019\u20132019 less than a year", "location": "San Francisco Bay Area", "employment_duration": null, "title": "Marketing Strategy & Planning Consultant / Self Employed"}, {"company_name": "SurveyMonkey", "dates_employed": "2018\u20132019 1 yr", "location": null, "employment_duration": null, "title": "Sales Finance Manager"}, {"company_name": "Cloudera", "dates_employed": "2016\u20132018 2 yrs", "location": "Palo Alto, CA", "employment_duration": null, "title": "FP&A Manager"}, {"company_name": "Banana Republic", "dates_employed": "2010\u20132012 2 yrs", "location": "San Francisco Bay Area", "employment_duration": null, "title": "Senior Financial Analyst"}], "education": [{"institution": "Northwestern University - Kellogg School of Management", "degree_details": {"degree_name": "Master of Business Administration (M.B.A.)", "field_of_study": "Business, Management, Marketing, and Related Support Services", "dates_attended_or_expected_graduation": "2013"}}, {"institution": "University of California, Berkeley, Haas School of Business", "degree_details": {"degree_name": "Bachelor of Science (BS)", "field_of_study": "Business at Haas School of Business", "dates_attended_or_expected_graduation": "2005"}}, {"institution": "Notre Dame Belmont", "degree_details": {"degree_name": "High School Diploma", "dates_attended_or_expected_graduation": "2001", "field_of_study": null}}], "employee_name": "NBstMrLaicPHVg==*DrDPfQ382RR5zNPggAV4Kg==*0j9ZV5ZPliCiRGd76bOAzw==*Iz609A3OJ168DmaG75BAOQ=="}, {"experience": [{"company_name": "CLARA Analytics", "employment_duration": "1 yr 11 mos", "titles": ["Director, Claims Solutions", "Claims Solutions Manager"], "dates_employed": ["Dec 2021\u2013Present 7 mos", "Aug 2020\u2013Dec 2021 1 yr 5 mos"]}, {"company_name": "DC Express Lacrosse", "dates_employed": "Aug 2016\u2013Aug 2021 5 yrs 1 mo", "location": null, "employment_duration": null, "title": "Coach"}, {"company_name": "Chaikin, Sherman, Cammarata & Siegel", "dates_employed": "Jul 2019\u2013Aug 2020 1 yr 2 mos", "location": "Washington D.C. Metro Area", "employment_duration": null, "title": "Claims Manager"}, {"company_name": "Marriott International", "dates_employed": "Mar 2019\u2013Jul 2019 5 mos", "location": null, "employment_duration": null, "title": "Senior Claims Adjuster"}, {"company_name": "Marriott International", "dates_employed": "Feb 2018\u2013Mar 2019 1 yr 2 mos", "location": null, "employment_duration": null, "title": "Claims Adjuster II"}], "education": [{"institution": "Washington College", "degree_details": {"dates_attended_or_expected_graduation": null, "degree_name": null, "field_of_study": null}}], "employee_name": "+9QsVmkWRu2qQo2orw==*89HcSIhIKj2cooYz/1sTcA==*rymMKlKOeCGsZg/RYIQPeg==*BV7/csyOpcg8KHrrWRgvOQ=="}, {"experience": [{"company_name": "CLARA analytics", "employment_duration": "4 yrs 6 mos", "titles": ["Engineering Manager", "Staff Software Engineer"], "dates_employed": ["Feb 2020\u2013Present 2 yrs 5 mos", "Jan 2018\u2013Feb 2020 2 yrs 2 mos"]}, {"company_name": "LeanTaaS", "dates_employed": "Jun 2016\u2013Dec 2017 1 yr 7 mos", "location": "San Francisco Bay Area", "employment_duration": null, "title": "Software Engineer"}, {"company_name": "HigherUp", "employment_duration": "1 yr 1 mo", "titles": ["Software Development Intern (Spring)", "Software Development Intern (Summer)"], "dates_employed": ["Jan 2016\u2013May 2016 5 mos", "May 2015\u2013Aug 2015 4 mos"]}, {"company_name": "Integrated Media Systems Lab, University of Southern California", "dates_employed": "Oct 2014\u2013Mar 2015 6 mos", "location": "Greater Los Angeles Area", "employment_duration": null, "title": "Software Developer"}, {"company_name": "Subex Ltd", "dates_employed": "Jul 2011\u2013Jul 2014 3 yrs 1 mo", "location": "Bangalore, India", "employment_duration": null, "title": "System Analyst (Software Engineer II)"}], "education": [{"institution": "University of Southern California", "degree_details": {"degree_name": "Master's Degree", "field_of_study": "Computer Science", "dates_attended_or_expected_graduation": "2014 \u2013 2016"}}, {"institution": "The National Institute of Engineering", "degree_details": {"degree_name": "Bachelor of Engineering (BE)", "field_of_study": "Computer Science and Engineering", "dates_attended_or_expected_graduation": "2007 \u2013 2011"}}], "employee_name": "joW0J/V7CNK4MNXOjVJKn+c=*ERQTaNjJsAuEopuGkdL5+w==*Eu0x3UstVbuUnxoBNw2WIQ==*xRxuNdofx3XxDV6PXHtvCQ=="}, {"experience": [{"company_name": "CLARA analytics", "dates_employed": "Oct 2017\u2013Present 4 yrs 9 mos", "location": "Santa Clara", "employment_duration": null, "title": "Software Engineering Manager (Data Engineering)"}, {"company_name": "LeanTaaS", "dates_employed": "Aug 2016\u2013Oct 2017 1 yr 3 mos", "location": "Santa Clara, CA", "employment_duration": null, "title": "Technical Lead"}, {"company_name": "Walmart eCommerce", "dates_employed": "Oct 2012\u2013Jul 2016 3 yrs 10 mos", "location": "Sunnyvale", "employment_duration": null, "title": "Principal Software Engineer"}, {"company_name": "eBay", "dates_employed": "Jan 2006\u2013Oct 2012 6 yrs 10 mos", "location": null, "employment_duration": null, "title": "Staff Software Engineer/Technical Lead"}, {"company_name": "ThinkingVoice", "dates_employed": "Mar 2005\u2013Jan 2006 11 mos", "location": null, "employment_duration": null, "title": "Sr Software Engineer"}], "education": [{"institution": "Vilniaus universitetas / Vilnius University", "degree_details": {"degree_name": "Master of Science (MS)", "field_of_study": "Applied Mathematics/Computer Science", "dates_attended_or_expected_graduation": "1988 \u2013 1993"}}], "employee_name": "N5qsebK9kSF24ZHmKw==*gmc5ET4eEsJVpGFywD1mQg==*Ni4uPWb439uxup2w86l5ow==*Mq1rtiBWpv2Z13lxBfvdqQ=="}, {"experience": [{"company_name": "Northwestern Mutual", "dates_employed": "Sep 2021\u2013Present 10 mos", "location": null, "employment_duration": null, "title": "Board of Trustees"}, {"company_name": "CLARA Analytics", "dates_employed": "Sep 2020\u2013Present 1 yr 10 mos", "location": null, "employment_duration": null, "title": "Board Director"}, {"company_name": "Westfield", "dates_employed": "Jan 2020\u2013Present 2 yrs 6 mos", "location": "Westfield Center, Ohio, United States", "employment_duration": null, "title": "Board Member"}, {"company_name": "FINEOS", "dates_employed": "Oct 2019\u2013Present 2 yrs 9 mos", "location": "Dublin, Ireland", "employment_duration": null, "title": "Board Member"}, {"company_name": "Distinguished Programs", "dates_employed": "Jul 2019\u2013Present 3 yrs", "location": "New York, United States", "employment_duration": null, "title": "Board Member"}], "education": [{"institution": "The Wharton School", "degree_details": {"degree_name": "BS", "field_of_study": "Economics", "dates_attended_or_expected_graduation": "1976 \u2013 1980"}}, {"institution": "Syracuse University", "degree_details": {"dates_attended_or_expected_graduation": null, "degree_name": null, "field_of_study": null}}], "employee_name": "OErYYdAU2eGRXiwlhcQs*lNLhoqlmGmXRyMqAE4PA2Q==*RDqxxw2i3QuiBSFKOt47bA==*YSN+ZtlfQkJq8AxCEnaC6A=="}, {"experience": [{"company_name": "CLARA Analytics", "dates_employed": "Feb 2022\u2013Present 5 mos", "location": null, "employment_duration": null, "title": "Account Executive"}, {"company_name": "owl.co", "dates_employed": "Aug 2021\u2013Feb 2022 7 mos", "location": null, "employment_duration": null, "title": "Account Executive"}, {"company_name": "LexisNexis", "dates_employed": "Mar 2021\u2013Aug 2021 6 mos", "location": null, "employment_duration": null, "title": "Corporate Legal Account Executive"}, {"company_name": "Heartland", "dates_employed": "Jun 2020\u2013Mar 2021 10 mos", "location": "Dayton, Ohio, United States", "employment_duration": null, "title": "Senior Sales Account Executive"}, {"company_name": "Paycor", "dates_employed": "Nov 2019\u2013Apr 2020 6 mos", "location": "Cincinnati, Ohio, United States", "employment_duration": null, "title": "Account Executive"}], "education": [{"institution": "Wright State University", "degree_details": {"degree_name": "Bachelor of Science (B.S.)", "field_of_study": "Organizational Leadership", "dates_attended_or_expected_graduation": null}}], "employee_name": "34fqnCPTvA0ediC8dA==*T4Cz2qukzsa1CAAgGkCOiQ==*sBaX7WCi0avjR9RbhjUpNw==*DKKE9KeqCLHEgP829YSBOQ=="}, {"experience": [{"company_name": "WTW", "dates_employed": "May 2017\u2013Present 5 yrs 2 mos", "location": "New York, New York", "employment_duration": null, "title": "Head of Casualty Claims (North Am.), Liability Claim Consulting & Carrier Relations"}, {"company_name": "CLARA analytics", "dates_employed": "Sep 2020\u2013Present 1 yr 10 mos", "location": "Santa Clara, California, United States", "employment_duration": null, "title": "Member, CLARA Advisory Panel"}, {"company_name": "Marsh", "employment_duration": "16 yrs 9 mos", "titles": ["Chief Claim Officer, US Casualty & Specialty Lines", "Managing Director - Global Practice Leader, Complex Liability Consulting", "Senior Vice President", "Vice President"], "dates_employed": ["May 2016\u2013May 2017 1 yr 1 mo", "Aug 2009\u2013May 2017 7 yrs 10 mos", "Jul 2004\u2013Aug 2009 5 yrs 2 mos", "Sep 2000\u2013Jul 2004 3 yrs 11 mos"]}], "education": [{"institution": "Western New England University School of Law", "degree_details": {"degree_name": "JD", "dates_attended_or_expected_graduation": null, "field_of_study": null}}], "employee_name": "rrfBLoO+ehBzs9zAxz0icCSr*gBtl/7gISx37/kGoQQaqKQ==*yS5VrW4fQFjY78a3RknpMw==*I8i/romW9AVlAFOExcF2fw=="}, {"experience": [{"company_name": "CLARA analytics", "dates_employed": "Apr 2017\u2013Present 5 yrs 3 mos", "location": "Santa Clara, California", "employment_duration": null, "title": "Strategic Partnerships Manager"}, {"company_name": "Total Quality Logistics", "dates_employed": "Jun 2014\u2013Apr 2017 2 yrs 11 mos", "location": "Sarasota, Florida Area", "employment_duration": null, "title": "Senior Sales Account Manager"}, {"company_name": "IBusinessSolutions", "dates_employed": "Nov 2012\u2013Jun 2014 1 yr 8 mos", "location": null, "employment_duration": null, "title": "Sales Account Executive"}, {"company_name": "US Army", "dates_employed": "2006\u20132012 6 yrs", "location": "Ft.Bragg, NC", "employment_duration": null, "title": "Team Chief"}], "education": [{"institution": "American Military University", "degree_details": {"dates_attended_or_expected_graduation": null, "degree_name": null, "field_of_study": null}}, {"institution": "Palmetto High School", "degree_details": {"dates_attended_or_expected_graduation": "2002 \u2013 2006", "degree_name": null, "field_of_study": null}}], "employee_name": "dqpwmH0kXKTheE/Nct2prQ==*OdybRUp0GaAq1GAVqitwDQ==*SfeDSTAR3O3L+hZy5+SHkg==*tPnl3JFUPItsLlGs/Fue5w=="}, {"experience": [{"company_name": "CLARA analytics", "dates_employed": "Feb 2020\u2013Present 2 yrs 5 mos", "location": "San Francisco Bay Area", "employment_duration": null, "title": "Senior Vice President Of Global Sales"}, {"company_name": "Cloud Academy, Inc.", "dates_employed": "Nov 2017\u2013Dec 2019 2 yrs 2 mos", "location": "San Francisco Bay Area", "employment_duration": null, "title": "Vice President, Global Sales and Customer Success"}, {"company_name": "Support.com", "dates_employed": "Jan 2016\u2013Apr 2018 2 yrs 4 mos", "location": "Redwood City, CA", "employment_duration": null, "title": "Vice President of Global Sales, Marketing and Customer Success"}, {"company_name": "BrightEdge", "dates_employed": "Feb 2014\u2013Jan 2016 2 yrs", "location": "San Mateo, CA", "employment_duration": null, "title": "Senior Director of Sales - Global and Enterprise Teams"}, {"company_name": "Good Powered by BlackBerry", "dates_employed": "Apr 2013\u2013Jan 2014 10 mos", "location": "Sunnyvale, CA", "employment_duration": null, "title": "Director, Corporate Sales and Public Sector"}], "education": [{"institution": "University of San Francisco", "degree_details": {"degree_name": "Bachelor of Science (BS)", "field_of_study": "Business/Management", "dates_attended_or_expected_graduation": null}}], "employee_name": "zpXWgDWww4dwvVgAngrz*epr9eDmwEtcltRoDyPXopw==*avu+RNleOg8AjJQ9G2c6Zw==*Ou/qQO7DUSkWR24ma6jEuQ=="}, {"experience": [{"company_name": "CLARA Analytics", "dates_employed": "Jan 2022\u2013Present 6 mos", "location": null, "employment_duration": null, "title": "Business Development Representative"}, {"company_name": "Jackson Hole Mountain Resort", "dates_employed": "Jun 2019\u2013Jan 2022 2 yrs 8 mos", "location": "Teton Village, Wyoming", "employment_duration": null, "title": "Gondola Supervisor"}, {"company_name": "Ramped", "dates_employed": "Oct 2021\u2013Dec 2021 3 mos", "location": "New York, NY (Remote)", "employment_duration": null, "title": "Sales Development Representative Training"}, {"company_name": "Stio\u00ae", "dates_employed": "Jun 2019\u2013Mar 2020 10 mos", "location": "Jackson, Wyoming, United States", "employment_duration": null, "title": "Customer Service Sales Representative"}, {"company_name": "Minneapolis Institute of Art", "dates_employed": "Aug 2014\u2013May 2019 4 yrs 10 mos", "location": "Minneapolis, Minnesota, United States", "employment_duration": null, "title": "Security Controller"}], "education": [{"institution": "University of Minnesota", "degree_details": {"degree_name": "Bachelor of Fine Arts - BFA", "field_of_study": "Fine/Studio Arts, General", "dates_attended_or_expected_graduation": "2010 \u2013 2013"}}], "employee_name": "CSZBJK/NdM+itMuY*sW/Ary4x0jCCWvS4qu2Wfg==*5Xic6lfEJZ+FbvJKZD30eA==*MZOXq+Ekzp+I8zasBFAaEA=="}, {"experience": [{"company_name": "CLARA Analytics", "dates_employed": "Mar 2022\u2013Present 4 mos", "location": null, "employment_duration": null, "title": "Director of Customer Success"}, {"company_name": "Aspire Systems", "dates_employed": "Apr 2020\u2013Mar 2022 2 yrs", "location": null, "employment_duration": null, "title": "Head Insurance Sales & Customer Success - North America, Guidewire Partner Manager"}, {"company_name": "Lore IO", "dates_employed": "Nov 2019\u2013Apr 2020 6 mos", "location": "San Francisco Bay Area", "employment_duration": null, "title": "Advisory & Growth Leader - Insurance"}, {"company_name": "Mindtree", "employment_duration": "12 yrs 5 mos", "titles": ["General Manager", "Sr. Director", "Program Director", "Principal Consultant", "Associate Director"], "dates_employed": ["Apr 2018\u2013Sep 2019 1 yr 6 mos", "Apr 2016\u2013Mar 2018 2 yrs", "Jan 2013\u2013Mar 2016 3 yrs 3 mos", "Feb 2010\u2013Dec 2012 2 yrs 11 mos", "May 2007\u2013Jan 2010 2 yrs 9 mos"]}, {"company_name": "Tata Consultancy Services", "dates_employed": "Jan 2000\u2013Apr 2007 7 yrs 4 mos", "location": null, "employment_duration": null, "title": "Assistant Consultant"}], "education": [{"institution": "Annamalai University", "degree_details": {"degree_name": "Masters in Commerce", "field_of_study": "Financial Management & Cost Accounting", "dates_attended_or_expected_graduation": "1995 \u2013 1997"}}, {"institution": "Annamalai University", "degree_details": {"degree_name": "Bachelors in Commerce", "field_of_study": "Insurance", "dates_attended_or_expected_graduation": "1992 \u2013 1995"}}, {"institution": "SBOA School and Junior College", "degree_details": {"degree_name": "AISSCE", "field_of_study": "Insurance & Finance", "dates_attended_or_expected_graduation": "1990 \u2013 1992"}}], "employee_name": "ubcAQp508vTJPe+Rh3LmQ53iG05QKLk=*sqDQ80/bptb9cw30o50Nug==*qBcixkI8AHRtjr7FFz+nPw==*djdeRhco6VwnskOQlnwDnw=="}, {"experience": [{"company_name": "CLARA Analytics", "dates_employed": "Dec 2021\u2013Present 7 mos", "location": null, "employment_duration": null, "title": "Director of Data Strategy and Quality Assurance"}, {"company_name": "Pie Insurance", "dates_employed": "Jun 2021\u2013Dec 2021 7 mos", "location": null, "employment_duration": null, "title": "Director of Claims"}, {"company_name": "EMPLOYERS", "employment_duration": "12 yrs 2 mos", "titles": ["Director, Claims Process Models", "Director, Business Analytics", "Senior Analytics Catalyst", "Manager, Corporate Claims & Data Analytics", "Claims Manager", "Claims Supervisor"], "dates_employed": ["Feb 2020\u2013May 2021 1 yr 4 mos", "Aug 2018\u2013Feb 2020 1 yr 7 mos", "Feb 2018\u2013Aug 2018 7 mos", "Apr 2015\u2013Feb 2018 2 yrs 11 mos", "Feb 2013\u2013Apr 2015 2 yrs 3 mos", "Apr 2009\u2013Feb 2013 3 yrs 11 mos"]}, {"company_name": "Sedgwick CMS", "employment_duration": "2 yrs 3 mos", "titles": ["Performance Assurance Analyst", "Claims Examiner III"], "dates_employed": ["Jun 2008\u2013Apr 2009 11 mos", "Feb 2007\u2013Jun 2008 1 yr 5 mos"]}, {"company_name": "Idaho State Insurance Fund", "employment_duration": "7 yrs 5 mos", "titles": ["Claims Examiner", "Cost Containment Analyst"], "dates_employed": ["Mar 2002\u2013Feb 2007 5 yrs", "Oct 1999\u2013Mar 2002 2 yrs 6 mos"]}], "education": [{"institution": "AICPCU", "degree_details": {"degree_name": "AIC", "field_of_study": "Insurance", "dates_attended_or_expected_graduation": "2008 \u2013 2010"}}, {"institution": "AICPCU", "degree_details": {"degree_name": "CPCU", "dates_attended_or_expected_graduation": "2012 \u2013 2023", "field_of_study": null}}, {"institution": "State of Florida", "degree_details": {"degree_name": "Independent Insurance Adjuster", "field_of_study": "Insurance", "dates_attended_or_expected_graduation": "2016 \u2013 2018"}}], "employee_name": "+2OP6eq97vqTqG8AfQ==*6JS3++Vee2/h6diokhyqzg==*UesAEqZMneSOzBHSgQEqHQ==*Q5WJq+6B69lYZOWECyi0Hw=="}, {"experience": [{"company_name": "CLARA analytics", "dates_employed": "2020\u2013Present 2 yrs", "location": null, "employment_duration": null, "title": "Principal Engineer"}, {"company_name": "Orbital Insight", "dates_employed": "2016\u20132020 4 yrs", "location": null, "employment_duration": null, "title": "Principal Engineer"}, {"company_name": "MTS", "employment_duration": "Cisco Systems (formerly Insieme Networks)", "titles": ["Cisco Application Centric Infrastructure"], "dates_employed": [null]}, {"company_name": "Menlo Group, LLC / Ferris, Baker Watts", "dates_employed": "2005\u20132010 5 yrs", "location": null, "employment_duration": null, "title": "Partner, Investment Banker, Research Associate"}, {"company_name": "Predictive Financial Technologies, LLC", "dates_employed": "2002\u20132007 5 yrs", "location": null, "employment_duration": null, "title": "Partner"}], "education": [{"institution": "Moscow Aviation Institute", "degree_details": {"degree_name": "BS/MS", "field_of_study": "Computer Engineering", "dates_attended_or_expected_graduation": "1976 \u2013 1981"}}, {"institution": "Central Telecommunication Research Institute (ZNIIS)", "degree_details": {"degree_name": "PhD", "field_of_study": "EE", "dates_attended_or_expected_graduation": "1983 \u2013 1987"}}], "employee_name": "jmFVE/2qvIH8o2AZshqhdg==*tweTZlEZG/iLPU0UwiU+eA==*GAPdifl8eRQC0I14HDw2FA==*Wq4Baz542aVLKyCWd3JOJw=="}, {"experience": [{"company_name": "CNA Insurance", "dates_employed": "Feb 2021\u2013Present 1 yr 5 mos", "location": "Greater Chicago Area", "employment_duration": null, "title": "Director, Medical Bill Review"}, {"company_name": "CLARA analytics", "dates_employed": "Nov 2019\u2013Present 2 yrs 8 mos", "location": null, "employment_duration": null, "title": "Member, CLARA Advisory Panel"}, {"company_name": "QBE North America", "dates_employed": "Jan 2019\u2013Feb 2021 2 yrs 2 mos", "location": null, "employment_duration": null, "title": "AVP - Technical Ops & Workers' Compensation Procurement"}, {"company_name": "QBE North America", "dates_employed": "Oct 2016\u2013Dec 2018 2 yrs 3 mos", "location": "Itasca, IL", "employment_duration": null, "title": "AVP - Claims Vendor Management"}, {"company_name": "Zurich North America", "employment_duration": "16 yrs 6 mos", "titles": ["AVP - Claims Procurement Global Purchasing Consultant", "Senior Vendor Management Specialist, Managed Care", "Account Management Executive, Managed Care", "Referral and Invoice Coordinator, Managed Care"], "dates_employed": ["Jun 2015\u2013Oct 2016 1 yr 5 mos", "Dec 2009\u2013May 2015 5 yrs 6 mos", "May 2004\u2013Dec 2009 5 yrs 8 mos", "May 2000\u2013May 2004 4 yrs 1 mo"]}], "education": [{"institution": "DePaul University", "degree_details": {"degree_name": "Bachelor of Arts - BA", "field_of_study": "Management & Leadership", "dates_attended_or_expected_graduation": null}}, {"institution": "Harper College", "degree_details": {"degree_name": "Associate of Arts and Sciences - AAS", "field_of_study": "Business Administration and Management", "dates_attended_or_expected_graduation": null}}], "employee_name": "VrE0cSXh2bImxmvqXBsS*B6ZyJZLvpPUkISbSDEmg7Q==*8OhfCPMK26ty6yuGjfJVyw==*ixQHCCaaOO7NNuNbQMeZbA=="}, {"experience": [{"company_name": "Aspen Capital Group", "dates_employed": "Apr 2002\u2013Present 20 yrs 3 mos", "location": null, "employment_duration": null, "title": "Managing Partner"}, {"company_name": "Sureify", "dates_employed": "May 2021\u2013Present 1 yr 2 mos", "location": "San Jose, California, United States", "employment_duration": null, "title": "Board of Directors"}, {"company_name": "Transcend", "dates_employed": "May 2021\u2013Present 1 yr 2 mos", "location": "Princeton, New Jersey, United States", "employment_duration": null, "title": "Lead Investor"}, {"company_name": "Deposco", "dates_employed": "Feb 2021\u2013Present 1 yr 5 mos", "location": "Alpharetta, Georgia, United States", "employment_duration": null, "title": "Investor & Board Observer"}, {"company_name": "CLARA analytics", "dates_employed": "May 2020\u2013Present 2 yrs 2 mos", "location": "Santa Clara, California, United States", "employment_duration": null, "title": "Board of Directors"}], "education": [{"institution": "The Wharton School", "degree_details": {"degree_name": "MBA", "field_of_study": "Corporate Finance & Accounting", "dates_attended_or_expected_graduation": "1989 \u2013 1991"}}, {"institution": "University of Michigan", "degree_details": {"degree_name": "BS", "field_of_study": "Computer Engineering", "dates_attended_or_expected_graduation": "1981 \u2013 1985"}}], "employee_name": "LdgO0IUjIrfDZ383*GVx42Tt+Llo4PNfW8UH2MA==*5kj/13W1+ofNIiaJ2EycSw==*Bz1/6pu/Wg5UkXliuAV+XQ=="}, {"experience": [{"company_name": "CLARA Analytics", "dates_employed": "Mar 2022\u2013Present 4 mos", "location": null, "employment_duration": null, "title": "Business Value Analyst"}, {"company_name": "Truckee Meadows Community College", "employment_duration": "3 yrs 3 mos", "titles": ["Research Analyst", "Operations Assistant", "Tutoring Coordinator"], "dates_employed": ["Sep 2021\u2013Mar 2022 7 mos", "Jul 2020\u2013Sep 2021 1 yr 3 mos", "Jan 2019\u2013Sep 2021 2 yrs 9 mos"]}], "education": [{"institution": "University of Nevada, Reno", "degree_details": {"degree_name": "Master's", "field_of_study": "Business Analytics", "dates_attended_or_expected_graduation": "2021 \u2013 2022"}}, {"institution": "University of Nevada, Reno", "degree_details": {"degree_name": "Bachelor's", "field_of_study": "Discrete Mathematics", "dates_attended_or_expected_graduation": "2015 \u2013 2019"}}], "employee_name": "9xp1ReWJFShNZU7TzHoh*PBxgNang1uuCcwQoWtIxhA==*b/NwHcPWE1HzSOERZWLrMw==*xO2J6v/EgpoTyhYPdbAwKQ=="}, {"experience": [{"company_name": "CLARA Analytics", "dates_employed": "Apr 2022\u2013Present 3 mos", "location": null, "employment_duration": null, "title": "Data Quality Analyst"}, {"company_name": "StoneRiver, Inc. - A Sapiens Company", "employment_duration": "19 yrs 9 mos", "titles": ["Senior Data Architect", "Lead Software Development Engineer / Sr. Software Modeler"], "dates_employed": ["Dec 2018\u2013Apr 2022 3 yrs 5 mos", "Aug 2002\u2013Apr 2022 19 yrs 9 mos"]}, {"company_name": "StoneRiver", "dates_employed": "Aug 2002\u2013Apr 2022 19 yrs 9 mos", "location": "Greater Denver Area", "employment_duration": null, "title": "Sr. Technical Business Analyst"}], "education": [{"institution": "Colorado State University", "degree_details": {"degree_name": "CIS", "field_of_study": "Computer Information Systems; Business", "dates_attended_or_expected_graduation": "1985 \u2013 1989"}}], "employee_name": "BKeVMxa231DM+w==*+cwENQuMDAkD2CSZRADDEw==*xZu4e/vo2YToh59OUlsHMg==*jmz4EVqex96QVJy7HFQVsQ=="}, {"experience": [{"company_name": "CLARA Analytics", "dates_employed": "Feb 2022\u2013Present 5 mos", "location": null, "employment_duration": null, "title": "MSP Compliance Conditional Payments Resolution Specialist"}, {"company_name": "York Risk Services Group", "dates_employed": "Jul 2017\u2013Present 5 yrs", "location": "Lafayette, Louisiana", "employment_duration": null, "title": "Medicare Secondary Payer Compliance Conditional Payments"}, {"company_name": "Sedgwick", "dates_employed": "Jun 2019\u2013Jan 2020 8 mos", "location": null, "employment_duration": null, "title": "Medical Allocator"}], "education": null, "employee_name": "eDoOx7mNCsvVSfHQVg==*XUtBIaCDsTnx93NrXcQbFQ==*nRz0SkQRqj4l0lUaUf2ngg==*4WMh9N4K4OLNY+fk1CPh2g=="}, {"experience": [{"company_name": "CLARA Analytics", "dates_employed": "Feb 2020\u2013Present 2 yrs 5 mos", "location": "Santa Clara, California, United States", "employment_duration": null, "title": "Principal UX/UI Designer"}, {"company_name": "LinkedIn", "dates_employed": "Mar 2019\u2013Present 3 yrs 4 mos", "location": "sunnyvale", "employment_duration": null, "title": "UX Design Contractor"}, {"company_name": "VipShop.Inc", "dates_employed": "Dec 2014\u2013Mar 2019 4 yrs 4 mos", "location": "san jose", "employment_duration": null, "title": "Senior Product Designer"}, {"company_name": "Spirent Communications", "dates_employed": "Aug 2013\u2013Dec 2014 1 yr 5 mos", "location": "santa clara", "employment_duration": null, "title": "Staff UX Designer"}, {"company_name": "Apple", "dates_employed": "May 2013\u2013Aug 2013 4 mos", "location": "Cupertino, CA", "employment_duration": null, "title": "Product Design Contractor"}], "education": [{"institution": "Academy of Art University", "degree_details": {"degree_name": "Master", "field_of_study": "Computer Art", "dates_attended_or_expected_graduation": null}}], "employee_name": "W6079MJxTAw=*oALn/zI6HBYWHA95IjlECg==*Aa4DA++z5NaSmQqTGf4eiQ==*b4rtYENJMJEjgvjyC7y20Q=="}, {"experience": [{"company_name": "CLARA Analytics", "dates_employed": "Jun 2019\u2013Present 3 yrs 1 mo", "location": "San Francisco Bay Area", "employment_duration": null, "title": "Senior Data Engineer"}, {"company_name": "Google", "dates_employed": "Jan 2017\u2013Jun 2019 2 yrs 6 mos", "location": "San Francisco Bay Area", "employment_duration": null, "title": "Development Functional Lead (Vendor)"}, {"company_name": "ExxonMobil Limited", "dates_employed": "Jun 2013\u2013Jan 2016 2 yrs 8 mos", "location": "Bangkok Metropolitan Area, Thailand", "employment_duration": null, "title": "Application Support Engineer"}, {"company_name": "DST Systems", "dates_employed": "Aug 2010\u2013May 2013 2 yrs 10 mos", "location": "Bangkok Metropolitan Area, Thailand", "employment_duration": null, "title": "Quality Assurance Engineer"}, {"company_name": "IBM Solutions Delivery", "dates_employed": "Jun 2009\u2013Jul 2010 1 yr 2 mos", "location": "Bangkok Metropolitan Area, Thailand", "employment_duration": null, "title": "Quality Assurance Engineer"}], "education": [{"institution": "Chulalongkorn University", "degree_details": {"degree_name": "Bachelor\u2019s Degree", "field_of_study": "Computer Engineering", "dates_attended_or_expected_graduation": "2005 \u2013 2009"}}, {"institution": "Microsoft Professional Program", "degree_details": {"field_of_study": "Data Science (edX)", "dates_attended_or_expected_graduation": "2016 \u2013 2017", "degree_name": null}}], "employee_name": "PhhE5b5tvYziZGKV+3BEQiNbuso=*ZHjT+QdmtAdpS9cCVMSfhg==*AkIhEF+W6YS6ssp1XRuQpQ==*+71u+EN5lkkgE3UD7dRGbw=="}, {"experience": [{"company_name": "Systems Engineer", "employment_duration": "CLARA analytics", "titles": ["AI Workers Compensation"], "dates_employed": [null]}, {"company_name": "Aruba, a Hewlett Packard Enterprise company", "dates_employed": "Jun 2017\u2013Aug 2018 1 yr 3 mos", "location": "San Francisco Bay Area", "employment_duration": null, "title": "System Engineer"}, {"company_name": "Terp Solar (Solar City)", "dates_employed": "Jul 2015\u2013May 2017 1 yr 11 mos", "location": "Washington D.C. Metro Area", "employment_duration": null, "title": "Renewable Energy Systems Engineer"}, {"company_name": "Women's Learning Partnership", "dates_employed": "Nov 2011\u2013Jul 2015 3 yrs 9 mos", "location": "Bethesda, MD", "employment_duration": null, "title": "IT Manager"}, {"company_name": "Cisco", "dates_employed": "Jun 2013\u2013Aug 2013 3 mos", "location": "Columbia, MD", "employment_duration": null, "title": "Systems Engineer Intern"}], "education": [{"institution": "University of Maryland", "degree_details": {"degree_name": "Master's degree", "field_of_study": "Systems Engineering", "dates_attended_or_expected_graduation": "2013 \u2013 2015"}}, {"institution": "Yazd University", "degree_details": {"degree_name": "Bachelor's degree", "field_of_study": "Electrical and Electronics Engineering", "dates_attended_or_expected_graduation": "2003 \u2013 2007"}}], "employee_name": "6NoR3eLgA8IIurn09gew+Vs=*VS/z2X2sq8bZz02znB9/CA==*RMIizbqCxLE1hZgZSd0Vhg==*nbhtZ8Cuk5ZHfAWlW59OxA=="}, {"experience": [{"company_name": "CLARA Analytics", "dates_employed": "Sep 2018\u2013Present 3 yrs 10 mos", "location": null, "employment_duration": null, "title": "Associate Full-stack Developer"}, {"company_name": "Infosys", "dates_employed": "Jul 2017\u2013Sep 2018 1 yr 3 mos", "location": null, "employment_duration": null, "title": "Associate Software Engineer (Client - Apple Inc.)"}, {"company_name": "Energy Efficiency Center", "dates_employed": "Oct 2015\u2013Nov 2016 1 yr 2 mos", "location": "Davis, California, United States", "employment_duration": null, "title": "Student Programmer - UC Davis Energy Efficiency Center (EEC)"}, {"company_name": "UC Davis Help Desk", "dates_employed": "Sep 2013\u2013Apr 2015 1 yr 8 mos", "location": "University of California Davis, California, United States", "employment_duration": null, "title": "Student Assistant IV"}, {"company_name": "Pittsburg High School", "dates_employed": "Sep 2010\u2013Sep 2011 1 yr 1 mo", "location": "Pittsburg, California, United States", "employment_duration": null, "title": "Pirate Tech"}], "education": [{"institution": "University of California, Davis", "degree_details": {"degree_name": "B.S.", "field_of_study": "Computer Science", "dates_attended_or_expected_graduation": "2012 \u2013 2016"}}, {"institution": "Pittsbug High School", "degree_details": {"degree_name": "High School Diploma", "dates_attended_or_expected_graduation": "2008 \u2013 2012", "field_of_study": null}}], "employee_name": "vUKhAWar64PogEc=*2O9tzrSQEMp0jwotU3kxbA==*VPHmutghRrf6/G6/G6fnpg==*Q9/QgoHh0wg1GaD4OK8Qbg=="}, {"experience": [{"company_name": "CLARA Analytics", "dates_employed": "Apr 2021\u2013Present 1 yr 3 mos", "location": "Santa Clara County, California, United States", "employment_duration": null, "title": "Medicare Set-aside Specialist"}, {"company_name": "...", "dates_employed": "Aug 2017\u2013Present 4 yrs 11 mos", "location": null, "employment_duration": null, "title": "Medicare Set-Aside Specialist"}, {"company_name": "York Risk Services Group", "dates_employed": "Aug 2017\u2013Feb 2020 2 yrs 7 mos", "location": "Lafayette, Louisiana", "employment_duration": null, "title": "Nurse Medical Allocator"}, {"company_name": "LHC Group", "dates_employed": "Feb 2013\u2013Aug 2016 3 yrs 7 mos", "location": "Lafayette, Louisiana Area", "employment_duration": null, "title": "Nurse/Financial Intake Revenue Cycle"}, {"company_name": "Rehabilitation Hospital of Jennings", "dates_employed": "Sep 2001\u2013Feb 2013 11 yrs 6 mos", "location": "Jennings, Louisiana, United States", "employment_duration": null, "title": "Quality Assurance Specialist"}], "education": [{"institution": "Louisiana Technical College - Acadian Campus", "degree_details": {"degree_name": "Licensed Practical Nurse", "field_of_study": "Nursing Practice", "dates_attended_or_expected_graduation": "1998 \u2013 1999"}}, {"institution": "Crowley High School", "degree_details": {"degree_name": "Graduate", "field_of_study": "General Studies", "dates_attended_or_expected_graduation": "1978 \u2013 1981"}}], "employee_name": "5U3GJGdrfsfWn6UvtGHryzSbNlE=*O12Q8qYFQWiT4IUhJqSJVg==*vvkg/X4OKW8JshtYOlX5Tg==*YWqoKucurj/8sxinO3LuAA=="}, {"experience": [{"company_name": "CLARA Analytics", "dates_employed": "Nov 2020\u2013Present 1 yr 8 mos", "location": null, "employment_duration": null, "title": "CMS Specialist"}, {"company_name": "CAPITOL BRIDGE, LLC", "dates_employed": "Nov 2018\u2013Nov 2020 2 yrs 1 mo", "location": null, "employment_duration": null, "title": "Consultant WCRC"}, {"company_name": "Self-Employed", "dates_employed": "Mar 2018\u2013Nov 2020 2 yrs 9 mos", "location": null, "employment_duration": null, "title": "Independent Contractor"}, {"company_name": "Provider Resources, Inc.", "dates_employed": "Dec 2013\u2013Nov 2020 7 yrs", "location": null, "employment_duration": null, "title": "Worker's Compensation Medical Reviewer"}, {"company_name": "Independent Contractor", "dates_employed": "2012\u2013Dec 2013 1 yr", "location": "Greater Chicago Area", "employment_duration": null, "title": "Medicare Set-Aside Consultant Certified"}], "education": [{"institution": "College of Lake County", "degree_details": {"degree_name": "Associates Degree, Applied Science", "field_of_study": "Health Information Technology", "dates_attended_or_expected_graduation": "2010"}}, {"institution": "International Commission on Health Care Certification (ICHCC)", "degree_details": {"degree_name": "Medicare Set-Aside Consultant Certification (MSCC)", "field_of_study": "Insurance", "dates_attended_or_expected_graduation": "2010"}}, {"institution": "University of Florida", "degree_details": {"dates_attended_or_expected_graduation": null, "degree_name": null, "field_of_study": null}}], "employee_name": "r5MYds2pgkU1QFOR*q9ufmyG326QxEJ+Ks0aHVg==*MxR5QhDIhr269Hqtz1OfTA==*/xP0O6M5F3Du+wmF935kuA=="}, {"experience": [{"company_name": "CLARA analytics", "dates_employed": "Jul 2018\u2013Present 4 yrs", "location": "Santa Clara, California", "employment_duration": null, "title": "Case Analyst"}, {"company_name": "Ro Health", "dates_employed": "2017\u2013Present 5 yrs", "location": null, "employment_duration": null, "title": "Nurse"}, {"company_name": "Children's Hospital Los Angeles (CHLA)", "dates_employed": "Jul 2017\u2013Jan 2018 7 mos", "location": "Campbell, California, United States", "employment_duration": null, "title": "Nurse"}, {"company_name": "IHSS and Premiere", "dates_employed": "Jan 2012\u2013Jul 2016 4 yrs 7 mos", "location": "Morgan Hill", "employment_duration": null, "title": "In-home caretaker"}], "education": [{"institution": "San Jose State University", "degree_details": {"field_of_study": "Nursing", "dates_attended_or_expected_graduation": "2010 \u2013 2011", "degree_name": null}}], "employee_name": "sktz46eCk6Vks5c6*uTRHani8wP7NyCuCM8OxIQ==*aNd2V6MeN2mtx0Z3A/+a4Q==*aSuAc+HTOvEhZ1+fZEZxjA=="}, {"experience": [{"company_name": "CLARA analytics", "dates_employed": "Jul 2019\u2013Present 3 yrs", "location": null, "employment_duration": null, "title": "Senior Product Manager"}, {"company_name": "Autodesk", "dates_employed": "Oct 2016\u2013Jun 2019 2 yrs 9 mos", "location": "San Francisco Bay Area", "employment_duration": null, "title": "Product Manager"}, {"company_name": "Verizon Wireless", "dates_employed": "Jun 2015\u2013Jul 2015 2 mos", "location": "Greater New York City Area", "employment_duration": null, "title": "Product/Internal Strategy Intern \u2013 Customer Experience"}, {"company_name": "Accenture", "employment_duration": "3 yrs 10 mos", "titles": ["Consultant", "Analyst"], "dates_employed": ["Sep 2013\u2013Jul 2014 11 mos", "Oct 2010\u2013Aug 2013 2 yrs 11 mos"]}, {"company_name": "GE", "dates_employed": "Jul 2008\u2013Jan 2009 7 mos", "location": "Greater Boston Area", "employment_duration": null, "title": "Global Controllership Intern"}], "education": [{"institution": "Cornell Johnson Graduate School of Management", "degree_details": {"degree_name": "Master of Business Administration (M.B.A.)", "dates_attended_or_expected_graduation": "2014 \u2013 2016", "field_of_study": null}}, {"institution": "Penn State University", "degree_details": {"degree_name": "Finance", "field_of_study": "Finance, Psychology, International Business", "dates_attended_or_expected_graduation": "2005 \u2013 2009"}}], "employee_name": "pLHAUK2v+8Vc1w==*G/bK5S15GP20MdqLlToxAA==*K0/QywyAgMwh/sDWE18+vw==*t2R76xZoYCuVpcw9QiHcMg=="}, {"experience": [{"company_name": "Zuma", "dates_employed": "Dec 2020\u2013Present 1 yr 7 mos", "location": "San Francisco Bay Area", "employment_duration": null, "title": "Board"}, {"company_name": "Publish IQ", "dates_employed": "Nov 2019\u2013Present 2 yrs 8 mos", "location": "San Francisco Bay Area", "employment_duration": null, "title": "Chairman"}, {"company_name": "FFE Connect", "dates_employed": "Oct 2018\u2013Present 3 yrs 9 mos", "location": "San Francisco Bay Area", "employment_duration": null, "title": "Member Board Of Trustees"}, {"company_name": "CLARA Analytics", "dates_employed": "Sep 2016\u2013Present 5 yrs 10 mos", "location": "San Francisco Bay Area", "employment_duration": null, "title": "Member Board Of Directors"}, {"company_name": "Calibrated Group", "dates_employed": "Nov 2003\u2013Present 18 yrs 8 mos", "location": null, "employment_duration": null, "title": "Chairman & CEO"}], "education": [{"institution": "UCLA Anderson School of Management", "degree_details": {"degree_name": "MBA", "field_of_study": "Finance", "dates_attended_or_expected_graduation": "1986 \u2013 1988"}}, {"institution": "Indian Institute of Technology, Delhi", "degree_details": {"degree_name": "B. Tech", "field_of_study": "Engineering", "dates_attended_or_expected_graduation": "1977 \u2013 1982"}}, {"institution": "Lawrence School Sanawar", "degree_details": {"dates_attended_or_expected_graduation": null, "degree_name": null, "field_of_study": null}}], "employee_name": "kq8Ao+YRSZH4fvKY*JcE/D26S7myngwSTgXAnVQ==*kqPWqAH/Y9T6KiSR4NnnIw==*W+/tSKYYxc2pf1NlsRc0Bw=="}, {"experience": [{"company_name": "Randall & Quilter Investment Holdings Ltd.", "dates_employed": "Oct 2021\u2013Present 9 mos", "location": "Hartford, Connecticut, United States", "employment_duration": null, "title": "Global CEO Randall & Quilter Legacy Insurance, Randall & Quilter Investment Holdings, Ltd."}, {"company_name": "ProSight", "dates_employed": "Aug 2021\u2013Present 11 mos", "location": "New Jersey, United States", "employment_duration": null, "title": "Independent Board Director"}, {"company_name": "CLARA analytics", "dates_employed": "Sep 2020\u2013Present 1 yr 10 mos", "location": null, "employment_duration": null, "title": "Independent Board Director"}, {"company_name": "CodeBlue | MadSky", "dates_employed": "Oct 2020\u2013Present 1 yr 9 mos", "location": "Ohio, United States", "employment_duration": null, "title": "Independent Board Director"}, {"company_name": "Ontellus", "dates_employed": "Aug 2020\u2013Present 1 yr 11 mos", "location": null, "employment_duration": null, "title": "Independent Board Director"}], "education": [{"institution": "Connecticut College", "degree_details": {"degree_name": "Bachelor of Arts (B.A.), Cum Laude", "field_of_study": "Distinction in History/Sociology", "dates_attended_or_expected_graduation": "1980 \u2013 1984"}}, {"institution": "Western New England University School of Law", "degree_details": {"degree_name": "Doctor of Law (J.D.), Cum Laude", "dates_attended_or_expected_graduation": "1984 \u2013 1987", "field_of_study": null}}], "employee_name": "THEGy8Sq6Y7bZTfB4A==*UpvAMe85O0KlAxF0mXGP+A==*shKAfqQY1LtRcAStv+20KA==*kVg/gcnok4mM7R49fbTYjw=="}, {"experience": [{"company_name": "CLARA Analytics", "dates_employed": "Jan 2022\u2013Present 6 mos", "location": "Columbia, South Carolina Metropolitan Area", "employment_duration": null, "title": "Vice President of Sales"}, {"company_name": "Duck Creek Technologies", "employment_duration": "6 yrs 1 mo", "titles": ["National Sales Director", "Client Account Manager"], "dates_employed": ["Sep 2018\u2013Jan 2022 3 yrs 5 mos", "Jan 2016\u2013Sep 2018 2 yrs 9 mos"]}, {"company_name": "Accenture", "dates_employed": "Jan 2016\u2013Aug 2016 8 mos", "location": "Columbia, South Carolina", "employment_duration": null, "title": "Software Account Lead"}], "education": [{"institution": "Darla Moore School of Business", "degree_details": {"degree_name": "Bachelor\u2019s Degree", "field_of_study": "Management, Risk Management and Insurance", "dates_attended_or_expected_graduation": "2007 \u2013 2011"}}], "employee_name": "Xo2eZ5zSUvDRCd8=*l5BZOzlLi02MbEze0PQuGw==*jXEqSYg4o1AQvddEhivq+A==*Kqs5k0VYMd2Jo3oFBGhMfg=="}, {"experience": [{"company_name": "CLARA Analytics", "dates_employed": "Feb 2022\u2013Present 5 mos", "location": "Atlanta, Georgia, United States", "employment_duration": null, "title": "Senior Data Engineer"}, {"company_name": "Anthem, Inc.", "dates_employed": "Jun 2019\u2013Feb 2022 2 yrs 9 mos", "location": "Greater Atlanta Area", "employment_duration": null, "title": "Senior Data Engineer"}, {"company_name": "Coordinated Care Inc", "dates_employed": "Jan 2019\u2013May 2019 5 mos", "location": "Greater Atlanta Area", "employment_duration": null, "title": "Data Science Intern"}, {"company_name": "Georgia State University - J. Mack Robinson College of Business", "dates_employed": "Aug 2018\u2013May 2019 10 mos", "location": "Atlanta, Georgia", "employment_duration": null, "title": "Graduate Research Assistant"}, {"company_name": "Heal Advisors Private Limited", "dates_employed": "Nov 2013\u2013Aug 2016 2 yrs 10 mos", "location": "New Delhi Area, India", "employment_duration": null, "title": "Co-Founder & Director (Tech Services)"}], "education": [{"institution": "Georgia State University - J. Mack Robinson College of Business", "degree_details": {"degree_name": "Master of Science - MS", "field_of_study": "Information Systems- Big Data Analytics", "dates_attended_or_expected_graduation": "2018 \u2013 2019"}}, {"institution": "GL Bajaj Institute of Technology and Management", "degree_details": {"degree_name": "Bachelor's degree", "field_of_study": "Electrical and Electronics Engineering", "dates_attended_or_expected_graduation": "2008 \u2013 2012"}}, {"institution": "Delhi Public School Aligarh", "degree_details": {"degree_name": "High School", "field_of_study": "Mathematics, Physics, Chemistry", "dates_attended_or_expected_graduation": "2006 \u2013 2008"}}], "employee_name": "9Q5jnVIHMI9b*wgm7GkS5MoenhzykSIunAw==*QDWujkAhuPXqF+ixpKO1FA==*OENZK+3LXatCjr2DJ+cuMg=="}, {"experience": [{"company_name": "CLARA Analytics", "dates_employed": "Mar 2022\u2013Present 4 mos", "location": "Baltimore, Maryland, United States", "employment_duration": null, "title": "Claims Solutions Manager"}, {"company_name": "Marriott International", "dates_employed": "Apr 2018\u2013Mar 2022 4 yrs", "location": "Washington D.C. Metro Area", "employment_duration": null, "title": "Claims Unit Manager"}, {"company_name": "CorVel Corporation", "dates_employed": "Sep 2013\u2013Apr 2018 4 yrs 8 mos", "location": "Baltimore, Maryland Area", "employment_duration": null, "title": "Workers Compensation Supervisor"}, {"company_name": "The Wedding Gym", "dates_employed": "Aug 2012\u2013Sep 2013 1 yr 2 mos", "location": "New York, NY", "employment_duration": null, "title": "Director of Operations"}, {"company_name": "Royle Claims", "dates_employed": "Mar 2012\u2013Aug 2012 6 mos", "location": "Owings Mills, Maryland", "employment_duration": null, "title": "Chief Executive Officer"}], "education": [{"institution": "University of Delaware", "degree_details": {"degree_name": "Bachelors of Science", "field_of_study": "Criminal Justice", "dates_attended_or_expected_graduation": "2007 \u2013 2009"}}, {"institution": "Embry-Riddle Aeronautical University", "degree_details": {"field_of_study": "Aerospace, Aeronautical and Astronautical Engineering", "dates_attended_or_expected_graduation": "2006 \u2013 2007", "degree_name": null}}], "employee_name": "KVUwwlhfs4ZjXtdRVQ==*HvfV0VcREfrkeoWenv4RBA==*5HiMyesW9WT3XpUW7/rkQA==*YTY8zhs8/xmUVQba0IVGVg=="}, {"experience": [{"company_name": "Aspen Capital Group", "dates_employed": "2019\u2013Present 3 yrs", "location": null, "employment_duration": null, "title": "Partner"}, {"company_name": "Sureify", "dates_employed": "2021\u2013Present 1 yr", "location": "San Jose, California, United States", "employment_duration": null, "title": "Board Observer"}, {"company_name": "Transcend", "dates_employed": "2021\u2013Present 1 yr", "location": "Princeton, New Jersey, United States", "employment_duration": null, "title": "Board Observer"}, {"company_name": "Deposco", "dates_employed": "2021\u2013Present 1 yr", "location": "Alpharetta, Georgia, United States", "employment_duration": null, "title": "Investor"}, {"company_name": "CLARA Analytics", "dates_employed": "2020\u2013Present 2 yrs", "location": "Santa Clara, California, United States", "employment_duration": null, "title": "Board Observer"}], "education": [{"institution": "University of Michigan", "degree_details": {"degree_name": "Bachelor of Business Administration (BBA)", "field_of_study": "Accounting and Finance", "dates_attended_or_expected_graduation": null}}], "employee_name": "rwzl+NwEn6/Uiw==*DvIO7Qa/Uvg1iSdBRfr9+A==*no7mYd90xD3/X2OZVhfhLg==*XqMcZ6B5oiq42zdGATm96w=="}, {"experience": [{"company_name": "QBE Insurance", "employment_duration": "4 yrs 4 mos", "titles": ["Global Transformation Lead - Brilliant Basics Claims+ Program", "Data & Analytics Global Lead - Brilliant Basics Claims Program"], "dates_employed": ["Jan 2022\u2013Present 6 mos", "Mar 2018\u2013Present 4 yrs 4 mos"]}, {"company_name": "Hyperscience", "dates_employed": "Sep 2021\u2013Present 10 mos", "location": null, "employment_duration": null, "title": "Client Advisory Board"}, {"company_name": "Massachusetts Institute of Technology", "dates_employed": "Feb 2019\u2013Present 3 yrs 5 mos", "location": null, "employment_duration": null, "title": "MIT CISR Data Research Advisory Board"}, {"company_name": "Novarica", "dates_employed": "Jun 2020\u2013Present 2 yrs 1 mo", "location": "North America", "employment_duration": null, "title": "Research Council Member"}, {"company_name": "CLARA analytics", "dates_employed": "Nov 2019\u2013Present 2 yrs 8 mos", "location": "Global", "employment_duration": null, "title": "Client Advisory Board Member"}], "education": [{"institution": "Texas Tech University", "degree_details": {"degree_name": "Master of Business Administration - MBA", "field_of_study": "Business Administration and Management, General", "dates_attended_or_expected_graduation": "1987 \u2013 1989"}}, {"institution": "Texas Tech University - Rawls College of Business", "degree_details": {"degree_name": "Master of Business Administration (M.B.A.)", "field_of_study": "Marketing/Marketing Management", "dates_attended_or_expected_graduation": "1987 \u2013 1989"}}, {"institution": "Texas Tech University - Rawls College of Business", "degree_details": {"degree_name": "Bachelor of Business Administration (B.B.A.)", "field_of_study": "Marketing/Marketing Management, General", "dates_attended_or_expected_graduation": "1980 \u2013 1984"}}], "employee_name": "6asYBaQoYC2LmQ==*GjptAYqcfI5LTyUtE9N8qg==*D72ZGoCdEf9DhEv+/6+q1A==*IftAZn9X+sNLOG2t71Fv7A=="}, {"experience": [{"company_name": "CLARA Analytics", "dates_employed": "Feb 2022\u2013Present 5 mos", "location": null, "employment_duration": null, "title": "Sales Executive"}, {"company_name": "McGriff", "dates_employed": "Apr 2018\u2013Feb 2022 3 yrs 11 mos", "location": null, "employment_duration": null, "title": "Commercial Account Executive"}, {"company_name": "Various High Schools", "dates_employed": "Apr 2010\u2013Dec 2021 11 yrs 9 mos", "location": null, "employment_duration": null, "title": "Private Music Tutor"}, {"company_name": "McGriff", "dates_employed": "Aug 2014\u2013Apr 2018 3 yrs 9 mos", "location": "Columbia, South Carolina", "employment_duration": null, "title": "Account Manager"}, {"company_name": "Allstate", "dates_employed": "Jun 2013\u2013Jun 2014 1 yr 1 mo", "location": null, "employment_duration": null, "title": "Licensed Sales Producer"}], "education": [{"institution": "University of South Carolina", "degree_details": {"degree_name": "Bachelor of Science (B.S.)", "field_of_study": "Criminology", "dates_attended_or_expected_graduation": "2003 \u2013 2007"}}], "employee_name": "VXMpWHVjQtsthr0dzw==*o0N1hFwCW7DlZK5z1/K2rQ==*HXoloN8jrtBbKdkNVnUcMQ==*25hDKyvCgo5kp0w+jyRL6g=="}, {"experience": [{"company_name": "CLARA analytics", "dates_employed": "Jan 2018\u2013Present 4 yrs 6 mos", "location": "Santa Clara, California", "employment_duration": null, "title": "Engineering Manager"}, {"company_name": "Indecomm Global Services", "employment_duration": "6 yrs", "titles": ["Programmer Analyst", "Technical Lead"], "dates_employed": ["Jan 2016\u2013Jan 2018 2 yrs 1 mo", "Feb 2012\u2013Jan 2016 4 yrs"]}, {"company_name": "PeopleFluent", "dates_employed": "Apr 2010\u2013Jan 2012 1 yr 10 mos", "location": "Bengaluru Area, India", "employment_duration": null, "title": "Software Engineer"}, {"company_name": "Misys Software Development Pvt. Ltd", "dates_employed": "Dec 2008\u2013Apr 2010 1 yr 5 mos", "location": "Bengaluru Area, India", "employment_duration": null, "title": "Software Engineer"}, {"company_name": "Authoria Inc.", "dates_employed": "Feb 2007\u2013Dec 2008 1 yr 11 mos", "location": "Bengaluru Area, India", "employment_duration": null, "title": "Associate Software Engineer"}], "education": [{"institution": "Anna University", "degree_details": {"degree_name": "B.E", "field_of_study": "Computer Science and Engineering", "dates_attended_or_expected_graduation": null}}], "employee_name": "bo+gh/wqI1p3xHUFWHUpcEI=*5OQTB1YVUmR6DRkA9jua5w==*7YO1yfOWJR9AWLnqN8+l3Q==*2OjzHCvG2F/pdHa6g7fz9Q=="}, {"experience": [{"company_name": "CLARA Analytics", "employment_duration": "2 yrs 6 mos", "titles": ["Data Engineer", "Data Engineer Intern"], "dates_employed": ["Jan 2021\u2013Present 1 yr 6 mos", "Jan 2020\u2013Dec 2020 12 mos"]}, {"company_name": "The University of Texas at Dallas", "dates_employed": "Sep 2019\u2013Dec 2019 4 mos", "location": null, "employment_duration": null, "title": "Graduate Student Assistant"}, {"company_name": "Tata Consultancy Services", "dates_employed": "Aug 2016\u2013Dec 2018 2 yrs 5 mos", "location": "New Delhi Area, India", "employment_duration": null, "title": "Data Analyst"}], "education": [{"institution": "The University of Texas at Dallas", "degree_details": {"degree_name": "Master of Science - MS", "field_of_study": "information technology and management", "dates_attended_or_expected_graduation": "2019 \u2013 2020"}}, {"institution": "IMS ENGINEERING COLLEGE, GHAZIABAD", "degree_details": {"degree_name": "Bachelor of Technology - BTech", "field_of_study": "Computer Science", "dates_attended_or_expected_graduation": "2012 \u2013 2016"}}], "employee_name": "nuFVBPy7baI13wrU/Xw=*Blx6Dd/94ZfKcBdkZUkWng==*uLnGhb2xb1buKrilA+V4kA==*wUJWWvRojeY62WGM2NYUnA=="}, {"experience": [{"company_name": "CLARA Analytics", "dates_employed": "Mar 2022\u2013Present 4 mos", "location": "Columbia, South Carolina Metropolitan Area", "employment_duration": null, "title": "Sales Executive"}, {"company_name": "Duck Creek Technologies", "dates_employed": "2017\u2013Mar 2022 5 yrs", "location": "Columbia, South Carolina Area", "employment_duration": null, "title": "Software Pre-Sales Manager"}, {"company_name": "Accenture", "dates_employed": "Dec 2015\u2013Mar 2022 6 yrs 4 mos", "location": "Columbia, South Carolina", "employment_duration": null, "title": "Software Pre-Sales Manager"}, {"company_name": "DXC Technology", "employment_duration": "5 yrs 11 mos", "titles": ["Senior Professional - Insurance Pre-Sales", "Senior Business Analyst"], "dates_employed": ["Feb 2014\u2013Nov 2015 1 yr 10 mos", "Jan 2010\u2013Jan 2014 4 yrs 1 mo"]}, {"company_name": "Network Laser", "dates_employed": "Jun 2006\u2013Dec 2009 3 yrs 7 mos", "location": "Columbia, South Carolina", "employment_duration": null, "title": "Sales Representative"}], "education": [{"institution": "University of South Carolina", "degree_details": {"degree_name": "Bachelor of Science (B.S.)", "field_of_study": "Business Administration and Management", "dates_attended_or_expected_graduation": "2004 \u2013 2008"}}], "employee_name": "IJzleECgwZ1nf3c=*omSB7rKUGDa7aT1hhm6BVA==*t7fT3oorm19rTS/8TbUuAg==*6R0YFlPOOoEAxxM5haSQfA=="}, {"experience": [{"company_name": "CLARA Analytics", "dates_employed": "Feb 2022\u2013Present 5 mos", "location": "Remote", "employment_duration": null, "title": "Principal Data Architect"}, {"company_name": "Comcast", "dates_employed": "Jun 2016\u2013Feb 2022 5 yrs 9 mos", "location": "Pennsylvania, United States", "employment_duration": null, "title": "Principal Engineer"}, {"company_name": "ColdLight, A PTC Business", "dates_employed": "Sep 2013\u2013Jun 2016 2 yrs 10 mos", "location": "king of prussia,pa", "employment_duration": null, "title": "Technical Lead"}, {"company_name": "PointRoll", "dates_employed": "Jun 2012\u2013Sep 2013 1 yr 4 mos", "location": "King of prussia, PA", "employment_duration": null, "title": "Database Developer"}, {"company_name": "Pacmid Technologies", "dates_employed": "Aug 2011\u2013Jun 2012 11 mos", "location": "Greater New York City Area", "employment_duration": null, "title": "Database Developer/ Administrator"}], "education": [{"institution": "The University of Texas at Arlington", "degree_details": {"degree_name": "Masters", "field_of_study": "Computer Science", "dates_attended_or_expected_graduation": "2003 \u2013 2006"}}], "employee_name": "bmvcf7HkoYynH9hP*y4dw72+Ulfup7J2SkX+JdA==*mvCKhbvU7UuJZiJ/bwnoig==*DkrE6mkHAJGito0vtVcTmA=="}, {"experience": [{"company_name": "Oak HC/FT", "dates_employed": "Mar 2015\u2013Present 7 yrs 4 mos", "location": "New York, NY", "employment_duration": null, "title": "Partner"}, {"company_name": "ZenBusiness", "dates_employed": "Oct 2021\u2013Present 9 mos", "location": "Austin, Texas, United States", "employment_duration": null, "title": "Board Member"}, {"company_name": "Justt", "dates_employed": "Aug 2021\u2013Present 11 mos", "location": "Tel Aviv, Israel", "employment_duration": null, "title": "Board Member"}, {"company_name": "Highnote", "dates_employed": "Oct 2020\u2013Present 1 yr 9 mos", "location": "San Francisco Bay Area", "employment_duration": null, "title": "Board Member"}, {"company_name": "Paxos", "dates_employed": "Apr 2021\u2013Present 1 yr 3 mos", "location": "New York, United States", "employment_duration": null, "title": "Investor"}], "education": [{"institution": "The George Washington University", "degree_details": {"degree_name": "BBA, Finance; Summa Cum Laude", "dates_attended_or_expected_graduation": null, "field_of_study": null}}], "employee_name": "7iFdrKaimEYHjLt4e7gh*/fuM73CwUMHvQEpSKtVTXw==*i8A0vqOCe73ssXzZF43RKg==*pUin10+0Xi3rEc+BEj03XA=="}, {"experience": [{"company_name": "CLARA analytics", "dates_employed": "Jul 2019\u2013Present 3 yrs", "location": "Greater New Orleans Area", "employment_duration": null, "title": "Director of Regulatory Compliance"}, {"company_name": "Cobalt Compliance Partners, LLC", "dates_employed": "Jun 2017\u2013Present 5 yrs 1 mo", "location": "Mandeville, La.", "employment_duration": null, "title": "Operations Strategist"}, {"company_name": "MSA Administrators", "dates_employed": "Jun 2015\u2013Jun 2018 3 yrs 1 mo", "location": "New Orleans/St.Louis", "employment_duration": null, "title": "Co-Managing Director - MSP Compliance Products"}, {"company_name": "Ez-MSA", "dates_employed": "Jan 2009\u2013May 2017 8 yrs 5 mos", "location": null, "employment_duration": null, "title": "Co-Founder and V.P. of Operations"}, {"company_name": "NOLA Medical Management", "dates_employed": "Jul 2007\u2013Mar 2009 1 yr 9 mos", "location": null, "employment_duration": null, "title": "MSA Allocator"}], "education": [{"institution": "Charity Hospital School of Nursing", "degree_details": {"dates_attended_or_expected_graduation": null, "degree_name": null, "field_of_study": null}}, {"institution": "CMSP Training", "degree_details": {"dates_attended_or_expected_graduation": null, "degree_name": null, "field_of_study": null}}, {"institution": "University of Florida/Medipro", "degree_details": {"field_of_study": "MSCC", "dates_attended_or_expected_graduation": null, "degree_name": null}}], "employee_name": "X1Yjea37mbx1+ovSTjPlYrAn2SpBcUIQiashHMnD/6syAtI=*AmHLz/OxGbJ6cVw/PiKJbQ==*ZgLyi/nyusMOeJPI6+qOIw==*0xOG3CFtdmrTpum2AWby1g=="}, {"experience": [{"company_name": "CLARA Analytics", "employment_duration": "4 yrs 1 mo", "titles": ["Senior Engineering Manager", "Engineering Manager", "Senior Lead Software Engineer"], "dates_employed": ["Feb 2021\u2013Present 1 yr 5 mos", "Jan 2019\u2013Feb 2021 2 yrs 2 mos", "Jun 2018\u2013Dec 2018 7 mos"]}, {"company_name": "Harman International", "dates_employed": "Oct 2011\u2013Jun 2018 6 yrs 9 mos", "location": "Mountain View, CA", "employment_duration": null, "title": "Software Lead"}, {"company_name": "Satyam Computer Services Ltd", "dates_employed": "Jun 2004\u2013Oct 2011 7 yrs 5 mos", "location": null, "employment_duration": null, "title": "Software Engineer"}], "education": null, "employee_name": "h2IxYcAt+CgU*fAhEeTYl9BKxpsOulQpROg==*Lho3basr7gs+OVBhNsAt+A==*vC6hSF/0Sx+na/rlvUTdTg=="}, {"experience": [{"company_name": "CLARA Analytics", "dates_employed": "Jan 2022\u2013Present 6 mos", "location": null, "employment_duration": null, "title": "Sales Development Representative"}, {"company_name": "Workplace from Facebook", "dates_employed": "Jun 2021\u2013Dec 2021 7 mos", "location": null, "employment_duration": null, "title": "Enterprise Growth Team"}], "education": null, "employee_name": "WV51j2yUFots5YUwxt4U*WCs567DtMC4wvyimv5rjrw==*euwkJpDnFl71BOCkow+AjQ==*h44F11OVFMOgte3UJa/87w=="}, {"experience": [{"company_name": "CLARA Analytics", "employment_duration": "3 yrs 4 mos", "titles": ["Senior Data Scientist", "Data Scientist", "Associate Data Scientist"], "dates_employed": ["Aug 2021\u2013Present 11 mos", "Mar 2020\u2013Aug 2021 1 yr 6 mos", "Mar 2019\u2013Feb 2020 1 yr"]}, {"company_name": "University of Southern California", "employment_duration": "1 yr 5 mos", "titles": ["Graduate Teaching Assistant", "Graduate Research Assistant"], "dates_employed": ["Aug 2018\u2013Dec 2018 5 mos", "Aug 2017\u2013Aug 2018 1 yr 1 mo"]}, {"company_name": "Data Research Intern", "employment_duration": "Visa", "titles": ["Patent"], "dates_employed": [null]}, {"company_name": "North Carolina State University", "employment_duration": "2 yrs 10 mos", "titles": ["Volunteer Research Assistant", "Graduate Research Assistant", "Graduate Teaching Assistant", "Graduate Teaching Assistant"], "dates_employed": ["Aug 2016\u2013May 2017 10 mos", "May 2015\u2013May 2017 2 yrs 1 mo", "Jan 2015\u2013May 2015 5 mos", "Aug 2014\u2013Dec 2014 5 mos"]}, {"company_name": "Sharif University of Technology", "dates_employed": "Oct 2012\u2013May 2014 1 yr 8 mos", "location": "Tehran, Iran", "employment_duration": null, "title": "Volunteer Research Assistant"}], "education": [{"institution": "University of Southern California", "degree_details": {"degree_name": "Master's degree", "field_of_study": "Computer Science", "dates_attended_or_expected_graduation": "2017 \u2013 2018"}}, {"institution": "North Carolina State University", "degree_details": {"degree_name": "Master of Science - MS", "field_of_study": "Electrical and Computer Engineering", "dates_attended_or_expected_graduation": "2014 \u2013 2017"}}, {"institution": "Sharif University of Technology", "degree_details": {"degree_name": "Bachelor's degree", "field_of_study": "Electrical Engineering", "dates_attended_or_expected_graduation": "2009 \u2013 2014"}}], "employee_name": "tUFx4WLP6834wLUMaw==*ztd7IebGJj+HANjrIBFKxA==*DmhEw1wBR7rMk39CGiNBrQ==*mAMfbi6Ujrn1TZJQsgKLvQ=="}, {"experience": [{"company_name": "CLARA Analytics", "employment_duration": "3 yrs 6 mos", "titles": ["Staff Research Scientist", "Senior Research Scientist", "Research Scientist"], "dates_employed": ["Aug 2021\u2013Present 11 mos", "Feb 2020\u2013Aug 2021 1 yr 7 mos", "Jan 2019\u2013Feb 2020 1 yr 2 mos"]}, {"company_name": "OPO Group", "dates_employed": "Oct 2018\u2013Jan 2019 4 mos", "location": "San Jose, California, United Sates of America", "employment_duration": null, "title": "Front End Developer"}, {"company_name": "NTD Digital", "dates_employed": "May 2018\u2013Jan 2019 9 mos", "location": "Santa Clara, CA, USA", "employment_duration": null, "title": "Data Scientist"}, {"company_name": "The University of Manchester", "dates_employed": "Dec 2015\u2013Dec 2017 2 yrs 1 mo", "location": "M13 9PL", "employment_duration": null, "title": "Research Associate"}], "education": [{"institution": "Lancaster University", "degree_details": {"degree_name": "Doctor of Philosophy (Ph.D.)", "field_of_study": "Condensed Matter and Materials Physics", "dates_attended_or_expected_graduation": "2011 \u2013 2015"}}, {"institution": "Jilin University", "degree_details": {"degree_name": "Doctor of Philosophy (Ph.D.)", "field_of_study": "Theoretical and Mathematical Physics", "dates_attended_or_expected_graduation": "2000 \u2013 2010"}}], "employee_name": "dYecnhixBrjMW+5BRJDifqY=*dkNu05+83AakAR3VGaXX3A==*LZ7+ynP13zAedEfIOY3sog==*BoBJEZo/GUMzw/yhIu6lgA=="}, {"experience": [{"company_name": "Clearview Advisory Services", "dates_employed": "Jun 2018\u2013Present 4 yrs 1 mo", "location": "@Washington, DC", "employment_duration": null, "title": "President/Founder"}, {"company_name": "CLARA analytics", "dates_employed": "Nov 2019\u2013Present 2 yrs 8 mos", "location": "Santa Clara, California, United States", "employment_duration": null, "title": "Advisory Board"}, {"company_name": "Montgomery County Fire and Rescue Service", "dates_employed": "Dec 2019\u2013Present 2 yrs 7 mos", "location": "Montgomery County, Maryland, United States", "employment_duration": null, "title": "Firefighter/EMT"}, {"company_name": "Markel Corporation", "employment_duration": "6 yrs 5 mos", "titles": ["Chief Operating Officer, Markel Claims", "Managing Director, Office of the President"], "dates_employed": ["Jun 2015\u2013Jun 2018 3 yrs 1 mo", "Feb 2012\u2013Jun 2015 3 yrs 5 mos"]}, {"company_name": "The Boston Consulting Group", "dates_employed": "Jun 2006\u2013Jan 2012 5 yrs 8 mos", "location": "Washington, DC", "employment_duration": null, "title": "Principal"}], "education": [{"institution": "University of Virginia Darden School of Business", "degree_details": {"degree_name": "MBA", "dates_attended_or_expected_graduation": "1994 \u2013 1996", "field_of_study": null}}, {"institution": "Boston College", "degree_details": {"degree_name": "BA", "field_of_study": "Mathematics, Computer Science", "dates_attended_or_expected_graduation": "1988 \u2013 1992"}}, {"institution": "Gonzaga College High School", "degree_details": {"degree_name": "HS", "dates_attended_or_expected_graduation": "1984 \u2013 1988", "field_of_study": null}}], "employee_name": "i9D8kg65l+c8PuYRYco=*r/p4Mp/zJ6QRkEQeP9Sdhg==*5hnSKDzoszTfDh0bAB4BAg==*zhe+fRrRSzSOBjWBHMMiKQ=="}, {"experience": [{"company_name": "CLARA Analytics", "dates_employed": "Nov 2021\u2013Present 8 mos", "location": "Santa Clara, California, United States", "employment_duration": null, "title": "Business Value Analyst"}, {"company_name": "Corporate Technologies", "dates_employed": "Aug 2020\u2013Nov 2021 1 yr 4 mos", "location": "Burlington, Massachusetts", "employment_duration": null, "title": "Senior Data & Analytics Consultant"}, {"company_name": "John Hancock", "dates_employed": "May 2019\u2013Feb 2020 10 mos", "location": "Portsmouth, New Hampshire", "employment_duration": null, "title": "Data Scientist"}, {"company_name": "Goji", "dates_employed": "Jan 2018\u2013Nov 2018 11 mos", "location": "Boston, Massachusetts", "employment_duration": null, "title": "Data Scientist"}, {"company_name": "Liberty Mutual Insurance", "dates_employed": "Oct 2014\u2013Dec 2017 3 yrs 3 mos", "location": "Dover, New Hampshire", "employment_duration": null, "title": "Data Analyst"}], "education": [{"institution": "University of Massachusetts Lowell", "degree_details": {"degree_name": "Master of Science", "field_of_study": "Mathematics: Probability and Statistics Concentration", "dates_attended_or_expected_graduation": "2015"}}, {"institution": "University of Massachusetts Lowell", "degree_details": {"degree_name": "Bachelor of Science", "field_of_study": "Mathematics: Applied Computational Concentration", "dates_attended_or_expected_graduation": "2012"}}, {"institution": "University of Massachusetts Lowell", "degree_details": {"degree_name": "Bachelor of Arts", "field_of_study": "Economics", "dates_attended_or_expected_graduation": "2012"}}], "employee_name": "wcYCxjqU/WKPmBkT9Q==*FmSTvR11RK2XhQCaqU+QkQ==*mvef5XJRE4Q5KECZwk1bVg==*yOa9+nrY4br9FVBi5N2suw=="}, {"experience": [{"company_name": null, "dates_employed": null, "location": null, "employment_duration": null, "title": ""}, {"company_name": null, "dates_employed": null, "location": null, "employment_duration": null, "title": ""}, {"company_name": null, "dates_employed": null, "location": null, "employment_duration": null, "title": ""}, {"company_name": null, "dates_employed": null, "location": null, "employment_duration": null, "title": ""}, {"company_name": null, "dates_employed": null, "location": null, "employment_duration": null, "title": ""}], "education": [{"institution": "Nicholls State University", "degree_details": {"field_of_study": "Nursing", "dates_attended_or_expected_graduation": "1989 \u2013 1992", "degree_name": null}}, {"institution": "San Jacinto College", "degree_details": {"degree_name": "Nursing", "dates_attended_or_expected_graduation": "1998 \u2013 1999", "field_of_study": null}}, {"institution": "Community College of Denver", "degree_details": {"field_of_study": "Legal Nurse consulting", "dates_attended_or_expected_graduation": "2010 \u2013 2010", "degree_name": null}}], "employee_name": "JkmUDVrBbbqk7S/lDTjHaGz5*WMyZVVYwvqGGh5C2N80yhw==*5S6q2y6+PBzkD8A1Q4l0Yw==*dZ/eDMCw2N/GcNHb7t3QHw=="}, {"experience": [{"company_name": "CLARA analytics", "dates_employed": "Jun 2020\u2013Present 2 yrs 1 mo", "location": "Santa Clara, California, United States", "employment_duration": null, "title": "Head Of Analytics"}, {"company_name": "QuanticMind", "employment_duration": "3 yrs 6 mos", "titles": ["Head Of Analytics", "Analytics Manager", "Data Analyst"], "dates_employed": ["Jul 2019\u2013Jun 2020 1 yr", "Jul 2018\u2013Jul 2019 1 yr 1 mo", "Jan 2017\u2013Jul 2018 1 yr 7 mos"]}, {"company_name": "Acumen, LLC", "employment_duration": "6 yrs 6 mos", "titles": ["Senior Policy Lead", "Policy Lead", "Senior Data and Policy Analyst", "Data and Policy Analyst"], "dates_employed": ["Aug 2014\u2013May 2016 1 yr 10 mos", "Jan 2013\u2013Aug 2014 1 yr 8 mos", "Dec 2011\u2013Jan 2013 1 yr 2 mos", "Dec 2009\u2013Dec 2011 2 yrs 1 mo"]}, {"company_name": "New York Stock Exchange", "dates_employed": "Jun 2007\u2013Sep 2007 4 mos", "location": "San Francisco, CA", "employment_duration": null, "title": "NYSE Options Surveillance Intern"}, {"company_name": "Dahlin Group Inc", "dates_employed": "Jun 2006\u2013Sep 2006 4 mos", "location": "Pleasanton, CA", "employment_duration": null, "title": "Accounting Intern"}], "education": [{"institution": "UC Santa Barbara", "degree_details": {"degree_name": "B.S.", "field_of_study": "Financial Mathematics and Statistics", "dates_attended_or_expected_graduation": "2005 \u2013 2009"}}, {"institution": "UC Santa Barbara", "degree_details": {"degree_name": "B.A.", "field_of_study": "Economics", "dates_attended_or_expected_graduation": "2005 \u2013 2009"}}], "employee_name": "OXOEP5ZqV3W/hBCX*lY70PQ1nah+Pu9FHdoBfGQ==*MfA1Q1aq7bHCZbibYABZYA==*2Mny2Ict/jyCXk8VO/OUsg=="}, {"experience": [{"company_name": "CLARA Analytics", "dates_employed": "Mar 2022\u2013Present 4 mos", "location": null, "employment_duration": null, "title": "Customer Success Manager"}, {"company_name": "CCC Intelligent Solutions", "dates_employed": "Aug 2021\u2013Mar 2022 8 mos", "location": "Birmingham, Alabama, United States", "employment_duration": null, "title": "Customer Success Manager"}, {"company_name": "Kemper", "employment_duration": "3 yrs 4 mos", "titles": ["Senior Claims Manager - Express", "Claims Product Manager", "Casualty Claims Team Manager II"], "dates_employed": ["Jul 2020\u2013Sep 2021 1 yr 3 mos", "Mar 2020\u2013Jul 2020 5 mos", "Jun 2018\u2013Mar 2020 1 yr 10 mos"]}, {"company_name": "State Farm \u00ae", "employment_duration": "6 yrs", "titles": ["Claims Team Manager", "Finance Supervisor", "Claims Team Lead", "Claims Representative"], "dates_employed": ["Aug 2017\u2013Jun 2018 11 mos", "Nov 2015\u2013Aug 2017 1 yr 10 mos", "Jan 2014\u2013Nov 2015 1 yr 11 mos", "Jul 2012\u2013Jan 2014 1 yr 7 mos"]}], "education": [{"institution": "Olivet College", "degree_details": {"degree_name": "Master of Business Administration - MBA", "field_of_study": "Insurance", "dates_attended_or_expected_graduation": "2017 \u2013 2019"}}, {"institution": "Huston-Tillotson University", "degree_details": {"degree_name": "Bachelor's degree", "field_of_study": "Accounting and Business/Management", "dates_attended_or_expected_graduation": "2008 \u2013 2012"}}], "employee_name": "9Do/+6xxQ3brbvH5DvBsP33ioPmHMDP4/9b5Dw==*DAL2VddSuBxRKADg/TyYwA==*QCoF+HGWHwTSKLGdHthI+Q==*g5BtqIhJsHiD2cDlMLUXDQ=="}, {"experience": [{"company_name": "CLARA analytics", "dates_employed": "Jan 2020\u2013Present 2 yrs 6 mos", "location": "Silicon Valley CA USA", "employment_duration": null, "title": "Member CLARA Adviory Panel"}, {"company_name": "QBE Insurance", "employment_duration": "8 yrs 1 mo", "titles": ["General Manager People Risk Claims (CTP & WC)", "Head of CTP and Workers Compensation Statutory Claims", "Head of CTP Claims", "Claims Operations Manager", "National Manager - Workers Compensation Claims"], "dates_employed": ["Nov 2018\u2013Present 3 yrs 8 mos", "May 2016\u2013Nov 2018 2 yrs 7 mos", "Mar 2015\u2013May 2016 1 yr 3 mos", "Oct 2010\u2013Feb 2015 4 yrs 5 mos", "Jun 2014\u2013Oct 2014 5 mos"]}, {"company_name": "Allianz Australia Limited", "dates_employed": "Dec 2007\u2013Sep 2010 2 yrs 10 mos", "location": "Sydney, Australia", "employment_duration": null, "title": "Manager Business Performance and Risk"}, {"company_name": "University of Sydney", "dates_employed": "2002\u20132009 7 yrs", "location": "Sydney, Australia", "employment_duration": null, "title": "Visiting Lecturer"}, {"company_name": "Allianz Australia Limited", "dates_employed": "Jul 2005\u2013Dec 2007 2 yrs 6 mos", "location": "Sydney, Australia", "employment_duration": null, "title": "Chief Risk Manager"}], "education": [{"institution": "McKinsey & Company", "degree_details": {"degree_name": "Executive Leadership Program", "dates_attended_or_expected_graduation": "2018 \u2013 2019", "field_of_study": null}}, {"institution": "The University of Queensland", "degree_details": {"degree_name": "Master\u2019s Degree", "field_of_study": "Ergonomics & Human Factors", "dates_attended_or_expected_graduation": "2001 \u2013 2003"}}, {"institution": "University of Sydney", "degree_details": {"degree_name": "Bachelor\u2019s Degree", "field_of_study": "Applied Science (Occupational Therapy)", "dates_attended_or_expected_graduation": "1995 \u2013 1998"}}], "employee_name": "2aD730weLOOtNoM=*QCxJr2C+rwTwXVQz/bTixA==*tHBEg3WVOe65aKQi7f5aKg==*2aT3J1me7KTPeetGkugPBA=="}]