[{"experience": [{"company_name": "ROSS Intelligence", "dates_employed": "Mar 2020\u2013Present", "employment_duration": "2 yrs 3 mos", "location": "Canada", "title": "Data/ML Engineer"}, {"company_name": "Amazon", "dates_employed": "Sep 2019\u2013Dec 2019", "employment_duration": "4 mos", "location": "Canada", "title": "Data Scientist"}, {"company_name": "Ubilab, University of Waterloo", "dates_employed": "May 2019\u2013Aug 2019", "employment_duration": "4 mos", "location": "Waterloo, Ontario", "title": "Data Developer"}, {"company_name": "Scotiabank", "dates_employed": "Jan 2019\u2013Apr 2019", "employment_duration": "4 mos", "location": "Canada", "title": "Data Scientist"}, {"company_name": "Deloitte", "dates_employed": "Sep 2018\u2013Dec 2018", "employment_duration": "4 mos", "location": "Canada", "title": "Data Scientist"}], "education": [{"institution": "University of Waterloo", "degree_details": {"degree_name": "Master of Mathematics", "field_of_study": "Computer Science (Data Science Specialisation)", "dates_attended_or_expected_graduation": "2017 \u2013 2019"}}, {"institution": "Thapar Institute of Engineering & Technology", "degree_details": {"degree_name": "Bachelor of Engineering (B.E.)", "field_of_study": "Computer Science", "dates_attended_or_expected_graduation": "2011 \u2013 2015"}}, {"institution": "Montgomery Guru Nanak Public School", "degree_details": {"degree_name": "Class 12 , PCM , 97%", "dates_attended_or_expected_graduation": "2009 \u2013 2011", "field_of_study": null}}], "employee_name": "UOil909TzNHgt/EUOGI09gc=*pBSNhv8Fkc51+uixoCozKQ==*OKIhfmLvX+fEA3EcU4kNGw==*pxBKgHxYb6ebGq4v0Q0Yww=="}, {"experience": [{"company_name": "Flexpa", "dates_employed": "Jan 2021\u2013Present", "employment_duration": "1 yr 5 mos", "location": null, "title": "Chief Executive Officer & Co-founder"}, {"company_name": "Duke Center on Law & Tech", "dates_employed": "Mar 2019\u2013Present", "employment_duration": "3 yrs 3 mos", "location": "Raleigh-Durham, North Carolina Area", "title": "Member Of The Board Of Advisors"}, {"company_name": "(IAALS) Institute for the Advancement of the American Legal System", "dates_employed": "Feb 2019\u2013Present", "employment_duration": "3 yrs 4 mos", "location": "Greater Denver Area", "title": "Member Of The Board Of Advisors"}, {"company_name": "C100", "dates_employed": "Apr 2022\u2013Present", "employment_duration": "2 mos", "location": null, "title": "Member"}, {"company_name": "Legal Innovation Zone", "dates_employed": "Mar 2021\u2013Present", "employment_duration": "1 yr 3 mos", "location": "Toronto, Ontario, Canada", "title": "Special Advisor"}], "education": [{"institution": "Y Combinator", "degree_details": {"dates_attended_or_expected_graduation": null, "degree_name": null, "field_of_study": null}}, {"institution": "University of Saskatchewan", "degree_details": {"degree_name": "Juris Doctor (J.D.)", "dates_attended_or_expected_graduation": null, "field_of_study": null}}, {"institution": "University of Toronto - University of Trinity College", "degree_details": {"dates_attended_or_expected_graduation": null, "degree_name": null, "field_of_study": null}}], "employee_name": "YfVhtaNBjfNrEH/Kyw==*LIJkhMgRcHc1E95l28QofQ==*kyTg3GDhJ8WK9C0xRqvWrg==*e4ZxV+LlIq1fgMzka7EAXA=="}, {"experience": [{"company_name": "Coinbase", "dates_employed": "Mar 2021\u2013Present", "employment_duration": "1 yr 3 mos", "location": null, "title": "Product Manager"}, {"company_name": "ROSS Intelligence", "dates_employed": "Jan 2021\u2013Present", "employment_duration": "1 yr 5 mos", "location": null, "title": "Board Director"}, {"company_name": "ROSS Intelligence", "dates_employed": "Sep 2014\u2013Dec 2020", "employment_duration": "6 yrs 4 mos", "location": "San Francisco Bay Area", "title": "CTO/Co-founder"}], "education": [{"institution": "Y Combinator", "degree_details": {"field_of_study": "Technology Entrepreneurship", "dates_attended_or_expected_graduation": null, "degree_name": null}}, {"institution": "University of Toronto", "degree_details": {"field_of_study": "Computer Science", "dates_attended_or_expected_graduation": null, "degree_name": null}}, {"institution": "The University of Texas at Austin", "degree_details": {"field_of_study": "Computer Science", "dates_attended_or_expected_graduation": null, "degree_name": null}}], "employee_name": "AxcHviuUXtRCY+++mIjjQOMF*w019dukxlf6OTsXQszIM2w==*MXaYFIBnys7o4ZhCOlTWOA==*THIB2DLySN5sFPJN1mbbSA=="}, {"experience": null, "education": null, "employee_name": "/3RYqX9vYLp8YrNRIRoI*9Vs7J4MHWeNtzru1jZzNPA==*KpK/x+4qE8fofsih5C5PhA==*pohyRflzm6mhIRHL9suiNg=="}]