[{"experience": [{"company_name": "3TS Capital Partners", "dates_employed": "Oct 2016\u2013Present", "employment_duration": "5 yrs 8 mos", "location": "Washington D.C. Metro Area", "title": "Partner"}, {"company_name": "Piano", "dates_employed": "Oct 2016\u2013Present", "employment_duration": "5 yrs 8 mos", "location": null, "title": "Board Member"}, {"company_name": "Homecare.com", "dates_employed": "Jan 2018\u2013Present", "employment_duration": "4 yrs 5 mos", "location": null, "title": "Board Member"}, {"company_name": "Entelo", "dates_employed": "Aug 2019\u2013Present", "employment_duration": "2 yrs 10 mos", "location": null, "title": "Board Member"}, {"company_name": "SafeSize", "dates_employed": "Jun 2020\u2013Present", "employment_duration": "2 yrs", "location": null, "title": "Board Member"}], "education": [{"institution": "Virginia Tech", "degree_details": {"degree_name": "BS Finance", "dates_attended_or_expected_graduation": "1991 \u2013 1995", "field_of_study": null}}], "employee_name": "UOGY1yh4BmrxeNM=*0ejI4Xcqh0TzLiKGB3m0gg==*BbfmPTH6Y7jFMjbKavgHCg==*arYWT/byKTonabDybvq0HQ=="}, {"experience": [{"company_name": "Sweatcoin", "dates_employed": "Jan 2015\u2013Present", "employment_duration": "7 yrs 5 mos", "location": "London, United Kingdom", "title": "Cofounder, CEO"}, {"company_name": "Talent Equity Ventures", "dates_employed": "Dec 2011\u2013Present", "employment_duration": "10 yrs 6 mos", "location": "London, United Kingdom", "title": "Founder, Managing Partner"}, {"company_name": "SmartUp.io", "dates_employed": "Sep 2015\u2013Present", "employment_duration": "6 yrs 9 mos", "location": "London, United Kingdom", "title": "Investor"}, {"company_name": "Entelo", "dates_employed": "Aug 2013\u2013Present", "employment_duration": "8 yrs 10 mos", "location": "San Francisco Bay Area", "title": "Investor"}, {"company_name": "RolePoint", "dates_employed": "Dec 2012\u2013Present", "employment_duration": "9 yrs 6 mos", "location": "San Francisco Bay Area/London, UK", "title": "Investor"}], "education": [{"institution": "Stanford University Graduate School of Business", "degree_details": {"degree_name": "Executive Program", "dates_attended_or_expected_graduation": null, "field_of_study": null}}, {"institution": "University of California, Berkeley, Haas School of Business", "degree_details": {"degree_name": "Executive Program", "dates_attended_or_expected_graduation": null, "field_of_study": null}}, {"institution": "London Business School", "degree_details": {"degree_name": "MBA", "dates_attended_or_expected_graduation": null, "field_of_study": null}}], "employee_name": "Q5PjsJ5ku5K4IbA8exEm*P3IbGYMs2ML6NlBZSrspUA==*qKuumXqOHuZoBpr2ZIqnFg==*u4R+ZW1sF8xufX3NxMUF7w=="}, {"experience": [{"company_name": "Entelo", "dates_employed": "May 2020\u2013Present", "employment_duration": "2 yrs 1 mo", "location": null, "title": "Chief Executive Officer"}, {"company_name": "Jobvite", "dates_employed": "May 2017\u2013Apr 2020", "employment_duration": "3 yrs", "location": "San Mateo, CA", "title": "Chief Product Officer"}, {"company_name": "Jobvite", "dates_employed": "May 2015\u2013Apr 2017", "employment_duration": "2 yrs", "location": "San Mateo, CA", "title": "Vice President Strategic Operations"}, {"company_name": "Jobvite", "dates_employed": "Jun 2013\u2013Apr 2015", "employment_duration": "1 yr 11 mos", "location": "San Mateo, CA", "title": "Strategy Consultant"}, {"company_name": "RiseSmart", "dates_employed": "Jun 2013\u2013Dec 2013", "employment_duration": "7 mos", "location": "San Jose, CA", "title": "Strategy Consultant"}], "education": [{"institution": "University of California, Berkeley", "degree_details": {"degree_name": "BA", "field_of_study": "Physics", "dates_attended_or_expected_graduation": "1990 \u2013 1995"}}, {"institution": "University of California, Berkeley", "degree_details": {"degree_name": "BA", "field_of_study": "Economics", "dates_attended_or_expected_graduation": "1990 \u2013 1995"}}], "employee_name": "y6HDJvuPiX59yr0=*IlQk/J7XDLPmW0BDK7v0NA==*mshurG+8olHvGTgeQY3J4w==*Zyi0ljqCsynAP5RW/l+wNw=="}, {"experience": [{"company_name": "Entelo", "dates_employed": "Nov 2021\u2013Present", "employment_duration": "7 mos", "location": "San Francisco Bay Area", "title": "Head Of Sales"}, {"company_name": "HireVue", "dates_employed": "Feb 2021\u2013Dec 2021", "employment_duration": "11 mos", "location": null, "title": "Regional Vice President of Sales"}, {"company_name": "HireVue", "dates_employed": "Nov 2017\u2013Feb 2021", "employment_duration": "3 yrs 4 mos", "location": "San Francisco Bay Area", "title": "Strategic Sales Manager"}, {"company_name": "FUEL CYCLE", "dates_employed": "Feb 2017\u2013Oct 2017", "employment_duration": "9 mos", "location": "San Francisco Bay Area", "title": "Director of Sales"}, {"company_name": "Jobvite", "dates_employed": "Nov 2015\u2013Feb 2017", "employment_duration": "1 yr 4 mos", "location": "San Francisco Bay Area", "title": "Regional Sales Manager"}], "education": [{"institution": "UC San Diego", "degree_details": {"dates_attended_or_expected_graduation": "1990 \u2013 1994", "degree_name": null, "field_of_study": null}}], "employee_name": "2a6Kk47vJDKvF/fT*LZnP+KvBCXTT6y+tKR5gCQ==*wg1sREkdw+IEQXG9vVfAcA==*k8iXK9Dldss2LtGt+hn7uw=="}, {"experience": [{"company_name": "Entelo", "dates_employed": "Mar 2022\u2013Present", "employment_duration": "3 mos", "location": "San Francisco Bay Area", "title": "Senior Director of Diversity and Inclusion"}, {"company_name": "Amazon", "dates_employed": "Jun 2019\u2013Mar 2022", "employment_duration": "2 yrs 10 mos", "location": null, "title": "Diversity L&D Leader | Change Agent"}, {"company_name": "Amazon", "dates_employed": "Mar 2019\u2013Feb 2022", "employment_duration": "3 yrs", "location": "California & Seattle, WA, reside @ a secret bunker in Las Vegas, Nevada", "title": "Lead Diversity Program Mgr, DEI Change Agent"}, {"company_name": "Amazon Web Services, AWS", "dates_employed": "Jun 2016\u2013Aug 2020", "employment_duration": "4 yrs 3 mos", "location": "Seattle, Washington", "title": "Lead Sourcing Recruiter/Diversity Trainer CDR."}, {"company_name": "CommVault Systems", "dates_employed": "May 2014\u2013Mar 2016", "employment_duration": "1 yr 11 mos", "location": "Corporate office located in New Jersey", "title": "Principal Recruiter / Global Program Manager"}], "education": [{"institution": "Florida State University", "degree_details": {"degree_name": "Bachelor's degree", "field_of_study": "Political Science and Government", "dates_attended_or_expected_graduation": null}}], "employee_name": "hTTUMQfOU+ry/C+NeQ==*z9YCi/Rj/6lU8j9p+YDVRw==*2hA4PWrJuOatZSslQdOVCg==*jI0A4cHSInSSpzELZSASPw=="}, {"experience": [{"company_name": "Entelo", "dates_employed": "Apr 2022\u2013Present", "employment_duration": "2 mos", "location": "United States", "title": "Chief Technology Officer"}, {"company_name": "Jobvite", "dates_employed": "2016\u2013Present", "employment_duration": "6 yrs", "location": null, "title": "Chief Architect"}, {"company_name": "Jobvite", "dates_employed": "Jul 2019\u2013Apr 2022", "employment_duration": "2 yrs 10 mos", "location": "San Francisco Bay Area", "title": "Vice President Of Engineering"}, {"company_name": "Jobvite", "dates_employed": "Dec 2013\u20132016", "employment_duration": "3 yrs", "location": null, "title": "Senior Architect"}, {"company_name": "Aptean", "dates_employed": "Sep 2010\u2013Dec 2013", "employment_duration": "3 yrs 4 mos", "location": "san mateo, ca", "title": "Director of Architecture and Operations"}], "education": [{"institution": "University of Washington", "degree_details": {"degree_name": "Bachelor of Science, Aeronautics & Astronautics Engineering", "field_of_study": "Software Simulation, Conceptual Vehicle Design", "dates_attended_or_expected_graduation": "1986 \u2013 1989"}}, {"institution": "Portland Community College", "degree_details": {"field_of_study": "General Studies", "dates_attended_or_expected_graduation": "1982 \u2013 1984", "degree_name": null}}], "employee_name": "7TIbRRoa/Vb9AA==*u8Rb4bkUR62l6yTl0q39gw==*8BhfTYYxF3qx3EaiCCRYwA==*ZYjyxn27N5SMZlUvwxw4gg=="}, {"experience": [{"company_name": "Entelo", "dates_employed": "Aug 2019\u2013Present", "employment_duration": "2 yrs 10 mos", "location": null, "title": "Director Of Infrastructure"}, {"company_name": "ConveyIQ", "dates_employed": "Sep 2017\u2013Aug 2019", "employment_duration": "2 yrs", "location": "Serbia", "title": "Director of DevOps"}, {"company_name": "Take the Interview, Inc.", "dates_employed": "Sep 2014\u2013Aug 2017", "employment_duration": "3 yrs", "location": null, "title": "Head of DevOps"}, {"company_name": "Hypo Group Alpe Adria - Zajednicki Informacioni Sistem Doo", "dates_employed": "Apr 2011\u2013Sep 2014", "employment_duration": "3 yrs 6 mos", "location": null, "title": "IT Infrastructure Architect"}, {"company_name": "ProCredit Bank", "dates_employed": "2005\u2013Apr 2011", "employment_duration": "6 yrs", "location": null, "title": "Servers Unit Supervisor"}], "education": [{"institution": "Singidunum", "degree_details": {"field_of_study": "Informatics and Computing", "dates_attended_or_expected_graduation": "2006 \u2013 2010", "degree_name": null}}, {"institution": "Sveta Djordjevic", "degree_details": {"dates_attended_or_expected_graduation": "1994 \u2013 1996", "degree_name": null, "field_of_study": null}}], "employee_name": "04cAahKztnZwxQ==*DcNACu3ku1xkjSPh+/1xnw==*1BNHD4Xa/K2LqU8AFKJuKw==*tsocO7Za0V2h+Mzv4m+H8A=="}, {"experience": [{"company_name": "Entelo", "dates_employed": "May 2021\u2013Present", "employment_duration": "1 yr 1 mo", "location": "Indianapolis, Indiana, United States", "title": "Sales Operations Manager"}, {"company_name": "Baker Hill", "dates_employed": "Aug 2018\u2013May 2021", "employment_duration": "2 yrs 10 mos", "location": "Carmel, Indiana", "title": "Sales Operations Manager"}, {"company_name": "Duo Security", "dates_employed": "Mar 2016\u2013Aug 2018", "employment_duration": "2 yrs 6 mos", "location": "Indianapolis, Indiana Area", "title": "Sales Operations Analyst"}, {"company_name": "Angie's List", "dates_employed": "Apr 2014\u2013Mar 2016", "employment_duration": "2 yrs", "location": "Indianapolis, Indiana Area", "title": "Senior Business Analyst"}, {"company_name": "Experian", "dates_employed": "Sep 2013\u2013Apr 2014", "employment_duration": "8 mos", "location": null, "title": "Client Implementation Business Analyst"}], "education": [{"institution": "Ball State University - Miller College of Business", "degree_details": {"degree_name": "Bachelor's degree", "field_of_study": "Information Systems", "dates_attended_or_expected_graduation": "2004 \u2013 2008"}}], "employee_name": "AGvrbWTecVW/Zg==*8kGsq35/Nq9BKmZbWm6PNA==*QVwSmoYHAdZWw6kbiGVuTA==*LdVTgYj1zBI6maD79ewGYA=="}, {"experience": [{"company_name": "Entelo", "dates_employed": "Feb 2022\u2013Present", "employment_duration": "4 mos", "location": null, "title": "Account Executive"}, {"company_name": "Entelo", "dates_employed": "May 2021\u2013Mar 2022", "employment_duration": "11 mos", "location": null, "title": "Team Lead \u2013 Enterprise Sales Development"}, {"company_name": "Entelo", "dates_employed": "Oct 2019\u2013Apr 2021", "employment_duration": "1 yr 7 mos", "location": "San Francisco", "title": "Enterprise Sales Development Representative"}, {"company_name": "Entelo", "dates_employed": "Mar 2019\u2013Oct 2019", "employment_duration": "8 mos", "location": "San Francisco", "title": "Sales Development Representative"}, {"company_name": "Half Moon Bay Golf Links", "dates_employed": "Sep 2014\u2013Sep 2018", "employment_duration": "4 yrs 1 mo", "location": "Half Moon Bay, California, United States", "title": "Outdoor Operations/Bartender/Server"}], "education": [{"institution": "University of San Francisco School of Management", "degree_details": {"degree_name": "Bachelor of Science Business Administration", "dates_attended_or_expected_graduation": "2016 \u2013 2018", "field_of_study": null}}, {"institution": "College of San Mateo", "degree_details": {"degree_name": "Associate of Science - AS", "field_of_study": "Business Administration and Management, General", "dates_attended_or_expected_graduation": null}}, {"institution": "Junipero Serra High School, San Mateo, California", "degree_details": {"dates_attended_or_expected_graduation": null, "degree_name": null, "field_of_study": null}}], "employee_name": "8RlkazehTfKH8gitvbQ12cWzJ/f0O2M=*oQK4QaOxjDdxcnvrifOs3w==*UtldRRx114gLYFDnMUqNng==*5pH2Sz4n1aaxCJz2NxDRDQ=="}, {"experience": [{"company_name": "Entelo", "dates_employed": "Feb 2021\u2013Present", "employment_duration": "1 yr 4 mos", "location": null, "title": "Strategic Services Team Lead"}, {"company_name": "Entelo", "dates_employed": "Sep 2020\u2013Feb 2021", "employment_duration": "6 mos", "location": "Portland, Oregon, United States", "title": "Strategic Services Consultant"}, {"company_name": "Jobvite", "dates_employed": "Feb 2019\u2013Sep 2020", "employment_duration": "1 yr 8 mos", "location": "Portland, Oregon Area", "title": "Senior Professional Sevices Consultant"}, {"company_name": "Jobvite", "dates_employed": "Feb 2017\u2013Feb 2019", "employment_duration": "2 yrs 1 mo", "location": "Portland, Oregon Area", "title": "Professional Sevices Consultant"}, {"company_name": "Farmers Insurance", "dates_employed": "Nov 2012\u2013Feb 2017", "employment_duration": "4 yrs 4 mos", "location": "Portland, Oregon Area", "title": "Talent Acquisition Executive and Agency Development Manager - District 22"}], "education": [{"institution": "Southern New Hampshire University", "degree_details": {"degree_name": "Bachelor's Degree", "field_of_study": "Business Studies in Marketing", "dates_attended_or_expected_graduation": "2015 \u2013 2018"}}, {"institution": "Portland State University", "degree_details": {"dates_attended_or_expected_graduation": "2002 \u2013 2004", "degree_name": null, "field_of_study": null}}, {"institution": "Oregon State University", "degree_details": {"dates_attended_or_expected_graduation": "2000 \u2013 2002", "degree_name": null, "field_of_study": null}}], "employee_name": "kc1E8qJiDKQR9x7ZXIgQobOx8bU=*T08eT7Mfaymod3XsUoQrvg==*cNJJvbVSF/VCm5+AfDcLLg==*RO7S/vZ8FlyBK4/bImufHQ=="}, {"experience": [{"company_name": "Entelo", "dates_employed": "Aug 2021\u2013Present", "employment_duration": "10 mos", "location": "San Francisco Bay Area", "title": "Vice President | Customer Success | Operations | Revenue Retention | SaaS | Service Delivery"}, {"company_name": "Jobvite", "dates_employed": "Dec 2020\u2013Aug 2021", "employment_duration": "9 mos", "location": "San Francisco Bay Area", "title": "Senior Director | Customer Success | Operations | Revenue Retention | SaaS | Service Delivery"}, {"company_name": "Jobvite", "dates_employed": "Jun 2015\u2013Dec 2020", "employment_duration": "5 yrs 7 mos", "location": "San Francisco Bay Area", "title": "Director | Customer Success | Operations | Onboard | SaaS | Service Delivery"}, {"company_name": "Oracle", "dates_employed": "Nov 2011\u2013Jun 2015", "employment_duration": "3 yrs 8 mos", "location": null, "title": "Project Manager"}, {"company_name": "IBM", "dates_employed": "Apr 2010\u2013May 2011", "employment_duration": "1 yr 2 mos", "location": null, "title": "Engagement Manager"}], "education": [{"institution": "K1 Investment Management", "degree_details": {"degree_name": "Advanced Management Program", "dates_attended_or_expected_graduation": "2020 \u2013 2020", "field_of_study": null}}, {"institution": "Keller Graduate School of Management of DeVry University", "degree_details": {"degree_name": "Masters", "field_of_study": "Project Management", "dates_attended_or_expected_graduation": "2003 \u2013 2004"}}, {"institution": "State University of New York College at Old Westbury", "degree_details": {"degree_name": "Bachelor of Science - BS", "field_of_study": "Management Information Systems and Services", "dates_attended_or_expected_graduation": "1997 \u2013 2001"}}], "employee_name": "A9xehcDKUAdl6FGF*eh/QwVGiYrO3ZVHZSqjsog==*nJbRs1Nf8Q5L9u2xwTJGfQ==*mxLGOVSNgF+XZJGWZBjIOQ=="}, {"experience": [{"company_name": "Entelo", "dates_employed": "Jul 2020\u2013Present", "employment_duration": "1 yr 11 mos", "location": null, "title": "VP of Customer Success"}, {"company_name": "Jobvite", "dates_employed": "Oct 2015\u2013Jul 2020", "employment_duration": "4 yrs 10 mos", "location": "Indianapolis, Indiana Area", "title": "Sr. Director of Professional Services"}, {"company_name": "Jobvite", "dates_employed": "Dec 2014\u2013Oct 2015", "employment_duration": "11 mos", "location": "San Francisco Bay Area", "title": "Director of Professional Services"}, {"company_name": "Salesforce", "dates_employed": "Jun 2013\u2013Dec 2014", "employment_duration": "1 yr 7 mos", "location": "Indianapolis, Indiana Area", "title": "Head of Global Sourcing"}, {"company_name": "Salesforce", "dates_employed": "Oct 2012\u2013Jun 2013", "employment_duration": "9 mos", "location": "Indianapolis, Indiana, United States", "title": "Manager of Outbound Sourcing (Global)"}], "education": [{"institution": "DePauw University", "degree_details": {"degree_name": "Bachelor's degree", "field_of_study": "English Literature (British and Commonwealth)", "dates_attended_or_expected_graduation": "1997 \u2013 2001"}}, {"institution": "Ben Davis High School", "degree_details": {"degree_name": "Honors", "field_of_study": "English Literature (British and Commonwealth)", "dates_attended_or_expected_graduation": "1995 \u2013 1997"}}], "employee_name": "OlKWno7d9oahn3S5Kw==*fPK+3xbSeMIwRiLTLi1rmw==*2MyJvG8mZjPrQoSUyRffIA==*az4VVvCRY4vC67dot7auMw=="}, {"experience": [{"company_name": "Entelo", "dates_employed": "2020\u2013Present", "employment_duration": "2 yrs", "location": "San Francisco Bay Area", "title": "VP, Finance"}, {"company_name": "Ladder Life", "dates_employed": "2018\u20132020", "employment_duration": "2 yrs", "location": "San Francisco Bay Area", "title": "VP, Business Operations"}, {"company_name": "Pensa, Inc.", "dates_employed": "2017\u20132018", "employment_duration": "1 yr", "location": "Mountain View, CA", "title": "VP, Finance and Operations"}, {"company_name": "Dell", "dates_employed": "2015\u20132016", "employment_duration": "1 yr", "location": "Santa Clara, CA", "title": "Director, Strategy and Business Operations, Dell Software Group"}, {"company_name": "Dell", "dates_employed": "2011\u20132015", "employment_duration": "4 yrs", "location": "Mountain View, CA", "title": "Director of Strategy and Business Operations, Dell KACE"}], "education": [{"institution": "Stanford University Graduate School of Business", "degree_details": {"degree_name": "Master of Business Administration (M.B.A.)", "dates_attended_or_expected_graduation": null, "field_of_study": null}}, {"institution": "Yale University", "degree_details": {"degree_name": "BS", "field_of_study": "Applied Mathematics/Operations Research", "dates_attended_or_expected_graduation": null}}, {"institution": "Marlborough School", "degree_details": {"dates_attended_or_expected_graduation": null, "degree_name": null, "field_of_study": null}}], "employee_name": "46fcX3F76wsn2LDA*JsB4mgVCjwmljzC78wrLiA==*vm05CHfbycmdDtfG/eV3Jw==*KjKTh30yj9eDE3vycRh8Pw=="}, {"experience": [{"company_name": "Entelo", "dates_employed": "Feb 2022\u2013Present", "employment_duration": "4 mos", "location": "Belgrade, Serbia", "title": "Global Talent Acquisition Manager"}, {"company_name": "Sustainable HR Solutions", "dates_employed": "Mar 2021\u2013Present", "employment_duration": "1 yr 3 mos", "location": "Belgrade, Serbia", "title": "Owner and HR Consultant"}, {"company_name": "Logispin Group", "dates_employed": "Feb 2018\u2013Feb 2022", "employment_duration": "4 yrs 1 mo", "location": "Belgrade, Serbia", "title": "Talent Acquisition Specialist"}, {"company_name": "NCR Corporation", "dates_employed": "Jul 2016\u2013Jun 2017", "employment_duration": "1 yr", "location": "Belgrade", "title": "TA Conversions Team Lead for EMEA & NAMER"}, {"company_name": "NCR Corporation", "dates_employed": "Apr 2015\u2013Jul 2016", "employment_duration": "1 yr 4 mos", "location": "Serbia", "title": "Talent Acquisition Consultant EMEA"}], "education": [{"institution": "Faculty of Economics, Finance and Administration - FEFA", "degree_details": {"degree_name": "Master's degree", "field_of_study": "Economics", "dates_attended_or_expected_graduation": "2014 \u2013 2017"}}, {"institution": "Faculty of Economics, Finance and Administration - FEFA", "degree_details": {"degree_name": "Bachelor's degree", "field_of_study": "Economics", "dates_attended_or_expected_graduation": "2011 \u2013 2014"}}], "employee_name": "BYSTf3S69ZQx8C0XeBkblA4=*TvVhECx2o1IedF0Iu8necA==*dpI/bGDYHkyF2cjppAmcEQ==*TwCBdJ0eZJoSazKt7/fddg=="}, {"experience": [{"company_name": "Entelo", "dates_employed": "Nov 2020\u2013Present", "employment_duration": "1 yr 7 mos", "location": "Belgrade, Serbia", "title": "HR Manager"}, {"company_name": "Freelance recruiter", "dates_employed": "Nov 2018\u2013Present", "employment_duration": "3 yrs 7 mos", "location": "Belgrade", "title": "Business Owner"}, {"company_name": "Arbor Education", "dates_employed": "Dec 2018\u2013Sep 2020", "employment_duration": "1 yr 10 mos", "location": "Serbia", "title": "HR and Recruitment Specialist"}, {"company_name": "Arbor Education Partners", "dates_employed": "Sep 2018\u2013Dec 2018", "employment_duration": "4 mos", "location": "Belgrade", "title": "HR Assistant & Office Manager"}, {"company_name": "Coca-Cola Hellenic Bottling Company", "dates_employed": "Jan 2017\u2013Apr 2018", "employment_duration": "1 yr 4 mos", "location": null, "title": "People Development Coordinator"}], "education": [{"institution": "Faculty of Organizational Sciences", "degree_details": {"degree_name": "Graduate Engineer of Organizational Sciences", "field_of_study": "Management", "dates_attended_or_expected_graduation": "2012 \u2013 2016"}}], "employee_name": "qi3qEWHFMSvOey5HeoQP*7l8zWniwwQgXp969Vih5qg==*ve+MkxF+tZixWExzMcaCXw==*IzPiZgDI6czygihBUkjkeQ=="}, {"experience": [{"company_name": "Entelo", "dates_employed": "Feb 2020\u2013Present", "employment_duration": "2 yrs 4 mos", "location": "Greater New York City Area", "title": "Senior Account Executive"}, {"company_name": "Entelo", "dates_employed": "Sep 2019\u2013Feb 2020", "employment_duration": "6 mos", "location": "New York", "title": "Account Executive"}, {"company_name": "The Muse", "dates_employed": "Aug 2019\u2013Sep 2019", "employment_duration": "2 mos", "location": "Greater New York City Area", "title": "Senior Account Executive"}, {"company_name": "TheMuse.com", "dates_employed": "Sep 2018\u2013Aug 2019", "employment_duration": "1 yr", "location": "Greater New York City Area", "title": "Account Executive"}, {"company_name": "ContentWriters", "dates_employed": "May 2015\u2013Aug 2018", "employment_duration": "3 yrs 4 mos", "location": "Greater New York City Area", "title": "Director of Sales & Content Strategy"}], "education": [{"institution": "Seton Hall University", "degree_details": {"degree_name": "Bachelor of Science - Stillman School of Business", "field_of_study": "Business Marketing", "dates_attended_or_expected_graduation": "2003 \u2013 2007"}}], "employee_name": "IOBvR+N/ANMg1oZyyj4=*/WdNG0YJlLuQabr09KqZ4A==*pMceTxQoG8+P+9MTIwLUGg==*GFylTC8TXplIYUGihOwFsg=="}, {"experience": [{"company_name": "Entelo", "dates_employed": "Sep 2021\u2013Present", "employment_duration": "9 mos", "location": null, "title": "Director of Product Management"}, {"company_name": "Zinier", "dates_employed": "Nov 2020\u2013Sep 2021", "employment_duration": "11 mos", "location": "Bangalore Urban, Karnataka, India", "title": "Senior Product Manager"}, {"company_name": "Jobvite", "dates_employed": "May 2017\u2013Oct 2020", "employment_duration": "3 yrs 6 mos", "location": "Bengaluru Area, India", "title": "Senior Product Manager"}, {"company_name": "HireCraft Software Pvt Ltd", "dates_employed": "Apr 2016\u2013Apr 2017", "employment_duration": "1 yr 1 mo", "location": "Bengaluru Area, India", "title": "Solution Architect"}, {"company_name": "HireCraft Software Pvt Ltd", "dates_employed": "May 2014\u2013Apr 2016", "employment_duration": "2 yrs", "location": "Bengaluru Area, India", "title": "Project Manager"}], "education": [{"institution": "Bangalore University", "degree_details": {"degree_name": "Master of Computer Applications - MCA", "field_of_study": "Computer Science", "dates_attended_or_expected_graduation": "2007 \u2013 2010"}}, {"institution": "Gujarat University", "degree_details": {"degree_name": "Bachelors Of Computer Applications", "field_of_study": "Computer Applications", "dates_attended_or_expected_graduation": "2004 \u2013 2007"}}], "employee_name": "uLzUtD9lyKqSwwA=*WiBoOBKjbOGO2cJ5xB2aiw==*pTo/59igxz4m3L5UPMTfmg==*wDwHaZ0S6HyRhjm+/jvqBw=="}, {"experience": [{"company_name": "Entelo", "dates_employed": "Feb 2021\u2013Present", "employment_duration": "1 yr 4 mos", "location": null, "title": "Director of People Operations"}, {"company_name": "Emarsys", "dates_employed": "Apr 2019\u2013Feb 2021", "employment_duration": "1 yr 11 mos", "location": null, "title": "Senior People Business Partner"}, {"company_name": "Emarsys", "dates_employed": "Oct 2016\u2013Apr 2019", "employment_duration": "2 yrs 7 mos", "location": "Indianapolis, Indiana Area", "title": "Human Resources Manager"}, {"company_name": "Emarsys", "dates_employed": "Jun 2015\u2013Oct 2016", "employment_duration": "1 yr 5 mos", "location": "Indianapolis, Indiana Area", "title": "Office Manager, Americas"}, {"company_name": "Salesforce", "dates_employed": "Feb 2015\u2013May 2015", "employment_duration": "4 mos", "location": null, "title": "Success Manager"}], "education": [{"institution": "Marian University Indianapolis", "degree_details": {"degree_name": "Bachelor's Degree", "field_of_study": "Business Management", "dates_attended_or_expected_graduation": "2009 \u2013 2013"}}, {"institution": "Marian University Indianapolis", "degree_details": {"degree_name": "Bachelor of Business Administration (BBA)", "dates_attended_or_expected_graduation": null, "field_of_study": null}}], "employee_name": "ql3aUNEQOKSxlQNUvw==*vf445U6hiC6zRJbBwP/Gbw==*1E9CGotOE10Po8vW6DHn6Q==*X4sC1dYrt3AfiAyHwOuU/A=="}, {"experience": [{"company_name": "Entelo", "dates_employed": "Oct 2021\u2013Present", "employment_duration": "8 mos", "location": null, "title": "Enterprise Customer Success Manager"}, {"company_name": "Entelo", "dates_employed": "Jul 2019\u2013Present", "employment_duration": "2 yrs 11 mos", "location": "San Francisco Bay Area", "title": "Senior Customer Success Manager"}, {"company_name": "Entelo", "dates_employed": "Dec 2018\u2013Present", "employment_duration": "3 yrs 6 mos", "location": "San Francisco Bay Area", "title": "Customer Success Manager"}, {"company_name": "Modio Health", "dates_employed": "Jan 2018\u2013Jan 2019", "employment_duration": "1 yr 1 mo", "location": "San Francisco Bay Area", "title": "Senior Customer Success Manager"}, {"company_name": "eFolder", "dates_employed": "Apr 2017\u2013Jan 2018", "employment_duration": "10 mos", "location": "San Francisco Bay Area", "title": "Partner Success Specialist, Escalations"}], "education": [{"institution": "San Francisco State University", "degree_details": {"degree_name": "Bachelor of Science - BS", "field_of_study": "International Business", "dates_attended_or_expected_graduation": "2001 \u2013 2006"}}], "employee_name": "U87Ap9813FLAnPa38lNMET+qKYZEVBY=*vL7Rg4d2Bs5xJVYNL0xyrQ==*goOC0zctb0n0KyFmZ5beDQ==*2FIvLldqK65OCmi9UQNnjw=="}, {"experience": [{"company_name": "Entelo", "dates_employed": "May 2021\u2013Present", "employment_duration": "1 yr 1 mo", "location": "Shingle Springs, California, United States", "title": "Global Head of Strategic Accounts & Customer Enablement"}, {"company_name": "Jobvite", "dates_employed": "Feb 2018\u2013May 2021", "employment_duration": "3 yrs 4 mos", "location": "San Mateo, California", "title": "Director Talent Acquisition Strategic Consulting Services"}, {"company_name": "Talent Function Group, LLC", "dates_employed": "Aug 2011\u2013Feb 2018", "employment_duration": "6 yrs 7 mos", "location": "Nationwide", "title": "Senior Consultant, Talent Acquisition Technologies & Process"}, {"company_name": "Brocade", "dates_employed": "Nov 2009\u2013Jul 2011", "employment_duration": "1 yr 9 mos", "location": "San Francisco Bay Area", "title": "Senior Manager, Candidate Generation & Recruitment Branding"}, {"company_name": "Sun Microsystems", "dates_employed": "Jul 2008\u2013Nov 2009", "employment_duration": "1 yr 5 mos", "location": "San Francisco Bay Area", "title": "Senior Manager, Global Recruiting Systems & Operations"}], "education": [{"institution": "San Jose State University", "degree_details": {"degree_name": "MBA", "field_of_study": "Business", "dates_attended_or_expected_graduation": "1999 \u2013 2001"}}], "employee_name": "GdyscgAQZgxV3ymlwz6vvw==*qm4HrsBfNiTxxv+PSnfk0g==*eaISa010/Q49PKGkjHQk0A==*QhpdZ8V7qhVurJKRR6zGIw=="}, {"experience": [{"company_name": "Entelo", "dates_employed": "Jul 2018\u2013Present", "employment_duration": "3 yrs 11 mos", "location": "San Francisco Bay Area", "title": "Information Technology Security Manager"}, {"company_name": "Langtech", "dates_employed": "Jul 2014\u2013Jun 2018", "employment_duration": "4 yrs", "location": "San Francisco Bay Area", "title": "IT Solutions Specialist"}, {"company_name": "Advantage Enterprises", "dates_employed": "Jan 2005\u2013Jun 2014", "employment_duration": "9 yrs 6 mos", "location": null, "title": "Operations Supervisor"}], "education": null, "employee_name": "90+gMJkZLLgY*eyBo8+slv0xFpKcRiSQC+Q==*xTcdFuAD41Q2SuLyT1pvnQ==*V60+hgZXv1qMznTIsgXq1Q=="}, {"experience": [{"company_name": "Entelo", "dates_employed": "Apr 2021\u2013Present", "employment_duration": "1 yr 2 mos", "location": null, "title": "Account Manager/Customer Success Manager"}, {"company_name": "Shyft", "dates_employed": "Oct 2019\u2013Apr 2021", "employment_duration": "1 yr 7 mos", "location": "Serbia", "title": "Supplier Network Manager"}, {"company_name": "Shyft", "dates_employed": "Nov 2018\u2013Oct 2019", "employment_duration": "1 yr", "location": "Belgrade, Serbia", "title": "Customer Experience Manager"}, {"company_name": "Movers Development", "dates_employed": "Feb 2018\u2013Nov 2018", "employment_duration": "10 mos", "location": null, "title": "Account Executive"}, {"company_name": "Crater", "dates_employed": "Jan 2017\u2013Jan 2018", "employment_duration": "1 yr 1 mo", "location": "Serbia", "title": "Video Survey Consultant"}], "education": [{"institution": "Faculty of Philology at Belgrade University", "degree_details": {"field_of_study": "Japanese Language, Literature and Culture", "dates_attended_or_expected_graduation": "2013 \u2013 2017", "degree_name": null}}], "employee_name": "XAemEtOnYtADH5aUxt40YaE=*Vohjq+0om0EJ/ukYAY85vw==*2YznaQk3avF+z9fwNFtWJg==*hSI1Way7fm7LLjlzKZ4w+A=="}, {"experience": [{"company_name": "Entelo", "dates_employed": "Aug 2019\u2013Present", "employment_duration": "2 yrs 10 mos", "location": "Serbia", "title": "Senior Frontend Architect"}, {"company_name": "ConveyIQ by Entelo", "dates_employed": "Oct 2017\u2013Present", "employment_duration": "4 yrs 8 mos", "location": "Serbia", "title": "Software Architect"}, {"company_name": "Braintribe", "dates_employed": "Feb 2017\u2013Oct 2017", "employment_duration": "9 mos", "location": "Belgrade", "title": "Senior Software Engineer"}, {"company_name": "Work & Co", "dates_employed": "Aug 2016\u2013Feb 2017", "employment_duration": "7 mos", "location": "Serbia", "title": "Senior Developer"}, {"company_name": "Humanity.com, Inc.", "dates_employed": "Mar 2016\u2013Jul 2016", "employment_duration": "5 mos", "location": "Serbia", "title": "Technical Lead"}], "education": [{"institution": "University of Belgrade School of Electrical Engineering", "degree_details": {"degree_name": "Master\u2019s Degree", "field_of_study": "Computer Software Engineering", "dates_attended_or_expected_graduation": "2016 \u2013 2018"}}, {"institution": "University of Belgrade School of Electrical Engineering", "degree_details": {"degree_name": "Engineer\u2019s Degree", "field_of_study": "Computer Science", "dates_attended_or_expected_graduation": "2008 \u2013 2016"}}, {"institution": "Technical school Uzice", "degree_details": {"degree_name": "Electronics Technician", "dates_attended_or_expected_graduation": "2004 \u2013 2008", "field_of_study": null}}], "employee_name": "zugDD/t7+StRsIfYXUw=*tcXGWKEwVwAldFkFmofWPQ==*Sc48Ljoizh8jsFiBQ7V84w==*GvovazEP6izFNDIeU/7QRg=="}, {"experience": [{"company_name": "Entelo", "dates_employed": "Sep 2021\u2013Present", "employment_duration": "9 mos", "location": "Belgrade, Serbia", "title": "Digital Marketing Developer"}, {"company_name": "YourBow", "dates_employed": "Oct 2019\u2013Sep 2021", "employment_duration": "2 yrs", "location": null, "title": "Email Marketing Manager"}, {"company_name": "YourBow", "dates_employed": "Aug 2019\u2013Apr 2020", "employment_duration": "9 mos", "location": null, "title": "Advertising Operations Manager"}, {"company_name": "5CA", "dates_employed": "Feb 2019\u2013Jul 2019", "employment_duration": "6 mos", "location": null, "title": "Technical Support Agent"}, {"company_name": "Belgrade Hangover Project", "dates_employed": "May 2018\u2013Sep 2018", "employment_duration": "5 mos", "location": "Belgrade", "title": "Front-End Developer & Content Writer"}], "education": [{"institution": "The School of Electrical and Computer Engineering of Applied Studies", "degree_details": {"degree_name": "Master's degree", "field_of_study": "Electrical Engineering and Computer Science", "dates_attended_or_expected_graduation": "2021"}}, {"institution": "The School of Electrical and Computer Engineering of Applied Studies", "degree_details": {"degree_name": "Bachelor's degree", "field_of_study": "Electronic Business", "dates_attended_or_expected_graduation": "2015 \u2013 2018"}}], "employee_name": "HcW7s5MCFkmsJYNmx9qkJbw=*tFGWAunCgv6y8t8BYVYQFw==*wYmxi5ki51JvDiqmSZ/Idw==*na68g6aBQJrossE0lyxz+A=="}, {"experience": [{"company_name": "HiHo Cheeseburger", "dates_employed": "Mar 2017\u2013Present", "employment_duration": "5 yrs 3 mos", "location": "Greater Los Angeles Area", "title": "Co-Owner, Operating Partner"}, {"company_name": "The Kampachi Company", "dates_employed": "Oct 2017\u2013Present", "employment_duration": "4 yrs 8 mos", "location": "La Paz, Mexico", "title": "Member Board Of Directors"}, {"company_name": "Entelo", "dates_employed": "Dec 2016\u2013Present", "employment_duration": "5 yrs 6 mos", "location": "San Francisco Bay Area", "title": "Advisor"}, {"company_name": "Gild, Inc.", "dates_employed": "Oct 2011\u2013Oct 2016", "employment_duration": "5 yrs 1 mo", "location": "San Francisco Bay Area", "title": "Co-founder and CEO"}, {"company_name": "PAC Labs", "dates_employed": "Jul 2007\u2013Oct 2011", "employment_duration": "4 yrs 4 mos", "location": "San Francisco Bay Area", "title": "CEO"}], "education": [{"institution": "Massachusetts Institute of Technology", "degree_details": {"degree_name": "BS", "field_of_study": "Electrical Engineering", "dates_attended_or_expected_graduation": "1984 \u2013 1987"}}], "employee_name": "QwatJOTqSQWU94ZQIQ==*ry2XUp9nKOJmnHp6g9/70A==*KIAPJpVH6d7u6dQcQusU1w==*EC2opLDGmALxlFMYg8kjvQ=="}, {"experience": [{"company_name": "Entelo", "dates_employed": "Sep 2019\u2013Present", "employment_duration": "2 yrs 9 mos", "location": "Greater New York City Area", "title": "Global Account Manager"}, {"company_name": "Entelo", "dates_employed": "Nov 2018\u2013Sep 2019", "employment_duration": "11 mos", "location": "Greater New York City Area", "title": "Senior Enterprise Account Manager"}, {"company_name": "WayUp", "dates_employed": "May 2018\u2013Oct 2018", "employment_duration": "6 mos", "location": "Greater New York City Area", "title": "Senior Enterprise Account Executive"}, {"company_name": "WayUp", "dates_employed": "Jun 2017\u2013May 2018", "employment_duration": "1 yr", "location": "Greater New York City Area", "title": "Enterprise Account Executive"}, {"company_name": "Doximity", "dates_employed": "Sep 2016\u2013Jun 2017", "employment_duration": "10 mos", "location": "Greater New York City Area", "title": "Director of Sales (IC), Talent Solutions"}], "education": [{"institution": "James Madison University", "degree_details": {"degree_name": "BS", "field_of_study": "Technical & Scientific Communication", "dates_attended_or_expected_graduation": "2004 \u2013 2008"}}], "employee_name": "ztaaIXPVPPZmCkESlA==*H+KV6JXz/lZCGLUYGkOPcQ==*l7vxK2SlpPC9Fr4D4VaG6g==*lFhe2Gi5MtlbRRPxDxRJXw=="}, {"experience": [{"company_name": "Entelo", "dates_employed": "Oct 2021\u2013Present", "employment_duration": "8 mos", "location": "Belgrade, Serbia", "title": "Human Resources Assistant"}, {"company_name": "Key Solutions Consulting", "dates_employed": "Aug 2021\u2013Aug 2021", "employment_duration": "1 mo", "location": "Belgrade, Serbia", "title": "Human Resources Project Officer"}, {"company_name": "Engoo", "dates_employed": "Sep 2018\u2013Apr 2021", "employment_duration": "2 yrs 8 mos", "location": null, "title": "English Tutor"}], "education": [{"institution": "Faculty of Media and Communications", "degree_details": {"degree_name": "Bachelor's degree", "field_of_study": "Psychology", "dates_attended_or_expected_graduation": "2017 \u2013 2021"}}], "employee_name": "sRATTvxLCFG9v7mP8FJ0BK4=*FYt1wwTgHhcaTgSuHswXrQ==*8l+PKfds5t0N/zs3Pv9/3w==*550VJOBw53GkU8TzKQ18RQ=="}, {"experience": [{"company_name": "Entelo", "dates_employed": "Aug 2019\u2013Present", "employment_duration": "2 yrs 10 mos", "location": null, "title": "Customer Support Specialist"}, {"company_name": "Phuture Collective", "dates_employed": "Aug 2018\u2013Present", "employment_duration": "3 yrs 10 mos", "location": "Remote", "title": "Administrator"}, {"company_name": "Support.com", "dates_employed": "Dec 2017\u2013Dec 2018", "employment_duration": "1 yr 1 mo", "location": null, "title": "Technical Trainer"}, {"company_name": "Support.com", "dates_employed": "Apr 2017\u2013Dec 2017", "employment_duration": "9 mos", "location": "Remote", "title": "Remote Services Technician"}], "education": [{"institution": "White House High School", "degree_details": {"degree_name": "High School Diploma", "dates_attended_or_expected_graduation": "2010 \u2013 2014", "field_of_study": null}}], "employee_name": "uREnA2dIGqUe6fNr0i/iAQ==*ScoOSz77n8fspuD5OuZAxA==*3hGZ5M1pQRnVd/7a0DZ0wg==*jvxN10TP1hVUpUcM/KI6qg=="}, {"experience": [{"company_name": "Entelo", "dates_employed": "Aug 2018\u2013Present", "employment_duration": "3 yrs 10 mos", "location": null, "title": "DevOps"}, {"company_name": "Take the Interview, Inc.", "dates_employed": "Oct 2016\u2013Present", "employment_duration": "5 yrs 8 mos", "location": "Belgrade", "title": "DevOps"}, {"company_name": "HATech LLC", "dates_employed": "Apr 2016\u2013Oct 2016", "employment_duration": "7 mos", "location": null, "title": "Cloud Engineer"}, {"company_name": "DNS Europe", "dates_employed": "May 2008\u2013Apr 2016", "employment_duration": "8 yrs", "location": null, "title": "Senior System Engineer, OPS manager, RnD team member"}, {"company_name": "EUnet", "dates_employed": "May 2008\u2013Apr 2016", "employment_duration": "8 yrs", "location": "Belgrade", "title": "Senior System Engineer, OPS Manager, RnD team member"}], "education": [{"institution": "University of Belgrade", "degree_details": {"degree_name": "Bachelor of Science (BS)", "dates_attended_or_expected_graduation": "1996 \u2013 2001", "field_of_study": null}}, {"institution": "ETS Nikola Tesla", "degree_details": {"dates_attended_or_expected_graduation": "1989 \u2013 1992", "degree_name": null, "field_of_study": null}}], "employee_name": "tQmn9H9MrBVmGbQTUAao0gV/*ApS5B26j4dnQ1RKJGzCHZQ==*+YBhDrearANNuRWGJzFkDA==*hX73G5/Fq5sa6/BXFU+Ekw=="}, {"experience": [{"company_name": "Entelo", "dates_employed": "Dec 2021\u2013Present", "employment_duration": "6 mos", "location": null, "title": "Software Developer"}, {"company_name": "Flow and Form", "dates_employed": "Aug 2020\u2013Nov 2021", "employment_duration": "1 yr 4 mos", "location": null, "title": "Software Developer"}, {"company_name": "redPanda Software", "dates_employed": "May 2019\u2013Mar 2020", "employment_duration": "11 mos", "location": null, "title": "Software Developer"}, {"company_name": "Klika", "dates_employed": "Dec 2016\u2013Apr 2019", "employment_duration": "2 yrs 5 mos", "location": "Sarajevo", "title": "Software Developer"}, {"company_name": "Walter BIM Solutions", "dates_employed": "Jun 2014\u2013Nov 2016", "employment_duration": "2 yrs 6 mos", "location": "Sarajevo", "title": "Software Developer"}], "education": [{"institution": "University of East Sarajevo", "degree_details": {"degree_name": "Bachelor of Science in Electrical Engineering and Computing", "field_of_study": "Computer Science and Informatics", "dates_attended_or_expected_graduation": "2009 \u2013 2014"}}], "employee_name": "I2qmsEj/GbhOj1Un6sCX*JPgESYUUfSqRhg9+51EUpg==*8+aiocw90byIGjW3jWcCiw==*JUwo1PSn16EpfkYZDOqaPQ=="}, {"experience": [{"company_name": "Bynder l Webdam", "dates_employed": "Jan 2017\u2013Present", "employment_duration": "5 yrs 5 mos", "location": "San Francisco Bay Area", "title": "Enterprise Account Executive"}, {"company_name": "Entelo", "dates_employed": "Aug 2015\u2013Jan 2017", "employment_duration": "1 yr 6 mos", "location": "San Francisco Bay Area", "title": "Senior Account Executive"}, {"company_name": "Lattice Engines", "dates_employed": "Apr 2014\u2013Aug 2015", "employment_duration": "1 yr 5 mos", "location": "San Mateo, CA", "title": "Customer Executive"}, {"company_name": "Glassdoor", "dates_employed": "Jun 2013\u2013Mar 2014", "employment_duration": "10 mos", "location": "San Francisco Bay Area", "title": "Account Executive"}, {"company_name": "LoopNet", "dates_employed": "Jan 2012\u2013May 2013", "employment_duration": "1 yr 5 mos", "location": "San Francisco Bay Area", "title": "Territory Manager"}], "education": [{"institution": "University of California, Berkeley", "degree_details": {"degree_name": "B.S.", "field_of_study": "Environmental Economics", "dates_attended_or_expected_graduation": "2005 \u2013 2009"}}, {"institution": "Junipero Serra", "degree_details": {"dates_attended_or_expected_graduation": null, "degree_name": null, "field_of_study": null}}], "employee_name": "h88kMOaAK3OkxA==*gTDD4N62dJKKHaCgm8V0dw==*p2+QqU8AzTKDFDOGSWLETA==*TiITyz/5BT7jq+Ktpfe5dQ=="}, {"experience": [{"company_name": "Entelo", "dates_employed": "Jan 2021\u2013Present", "employment_duration": "1 yr 5 mos", "location": "Los Angeles, California, United States", "title": "Strategic Services Consultant"}, {"company_name": "Jobvite", "dates_employed": "Feb 2017\u2013Jan 2021", "employment_duration": "4 yrs", "location": "Greater Los Angeles Area", "title": "Sr. Professional Services Consultant/ Engagement Manager"}, {"company_name": "Jobvite", "dates_employed": "Jun 2016\u2013Feb 2017", "employment_duration": "9 mos", "location": null, "title": "Professional Services Consultant"}, {"company_name": "TMP Worldwide", "dates_employed": "Mar 2014\u2013Jun 2016", "employment_duration": "2 yrs 4 mos", "location": "Greater Los Angeles Area", "title": "Account Director"}, {"company_name": "TMP Worldwide Advertising & Communications", "dates_employed": "Jun 2011\u2013Mar 2014", "employment_duration": "2 yrs 10 mos", "location": "Greater Los Angeles Area", "title": "Project Manager"}], "education": [{"institution": "University of California, Riverside", "degree_details": {"degree_name": "Bachelors of Science", "field_of_study": "Business Administration", "dates_attended_or_expected_graduation": "2001 \u2013 2005"}}], "employee_name": "8jH+z0p7XypJJL9m4m8=*SsiclYNj8oKu3qKSZJv6HA==*3nExtq1KiBT7Is0d0Tqd0A==*7aXHQqKa64ZWoDYSorjntQ=="}, {"experience": [{"company_name": "Entelo", "dates_employed": "Dec 2021\u2013Present", "employment_duration": "6 mos", "location": "Belgrade, Serbia", "title": "Junior Customer Support Specialist"}, {"company_name": "Academy \u201cDositej\u201d", "dates_employed": "Jan 2018\u2013Nov 2021", "employment_duration": "3 yrs 11 mos", "location": "Belgrade, Serbia", "title": "Office Manager"}, {"company_name": "Academy \u201cDositej\u201d", "dates_employed": "Jan 2016\u2013Dec 2018", "employment_duration": "3 yrs", "location": "Belgrade, Serbia", "title": "Office Assistant"}, {"company_name": "Academy \u201cDositej\u201d", "dates_employed": "Oct 2015\u2013Jun 2018", "employment_duration": "2 yrs 9 mos", "location": "Belgrade, Serbia", "title": "Professor"}, {"company_name": "BTL agencija d.o.o.", "dates_employed": "Jan 2012\u2013May 2018", "employment_duration": "6 yrs 5 mos", "location": "Belgrade, Serbia", "title": "Team Supervisor"}], "education": [{"institution": "Faculty of Organizational Sciences, Belgrade University", "degree_details": {"degree_name": "Master's degree", "field_of_study": "Quality Engineering", "dates_attended_or_expected_graduation": "2013 \u2013 2014"}}, {"institution": "Faculty of Organizational Sciences, Belgrade University", "degree_details": {"degree_name": "Bachelor's degree", "field_of_study": "Management and organization", "dates_attended_or_expected_graduation": "2009 \u2013 2013"}}, {"institution": "Economic \u2013trade school \u201cPaja Marganovi\u0107\"", "degree_details": {"field_of_study": "Economics and finance", "dates_attended_or_expected_graduation": "2005 \u2013 2009", "degree_name": null}}], "employee_name": "+3EwULoElPp3k0RABZotSA==*JnstgTggg1IOTZVeM0ec4g==*+NzFpeIx1UVFDJ0vX07edQ==*aEBc9+1AG3NOi6CZ+0hBLw=="}, {"experience": [{"company_name": "Entelo", "dates_employed": "Dec 2021\u2013Present", "employment_duration": "6 mos", "location": null, "title": "Customer Support Specialist"}, {"company_name": "Infinity", "dates_employed": "2020\u20132021", "employment_duration": "1 yr", "location": null, "title": "Customer Success Agent"}, {"company_name": "Shyft", "dates_employed": "2020\u2013Jun 2020", "employment_duration": "less than a year", "location": "Belgrade, Centralna Srbija, Serbia", "title": "Survey Team Trainer"}, {"company_name": "Shyft", "dates_employed": "2019\u20132020", "employment_duration": "1 yr", "location": "Belgrade, Serbia", "title": "Video surveyor"}, {"company_name": "Centar Za Nove Edukacije", "dates_employed": "2017\u20132018", "employment_duration": "1 yr", "location": "Belgrade", "title": "Happiness Manager"}], "education": [{"institution": "University of Novi Sad", "degree_details": {"degree_name": "Business Psychology", "field_of_study": "Industrial and Organizational Psychology", "dates_attended_or_expected_graduation": null}}], "employee_name": "b/XMAVMVrVJYHQimvQNi*c4302yE4YrhEMwh6EpgLNg==*NQI9w61NOAe90kCZ3hJlwQ==*/pV4sLwz931PuYhzM34M1A=="}, {"experience": [{"company_name": "Entelo", "dates_employed": "Aug 2019\u2013Present", "employment_duration": "2 yrs 10 mos", "location": "Belgrade, Serbia", "title": "Frontend Developer"}, {"company_name": "ConveyIQ", "dates_employed": "Nov 2018\u2013Present", "employment_duration": "3 yrs 7 mos", "location": "Serbia", "title": "Frontend Developer"}, {"company_name": "Levi9 Technology Services", "dates_employed": "Nov 2016\u2013Nov 2018", "employment_duration": "2 yrs 1 mo", "location": "Serbia", "title": "Javascript Developer"}, {"company_name": "Degordian", "dates_employed": "Oct 2014\u2013Nov 2016", "employment_duration": "2 yrs 2 mos", "location": "Serbia", "title": "Software Developer"}, {"company_name": "Belgrade Business International Case Competition", "dates_employed": "Sep 2013\u2013May 2014", "employment_duration": "9 mos", "location": "Belgrade", "title": "IT/Multimedia"}], "education": [{"institution": "Faculty of Organisational sciences", "degree_details": {"degree_name": "Bachelor's degree", "field_of_study": "Information Systems and Technology", "dates_attended_or_expected_graduation": "2010 \u2013 2016"}}, {"institution": "Grammar school \"Bora Stankovic\" Vranje", "degree_details": {"degree_name": "Associate's degree", "field_of_study": "Web Design, Programming, Mathematics, etc.", "dates_attended_or_expected_graduation": "2006 \u2013 2010"}}], "employee_name": "dCFxekrcjY1mC3HVjg==*qc17Yl7zj9rt/RtYWxfOoQ==*JwSSb7BrnKyC4Utd2mqSCA==*wp3n7MXdj80n0OKL3K/OhQ=="}, {"experience": [{"company_name": "Entelo", "dates_employed": "Aug 2019\u2013Present", "employment_duration": "2 yrs 10 mos", "location": "Belgrade", "title": "Software Engineer"}, {"company_name": "ConveyIQ by Entelo", "dates_employed": "Jan 2015\u2013Present", "employment_duration": "7 yrs 5 mos", "location": "Serbia", "title": "Software Engineer"}, {"company_name": "Portal Srpskifudbal.rs", "dates_employed": "Sep 2010\u2013Dec 2014", "employment_duration": "4 yrs 4 mos", "location": "Belgrade", "title": "Co Founder & Lead Developer"}, {"company_name": "Creative Media Art", "dates_employed": "Apr 2012\u2013May 2014", "employment_duration": "2 yrs 2 mos", "location": "Serbia", "title": "Web Developer"}], "education": [{"institution": "University of Belgrade", "degree_details": {"dates_attended_or_expected_graduation": "2003 \u2013 2011", "degree_name": null, "field_of_study": null}}], "employee_name": "xtImsKpt84mfcsRFd8OJAA==*/+WELchuusbQcKfmnsS3BQ==*cE2OfOjex5vEMeR4M3OBjg==*NVlUwnkoDC0HQ/GPqDbaDA=="}, {"experience": [{"company_name": "Entelo", "dates_employed": "Aug 2019\u2013Present", "employment_duration": "2 yrs 10 mos", "location": null, "title": "Senior Frontend Developer"}, {"company_name": "ConveyIQ by Entelo", "dates_employed": "Oct 2018\u2013Present", "employment_duration": "3 yrs 8 mos", "location": null, "title": "Senior Frontend Developer"}, {"company_name": "Arbor Education", "dates_employed": "Dec 2016\u2013Sep 2018", "employment_duration": "1 yr 10 mos", "location": null, "title": "JavaScript Engineer"}, {"company_name": "Quantox Technology", "dates_employed": "Mar 2016\u2013Dec 2016", "employment_duration": "10 mos", "location": null, "title": "Front End Developer"}, {"company_name": "Cosmic Development", "dates_employed": "Nov 2014\u2013Mar 2016", "employment_duration": "1 yr 5 mos", "location": null, "title": "Front End Web Developer"}], "education": [{"institution": "The University of Belgrade Faculty of Electrical Engineering", "degree_details": {"degree_name": "Master's Degree", "field_of_study": "Computer Systems Networking and Telecommunications", "dates_attended_or_expected_graduation": "2012"}}, {"institution": "The University of Belgrade Faculty of Electrical Engineering", "degree_details": {"degree_name": "Bachelor's Degree", "field_of_study": "Computer Systems Networking and Telecommunications", "dates_attended_or_expected_graduation": "2007 \u2013 2012"}}, {"institution": "Electrotechnical High-School \"Nikola Tesla\"", "degree_details": {"degree_name": "Electronics technician", "field_of_study": "Electronics", "dates_attended_or_expected_graduation": "2002 \u2013 2006"}}], "employee_name": "A4nZ0AIwZoDQUfPHb++n7UI=*E7kE93tiuXEoo/v0XG6k6w==*G08ya1Wz58blv2eM9tPH0w==*NdGUmS3A4PnObh/xfy0PoA=="}, {"experience": [{"company_name": "Entelo", "dates_employed": "Jul 2018\u2013Present", "employment_duration": "3 yrs 11 mos", "location": null, "title": "Software Engineer"}, {"company_name": "DEVTECH", "dates_employed": "Aug 2017\u2013Jun 2018", "employment_duration": "11 mos", "location": "Serbia", "title": "Software Developer"}, {"company_name": "Interana", "dates_employed": "Dec 2014\u2013Dec 2016", "employment_duration": "2 yrs 1 mo", "location": "San Francisco Bay Area", "title": "Software Developer"}, {"company_name": "Globra", "dates_employed": "Oct 2012\u2013Oct 2014", "employment_duration": "2 yrs 1 mo", "location": null, "title": "Software Developer"}, {"company_name": "Megatrend University", "dates_employed": "Mar 2012\u2013Oct 2012", "employment_duration": "8 mos", "location": null, "title": "Software Developer"}], "education": [{"institution": "School of Electrical Engineering and Computer Science Applied Studies", "degree_details": {"degree_name": "Bachelor of Science", "field_of_study": "Computer Science", "dates_attended_or_expected_graduation": "2008 \u2013 2012"}}], "employee_name": "FBtcur4H4vDiMCs=*aI2T+/tKxMYwo7iQ28rsMA==*DuAsIt00J1Hp85GgUJr0Qg==*+TGo5syK+AAdMPbU94Rt+A=="}, {"experience": [{"company_name": "Entelo", "dates_employed": "Dec 2021\u2013Present", "employment_duration": "6 mos", "location": null, "title": "Software Engineer"}, {"company_name": "Golux Technologies", "dates_employed": "May 2017\u2013Nov 2021", "employment_duration": "4 yrs 7 mos", "location": null, "title": "Back End Developer"}], "education": [{"institution": "Visoka \u0161kola strukovnih studija za informacione tehnologije - ITS (Information Tehnology School)", "degree_details": {"dates_attended_or_expected_graduation": "2017 \u2013 2020", "degree_name": null, "field_of_study": null}}], "employee_name": "zeJWUe9kgOpnJK9C*5Z7B8NYyY1wMgEy90bJfPw==*U7/cQJw9FLmuGPuxRvEQ6w==*S36oGqN0+doKJAfcBzklnA=="}, {"experience": [{"company_name": "Entelo", "dates_employed": "Jun 2017\u2013Present", "employment_duration": "5 yrs", "location": "San Francisco, California", "title": "Enterprise Customer Success Executive"}, {"company_name": "SocialChorus", "dates_employed": "Jun 2016\u2013Jun 2017", "employment_duration": "1 yr 1 mo", "location": "San Francisco Bay Area", "title": "Customer Success Director"}, {"company_name": "SocialChorus", "dates_employed": "Oct 2014\u2013Jun 2016", "employment_duration": "1 yr 9 mos", "location": "San Francisco Bay Area", "title": "Senior Customer Success Manager"}, {"company_name": "Glassdoor.com", "dates_employed": "Aug 2012\u2013Sep 2014", "employment_duration": "2 yrs 2 mos", "location": "Sausalito,CA", "title": "Enterprise Customer Success Manager"}, {"company_name": "TripAdvisor", "dates_employed": "Jul 2008\u2013May 2012", "employment_duration": "3 yrs 11 mos", "location": "Boston, MA", "title": "Partnerships, Sales & Customer Support"}], "education": [{"institution": "Boston University", "degree_details": {"degree_name": "Bachelor of Science (BS)", "field_of_study": "Psychology, Business", "dates_attended_or_expected_graduation": null}}, {"institution": "Greenwich Academy", "degree_details": {"dates_attended_or_expected_graduation": null, "degree_name": null, "field_of_study": null}}], "employee_name": "3H6cYj+uLgeVetEznWMmHnTF6Dnx*+1UGrM/TSCynWj2A5anYTg==*6lYeIC+5PpTH8vSvEwZKSg==*4sWKpTwWgpZi1DFCdoXD7Q=="}, {"experience": [{"company_name": "KeyPoint Credit Union", "dates_employed": "Jan 2018\u2013Present", "employment_duration": "4 yrs 5 mos", "location": null, "title": "Executive Compensation Consultant"}, {"company_name": "Silicon Valley Demolition, Inc.", "dates_employed": "May 2019\u2013Present", "employment_duration": "3 yrs 1 mo", "location": null, "title": "Executive Compensation Consultant"}, {"company_name": "Eyenuk, Inc.", "dates_employed": "Feb 2019\u2013Present", "employment_duration": "3 yrs 4 mos", "location": null, "title": "Executive Compensation Consultant"}, {"company_name": "Entelo", "dates_employed": "Mar 2017\u2013Present", "employment_duration": "5 yrs 3 mos", "location": null, "title": "Executive Compensation Consultant"}, {"company_name": "University of California, Santa Cruz", "dates_employed": "Apr 2017\u2013Present", "employment_duration": "5 yrs 2 mos", "location": null, "title": "Compensation Consultant"}], "education": [{"institution": "Cal State East Bay- College of Business & Economics", "degree_details": {"degree_name": "BS", "field_of_study": "Business Administration", "dates_attended_or_expected_graduation": "1971 \u2013 1973"}}], "employee_name": "yDlNZHODsDQCWw==*bNOOkI+VtPYwfJcQHfRHag==*bAhWs6b93aQYk6jmR4e1kg==*0PuwLJm+Fz0KSIFetCBkgw=="}, {"experience": [{"company_name": "Entelo", "dates_employed": "Jun 2016\u2013Present", "employment_duration": "6 yrs", "location": null, "title": "Curator (Contract)"}, {"company_name": "Sylvan Learning", "dates_employed": "Feb 2014\u2013Present", "employment_duration": "8 yrs 4 mos", "location": null, "title": "Tutor"}, {"company_name": "Mathnasium - The Math Learning Center", "dates_employed": "Oct 2013\u2013Feb 2014", "employment_duration": "5 mos", "location": "Union City, CA", "title": "Math Tutor"}, {"company_name": "Rahima Foundation", "dates_employed": "Jul 2006\u2013May 2012", "employment_duration": "5 yrs 11 mos", "location": "Santa Clara, CA", "title": "Office Manager"}], "education": [{"institution": "California State University, Fresno", "degree_details": {"degree_name": "Bachelor of Science (B.S.)", "field_of_study": "Mathematics and Computer Science", "dates_attended_or_expected_graduation": null}}], "employee_name": "TbjXwgCaQIAWsztvbsQhMA==*x/NxEUzEJl/K8ah69B0LpQ==*wZfz9a9h1h4dweBe5nsqVQ==*6Tel8Rn2dMSz9Aw10yHvmQ=="}, {"experience": null, "education": null, "employee_name": "j16bWJSjPlfmgexJugg+*Mz9996CbXWdCsXIY9/1uEQ==*2jB9PlbZxgb8vNNMtyzp+A==*HkIbnyd43f/V4gCjtoPfGQ=="}, {"experience": null, "education": null, "employee_name": "xb7XAISW7W5ACXRBAE8H*xO7FQQCv1WwBmOFWLIZtbA==*ce5gJXjFrzW7tkpRlXdgFA==*Aetjb71mjbTSCPIIU2RV9g=="}, {"experience": null, "education": null, "employee_name": "Nw2YcCOkRNN9IMhUB91s*s9nqvcKdE0UjwPXmuszXxA==*sx/PLvPg+G+QAVKeGSltLg==*h/HC8/1VjhPTLPT9mTFaSg=="}, {"experience": null, "education": null, "employee_name": "/1FhuvgUrjneLk+APGv5*SzyJkHfTqRdW3ishSk5qsg==*dPSvBUb7B/NMTFQ6RP1GOg==*OvE+BngLDnNAzNlX+oqAKw=="}, {"experience": null, "education": null, "employee_name": "wXyXZIi3yCedbazKFTIn*fGzqFA8NQFX6zbD7zY4jhw==*lvW508oRSy8wYm8mZGNahA==*2Uz39hhf7DANIZMMisibZA=="}, {"experience": null, "education": null, "employee_name": "I1pMkm3E3GHhiesNV22E*tuJZ38Jwl2hRujw8OcIuLA==*Pf5ObeDTbrxFzQ8Q1fgW7Q==*GADfyjbRJmSskLTexUBE/A=="}, {"experience": [{"company_name": "Entelo", "dates_employed": "Oct 2016\u2013Present", "employment_duration": "5 yrs 8 mos", "location": "San Francisco", "title": "Sr. Director of Engineering"}, {"company_name": "AdRoll", "dates_employed": "Jul 2014\u2013Sep 2016", "employment_duration": "2 yrs 3 mos", "location": "San Francisco Bay Area", "title": "Engineering Manager"}, {"company_name": "SocialPandas", "dates_employed": "May 2013\u2013May 2014", "employment_duration": "1 yr 1 mo", "location": "San Francisco Bay Area", "title": "Founding Employee, Engineer"}, {"company_name": "Full&By, 3Click", "dates_employed": "May 2010\u2013Apr 2013", "employment_duration": "3 yrs", "location": "San Francisco Bay Area", "title": "Director of Engineering"}, {"company_name": "Discovery Mining (acquired by Autonomy, then HP)", "dates_employed": "2008\u20132010", "employment_duration": "2 yrs", "location": null, "title": "Senior Software Engineer"}], "education": [{"institution": "University of California, Berkeley", "degree_details": {"degree_name": "Certificate Program in Leadership and Management", "field_of_study": "Business", "dates_attended_or_expected_graduation": "2011 \u2013 2014"}}, {"institution": "UC San Diego", "degree_details": {"degree_name": "Master's Degree", "field_of_study": "Applied Physics", "dates_attended_or_expected_graduation": "1997 \u2013 2000"}}, {"institution": "University of California, Berkeley", "degree_details": {"degree_name": "Bachelor's Degree", "field_of_study": "electrical engineering, computer science, physics, Japanese", "dates_attended_or_expected_graduation": "1992 \u2013 1996"}}], "employee_name": "qp18TojjAr5JnlKBSw==*rgHmoqR8qwP+Hi43KIXwcQ==*mFvRb+8dQInTjxXBuXKLew==*8Vy/bTLJPSBg/Hm+ePzWKg=="}, {"experience": [{"company_name": "NewCompanyInHealthTech", "dates_employed": "Feb 2022\u2013Present", "employment_duration": "4 mos", "location": "Austin, Texas Metropolitan Area", "title": "Founder, CEO"}, {"company_name": "Entelo", "dates_employed": "Mar 2011\u2013Present", "employment_duration": "11 yrs 3 mos", "location": "San Francisco Bay Area", "title": "Founder, Board Member"}, {"company_name": "Hanu Health", "dates_employed": "Aug 2021\u2013Present", "employment_duration": "10 mos", "location": "Encinitas, California, United States", "title": "Executive Chairman"}, {"company_name": "Wild Health", "dates_employed": "May 2021\u2013Present", "employment_duration": "1 yr 1 mo", "location": "Lexington, Kentucky, United States", "title": "Member, Board Of Directors"}, {"company_name": "Udemy", "dates_employed": "Oct 2010\u2013Present", "employment_duration": "11 yrs 8 mos", "location": null, "title": "Member, Board of Advisors"}], "education": [{"institution": "UCLA Anderson School of Management", "degree_details": {"degree_name": "MBA", "dates_attended_or_expected_graduation": "2003 \u2013 2006", "field_of_study": null}}, {"institution": "University of Minnesota", "degree_details": {"degree_name": "BSB", "field_of_study": "Finance, Management Information Systems", "dates_attended_or_expected_graduation": "1994 \u2013 1998"}}], "employee_name": "K1Jc12yeUfKljgo=*4JQTrAEMQDJZjJLdUKu+bQ==*4HZeMVXtgSNvwidwpVH9BQ==*JEyP2nnlYTUTbJQaXHSsdw=="}, {"experience": [{"company_name": "Entelo", "dates_employed": "Jun 2018\u2013Present", "employment_duration": "4 yrs", "location": "San Francisco Bay Area", "title": "Data Scientist"}, {"company_name": "Entelo", "dates_employed": "Dec 2017\u2013Jan 2018", "employment_duration": "2 mos", "location": "San Francisco Bay Area", "title": "Data Science Intern"}, {"company_name": "Tenna", "dates_employed": "Sep 2017\u2013Dec 2017", "employment_duration": "4 mos", "location": "Edison, NJ", "title": "Data Analyst & Automation Programmer Intern"}, {"company_name": "BuildSourced", "dates_employed": "Jul 2017\u2013Aug 2017", "employment_duration": "2 mos", "location": "Edison, NJ", "title": "Data Science Intern"}, {"company_name": "Rutgers New Brunswick Computing Services", "dates_employed": "Apr 2015\u2013Jan 2017", "employment_duration": "1 yr 10 mos", "location": "Hill Center, Rutgers University- New Brunswick", "title": "Level 1 Consultant"}], "education": [{"institution": "Rutgers University\u2013New Brunswick", "degree_details": {"degree_name": "Bachelor of Science - BS", "field_of_study": "Computer Science", "dates_attended_or_expected_graduation": null}}, {"institution": "Columbia University in the City of New York", "degree_details": {"degree_name": "Summer classes", "dates_attended_or_expected_graduation": null, "field_of_study": null}}], "employee_name": "OJIFNwmgxyE=*/h57alyY0JrdvcVCHGgy4w==*V6XZ+F+hniHvLvFDy/RUCQ==*ldP7Ifr8wuOK/1XJ3TEzXw=="}, {"experience": [{"company_name": "U.S. Venture Partners", "dates_employed": "Mar 2012\u2013Present", "employment_duration": "10 yrs 3 mos", "location": null, "title": "General Partner"}, {"company_name": "Primary.com", "dates_employed": "May 2016\u2013Present", "employment_duration": "6 yrs 1 mo", "location": "New York, NY", "title": "Board Member"}, {"company_name": "stensul", "dates_employed": "Oct 2020\u2013Present", "employment_duration": "1 yr 8 mos", "location": null, "title": "Board Member"}, {"company_name": "Oliver Space", "dates_employed": "Nov 2020\u2013Present", "employment_duration": "1 yr 7 mos", "location": null, "title": "Board Member"}, {"company_name": "TaskHuman", "dates_employed": "Apr 2021\u2013Present", "employment_duration": "1 yr 2 mos", "location": null, "title": "Board Member"}], "education": [{"institution": "Harvard Business School", "degree_details": {"degree_name": "Master of Business Administration (with Distinction)", "dates_attended_or_expected_graduation": "2002 \u2013 2004", "field_of_study": null}}, {"institution": "University of California, Berkeley", "degree_details": {"degree_name": "MS", "field_of_study": "Computer Science", "dates_attended_or_expected_graduation": "1994 \u2013 1996"}}, {"institution": "University of California, Davis", "degree_details": {"degree_name": "BS", "field_of_study": "Computer Science and Engineering (with Highest Honors)", "dates_attended_or_expected_graduation": "1989 \u2013 1994"}}], "employee_name": "+N6gDfYHnW8ctA==*lmkx6d4cNfgmtJGjdNPtnA==*n1v/Jlq7PztKvqiRCvc7tw==*DNxAiT4mLdwRswEGh3btAw=="}, {"experience": [{"company_name": "Entelo", "dates_employed": "Apr 2021\u2013Present", "employment_duration": "1 yr 2 mos", "location": "Denver, Colorado, United States", "title": "Senior Enterprise Account Executive"}, {"company_name": "Jobvite", "dates_employed": "Oct 2019\u2013Apr 2021", "employment_duration": "1 yr 7 mos", "location": "United States", "title": "Sr. Manager, Solution Engineering"}, {"company_name": "Jobvite", "dates_employed": "Oct 2014\u2013Oct 2019", "employment_duration": "5 yrs 1 mo", "location": "Greater Denver Area", "title": "Senior Solutions Consultant"}, {"company_name": "nowHIRE", "dates_employed": "May 2010\u2013Oct 2014", "employment_duration": "4 yrs 6 mos", "location": null, "title": "Senior Business Development Executive"}, {"company_name": "Ceridian Corporation", "dates_employed": "Oct 1999\u2013Apr 2010", "employment_duration": "10 yrs 7 mos", "location": null, "title": "National Product Specialist"}], "education": [{"institution": "Metropolitan State University of Denver", "degree_details": {"degree_name": "BS", "field_of_study": "Marketing", "dates_attended_or_expected_graduation": "1988 \u2013 1993"}}, {"institution": "Fort Lewis College", "degree_details": {"degree_name": "BS", "field_of_study": "Accounting", "dates_attended_or_expected_graduation": "1986 \u2013 1988"}}, {"institution": "JK Mullen", "degree_details": {"dates_attended_or_expected_graduation": "1982 \u2013 1986", "degree_name": null, "field_of_study": null}}], "employee_name": "ylWsUi9xD6iQ/g==*lHY4xFRlVRBswXhrVus9sg==*8+zk3KqVKGNjs9q5EkVoXQ==*hhvI9WxqZm8E1iCDM00LAw=="}, {"experience": [{"company_name": "Entelo", "dates_employed": "Feb 2020\u2013Present", "employment_duration": "2 yrs 4 mos", "location": null, "title": "Account Manager/Customer Success Manager"}, {"company_name": "Shyft", "dates_employed": "Jul 2018\u2013Feb 2020", "employment_duration": "1 yr 8 mos", "location": "Belgrade, Serbia", "title": "Key Account Manager"}, {"company_name": "Shyft", "dates_employed": "Apr 2017\u2013Jul 2018", "employment_duration": "1 yr 4 mos", "location": null, "title": "Account Manager"}, {"company_name": "Shyft", "dates_employed": "Dec 2016\u2013Apr 2017", "employment_duration": "5 mos", "location": null, "title": "Customer Experience Representative"}, {"company_name": "Freelance", "dates_employed": "2014\u20132016", "employment_duration": "2 yrs", "location": null, "title": "Independent Translator"}], "education": [{"institution": "University of Belgrade", "degree_details": {"field_of_study": "French Language and Literature", "dates_attended_or_expected_graduation": null, "degree_name": null}}, {"institution": "Third Belgrade Grammar School", "degree_details": {"field_of_study": "Natural Sciences and Mathematics", "dates_attended_or_expected_graduation": null, "degree_name": null}}], "employee_name": "XZ6KXLtFjFTA11FxvFEkHg==*2V9pFi+U9vogcGlrpOfiRA==*2KIYGuSZX1JARKfZkOqhTg==*HGeeki1941o6wbgh5xz78w=="}, {"experience": [{"company_name": "Entelo", "dates_employed": "Mar 2021\u2013Present", "employment_duration": "1 yr 3 mos", "location": "Texas, United States", "title": "Director of Sales"}, {"company_name": "Fountain", "dates_employed": "Nov 2020\u2013Mar 2021", "employment_duration": "5 mos", "location": "South Central/West Region, United States", "title": "Strategic Account Executive"}, {"company_name": "iCIMS", "dates_employed": "Jan 2020\u2013Nov 2020", "employment_duration": "11 mos", "location": "Dallas/Mississippi", "title": "Senior Product Executive"}, {"company_name": "iCIMS", "dates_employed": "Dec 2019\u2013Nov 2020", "employment_duration": "1 yr", "location": "Dallas/Mississippi", "title": "Senior Product Executive"}, {"company_name": "Jobvite", "dates_employed": "Nov 2015\u2013Dec 2019", "employment_duration": "4 yrs 2 mos", "location": "Texas Region", "title": "Enterprise Sales Manager"}], "education": [{"institution": "Domincan College", "degree_details": {"field_of_study": "Music", "dates_attended_or_expected_graduation": "1988 \u2013 1990", "degree_name": null}}], "employee_name": "/kM4H6leQeel0Q3elrEM*BQ1JlZbJEqCq3qxvFrWsRw==*OO9SEyDGHm/xiiXpSQ4tkg==*ChSmTCiquIww2BqXIjcC4w=="}, {"experience": [{"company_name": "Entelo", "dates_employed": "Aug 2021\u2013Present", "employment_duration": "10 mos", "location": null, "title": "Enterprise Customer Success Manager"}, {"company_name": "Walton Management Services, Inc.", "dates_employed": "Jan 2020\u2013Jul 2021", "employment_duration": "1 yr 7 mos", "location": null, "title": "Product Strategist"}, {"company_name": "Walton Management Services, Inc.", "dates_employed": "Aug 2017\u2013Jan 2020", "employment_duration": "2 yrs 6 mos", "location": "Indianapolis, Indiana", "title": "Director Of Client Services"}, {"company_name": "Walton Management Services, Inc.", "dates_employed": "Jun 2016\u2013Aug 2017", "employment_duration": "1 yr 3 mos", "location": null, "title": "Senior Account Executive"}, {"company_name": "First Advantage", "dates_employed": "Oct 2015\u2013May 2016", "employment_duration": "8 mos", "location": "Indianapolis, Indiana Area", "title": "Senior Account Consultant"}], "education": [{"institution": "Indiana Institute of Technology", "degree_details": {"degree_name": "Master of Business Administration (MBA)", "field_of_study": "Human Resources Management", "dates_attended_or_expected_graduation": "2010 \u2013 2014"}}, {"institution": "Indiana University Bloomington", "degree_details": {"degree_name": "Bachelor of Arts and Humanities", "field_of_study": "Spanish & English", "dates_attended_or_expected_graduation": "1999 \u2013 2001"}}], "employee_name": "Jzt0De7pwg7CmnC/efDB*W8LGW2FKdaCIePqw1ECRyA==*xfDa5e8j2xKJ5d6Eq9FHXw==*yuRPlmsTP1kYv5ChOYEFAQ=="}, {"experience": [{"company_name": "Entelo", "dates_employed": "Feb 2021\u2013Present", "employment_duration": "1 yr 4 mos", "location": "San Francisco Bay Area", "title": "Enterprise Account Manager"}, {"company_name": "Concentric Sky", "dates_employed": "Jun 2020\u2013Mar 2021", "employment_duration": "10 mos", "location": "Livermore, California, United States", "title": "Technical Account Manager, Badgr"}, {"company_name": "Handshake", "dates_employed": "Jul 2019\u2013Feb 2020", "employment_duration": "8 mos", "location": "San Francisco Bay Area", "title": "Senior Account Manager"}, {"company_name": "Jobvite", "dates_employed": "Jun 2015\u2013Jul 2019", "employment_duration": "4 yrs 2 mos", "location": "San Mateo, California", "title": "Relationship Manager"}, {"company_name": "ADP", "dates_employed": "Jan 2014\u2013Jun 2015", "employment_duration": "1 yr 6 mos", "location": "Pleasanton, CA", "title": "Major Account District Manager"}], "education": [{"institution": "University of Oregon - Charles H. Lundquist College of Business", "degree_details": {"degree_name": "B.S.", "field_of_study": "Business Administration - Entrepreneurship", "dates_attended_or_expected_graduation": "2007 \u2013 2009"}}, {"institution": "Ohlone College", "degree_details": {"dates_attended_or_expected_graduation": "2004 \u2013 2007", "degree_name": null, "field_of_study": null}}], "employee_name": "xjsyWi1/+jw=*5Cpw1IzjADfnJmvCIkooxg==*uhoHsScgLXy9FPB1QbzUag==*3TPCMtE0NBqRi25h9m/6VA=="}, {"experience": [{"company_name": "Entelo", "dates_employed": "Sep 2021\u2013Present", "employment_duration": "9 mos", "location": "San Francisco Bay Area", "title": "Marketing Coordinator"}, {"company_name": "Entelo", "dates_employed": "May 2018\u2013Present", "employment_duration": "4 yrs 1 mo", "location": "San Francisco Bay Area", "title": "Executive Assistant"}, {"company_name": "Entelo", "dates_employed": "Aug 2016\u2013May 2018", "employment_duration": "1 yr 10 mos", "location": "San Francisco Bay Area", "title": "Administrative Assistant"}, {"company_name": "Rebel Entertainment Partners", "dates_employed": "Mar 2014\u2013Aug 2016", "employment_duration": "2 yrs 6 mos", "location": "Greater Los Angeles Area", "title": "Executive Assistant"}, {"company_name": "Rebel Entertainment Partners", "dates_employed": "Jul 2013\u2013Mar 2014", "employment_duration": "9 mos", "location": "Greater Los Angeles Area", "title": "Administrative Assistant"}], "education": [{"institution": "San Diego State University", "degree_details": {"field_of_study": "Entrepreneurship/Entrepreneurial Studies", "dates_attended_or_expected_graduation": "2008 \u2013 2013", "degree_name": null}}], "employee_name": "1U+9bu8rMrw7WjpqcFqB0ftevA==*YdcEgTmBfkEhnJ0xVjOG4w==*N2/ocM5c9mNSgj3FyH7nKQ==*5WLKR/5a+Bs+sOVJQUXJGQ=="}, {"experience": [{"company_name": "Entelo", "dates_employed": "Nov 2019\u2013Present", "employment_duration": "2 yrs 7 mos", "location": null, "title": "DevOps Engineer"}, {"company_name": "Levi9 Technology Services", "dates_employed": "Oct 2017\u2013Nov 2019", "employment_duration": "2 yrs 2 mos", "location": null, "title": "DevOps Engineer"}, {"company_name": "Investintech", "dates_employed": "Aug 2012\u2013Oct 2017", "employment_duration": "5 yrs 3 mos", "location": null, "title": "System Administrator"}, {"company_name": "Verat", "dates_employed": "Sep 2006\u2013Aug 2012", "employment_duration": "6 yrs", "location": "Belgrade, Serbia", "title": "System Administrator"}], "education": [{"institution": "Faculty of Organisational Sciences, University of Belgrade", "degree_details": {"degree_name": "Master's degree", "field_of_study": "Information systems and technologies", "dates_attended_or_expected_graduation": "2015 \u2013 2017"}}, {"institution": "Faculty of Security Studies, University of Belgrade", "degree_details": {"degree_name": "Bachelor's degree", "field_of_study": "Security", "dates_attended_or_expected_graduation": "2000 \u2013 2006"}}], "employee_name": "jVGwn/tqcB4vGB0NfA==*S9tjWwtU6rJ2S1Wl2IcT8Q==*O+Xel1wbOD6rSRHsBsk4BQ==*g02aNNVPAuFK/S8E69/E/g=="}, {"experience": [{"company_name": "Entelo", "dates_employed": "Aug 2019\u2013Present", "employment_duration": "2 yrs 10 mos", "location": null, "title": "Senior Software Architect"}, {"company_name": "ConveyIQ by Entelo", "dates_employed": "Mar 2017\u2013Aug 2019", "employment_duration": "2 yrs 6 mos", "location": null, "title": "Senior Software Architect"}, {"company_name": "Comtrade Group", "dates_employed": "Jun 2015\u2013Mar 2017", "employment_duration": "1 yr 10 mos", "location": "Belgrade, Serbia", "title": "Software Architect / Team Lead"}, {"company_name": "Comtrade Group", "dates_employed": "Mar 2014\u2013Jun 2015", "employment_duration": "1 yr 4 mos", "location": "Belgrade, Serbia", "title": "Senior Software Engineer"}, {"company_name": "ZASLON TELECOM d.o.o.", "dates_employed": "Jun 2007\u2013Mar 2014", "employment_duration": "6 yrs 10 mos", "location": "Ljubljana, Slovenia", "title": "Chief Development Officer"}], "education": null, "employee_name": "QSmH8VYJsiVuv7H5EBJ5ug==*mB6otZlO0Y5yd6X60nm4bQ==*Uw8mXjWf59j8hwYoLO5OhQ==*HS5zQxlTRo+8gxvMkGT5BQ=="}, {"experience": [{"company_name": "Entelo", "dates_employed": "Apr 2021\u2013Present", "employment_duration": "1 yr 2 mos", "location": "Redwood City, California, United States", "title": "Enterprise Accounts Director"}, {"company_name": "iCIMS", "dates_employed": "Nov 2019\u2013Apr 2021", "employment_duration": "1 yr 6 mos", "location": null, "title": "Enterprise Product Executive at iCIMS"}, {"company_name": "Skillsoft", "dates_employed": "May 2018\u2013Oct 2019", "employment_duration": "1 yr 6 mos", "location": null, "title": "Enterprise Customer Sales Director"}, {"company_name": "Jobvite", "dates_employed": "Mar 2014\u2013Mar 2018", "employment_duration": "4 yrs 1 mo", "location": "San Mateo", "title": "Enterprise Relationship Sales Manager"}, {"company_name": "Indeed.com", "dates_employed": "Sep 2011\u2013Mar 2014", "employment_duration": "2 yrs 7 mos", "location": "Mountain View", "title": "Sales Professional"}], "education": [{"institution": "Towson University", "degree_details": {"degree_name": "Bachelor of Science (BS)", "field_of_study": "English Language and Literature, General", "dates_attended_or_expected_graduation": null}}, {"institution": "Bachelor's Degree", "degree_details": {"degree_name": "BS", "field_of_study": "English", "dates_attended_or_expected_graduation": "1998 \u2013 2002"}}], "employee_name": "NUrrqTBe++/Q9+4lPq+feA==*GwwHqoqTda3ohqSB2Hv0pQ==*CfOBCdZB1D8HND9d4+3eCQ==*f+Cc+qp5l9f44UItabMVPA=="}, {"experience": [{"company_name": "Entelo", "dates_employed": "Nov 2020\u2013Present", "employment_duration": "1 yr 7 mos", "location": null, "title": "Director of Customer Success"}, {"company_name": "California State University - East Bay", "dates_employed": "Jan 2021\u2013Present", "employment_duration": "1 yr 5 mos", "location": null, "title": "Advisory Board Member, Customer Experience Certificate Program"}, {"company_name": "Customer Experience at San Francisco State University", "dates_employed": "Jul 2020\u2013Jan 2021", "employment_duration": "7 mos", "location": null, "title": "Member Of The Board Of Advisors"}, {"company_name": "Jobvite", "dates_employed": "Jul 2019\u2013Nov 2020", "employment_duration": "1 yr 5 mos", "location": "Remote", "title": "Senior Manager of Customer Success"}, {"company_name": "Jobvite", "dates_employed": "Aug 2018\u2013Jul 2019", "employment_duration": "1 yr", "location": null, "title": "Manager of Customer Success"}], "education": [{"institution": "Menlo College", "degree_details": {"degree_name": "Bachelor\u2019s Degree", "field_of_study": "Business Management", "dates_attended_or_expected_graduation": null}}, {"institution": "UCL", "degree_details": {"degree_name": "Study Abroad Semester", "dates_attended_or_expected_graduation": null, "field_of_study": null}}], "employee_name": "hsok9qn9FPPu39E=*jNGj4jkaYNaPgPCpO/5R1Q==*onufHGwCh2Md1rDuuWGUsQ==*905E2kkFuqTutOBHjN/WFw=="}, {"experience": [{"company_name": "Entelo", "dates_employed": "Aug 2019\u2013Present", "employment_duration": "2 yrs 10 mos", "location": null, "title": "Product Manager"}, {"company_name": "ConveyIQ by Entelo", "dates_employed": "Jan 2018\u2013Present", "employment_duration": "4 yrs 5 mos", "location": "Serbia", "title": "Product Manager"}, {"company_name": "ConveyIQ by Entelo", "dates_employed": "Apr 2016\u2013Jan 2018", "employment_duration": "1 yr 10 mos", "location": "Serbia", "title": "Software QA Engineer"}, {"company_name": "Rhea Software (Usablenet)", "dates_employed": "Mar 2014\u2013Apr 2016", "employment_duration": "2 yrs 2 mos", "location": "Belgrade, Serbia", "title": "Quality Assurance Engineer"}, {"company_name": "Vittor Italian Agency", "dates_employed": "Nov 2012\u2013Jun 2013", "employment_duration": "8 mos", "location": "Belgrade, Serbia", "title": "Office Manager and CEO assistant - representative for the territory of Balkans."}], "education": [{"institution": "Faculty of Applied Arts", "degree_details": {"degree_name": "Bachelor of Interior and Furniture design", "dates_attended_or_expected_graduation": "2008 \u2013 2012", "field_of_study": null}}], "employee_name": "qSah6BR4VElrEw==*Ih7z+Fc9zlpnpS4kkPTD+w==*UZou3TzXMA1x9ZFZh/gBuA==*vvBpwClt6zS7ObHHSezLhA=="}, {"experience": [{"company_name": "Entelo", "dates_employed": "Mar 2019\u2013Present", "employment_duration": "3 yrs 3 mos", "location": "San Francisco Bay Area", "title": "Customer Success Manager"}, {"company_name": "GoodTime.io", "dates_employed": "Jul 2017\u2013Jan 2018", "employment_duration": "7 mos", "location": "San Francisco, CA", "title": "Customer Success Manager"}, {"company_name": "Indeed.com", "dates_employed": "Jun 2016\u2013Jul 2017", "employment_duration": "1 yr 2 mos", "location": "San Mateo, CA", "title": "Account Manager"}, {"company_name": "NatureBox", "dates_employed": "Feb 2015\u2013May 2016", "employment_duration": "1 yr 4 mos", "location": "Redwood City, CA", "title": "Senior Corporate Account Manager"}, {"company_name": "NatureBox", "dates_employed": "Oct 2014\u2013Feb 2015", "employment_duration": "5 mos", "location": "San Carlos, CA", "title": "Corporate Account Manager"}], "education": [{"institution": "University of San Francisco", "degree_details": {"degree_name": "Bachelor of Science (BS)", "field_of_study": "Business Administration and Management, General", "dates_attended_or_expected_graduation": null}}], "employee_name": "pshApKzF9zDILjnsnl4=*6/R+gurk3UUciKgisdBqGA==*bie+YkT93fssiFVWmg4jxg==*Tt3nQNr0Fl1Aey4xMW1cVQ=="}, {"experience": [{"company_name": "Entelo", "dates_employed": "Jan 2020\u2013Present", "employment_duration": "2 yrs 5 mos", "location": "Belgrade, Serbia", "title": "DevOps Engineer"}, {"company_name": "ConveyIQ by Entelo", "dates_employed": "Jan 2020\u2013Present", "employment_duration": "2 yrs 5 mos", "location": null, "title": "DevOps Engineer"}, {"company_name": "eFront", "dates_employed": "Nov 2018\u2013Jan 2020", "employment_duration": "1 yr 3 mos", "location": "Belgrade", "title": "Senior DevOps Engineer"}, {"company_name": "Z\u00fchlke Group", "dates_employed": "Dec 2017\u2013Nov 2018", "employment_duration": "1 yr", "location": "Belgrade, Serbia", "title": "DevOps Engineer"}, {"company_name": "Banca Intesa Beograd", "dates_employed": "Aug 2017\u2013Dec 2017", "employment_duration": "5 mos", "location": "Belgrade", "title": "System Architect"}], "education": [{"institution": "ETS Nikola Tesla", "degree_details": {"dates_attended_or_expected_graduation": null, "degree_name": null, "field_of_study": null}}, {"institution": "Filoloski fakultet Beograd", "degree_details": {"field_of_study": "Opsta knjizevnost i teorija knjizevnosti", "dates_attended_or_expected_graduation": null, "degree_name": null}}], "employee_name": "DhR/xrJfz7jZJ3J3MjPH*TZIFq2dGs1zNSqcoYV8gvw==*55/csBc1KIuo7JAN8Q7Deg==*FNzrn0t5T2C3GK9wFszQxw=="}, {"experience": [{"company_name": "Entelo", "dates_employed": "Jun 2021\u2013Present", "employment_duration": "1 yr", "location": "Berlin, Maryland, United States", "title": "Enterprise Account Executive"}, {"company_name": "Caroo (formerly SnackNation)", "dates_employed": "Jan 2021\u2013Jun 2021", "employment_duration": "6 mos", "location": "Berlin, Maryland, United States", "title": "Enterprise Account Executive"}, {"company_name": "People First", "dates_employed": "Apr 2019\u2013Jan 2021", "employment_duration": "1 yr 10 mos", "location": "Berlin, MD", "title": "Culture and Engagement Evangelist"}, {"company_name": "Jobvite", "dates_employed": "Jul 2017\u2013Mar 2019", "employment_duration": "1 yr 9 mos", "location": "Baltimore, Maryland Area", "title": "Regional Sales Manager"}, {"company_name": "neonworks", "dates_employed": "Jun 2016\u2013Mar 2017", "employment_duration": "10 mos", "location": "Greater Philadelphia Area", "title": "Senior Account Executive"}], "education": [{"institution": "University of Maryland", "degree_details": {"degree_name": "BS", "field_of_study": "Political Science", "dates_attended_or_expected_graduation": "1987 \u2013 1992"}}, {"institution": "Henderson", "degree_details": {"dates_attended_or_expected_graduation": null, "degree_name": null, "field_of_study": null}}, {"institution": "University of Maryland", "degree_details": {"degree_name": "Bachelor's degree", "dates_attended_or_expected_graduation": null, "field_of_study": null}}], "employee_name": "5EboJr/OKVbn0shg*Py06CP0voPG/NA9G7JYd5A==*0BjuwBChzrkZzPXbsRcZLQ==*Biu7E2aLHqIFn/iF4nbnZg=="}, {"experience": [{"company_name": "Entelo", "dates_employed": "Aug 2019\u2013Present", "employment_duration": "2 yrs 10 mos", "location": "Belgrade, Serbia", "title": "Senior QA Engineer Lead"}, {"company_name": "ConveyIQ by Entelo", "dates_employed": "Apr 2016\u2013Present", "employment_duration": "6 yrs 2 mos", "location": "Belgrade, Serbia", "title": "Software QA Engineer"}, {"company_name": "Usablenet", "dates_employed": "Jul 2012\u2013Apr 2016", "employment_duration": "3 yrs 10 mos", "location": "Belgrade", "title": "Quality Assurance Tester"}, {"company_name": "Usablenet", "dates_employed": "Jun 2013\u2013Apr 2015", "employment_duration": "1 yr 11 mos", "location": "Belgrade", "title": "Quality Assurance Team Lead"}, {"company_name": "VISER", "dates_employed": "Sep 2009\u2013Dec 2012", "employment_duration": "3 yrs 4 mos", "location": "Belgrade", "title": "Teaching assistant"}], "education": [{"institution": "University of Belgrade, School of electrical and computer engineering of applied studies", "degree_details": {"degree_name": "Bachelors Degree in Computer Science or Electrical Engineering", "field_of_study": "Information Technology", "dates_attended_or_expected_graduation": "2006 \u2013 2009"}}, {"institution": "University of Belgrade, Faculty of Mathematics", "degree_details": {"degree_name": "not graduated", "field_of_study": "Mathematics", "dates_attended_or_expected_graduation": "2001 \u2013 2005"}}, {"institution": "School of Electrical Engineering \"Rade Kon\u010dar\"", "degree_details": {"degree_name": "Electronic engineering technician", "field_of_study": "Information Technology", "dates_attended_or_expected_graduation": "1996 \u2013 2000"}}], "employee_name": "LOemxqNyiEuJ4yQfeX8=*hT1q/zelt7xBMeSfXBOa9Q==*QL5oKoiI80UrHwOub9G8Yg==*lQgvAyt+StB4yeGH+7wORw=="}, {"experience": [{"company_name": "Entelo", "dates_employed": "Oct 2021\u2013Present", "employment_duration": "8 mos", "location": null, "title": "Enterprise Sales Development Representative"}, {"company_name": "Fairmont Grand Del Mar", "dates_employed": "Feb 2019\u2013Oct 2021", "employment_duration": "2 yrs 9 mos", "location": "San Diego County, California, United States", "title": "Guest Services Supervisor"}, {"company_name": "Kona Kai Resort and Spa", "dates_employed": "Aug 2018\u2013Mar 2019", "employment_duration": "8 mos", "location": "United States", "title": "Guest Services Supervisor"}, {"company_name": "The Ritz-Carlton Hotel Company, L.L.C.", "dates_employed": "Jun 2013\u2013Nov 2018", "employment_duration": "5 yrs 6 mos", "location": "Half Moon Bay", "title": "Doorman"}], "education": [{"institution": "Ca\u00f1ada College", "degree_details": {"dates_attended_or_expected_graduation": "2015 \u2013 2019", "degree_name": null, "field_of_study": null}}, {"institution": "Ca\u00f1ada College", "degree_details": {"field_of_study": "Business Administration and Management, General", "dates_attended_or_expected_graduation": null, "degree_name": null}}], "employee_name": "WOTyeX112uc48ZaiYizP*QlPJeDmaLmz0sFQMsSpMKQ==*Zc37dH64eVbWb5fE3OOiIg==*k1XqZtPuOVXD0UP/2qGl0g=="}, {"experience": [{"company_name": "Entelo", "dates_employed": "Feb 2021\u2013Present", "employment_duration": "1 yr 4 mos", "location": "Indianapolis, Indiana, United States", "title": "Enterprise Customer Success Manager"}, {"company_name": "Jobvite", "dates_employed": "Nov 2018\u2013Jan 2021", "employment_duration": "2 yrs 3 mos", "location": "Indianapolis, Indiana, United States", "title": "Customer Success Manager"}, {"company_name": "hc1.com", "dates_employed": "Sep 2016\u2013Aug 2018", "employment_duration": "2 yrs", "location": "Indianapolis, Indiana Area", "title": "Director of Client Engagement"}, {"company_name": "hc1.com", "dates_employed": "Jul 2012\u2013Sep 2016", "employment_duration": "4 yrs 3 mos", "location": "Indianapolis, Indiana Area", "title": "Project Leader"}, {"company_name": "AIT Laboratories", "dates_employed": "Oct 2011\u2013Apr 2012", "employment_duration": "7 mos", "location": null, "title": "Team Member, Public Policy"}], "education": [{"institution": "Western Governors University", "degree_details": {"degree_name": "Master of Business Administration (M.B.A.)", "field_of_study": "Business Administration and Management, General", "dates_attended_or_expected_graduation": "2016 \u2013 2018"}}, {"institution": "Indiana University\u2013Purdue University Indianapolis", "degree_details": {"degree_name": "BS", "field_of_study": "Marketing Management", "dates_attended_or_expected_graduation": "1999 \u2013 2004"}}], "employee_name": "qztRby8yZCDqB/Z34Leoqw==*9PBBfJVgBKqLZyMhruFukw==*+8kgD41ZbBXS2+ds8a/tjQ==*jScZB+89ED4k7VDaGZIAMg=="}, {"experience": [{"company_name": "Entelo", "dates_employed": "Nov 2019\u2013Present", "employment_duration": "2 yrs 7 mos", "location": "San Francisco Bay Area", "title": "Accounting Manager"}, {"company_name": "Sherpa CRM", "dates_employed": "Jun 2018\u2013Nov 2019", "employment_duration": "1 yr 6 mos", "location": "Greater St. Louis Area", "title": "Controller"}, {"company_name": "Emerson Automation Solutions", "dates_employed": "Jul 2017\u2013Jun 2018", "employment_duration": "1 yr", "location": "Greater St. Louis Area", "title": "Financial Analyst II"}, {"company_name": "Emerson", "dates_employed": "Jun 2013\u2013Jul 2017", "employment_duration": "4 yrs 2 mos", "location": null, "title": "Senior Internal Auditor"}, {"company_name": "MGM", "dates_employed": "May 2012\u2013Aug 2012", "employment_duration": "4 mos", "location": null, "title": "Internal Audit Intern"}], "education": [{"institution": "University of Dayton", "degree_details": {"degree_name": "Master of Business Administration (MBA)", "field_of_study": "Accounting", "dates_attended_or_expected_graduation": "2012 \u2013 2013"}}, {"institution": "University of Dayton", "degree_details": {"degree_name": "Bachelor of Science (BS)", "field_of_study": "Accounting", "dates_attended_or_expected_graduation": "2008 \u2013 2013"}}], "employee_name": "9ZCx+pAX1JkRnaY=*9GWmxYxq5SiLhxE/WV0acQ==*Ur1QRsRj7wK8Uq7AM6oxJg==*ajRji5hEDqFYOntiAn0dLQ=="}, {"experience": [{"company_name": "Entelo", "dates_employed": "Jul 2021\u2013Present", "employment_duration": "11 mos", "location": "Belgrade, Grad Beograd, Serbia", "title": "Data and Reporting Analyst"}, {"company_name": "QuantLabs d.o.o.", "dates_employed": "Oct 2020\u2013Jul 2021", "employment_duration": "10 mos", "location": "Belgrade, Serbia", "title": "Business Intelligence Analyst"}, {"company_name": "EyeSee", "dates_employed": "Oct 2018\u2013Oct 2020", "employment_duration": "2 yrs 1 mo", "location": "Belgrade", "title": "Junior Data Scientist"}, {"company_name": "SOFA, Student and Youth Sports Activities", "dates_employed": "May 2015\u2013Jan 2017", "employment_duration": "1 yr 9 mos", "location": "Belgrade", "title": "Corporate Relations Manager"}, {"company_name": "Savez studenata Fakulteta organizacionih nauka", "dates_employed": "Nov 2014\u2013Jan 2017", "employment_duration": "2 yrs 3 mos", "location": null, "title": "Corporate Relations Manager"}], "education": [{"institution": "Faculty of Organizational Sciences", "degree_details": {"degree_name": "Master of Science - MS", "field_of_study": "Business Intelligence", "dates_attended_or_expected_graduation": "2019 \u2013 2021"}}, {"institution": "Faculty of Organizational Sciences", "degree_details": {"degree_name": "Bachelor of Business Administration (B.B.A.)", "field_of_study": "Business Administration, Management and Operations", "dates_attended_or_expected_graduation": "2012 \u2013 2018"}}], "employee_name": "vPZVVvHT/ikkxrlRyMw0mphastjR*4qRpc2VDzbqL08gn0CM43Q==*SuiYp9oqKBpwbsfRjg8KDQ==*/PIu+wcq98KPvEGQ6IxHlw=="}, {"experience": [{"company_name": "Entelo", "dates_employed": "Aug 2019\u2013Present", "employment_duration": "2 yrs 10 mos", "location": "Belgrade, Serbia", "title": "Senior Software Engineer"}, {"company_name": "ConveyIQ by Entelo", "dates_employed": "Jan 2015\u2013Present", "employment_duration": "7 yrs 5 mos", "location": "Belgrade, Serbia", "title": "Senior Software Engineer"}, {"company_name": "Zoran Anti\u0107 PR Ra\u010dunarsko programiranje SOFT PARK Ni\u0161", "dates_employed": "May 2013\u2013Jan 2015", "employment_duration": "1 yr 9 mos", "location": "Ni\u0161, Serbia", "title": "Android Developer"}, {"company_name": "Mlekara AD", "dates_employed": "Mar 1997\u2013Jul 2010", "employment_duration": "13 yrs 5 mos", "location": "Subotica, Serbia", "title": "Regional Manager"}, {"company_name": "Advanced Internet Solutions Ltd.", "dates_employed": "Feb 2001\u2013Feb 2002", "employment_duration": "1 yr 1 mo", "location": "Dublin, Ireland", "title": "J2EE Developer"}], "education": [{"institution": "Zero To Mastery Academy", "degree_details": {"dates_attended_or_expected_graduation": "2021", "degree_name": null, "field_of_study": null}}, {"institution": "Gimnazija \"Bora Stankovi\u0107\"", "degree_details": {"field_of_study": "Mathematics and Computer Science", "dates_attended_or_expected_graduation": "1982 \u2013 1986", "degree_name": null}}], "employee_name": "bBdkA5bKk7N7YywS*WuTp/JXfP28U+VGNDwVM4w==*pQi57tfojzFZbCzFJ7ToLg==*pWSLm75kszlOnM5ao0+1UA=="}, {"experience": [{"company_name": "Entelo", "dates_employed": "Dec 2021\u2013Present", "employment_duration": "6 mos", "location": "Belgrade, Serbia", "title": "Ops Engineer"}, {"company_name": "SBB Serbia BroadBand", "dates_employed": "Jun 2018\u2013Dec 2021", "employment_duration": "3 yrs 7 mos", "location": "Belgrade, Serbia", "title": "Lead linux system administrator"}, {"company_name": "SBB Serbia BroadBand", "dates_employed": "Nov 2015\u2013Jun 2018", "employment_duration": "2 yrs 8 mos", "location": "Belgrade, Serbia", "title": "Linux System Administrator"}, {"company_name": "PRODYNA", "dates_employed": "Nov 2014\u2013Nov 2015", "employment_duration": "1 yr 1 mo", "location": "Belgrade, Serbia", "title": "IT Consultant"}, {"company_name": "YUnet International - EUnet", "dates_employed": "Nov 2013\u2013Nov 2014", "employment_duration": "1 yr 1 mo", "location": "Belgrade, Serbia", "title": "Hosting support engineer"}], "education": null, "employee_name": "RSLHz1ih6/kVpVyTfQqp3j7y*5xEXhFmAbYba1fOk+nc8aA==*4OZyklgzYr4ICpVcR9a3Kg==*Fw1AXUWKXRJkLoBhlmaSig=="}]