[{"experience": [{"company_name": "Intrinsic", "dates_employed": "Jul 2021\u2013Present", "employment_duration": "11 mos", "location": "Mountain View, California, United States", "title": "Head of Marketing & Comms at Intrinsic, an Alphabet Company"}, {"company_name": "Alife Health", "dates_employed": "Oct 2020\u2013Present", "employment_duration": "1 yr 8 mos", "location": null, "title": "Advisor"}, {"company_name": "X, the moonshot factory", "dates_employed": "Jun 2019\u2013Jul 2021", "employment_duration": "2 yrs 2 mos", "location": null, "title": "Head of Marketing, Intrinsic Robotics at X, formerly Google[x]"}, {"company_name": "X, the moonshot factory", "dates_employed": "Mar 2016\u2013Jun 2019", "employment_duration": "3 yrs 4 mos", "location": "Mountain View, CA", "title": "Head of Brand Marketing for X, formerly Google[x]"}, {"company_name": "Google", "dates_employed": "Oct 2012\u2013Mar 2016", "employment_duration": "3 yrs 6 mos", "location": "Mountain View, California", "title": "Global Growth Marketing Lead - YouTube Brand Ads"}], "education": [{"institution": "University College Dublin", "degree_details": {"degree_name": "Bachelor of Commerce", "field_of_study": "Marketing", "dates_attended_or_expected_graduation": "2004 \u2013 2007"}}, {"institution": "The Wharton School", "degree_details": {"degree_name": "Wharton + Google Marketing Academy", "field_of_study": "Marketing", "dates_attended_or_expected_graduation": "2015 \u2013 2015"}}, {"institution": "Chartered Alternative Investment Analyst Association", "degree_details": {"degree_name": "Analyst Designation", "field_of_study": "Alternative Investment Industry", "dates_attended_or_expected_graduation": "2009 \u2013 2010"}}], "employee_name": "GxQHFjOpUnEDL90=*Zh59K3rhJClz+hMWhmMgsg==*kFSqq8i/YA160Bsem6Mk+w==*LlVhny5AXDmDVjcXDXpw9w=="}, {"experience": [{"company_name": "Alife Health", "dates_employed": "2020\u2013Present", "employment_duration": "2 yrs", "location": "San Francisco Bay Area", "title": "CEO & Founder"}, {"company_name": "Asta Capital", "dates_employed": "Jan 2020\u2013Present", "employment_duration": "2 yrs 5 mos", "location": "San Francisco Bay Area", "title": "Founding Partner"}, {"company_name": "Google", "dates_employed": "Jun 2019\u2013Aug 2019", "employment_duration": "3 mos", "location": "San Francisco Bay Area", "title": "Product Manager [X]"}, {"company_name": "Auris Health, Inc", "dates_employed": "Sep 2016\u2013Aug 2017", "employment_duration": "1 yr", "location": "San Francisco Bay Area", "title": "Product Manager"}, {"company_name": "Auris Health, Inc", "dates_employed": "Jan 2016\u2013Sep 2016", "employment_duration": "9 mos", "location": "San Francisco Bay Area", "title": "Platform Clinical Engineer"}], "education": [{"institution": "Harvard Business School", "degree_details": {"degree_name": "Master of Business Administration (MBA)", "field_of_study": "General Management", "dates_attended_or_expected_graduation": null}}, {"institution": "Harvard John A. Paulson School of Engineering and Applied Sciences", "degree_details": {"degree_name": "Master of Science (MS)", "field_of_study": "Computational Science", "dates_attended_or_expected_graduation": null}}, {"institution": "Harvard University", "degree_details": {"degree_name": "Bachelor of Science (BS)", "field_of_study": "Biomedical Engineering", "dates_attended_or_expected_graduation": null}}], "employee_name": "hqjwcF31Z41EPhpA7dhVfVh7*hFANl+HabQeK0xTcTLRzIw==*LEaMoYiW85jUQ6rwMsWf+Q==*pP2oJDxMk9jY5hZVJ6tpAg=="}, {"experience": null, "education": null, "employee_name": null}, {"experience": null, "education": null, "employee_name": null}, {"experience": null, "education": null, "employee_name": null}, {"experience": null, "education": null, "employee_name": null}, {"experience": null, "education": null, "employee_name": null}, {"experience": null, "education": null, "employee_name": null}, {"experience": null, "education": null, "employee_name": null}, {"experience": null, "education": null, "employee_name": null}, {"experience": null, "education": null, "employee_name": null}, {"experience": null, "education": null, "employee_name": null}, {"experience": null, "education": null, "employee_name": null}, {"experience": null, "education": null, "employee_name": null}, {"experience": null, "education": null, "employee_name": null}, {"experience": null, "education": null, "employee_name": null}, {"experience": null, "education": null, "employee_name": null}, {"experience": null, "education": null, "employee_name": null}, {"experience": null, "education": null, "employee_name": null}, {"experience": null, "education": null, "employee_name": null}, {"experience": null, "education": null, "employee_name": null}, {"experience": null, "education": null, "employee_name": null}, {"experience": null, "education": null, "employee_name": null}, {"experience": null, "education": null, "employee_name": null}, {"experience": null, "education": null, "employee_name": null}, {"experience": null, "education": null, "employee_name": null}, {"experience": null, "education": null, "employee_name": null}, {"experience": null, "education": null, "employee_name": null}, {"experience": null, "education": null, "employee_name": null}, {"experience": null, "education": null, "employee_name": null}, {"experience": null, "education": null, "employee_name": null}, {"experience": null, "education": null, "employee_name": null}]