[{"experience": [{"company_name": "Vendasta", "dates_employed": "Oct 2021\u2013Present", "employment_duration": "8 mos", "location": "Toronto, Ontario, Canada", "title": "Director - Revenue Development, SMB Division"}, {"company_name": "CalendarHero", "dates_employed": "Apr 2019\u2013Present", "employment_duration": "3 yrs 2 mos", "location": "Toronto, Canada Area", "title": "Head Of Operations"}, {"company_name": "FlashfoodInc", "dates_employed": "Jan 2019\u2013Mar 2019", "employment_duration": "3 mos", "location": "Toronto, Canada Area", "title": "Sr.HR/Business Manager"}, {"company_name": "Targeted Talent", "dates_employed": "May 2018\u2013Oct 2018", "employment_duration": "6 mos", "location": "Toronto, Canada Area", "title": "Senior Recruiter"}, {"company_name": "Staffy Inc", "dates_employed": "Mar 2018\u2013May 2018", "employment_duration": "3 mos", "location": "Toronto, Canada Area", "title": "Sr. HR/Operations Manager"}], "education": [{"institution": "University of Warwick - Warwick Business School", "degree_details": {"degree_name": "Master's degree", "field_of_study": "Business and HR", "dates_attended_or_expected_graduation": "2010 \u2013 2011"}}, {"institution": "Harvard Business School Online", "degree_details": {"degree_name": "Other, Disruptive Strategy", "dates_attended_or_expected_graduation": "2021", "field_of_study": null}}, {"institution": "University of Mumbai", "degree_details": {"degree_name": "Bachelor of Commerce (B.Com.)", "field_of_study": "Business Administration and Management, General", "dates_attended_or_expected_graduation": "2004 \u2013 2008"}}], "employee_name": "ZZevBPNR3kc=*v31DBNXCQ9EVUL5IA7cA9g==*x9WTcluQ6tSPh2yvnNcL5w==*qEr32HtCSBq6Otg5A0V0eA=="}, {"experience": [{"company_name": "Boulevard Public Relations", "dates_employed": "Jul 2001\u2013Present", "employment_duration": "20 yrs 11 mos", "location": null, "title": "CEO and Founder"}, {"company_name": "The DMZ", "dates_employed": "Sep 2021\u2013Present", "employment_duration": "9 mos", "location": "Toronto, Ontario, Canada", "title": "Expert in Residence (EiR)"}, {"company_name": "ventureLAB", "dates_employed": "Jun 2021\u2013Present", "employment_duration": "1 yr", "location": null, "title": "Mentor"}, {"company_name": "mello (YC S21)", "dates_employed": "Jan 2022\u2013Present", "employment_duration": "5 mos", "location": null, "title": "Angel Investor"}, {"company_name": "Hire Runner", "dates_employed": "Dec 2021\u2013Present", "employment_duration": "6 mos", "location": null, "title": "Angel Investor"}], "education": [{"institution": "Birnam Business College", "degree_details": {"degree_name": "Advanced Principles of Public Relations", "dates_attended_or_expected_graduation": "1989 \u2013 1989", "field_of_study": null}}, {"institution": "Northview High School", "degree_details": {"dates_attended_or_expected_graduation": "1984 \u2013 1988", "degree_name": null, "field_of_study": null}}], "employee_name": "B8fy1c83zW4wAf5AfwmA*cvhpqfDThxMsn/sPhznLdA==*ZxUlJ8L8VdNBB0VWuRo8HQ==*ST08gOewjfclyVvXAS4dBQ=="}, {"experience": [{"company_name": "Vendasta", "dates_employed": "Oct 2021\u2013Present", "employment_duration": "8 mos", "location": "Toronto, Ontario, Canada", "title": "Customer Success/ Support Manager - CalendarHero"}, {"company_name": "CalendarHero", "dates_employed": "Mar 2021\u2013Present", "employment_duration": "1 yr 3 mos", "location": "Toronto, Ontario, Canada", "title": "Manager, Customer Success & Development"}, {"company_name": "Zoom.ai", "dates_employed": "Sep 2019\u2013Present", "employment_duration": "2 yrs 9 mos", "location": "Toronto, Canada Area", "title": "Manager, Customer Success"}, {"company_name": "Personify Corp", "dates_employed": "Feb 2019\u2013Sep 2019", "employment_duration": "8 mos", "location": "Toronto, Canada Area", "title": "Customer Success Specialist Team Lead"}, {"company_name": "Vena Solutions", "dates_employed": "Apr 2018\u2013Dec 2018", "employment_duration": "9 mos", "location": "Toronto, Canada Area", "title": "Business Development & Customer Success Lead"}], "education": [{"institution": "Wilfrid Laurier University", "degree_details": {"degree_name": "Bachelor\u2019s Degree", "field_of_study": "Honours Political Science with Legal Studies Option and Research Specialization", "dates_attended_or_expected_graduation": "2012 \u2013 2016"}}, {"institution": "Huron Heights Secondary School", "degree_details": {"degree_name": "High School", "field_of_study": "Political Science and Government", "dates_attended_or_expected_graduation": "2009 \u2013 2012"}}], "employee_name": "w3wirc0mS2955EyZHovYTFx8h38z*uhiZmJikZj7JjkY8jqUdrA==*Sb4nKBuPsLxEbAbF0eeDug==*56iVhNaRlqEIPeWQaRLmxQ=="}]