[{"experience": [{"company_name": "Rad AI", "dates_employed": "Feb 2018\u2013Present 4 yrs 4 mos", "location": "San Francisco Bay Area", "employment_duration": null, "title": "Co-founder"}, {"company_name": "Greensboro Radiology", "dates_employed": "Jul 2010\u2013Present 11 yrs 11 mos", "location": "Greensboro, NC", "employment_duration": null, "title": "ER Radiologist"}, {"company_name": "Doblet", "dates_employed": "Mar 2014\u2013Dec 2017 3 yrs 10 mos", "location": "San Francisco, CA", "employment_duration": null, "title": "Co-founder & CTO"}, {"company_name": "Contactable.io", "dates_employed": "Mar 2015\u2013Feb 2016 1 yr", "location": "London, United Kingdom", "employment_duration": null, "title": "Advisor"}, {"company_name": "Ikigai", "dates_employed": "Mar 2015\u2013Feb 2016 1 yr", "location": "San Francisco Bay Area", "employment_duration": null, "title": "Advisor"}], "education": [{"institution": "University of Edinburgh", "degree_details": {"degree_name": "Graduate Studies", "field_of_study": "Artificial Intelligence", "dates_attended_or_expected_graduation": "2013 \u2013 2013"}}, {"institution": "Dev Bootcamp - San Francisco", "degree_details": {"field_of_study": "Ruby on Rails, JavaScript", "dates_attended_or_expected_graduation": "2013 \u2013 2013", "degree_name": null}}, {"institution": "UCLA Anderson School of Management", "degree_details": {"degree_name": "MBA", "field_of_study": "Entrepreneurship", "dates_attended_or_expected_graduation": "2009 \u2013 2012"}}], "employee_name": "CYFl5S5x/OCgQg==*g2DNzvNMZh6molB3+pTV5g==*KRUV5OqE7WZfVkO8R8URbA==*U2ghd58x4q4DiZTYRBh3rw=="}, {"experience": [{"company_name": "Rad AI", "dates_employed": "Mar 2022\u2013Present 3 mos", "location": "Houston, Texas, United States", "employment_duration": null, "title": "Marketing Executive"}, {"company_name": "blockit", "dates_employed": "Oct 2021\u2013Mar 2022 6 mos", "location": "McKinney, Texas, United States", "employment_duration": null, "title": "VP of Marketing"}, {"company_name": "Navvis (healthcare)", "dates_employed": "Nov 2018\u2013Oct 2021 3 yrs", "location": "St Louis, Missouri, United States", "employment_duration": null, "title": "Solution Marketing"}, {"company_name": "Modev", "dates_employed": "Jul 2016\u2013Jul 2020 4 yrs 1 mo", "location": "Houston, Texas Area", "employment_duration": null, "title": "MODEVator - Director, Sales and Customer Engagement"}, {"company_name": "MedAssets", "employment_duration": "6 yrs 3 mos", "titles": ["Sr. Director, Client Impact", "Director, Account Management", "Sr. Manager, Account Management", "Manager, Product Management"], "dates_employed": ["Jul 2015\u2013Jul 2016 1 yr 1 mo", "Apr 2013\u2013Apr 2016 3 yrs 1 mo", "Dec 2011\u2013Apr 2013 1 yr 5 mos", "May 2010\u2013Dec 2011 1 yr 8 mos"]}], "education": [{"institution": "The University of Texas at Dallas", "degree_details": {"degree_name": "Bachelor of Science (BS)", "field_of_study": "Political Science and Government", "dates_attended_or_expected_graduation": "2001 \u2013 2004"}}, {"institution": "Southern Arkansas University", "degree_details": {"dates_attended_or_expected_graduation": "2000 \u2013 2001", "degree_name": null, "field_of_study": null}}], "employee_name": "L9L6jzsoTTcoQMs=*smQbd4RKWmup5AomD3Xe0g==*LJUy9dUEACJbt/rCwv7OPg==*HMeD7TtkyVgRBMovec4R2Q=="}, {"experience": [{"company_name": "Rad AI", "dates_employed": "Apr 2020\u2013Present 2 yrs 2 mos", "location": "San Francisco Bay Area", "employment_duration": null, "title": "Head of Talent"}, {"company_name": "Senior Recruiting Specialist", "employment_duration": "PAX Labs, Inc.", "titles": ["PAX Labs Raises $400 Million To Drive Growth"], "dates_employed": [null]}, {"company_name": "Talkdesk", "dates_employed": "Jan 2017\u2013Jun 2019 2 yrs 6 mos", "location": "San Francisco Bay Area", "employment_duration": null, "title": "Executive Recruiting Leader"}, {"company_name": "KPMG", "dates_employed": "Jan 2014\u2013Oct 2016 2 yrs 10 mos", "location": "New York City/San Francisco", "employment_duration": null, "title": "National Experienced Hire Recruiting - Management Consulting"}, {"company_name": "Zufog.com", "dates_employed": "Dec 2012\u2013Feb 2014 1 yr 3 mos", "location": "Greater New York City Area", "employment_duration": null, "title": "Co-Founder/Head of Sales"}], "education": [{"institution": "Harvard University", "degree_details": {"degree_name": "Bachelor's degree, Government Concentration", "dates_attended_or_expected_graduation": null, "field_of_study": null}}, {"institution": "Wilmington University", "degree_details": {"degree_name": "Master of Business Administration (M.B.A.)", "dates_attended_or_expected_graduation": null, "field_of_study": null}}], "employee_name": "EF9an8CIkfg=*RRxDWV5ituyA05idd1Po9g==*FVTIaofsaHErN7qqG86yyA==*XnpdV1Ihc69rgZT3aRiiiQ=="}, {"experience": [{"company_name": "Rad AI", "dates_employed": "May 2022\u2013Present 1 mo", "location": "San Francisco Bay Area", "employment_duration": null, "title": "Vice President Of Product"}, {"company_name": "Head of Product", "employment_duration": "LeanTaaS", "titles": ["", "", ""], "dates_employed": [null, null, null]}, {"company_name": "Vice President of Product", "employment_duration": "Luma Health", "titles": ["Luma Health Wins UCSF Digital Health Award for Best EHR - Patient Engagement Solution"], "dates_employed": [null]}, {"company_name": "Co-Founder / Head of Product", "employment_duration": "TurnKey Analytics, Inc.", "titles": ["TurnKey Short Term Rental Analytics", "Airbnb vs Hotels Dashboard"], "dates_employed": [null, null]}, {"company_name": "GuestFirst Technology", "dates_employed": "Dec 2010\u2013Mar 2015 4 yrs 4 mos", "location": "Palo Alto, CA", "employment_duration": null, "title": "Founder / CEO"}], "education": [{"institution": "University of California, Berkeley, Haas School of Business", "degree_details": {"degree_name": "Master of Business Administration (MBA)", "dates_attended_or_expected_graduation": "2013 \u2013 2014", "field_of_study": null}}, {"institution": "University of California, Berkeley", "degree_details": {"degree_name": "Bachelor's", "field_of_study": "Computer Science", "dates_attended_or_expected_graduation": null}}], "employee_name": "o6vOtSIFV0GQLM+CGVc=*ikF+SyVUIuE40G4ufZ2hcw==*5j36jt2j9c0MXvK+Zj9UCQ==*NfRRo+lvEaHXrDy6bfiUvg=="}, {"experience": [{"company_name": "Rad AI", "dates_employed": "Feb 2018\u2013Present 4 yrs 4 mos", "location": "San Francisco Bay Area", "employment_duration": null, "title": "Co-founder & CEO"}, {"company_name": "BillionToOne", "dates_employed": "Jun 2017\u2013Present 5 yrs", "location": "San Francisco Bay Area", "employment_duration": null, "title": "Investor/Advisor"}, {"company_name": "GoLinks", "dates_employed": "Feb 2019\u2013Present 3 yrs 4 mos", "location": "San Jose", "employment_duration": null, "title": "Advisor"}, {"company_name": "Dor Technologies", "dates_employed": "Jun 2016\u2013May 2021 5 yrs", "location": "San Francisco Bay Area", "employment_duration": null, "title": "Advisor"}, {"company_name": "Doblet, Inc. (YC S14) / (Acquired by Alturki Holding)", "dates_employed": "Aug 2013\u2013Dec 2017 4 yrs 5 mos", "location": "San Francisco Bay Area", "employment_duration": null, "title": "Founder/CEO"}], "education": [{"institution": "University of California, Berkeley, Haas School of Business", "degree_details": {"degree_name": "High Impact Leadership", "dates_attended_or_expected_graduation": null, "field_of_study": null}}, {"institution": "Y Combinator", "degree_details": {"degree_name": "S14", "field_of_study": "Founder", "dates_attended_or_expected_graduation": "2014 \u2013 2014"}}, {"institution": "Kad\u0131k\u00f6y Anadolu Lisesi ve Maarif Koleji", "degree_details": {"dates_attended_or_expected_graduation": null, "degree_name": null, "field_of_study": null}}], "employee_name": "Ad+l9WPp47DRP9C+PA==*qXtzyaBElqgJo5VJFGqJiQ==*T+RdDt8UTM96rDA/yQO8zQ==*vHNEBbY31p51En4LDXCgQw=="}, {"experience": [{"company_name": "Rad AI", "employment_duration": "1 yr 5 mos", "titles": ["Vice President of Sales, Marketing, and Customer Success", "Head of Sales"], "dates_employed": ["Apr 2021\u2013Present 1 yr 2 mos", "Jan 2021\u2013Mar 2021 3 mos"]}, {"company_name": "Qventus, Inc", "employment_duration": "2 yrs 7 mos", "titles": ["Senior Director of Sales", "Regional Director of Sales, Central"], "dates_employed": ["Jan 2020\u2013Jan 2021 1 yr 1 mo", "Jul 2018\u2013Jan 2020 1 yr 7 mos"]}, {"company_name": "EndoGastric Solutions", "employment_duration": "8 yrs", "titles": ["Senior Regional Sales Manager", "Program Development Manager/ Field Sales Manager"], "dates_employed": ["Aug 2015\u2013Jul 2018 3 yrs", "Aug 2010\u2013Aug 2015 5 yrs 1 mo"]}, {"company_name": "Medtronic", "dates_employed": "Feb 2009\u2013Jul 2010 1 yr 6 mos", "location": "Mansfield, Massachusetts", "employment_duration": null, "title": "Surgical Device Sales"}, {"company_name": "Brasseler USA Surgical Instrumentation", "dates_employed": "Feb 2004\u2013Feb 2009 5 yrs 1 mo", "location": "Savannah, Georgia", "employment_duration": null, "title": "Senior Key Account Manager"}], "education": [{"institution": "Texas A&M University", "degree_details": {"degree_name": "Bachelor's degree", "dates_attended_or_expected_graduation": "1995 \u2013 1999", "field_of_study": null}}, {"institution": "LSU Shreveport", "degree_details": {"degree_name": "Master of Business Administration - MBA", "field_of_study": "Entrepreneurship, Lean Startup, and Small Business Operations", "dates_attended_or_expected_graduation": "2019 \u2013 2020"}}], "employee_name": "tjZ5Z2Tb1QRKI7k=*HlWU/eCN8krIvUmBN26wEg==*EXA+UwVSuZSIdSQ4/zUWzA==*Q5y/G8KAs2H2HNn1OcjNmw=="}, {"experience": [{"company_name": "Rad AI", "dates_employed": "Apr 2022\u2013Present 2 mos", "location": "San Francisco Bay Area", "employment_duration": null, "title": "Engineering Manager"}, {"company_name": "LeapYear Technologies", "dates_employed": "May 2019\u2013Apr 2022 3 yrs", "location": "San Francisco Bay Area", "employment_duration": null, "title": "Infrastructure Team Lead"}, {"company_name": "Confidential Software Company", "dates_employed": "Feb 2019\u2013Apr 2019 3 mos", "location": "San Francisco Bay Area", "employment_duration": null, "title": "DevOps Architect - Contractor"}, {"company_name": "Fuze", "employment_duration": "3 yrs 11 mos", "titles": ["Principal Architect", "R&D Devices Manager"], "dates_employed": ["Mar 2017\u2013Jan 2019 1 yr 11 mos", "Mar 2015\u2013Feb 2017 2 yrs"]}, {"company_name": "Thinking Phone Networks", "dates_employed": "Jun 2013\u2013Jun 2015 2 yrs 1 mo", "location": "Greater Boston Area", "employment_duration": null, "title": "Data Center Manager"}], "education": [{"institution": "Massachusetts Institute of Technology", "degree_details": {"degree_name": "Bachelor of Science (BS)", "field_of_study": "Aerospace Engineering", "dates_attended_or_expected_graduation": null}}, {"institution": "Universidad Austral de Chile", "degree_details": {"field_of_study": "Bachelor of Science (BS), Wood Chemistry and Engineering", "dates_attended_or_expected_graduation": null, "degree_name": null}}], "employee_name": "FasYHC8o54tpCta+DHGND2my/AM=*nab6EFBTGfFOMQGJfJCenA==*AyLmfNDKST57ApSh4SHP+g==*M1sIPgM5iBejLnH4KFq24g=="}, {"experience": [{"company_name": "Constellation Network", "employment_duration": "10 mos", "titles": ["Chief Operating Officer", "Chief Product Officer"], "dates_employed": ["California, United States", "Aug 2021\u2013Present 10 mos"]}, {"company_name": "Dor Technologies", "dates_employed": "Jun 2015\u2013Present 7 yrs", "employment_duration": null, "title": "CEO, Founder"}, {"company_name": "Ittoryu GOZU", "dates_employed": "Dec 2018\u2013Present 3 yrs 6 mos", "employment_duration": null, "title": "Investor"}, {"company_name": "Vessel", "dates_employed": "Oct 2019\u2013Present 2 yrs 8 mos", "employment_duration": null, "title": "Advisor & Investor"}, {"company_name": "Aeva Labs", "dates_employed": "Apr 2019\u2013Present 3 yrs 2 mos", "employment_duration": null, "title": "Advisor & Investor"}], "education": [{"institution": "California Polytechnic State University-San Luis Obispo", "degree_details": {"degree_name": "Bachelor of Science (BS)", "field_of_study": "Electrical Engineering", "dates_attended_or_expected_graduation": "2007 \u2013 2012"}}], "employee_name": "vUotHNOkdi5BXZXKqw==*GKtdvf8oA6KcFeDyo+k/6g==*+1564tEOgnCTBUOLEl5c+A==*mhkd9A6YU1VuYHxwmAdCnA=="}, {"experience": [{"company_name": "Managing Director", "employment_duration": "Strategy Health", "titles": ["Using ML to detect COVID-19 via lung sounds created during a cough event"], "dates_employed": [null]}, {"company_name": "Founding Team Member and Mentorship Director", "employment_duration": "PharmStars", "titles": ["Bridging the pharma-startup gap with PharmStars, a new accelerator programme", "PharmStars"], "dates_employed": [null, null]}, {"company_name": "Advisor (Commercial and Product Strategy)", "employment_duration": "Rad AI", "titles": ["Rad AI: Automated Report Impressions"], "dates_employed": [null]}, {"company_name": "Advisor (Commercial and Product Strategy)", "employment_duration": "Neucruit", "titles": ["Patient recruitment for COVID-19 trials to be streamlined by UCL tech startup Neucruit"], "dates_employed": [null]}, {"company_name": "GLG", "dates_employed": "2019\u2013Present 3 yrs", "employment_duration": null, "title": "Council Member"}], "education": [{"institution": "Imperial College London", "degree_details": {"degree_name": "MD (MBBS)", "field_of_study": "Medicine", "dates_attended_or_expected_graduation": null}}, {"institution": "freeCodeCamp", "degree_details": {"degree_name": "Full Stack Web Development Certification", "field_of_study": "Computer Software Engineering", "dates_attended_or_expected_graduation": "2016 \u2013 2017"}}, {"institution": "Imperial College London", "degree_details": {"degree_name": "Bachelor of Science (BSc)", "field_of_study": "Medical Science and Respiratory Science", "dates_attended_or_expected_graduation": null}}], "employee_name": "Yyr8goaVroFqq/+r8RVkwSA=*uhMk+CtJfnrsYUU12g6cbQ==*QUx5T8gGuxyGHheFghU1/Q==*OK/c08BXL5yXTaRonQTPjw=="}, {"experience": [{"company_name": "Rad AI", "dates_employed": "May 2022\u2013Present 1 mo", "employment_duration": null, "title": "Engineering Manager"}, {"company_name": "dti digital", "employment_duration": "4 yrs 10 mos", "titles": ["Solutions Architect", "Software Engineer"], "dates_employed": ["Jun 2020\u2013May 2022 2 yrs", "Aug 2017\u2013Jun 2020 2 yrs 11 mos"]}, {"company_name": "IUNEX Solu\u00e7\u00f5es", "dates_employed": "Jul 2015\u2013Aug 2017 2 yrs 2 mos", "employment_duration": null, "title": "Sharepoint/.Net Developer"}, {"company_name": "AeC Contact Center", "dates_employed": "Dec 2012\u2013Jun 2014 1 yr 7 mos", "employment_duration": null, "title": "Software Engineer"}, {"company_name": "PUC Minas University", "dates_employed": "Jul 2012\u2013Nov 2012 5 mos", "employment_duration": null, "title": "Teaching Assistant"}], "education": [{"institution": "Pontif\u00edcia Universidade Cat\u00f3lica de Minas Gerais", "degree_details": {"degree_name": "P\u00f3s Gradua\u00e7\u00e3o", "field_of_study": "Arquitetura de Software Distribu\u00eddo", "dates_attended_or_expected_graduation": "2019 \u2013 2020"}}, {"institution": "University of Nevada, Reno", "degree_details": {"degree_name": "Bachelor's degree", "field_of_study": "Information Systems", "dates_attended_or_expected_graduation": "2014 \u2013 2015"}}, {"institution": "Pontif\u00edcia Universidade Cat\u00f3lica de Minas Gerais", "degree_details": {"degree_name": "Bacharelado", "field_of_study": "Information Systems", "dates_attended_or_expected_graduation": "2012 \u2013 2017"}}], "employee_name": "r7BVBroySrQT9gRtQQ==*5K7Z17KO8MwH72MUxpoz4w==*K24Nrj5pI2NyrTHDUgVPIQ==*6JY9p+ACIbCHuic/tXwW+w=="}, {"experience": [{"company_name": "Rad AI", "dates_employed": "2022\u2013Present less than a year", "location": "Berkeley, California, United States", "employment_duration": null, "title": "Lead Product Manager"}, {"company_name": "Bain & Company", "dates_employed": "2021\u2013Present 1 yr", "location": "U.S. & Asia-Pacific", "employment_duration": null, "title": "External Advisor- Healthcare & Technology"}, {"company_name": "Product Manager- Artificial Intelligence", "employment_duration": "Hologic, Inc.", "titles": ["Hologic Rings Nasdaq Opening Bell to Kick Off Breast Cancer Awareness Month"], "dates_employed": [null]}, {"company_name": "Advisor to CEO", "employment_duration": "Rad AI", "titles": ["Rad AI Closes $25 Million Series A"], "dates_employed": [null]}, {"company_name": "General Manager- Growth / M&A", "employment_duration": "Radiology Partners", "titles": ["NEA-Founded Radiology Startup Hits $4 Billion Valuation"], "dates_employed": [null]}], "education": [{"institution": "The Wharton School", "degree_details": {"degree_name": "Master of Business Administration - MBA", "dates_attended_or_expected_graduation": null, "field_of_study": null}}, {"institution": "University of Illinois Urbana-Champaign", "degree_details": {"degree_name": "Master's degree", "field_of_study": "Computer Science", "dates_attended_or_expected_graduation": null}}, {"institution": "Indiana University - Kelley School of Business", "degree_details": {"degree_name": "Bachelor's degree", "field_of_study": "Finance", "dates_attended_or_expected_graduation": null}}], "employee_name": "agFsonVeseY4suAhsw==*PIx71lI7MU9UkTyzdraoaQ==*Sh0yOV3G3GexC62QSNRChg==*TtI7k5ELbVs0yqdlLLojpg=="}, {"experience": [{"company_name": "Equium Intelligence Inc.", "dates_employed": "Jan 2020\u2013Present 2 yrs 5 mos", "employment_duration": null, "title": "CMO and Co-founder"}, {"company_name": "Palo Alto VA Hospital", "dates_employed": "Jul 2019\u2013Present 2 yrs 11 mos", "location": "Palo Alto, CA", "employment_duration": null, "title": "Staff MSK Radiologist"}, {"company_name": "Society for Imaging Informatics in Medicine (SIIM)", "dates_employed": "May 2017\u2013Present 5 yrs 1 mo", "employment_duration": null, "title": "Board of Directors Member"}, {"company_name": "RAD-AID International", "dates_employed": "Nov 2014\u2013Present 7 yrs 7 mos", "employment_duration": null, "title": "Radiology Education Program Manager"}, {"company_name": "Rad AI", "dates_employed": "Oct 2021\u2013Present 8 mos", "employment_duration": null, "title": "Advisory Board Member"}], "education": [{"institution": "University of Pennsylvania School of Medicine", "degree_details": {"degree_name": "M.D.", "field_of_study": "Medicine", "dates_attended_or_expected_graduation": "1997 \u2013 2001"}}, {"institution": "Hospital of the University of Pennsylvania", "degree_details": {"field_of_study": "Musculoskeletal Radiology Fellowship", "dates_attended_or_expected_graduation": "2006 \u2013 2007", "degree_name": null}}, {"institution": "University of Maryland/VA MD Healthcare System", "degree_details": {"field_of_study": "Imaging Informatics Fellowship", "dates_attended_or_expected_graduation": "2006 \u2013 2007", "degree_name": null}}], "employee_name": "TYfg7qTc+ReW3g==*EqM97kHtlS6l0NglFXSutw==*fFdYKbh70K5mOkhWTsutEw==*lyZgMBRyb3EtCraM7D/TqQ=="}, {"experience": [{"company_name": "Rad AI", "dates_employed": "Nov 2021\u2013Present 7 mos", "employment_duration": null, "title": "Regional Sales Director - Central"}, {"company_name": "Trella Health", "dates_employed": "Jan 2019\u2013Nov 2021 2 yrs 11 mos", "location": "Greater Atlanta Area", "employment_duration": null, "title": "Regional Sales Manager"}, {"company_name": "Waystar", "employment_duration": "6 yrs 1 mo", "titles": ["Sales Executive", "Senior Business Development Representative"], "dates_employed": ["May 2014\u2013Jan 2019 4 yrs 9 mos", "Jan 2013\u2013May 2014 1 yr 5 mos"]}, {"company_name": "Infor", "dates_employed": "Jun 2009\u2013Apr 2013 3 yrs 11 mos", "employment_duration": null, "title": "Senior Business Development Representative"}, {"company_name": "Life Time Fitness", "dates_employed": "Nov 2006\u2013Jun 2009 2 yrs 8 mos", "location": "United States", "employment_duration": null, "title": "ASSISTANT PERSONAL TRAINER (PT) DEPARTMENT HEAD"}], "education": [{"institution": "Georgia State University", "degree_details": {"field_of_study": "Pre-Medicine/Pre-Medical Studies", "dates_attended_or_expected_graduation": "2005 \u2013 2007", "degree_name": null}}, {"institution": "DeVry University", "degree_details": {"degree_name": "BS", "field_of_study": "Network and Communications Management", "dates_attended_or_expected_graduation": "2000 \u2013 2004"}}], "employee_name": "C2ZfROcNaenQL44=*mAULyzRvn+0nQeRFmas70w==*tyEcGxhLT3+888FvtuMhWg==*lyZ5yvO4ebwoFT0QRDiqhg=="}, {"experience": [{"company_name": "Rad AI", "dates_employed": "Nov 2021\u2013Present 7 mos", "location": "Remote", "employment_duration": null, "title": "Technical Recruiter"}, {"company_name": "Lumicity", "dates_employed": "Sep 2021\u2013Nov 2021 3 mos", "location": "Miami, Florida, United States", "employment_duration": null, "title": "Senior Recruitment Consultant"}, {"company_name": "Security Engineering Social Club", "dates_employed": "Sep 2020\u2013Nov 2021 1 yr 3 mos", "employment_duration": null, "title": "Co-Founder"}, {"company_name": "Lumicity", "dates_employed": "Sep 2020\u2013Sep 2021 1 yr 1 mo", "location": "Miami, Florida, United States", "employment_duration": null, "title": "Recruitment Consultant"}], "education": [{"institution": "The University of Alabama", "degree_details": {"degree_name": "Bachelor of Arts - BA", "field_of_study": "Psychology", "dates_attended_or_expected_graduation": "2016 \u2013 2020"}}, {"institution": "Richmond, The American International University in London", "degree_details": {"degree_name": "Summer Abroad Study", "field_of_study": "Criminal Justice and Corrections", "dates_attended_or_expected_graduation": "2019 \u2013 2019"}}, {"institution": "Universitat Aut\u00f2noma de Barcelona", "degree_details": {"degree_name": "Summer Abroad Study", "field_of_study": "Spanish Language and Literature", "dates_attended_or_expected_graduation": "2017 \u2013 2017"}}], "employee_name": "00iXXwqaFDQSjyw9W5DWKw==*QAW1PiiTzNxlzELTt68uZw==*D/gb0mlsR22jT7HfQ9NW7g==*gU/aPXKrdefY+wEAQtUAoQ=="}, {"experience": [{"company_name": "Hyperfine", "dates_employed": "Feb 2021\u2013Present 1 yr 4 mos", "location": "Tucson, Arizona, United States", "employment_duration": null, "title": "Director of Clinical Informatics"}, {"company_name": "Rad AI", "dates_employed": "Jan 2020\u2013Present 2 yrs 5 mos", "location": "Berkeley, CA", "employment_duration": null, "title": "Advisor"}, {"company_name": "University of Arizona College of Medicine \u2013 Tucson", "dates_employed": "Jan 2018\u2013Jan 2020 2 yrs 1 mo", "location": "Tucson, Arizona Area", "employment_duration": null, "title": "Assistant Professor of Medical Imaging, Director of Medical Imaging Informatics"}, {"company_name": "Banner - University Medical Center", "dates_employed": "Jul 2016\u2013Jul 2017 1 yr 1 mo", "location": "Tucson, Arizona", "employment_duration": null, "title": "Body Imaging Fellowship"}, {"company_name": "The University of Arizona", "dates_employed": "2012\u2013Jul 2016 4 yrs", "location": "Tucson, Arizona", "employment_duration": null, "title": "Radiology Resident"}], "education": [{"institution": "University of Arizona", "degree_details": {"degree_name": "Fellowship in Radiology Imaging Informatics and MRI", "field_of_study": "Radiology informatics", "dates_attended_or_expected_graduation": "2011 \u2013 2012"}}, {"institution": "Emory University", "degree_details": {"field_of_study": "Nuclear Medicine Residency Program", "dates_attended_or_expected_graduation": "2010 \u2013 2011", "degree_name": null}}, {"institution": "Hamad Medical Corporation, Doha Qatar", "degree_details": {"field_of_study": "Plastic and Reconstructive Surgery", "dates_attended_or_expected_graduation": "1997 \u2013 2003", "degree_name": null}}], "employee_name": "biaDlEPfw9+zynQO79nRCbcDsXc4*lUxOjAbSpg+HkvawlsTsmw==*FWJ4YncNjz5gcZd6+hQb4g==*pDQgwvN+Aj/M5KiWj37R8A=="}, {"experience": [{"company_name": "Rad AI", "employment_duration": "1 yr 10 mos", "titles": ["Snr NLP Research Engineer, Clinical Data", "Principal Physician Data Scientist"], "dates_employed": ["Jun 2021\u2013Present 1 yr", "Aug 2020\u2013Present 1 yr 10 mos"]}, {"company_name": "nurx", "dates_employed": "Dec 2018\u2013Aug 2020 1 yr 9 mos", "location": "San Francisco Bay Area", "employment_duration": null, "title": "Senior Data Scientist"}, {"company_name": "Panacea- One Solution, Limitless Benefits", "dates_employed": "Jun 2018\u2013Aug 2020 2 yrs 3 mos", "employment_duration": null, "title": "Medical Consultant"}, {"company_name": "Detroit Medical Informatics", "dates_employed": "Oct 2017\u2013Dec 2018 1 yr 3 mos", "employment_duration": null, "title": "Consultant"}, {"company_name": "USF Rothman Center for Neuropsychiatry", "dates_employed": "Jan 2016\u2013Aug 2017 1 yr 8 mos", "location": "Tampa/St. Petersburg, Florida Area", "employment_duration": null, "title": "Clinical Research Associate"}], "education": [{"institution": "American University of the Caribbean", "degree_details": {"degree_name": "Doctor of Medicine (M.D.)", "field_of_study": "Medicine", "dates_attended_or_expected_graduation": "2011 \u2013 2015"}}, {"institution": "Georgia Institute of Technology", "degree_details": {"degree_name": "Master of Science - MS", "field_of_study": "Computer Science", "dates_attended_or_expected_graduation": "2022 \u2013 2024"}}, {"institution": "University of Florida", "degree_details": {"degree_name": "Bachelor\u2019s Degree", "field_of_study": "Biochemistry", "dates_attended_or_expected_graduation": "2007 \u2013 2011"}}], "employee_name": "2SY+OrHmFSyjGb9Lqw==*LYQdNZ1SoveZrAOFWb2XZw==*391dAhjMtrw4tcEuustmOA==*vT5C06aqZ672tjFiSkoIMQ=="}, {"experience": [{"company_name": "Stanford Byers Center for Biodesign", "dates_employed": "Aug 2021\u2013Present 10 mos", "employment_duration": null, "title": "Innovation Fellow"}, {"company_name": "Rad AI", "dates_employed": "Sep 2019\u2013Present 2 yrs 9 mos", "employment_duration": null, "title": "Chief of Staff"}, {"company_name": "Medtronic", "dates_employed": "Feb 2018\u2013Jun 2019 1 yr 5 mos", "location": "San Francisco Bay Area", "employment_duration": null, "title": "R&D Engineer II"}, {"company_name": "Blur Product Development", "dates_employed": "Feb 2017\u2013Dec 2017 11 mos", "location": "Raleigh, NC", "employment_duration": null, "title": "Engineering Intern"}, {"company_name": "Duke University", "dates_employed": "Jan 2017\u2013Dec 2017 12 mos", "location": "Durham, NC", "employment_duration": null, "title": "Biomedical Engineer"}], "education": [{"institution": "Duke University", "degree_details": {"degree_name": "Master of Engineering (M.Eng.)", "field_of_study": "Biomedical Engineering", "dates_attended_or_expected_graduation": "2016 \u2013 2017"}}, {"institution": "University of Miami", "degree_details": {"degree_name": "Bachelor of Science (B.S.)", "field_of_study": "Biomedical/Medical Engineering", "dates_attended_or_expected_graduation": "2012 \u2013 2016"}}], "employee_name": "akGyPGLXEgr6hKkdXoLGESQ=*ZptDg8/otzytM5YveMK+aw==*R8f/eFF+6UirV4fKYrbciA==*WLXUlLdG3zHkP2a8/NZ8kw=="}, {"experience": [{"company_name": "Rad AI", "dates_employed": "Jun 2021\u2013Present 1 yr", "employment_duration": null, "title": "Vice President"}, {"company_name": "koalet", "dates_employed": "Apr 2019\u2013Jun 2021 2 yrs 3 mos", "location": "Palo Alto, California, United States", "employment_duration": null, "title": "Chief Executive Officer - Intentional Networks Inc."}, {"company_name": "Google", "dates_employed": "Aug 2005\u2013Mar 2019 13 yrs 8 mos", "location": "San Francisco, California, United States", "employment_duration": null, "title": "Googler"}, {"company_name": "NetWorkShop Inc.", "dates_employed": "Jan 1996\u2013Jul 2005 9 yrs 7 mos", "location": "Colorado, United States", "employment_duration": null, "title": "Chief Executive Officer"}], "education": [{"institution": "Stanford University", "degree_details": {"field_of_study": "Computer Science & Electrical Engineering", "dates_attended_or_expected_graduation": null, "degree_name": null}}], "employee_name": "6SJ4BEqqFjiCoiLf*A/gR/jjBudDo/m3+60T1bQ==*PQeNNMvCfEUkp00MgwSmXw==*YbWfu9lEvQ7ZFiN7/jXV3w=="}, {"experience": [{"company_name": "Rad AI", "dates_employed": "Oct 2020\u2013Present 1 yr 8 mos", "location": "Berkeley, California, United States", "employment_duration": null, "title": "Business Development"}, {"company_name": "Genentech", "dates_employed": "Dec 2016\u2013Oct 2020 3 yrs 11 mos", "location": "South San Francisco", "employment_duration": null, "title": "Senior Medical Science Director"}, {"company_name": "Alto Pharmacy", "dates_employed": "Jul 2015\u2013Jul 2016 1 yr 1 mo", "location": "San Francisco Bay Area", "employment_duration": null, "title": "Head of Pharmacy"}, {"company_name": "Roche", "dates_employed": "Jun 2014\u2013Jun 2015 1 yr 1 mo", "location": "South San Francisco", "employment_duration": null, "title": "Cross-product Expertise and Innovation"}, {"company_name": "Amgen", "employment_duration": "5 yrs 2 mos", "titles": ["Senior Manager, Regulatory Affairs", "Senior Manager, Medical Information (Scientific Affairs)"], "dates_employed": ["Jun 2013\u2013Oct 2013 5 mos", "Sep 2008\u2013Jun 2013 4 yrs 10 mos"]}], "education": [{"institution": "Northwestern University", "degree_details": {"degree_name": "Bachelor of Arts (BA)", "field_of_study": "Biological Sciences; Molecular Biology & Genetics concentration", "dates_attended_or_expected_graduation": null}}, {"institution": "UCLA Anderson School of Management", "degree_details": {"degree_name": "Masters of Business Administration (MBA)", "dates_attended_or_expected_graduation": null, "field_of_study": null}}, {"institution": "University of Southern California", "degree_details": {"degree_name": "PharmD", "dates_attended_or_expected_graduation": null, "field_of_study": null}}], "employee_name": "H1E55nA1GQx4Ew==*tXo1jNkMMqxxea15am3hNA==*JkRe5h0OpR1BzNLAmwrdkA==*LkOyhrxlQP8vhpwA8IRkQg=="}, {"experience": [{"company_name": "Change Healthcare", "dates_employed": "Apr 2022\u2013Present 2 mos", "employment_duration": null, "title": "Chief Medical Officer"}, {"company_name": "Rad AI", "dates_employed": "Apr 2022\u2013Present 2 mos", "employment_duration": null, "title": "Advisor"}, {"company_name": "Guerbet", "employment_duration": "2 yrs 8 mos", "titles": ["Artificial Intelligence Advisory Board Chair", "Artificial Intelligence Advisory Board Member"], "dates_employed": ["Nov 2020\u2013Present 1 yr 7 mos", "Oct 2019\u2013Present 2 yrs 8 mos"]}, {"company_name": "American Board of Artificial Intelligence in Medicine (ABAIM)", "dates_employed": "May 2020\u2013Present 2 yrs 1 mo", "employment_duration": null, "title": "Board of Directors"}, {"company_name": "MassMutual Ventures", "dates_employed": "Jan 2021\u2013Present 1 yr 5 mos", "location": "Southeast Asia Team", "employment_duration": null, "title": "Advisor"}], "education": [{"institution": "Wake Forest School of Medicine", "degree_details": {"degree_name": "Doctor of Medicine (M.D.)", "dates_attended_or_expected_graduation": null, "field_of_study": null}}, {"institution": "Harvard Business School", "degree_details": {"degree_name": "Harvard Emerging Leadership Program", "dates_attended_or_expected_graduation": null, "field_of_study": null}}, {"institution": "University of North Carolina at Chapel Hill", "degree_details": {"degree_name": "B.A.", "field_of_study": "Anthropology", "dates_attended_or_expected_graduation": null}}], "employee_name": "sOvUU+wXnLTmDm5X2po=*h70vQLi+uwGNtQ63OdGZVQ==*mYxpZKkTxCSTe0UXYSul1Q==*NG6yntu1qhZJN9cp4/XT/A=="}, {"experience": [{"company_name": "Rad AI", "dates_employed": "Oct 2019\u2013Present 2 yrs 8 mos", "employment_duration": null, "title": "Radvisor/ Artificial Intelligence, Data Science"}, {"company_name": "Atlanta VA Medical Center", "dates_employed": "Apr 2018\u2013Present 4 yrs 2 mos", "location": "Decatur, Georgia", "employment_duration": null, "title": "Radiologist"}, {"company_name": "Mass General Brigham", "dates_employed": "Feb 2005\u2013Apr 2018 13 yrs 3 mos", "location": "Metro Boston", "employment_duration": null, "title": "Radiologist"}, {"company_name": "VAMC Teleradiology", "dates_employed": "Oct 2015\u2013Oct 2017 2 yrs 1 mo", "location": "Mutiple", "employment_duration": null, "title": "Radiologist Teleradiology"}, {"company_name": "Mass General Brigham", "dates_employed": "Aug 2004\u2013Jan 2005 6 mos", "location": "Boston, MA", "employment_duration": null, "title": "Radiologist"}], "education": [{"institution": "Harvard Medical School", "degree_details": {"degree_name": "Brigham and Women's Hospital, Fellowship", "field_of_study": "Musculoskeletal Radiology", "dates_attended_or_expected_graduation": "2003 \u2013 2004"}}, {"institution": "Harvard Medical School", "degree_details": {"degree_name": "Brigham and Women's Hospital, Fellowship Year II", "field_of_study": "Neuroradiology", "dates_attended_or_expected_graduation": "2002 \u2013 2003"}}, {"institution": "Emory University School of Medicine", "degree_details": {"degree_name": "Fellowship Year I", "field_of_study": "Neuroradiology", "dates_attended_or_expected_graduation": "2001 \u2013 2002"}}], "employee_name": "7KCZM43b0bFBaCCo3g==*cviNIY5OCYaS+DGLWvtgdQ==*DbQIlr9HohIf8KILIb8mbw==*7MHy/ruAtjVevFIhx4EqOA=="}, {"experience": [{"company_name": "Findem", "employment_duration": "3 yrs 1 mo", "titles": ["Head of Strategic GTM", "Advisor", "Founding Investor"], "dates_employed": ["Mar 2022\u2013Present 3 mos", "Jul 2019\u2013Present 2 yrs 11 mos", "May 2019\u2013Present 3 yrs 1 mo"]}, {"company_name": "Quarry", "dates_employed": "Jul 2019\u2013Present 2 yrs 11 mos", "employment_duration": null, "title": "Co-Founder and Managing Director"}, {"company_name": "Standard Fleet", "dates_employed": "May 2022\u2013Present 1 mo", "employment_duration": null, "title": "Seed Investor"}, {"company_name": "Alt", "dates_employed": "Apr 2022\u2013Present 2 mos", "employment_duration": null, "title": "Investor"}, {"company_name": "Turnstile", "dates_employed": "Mar 2022\u2013Present 3 mos", "employment_duration": null, "title": "Seed Investor"}], "education": [{"institution": "University of Southern California", "degree_details": {"degree_name": "Bachelor of Science - BS", "field_of_study": "Finance, Entrepreneurship", "dates_attended_or_expected_graduation": "2009"}}, {"institution": "Y Combinator", "degree_details": {"dates_attended_or_expected_graduation": null, "degree_name": null, "field_of_study": null}}], "employee_name": "ME2pJY5uPKSK*bdUrUeAoBul9U6hcG0E+iA==*COdU29DGVVxpJmXRY1MZ2A==*u30aj2eqJIIhDkQILYHb3A=="}, {"experience": [{"company_name": "Rad AI", "dates_employed": "May 2022\u2013Present 1 mo", "employment_duration": null, "title": "HR Manager"}, {"company_name": "Nobell Foods", "dates_employed": "Jan 2019\u2013May 2022 3 yrs 5 mos", "employment_duration": null, "title": "People Operations Partner"}], "education": [{"institution": "University of California, Berkeley", "degree_details": {"degree_name": "Bachelor of Arts - BA", "field_of_study": "English", "dates_attended_or_expected_graduation": "2016 \u2013 2018"}}], "employee_name": "GyDOGga4gi+cIKrT*EMJmRjnlUiTe08SukWMufQ==*skjSxoTbcZNQa7brIz/otg==*dzwt1EJsSyd3haXju2Vilg=="}, {"experience": [{"company_name": "UPMC", "dates_employed": "Jan 2022\u2013Present 5 mos", "employment_duration": null, "title": "Associate Medical Director of Radiology Informatics"}, {"company_name": "UPMC Children's Hospital of Pittsburgh", "dates_employed": "Jan 2022\u2013Present 5 mos", "employment_duration": null, "title": "Attending Pediatric Radiologist"}, {"company_name": "Rad AI", "dates_employed": "Jul 2021\u2013Present 11 mos", "employment_duration": null, "title": "Radiology Advisor (Radvisor)"}, {"company_name": "Contemporary Diagnostic Radiology", "dates_employed": "Jun 2020\u2013Present 2 yrs", "employment_duration": null, "title": "Section Editor - Radiology Informatics & Artificial Intelligence"}, {"company_name": "Bioclinica", "dates_employed": "Jan 2019\u2013Present 3 yrs 5 mos", "employment_duration": null, "title": "Radiology Pharmaceuticals Clinical Trials Consultant"}], "education": [{"institution": "The Wharton School", "degree_details": {"degree_name": "General Management Program (GMP) for Senior Executives", "field_of_study": "Aresty Scholar", "dates_attended_or_expected_graduation": "2019 \u2013 2021"}}, {"institution": "University of South Florida", "degree_details": {"degree_name": "Graduate Certificate", "field_of_study": "Health Informatics", "dates_attended_or_expected_graduation": "2020 \u2013 2021"}}, {"institution": "Stony Brook University", "degree_details": {"degree_name": "Doctor of Medicine (M.D.)", "field_of_study": "Medicine", "dates_attended_or_expected_graduation": "2000 \u2013 2004"}}], "employee_name": "99AmXMiUdFwUMaV3ORddmrZ/cDi9sUzdJSIEUns3fseQqq4=*IVMNULmP/RYUCqjI0ybg4g==*EcuTHlg1k47fV0Ot7I1zjg==*kYthOGrQPlUI2ljGq48p3w=="}, {"experience": [{"company_name": "Rad AI", "dates_employed": "Feb 2022\u2013Present 4 mos", "location": "San Francisco Bay Area", "employment_duration": null, "title": "NLP Data Engineer"}, {"company_name": "Primer.ai", "dates_employed": "Aug 2021\u2013Feb 2022 7 mos", "location": "San Francisco Bay Area", "employment_duration": null, "title": "Machine Learning Engineering Intern"}, {"company_name": "UC San Diego", "dates_employed": "Mar 2020\u2013Jun 2021 1 yr 4 mos", "employment_duration": null, "title": "Teaching Assistant"}, {"company_name": "IIT Hyderabad", "dates_employed": "Oct 2017\u2013Jun 2019 1 yr 9 mos", "location": "Hyderabad Area, India", "employment_duration": null, "title": "Placement and Internship Coordinator"}, {"company_name": "MathWorks", "dates_employed": "May 2018\u2013Jul 2018 3 mos", "location": "Hyderabad Area, India", "employment_duration": null, "title": "Summer Intern"}], "education": [{"institution": "UC San Diego", "degree_details": {"degree_name": "Master of Science - MS", "field_of_study": "Electrical and Computer Engineering", "dates_attended_or_expected_graduation": "2019 \u2013 2021"}}, {"institution": "Indian Institute of Technology, Hyderabad", "degree_details": {"degree_name": "Bachelor's degree", "field_of_study": "Electrical Engineering", "dates_attended_or_expected_graduation": "2015 \u2013 2019"}}], "employee_name": "jt4h92a61/ykznA9+w==*1iBHbM9wxCxQqqYFCCxoVg==*b+HseQ+mZyfc2ZqltvjIKQ==*5Q+1TpnSegP61S9oubERuw=="}, {"experience": [{"company_name": "Kickstart", "dates_employed": "Dec 2013\u2013Present 8 yrs 6 mos", "location": "Salt Lake City", "employment_duration": null, "title": "Partner"}, {"company_name": "Rad AI", "dates_employed": "Aug 2020\u2013Present 1 yr 10 mos", "location": "Berkeley, California, United States", "employment_duration": null, "title": "Director"}, {"company_name": "Kauffman Fellows", "dates_employed": "Aug 2014\u2013Present 7 yrs 10 mos", "employment_duration": null, "title": "Fellow- Class 19"}, {"company_name": "Graphite Systems Inc.", "dates_employed": "Apr 2019\u2013Present 3 yrs 2 mos", "location": "Utah, United States", "employment_duration": null, "title": "Director"}, {"company_name": "Artemis Health Inc.", "dates_employed": "Aug 2017\u2013Present 4 yrs 10 mos", "employment_duration": null, "title": "Board Observer"}], "education": [{"institution": "The Wharton School", "degree_details": {"degree_name": "Master of Business Administration (MBA)", "field_of_study": "Entrepreneurial Management", "dates_attended_or_expected_graduation": null}}, {"institution": "The Lauder Institute - University of Pennsylvania", "degree_details": {"degree_name": "Master's Degree", "field_of_study": "International Studies", "dates_attended_or_expected_graduation": "2012 \u2013 2014"}}, {"institution": "University of Utah", "degree_details": {"degree_name": "BA", "field_of_study": "Finance", "dates_attended_or_expected_graduation": null}}], "employee_name": "ScvdrLaQ+ptHhloN8Q==*34z5hJtxdnunA/bfPdZZGw==*obo0U6d0xVe7JLeggSdqqA==*ZZFP3TdVAQ8orlvw+0pWlw=="}, {"experience": [{"company_name": "Rad AI", "dates_employed": "Jan 2022\u2013Present 5 mos", "employment_duration": null, "title": "Data Engineer"}, {"company_name": "Federal Reserve Bank of Richmond", "dates_employed": "2017\u20132019 2 yrs", "location": "Richmond, Virginia", "employment_duration": null, "title": "Research Associate"}], "education": [{"institution": "Northwestern University", "degree_details": {"degree_name": "Master of Science in Analytics", "dates_attended_or_expected_graduation": "2020 \u2013 2021", "field_of_study": null}}, {"institution": "University of Virginia", "degree_details": {"degree_name": "Bachelor's degree with Honors", "field_of_study": "Economics, Statistics", "dates_attended_or_expected_graduation": "2013 \u2013 2017"}}], "employee_name": "5eYH/dodjA==*20MdeG9JaSJfvPLrSjX8HQ==*brvQwTEQIKMzN7XCM32HhQ==*yiox2fGBZr1+4qm6UdITaw=="}, {"experience": [{"company_name": "Rad AI", "dates_employed": "Mar 2022\u2013Present 3 mos", "employment_duration": null, "title": "Senior Customer Success Manager"}, {"company_name": "CarePort, powered by WellSky\u00ae", "dates_employed": "Nov 2020\u2013Mar 2022 1 yr 5 mos", "employment_duration": null, "title": "Senior Customer Success Manager"}, {"company_name": "Kyruus", "dates_employed": "Jan 2020\u2013Oct 2020 10 mos", "location": "Greater Boston Area", "employment_duration": null, "title": "Customer Success Manager"}, {"company_name": "naviHealth", "employment_duration": "3 yrs 4 mos", "titles": ["Client Account Manager", "Project Coordinator"], "dates_employed": ["Nov 2017\u2013Dec 2019 2 yrs 2 mos", "Sep 2016\u2013Nov 2017 1 yr 3 mos"]}, {"company_name": "Curaspan", "dates_employed": "Apr 2016\u2013Sep 2016 6 mos", "employment_duration": null, "title": "Project Coordinator"}], "education": [{"institution": "Duquesne University", "degree_details": {"degree_name": "Bachelor's degree", "field_of_study": "Information Technology", "dates_attended_or_expected_graduation": "2007 \u2013 2011"}}, {"institution": "Canton High School", "degree_details": {"dates_attended_or_expected_graduation": "2003 \u2013 2007", "degree_name": null, "field_of_study": null}}], "employee_name": "kDq7j76Vd1eohccq1Nc=*VSJyC8gfbuRajAk/BIN5yA==*hiM/IeoylbGvFYQ5NKtNPA==*9VuaJMwuDZTZ+THKDzDxWA=="}, {"experience": [{"company_name": "Rad AI", "dates_employed": "Nov 2020\u2013Present 1 yr 7 mos", "location": "Pittsburgh, Pennsylvania, United States", "employment_duration": null, "title": "Lead Product Manager"}, {"company_name": "3M", "employment_duration": "1 yr 10 mos", "titles": ["Product Manager, Imaging Business Unit Lead", "Product Manager"], "dates_employed": ["Jun 2020\u2013Nov 2020 6 mos", "Feb 2019\u2013Jun 2020 1 yr 5 mos"]}, {"company_name": "M*Modal", "employment_duration": "5 yrs 9 mos", "titles": ["Product Manager", "Manager - Imaging Adoption Services", "Business Analyst"], "dates_employed": ["Mar 2016\u2013Feb 2019 3 yrs", "Jan 2014\u2013Mar 2016 2 yrs 3 mos", "Jun 2013\u2013Jan 2014 8 mos"]}], "education": [{"institution": "University of Pittsburgh", "degree_details": {"degree_name": "Bachelor of Science (B.S.)", "field_of_study": "Health Information Management", "dates_attended_or_expected_graduation": "2009 \u2013 2013"}}], "employee_name": "nGJ2vsGPgYTX5r5yOg==*NSyPuEuBS5GmffOq/amaPA==*9cv5OtRgfVzK0ccSH7RRCA==*dHCQLZJJc6eA5FlzGCYc1Q=="}, {"experience": [{"company_name": "Rad AI", "dates_employed": "May 2021\u2013Present 1 yr 1 mo", "location": "Berkeley, California, United States", "employment_duration": null, "title": "Senior Customer Success Manager"}, {"company_name": "Duo Security", "dates_employed": "Sep 2019\u2013May 2021 1 yr 9 mos", "location": "San Francisco Bay Area", "employment_duration": null, "title": "Customer Success Manager"}, {"company_name": "Cisco", "dates_employed": "Sep 2019\u2013May 2021 1 yr 9 mos", "location": "San Francisco Bay Area", "employment_duration": null, "title": "Customer Success Manager (Duo BU)"}, {"company_name": "Qventus, Inc", "employment_duration": "3 yrs 6 mos", "titles": ["Senior Customer Success Manager", "Customer Success Manager"], "dates_employed": ["Jan 2018\u2013Aug 2019 1 yr 8 mos", "Mar 2016\u2013Dec 2017 1 yr 10 mos"]}, {"company_name": "Deloitte Consulting", "employment_duration": "4 yrs 8 mos", "titles": ["Consultant", "Business Analyst"], "dates_employed": ["Sep 2013\u2013Mar 2016 2 yrs 7 mos", "Aug 2011\u2013Aug 2013 2 yrs 1 mo"]}], "education": [{"institution": "Boston College", "degree_details": {"degree_name": "BS", "field_of_study": "Finance", "dates_attended_or_expected_graduation": "2007 \u2013 2011"}}, {"institution": "The London School of Economics and Political Science (LSE)", "degree_details": {"field_of_study": "General Course", "dates_attended_or_expected_graduation": "2009 \u2013 2010", "degree_name": null}}], "employee_name": "VMHccEWNO6OTpg==*JOdoYluY+Zr8oPuaQucOXA==*AmCKBlLLDDG+DZX44Bu97g==*Xi6uC68pmEVFrnDQkg39gA=="}, {"experience": [{"company_name": "Rad AI", "dates_employed": "Aug 2018\u2013Present 3 yrs 10 mos", "location": "Berkeley", "employment_duration": null, "title": "Product Strategy"}, {"company_name": "Leap Motion", "employment_duration": "4 yrs", "titles": ["Director of Operations", "Director of Finance"], "dates_employed": ["Mar 2015\u2013Jan 2017 1 yr 11 mos", "Feb 2013\u2013Mar 2015 2 yrs 2 mos"]}, {"company_name": "Independent Consulting", "dates_employed": "Aug 2012\u2013Feb 2013 7 mos", "employment_duration": null, "title": "Consultant"}, {"company_name": "knockknock", "dates_employed": "Jan 2012\u2013Aug 2012 8 mos", "employment_duration": null, "title": "Operations"}, {"company_name": "Accenture", "dates_employed": "Feb 2008\u2013Dec 2011 3 yrs 11 mos", "employment_duration": null, "title": "Strategy Manager"}], "education": [{"institution": "University of Rochester", "degree_details": {"degree_name": "BA", "field_of_study": "Japanese", "dates_attended_or_expected_graduation": "2002 \u2013 2006"}}, {"institution": "Nanzan University", "degree_details": {"degree_name": "Study Abroad", "field_of_study": "Japanese", "dates_attended_or_expected_graduation": "2004 \u2013 2005"}}], "employee_name": "v7wzwgcqqlPGXN0=*r7/PsuK4gaia/NvAWGoxMQ==*/aV+8XzHj/19RMnwTAbrGg==*WN9s2bMwcdG+5E47eAUujw=="}, {"experience": [{"company_name": "Rad AI", "dates_employed": "Aug 2021\u2013Present 10 mos", "location": "United States", "employment_duration": null, "title": "Regional Sales Director"}, {"company_name": "EndoGastric Solutions", "employment_duration": "3 yrs 7 mos", "titles": ["Field Sales Trainer", "Program Development Manager"], "dates_employed": ["Jun 2019\u2013Aug 2021 2 yrs 3 mos", "Feb 2018\u2013Aug 2021 3 yrs 7 mos"]}, {"company_name": "CONMED Corporation", "dates_employed": "Mar 2017\u2013Feb 2018 1 yr", "location": "Baltimore, Maryland, United States", "employment_duration": null, "title": "Territory Sales Manager - Advanced Surgical"}, {"company_name": "NOVADAQ", "employment_duration": "1 yr 3 mos", "titles": ["Field Sales Trainer", "Surgical Territory Sales Manager"], "dates_employed": ["Oct 2016\u2013Mar 2017 6 mos", "Jan 2016\u2013Mar 2017 1 yr 3 mos"]}, {"company_name": "Cook Medical", "dates_employed": "Oct 2013\u2013Jan 2016 2 yrs 4 mos", "location": "QC, ME, NH, VT, CT, RI, NY, NJ, PA, MD, DE, DC, VA", "employment_duration": null, "title": "Regional Capital Equipment Specialist, Northeast - Urology"}], "education": [{"institution": "Penn State University", "degree_details": {"degree_name": "B.S.", "field_of_study": "Marketing, International Business", "dates_attended_or_expected_graduation": null}}, {"institution": "Victoria University of Wellington", "degree_details": {"field_of_study": "Maori Studies, International Business", "dates_attended_or_expected_graduation": null, "degree_name": null}}], "employee_name": "XwY31EY6Ixmj4imK*BynKZxUq0ekTi3qDYMb+mg==*0ebWx+afRIGMhV9H/s8OGg==*fU/TBhDAUB3jkzEGmPYcpg=="}, {"experience": [{"company_name": "Rad AI", "dates_employed": "Feb 2022\u2013Present 4 mos", "employment_duration": null, "title": "Senior Security Analyst"}, {"company_name": "Knack", "employment_duration": "5 yrs 5 mos", "titles": ["Security Specialist", "Customer Success Technical Support Specialist"], "dates_employed": ["Feb 2017\u2013Feb 2022 5 yrs 1 mo", "Oct 2016\u2013Dec 2020 4 yrs 3 mos"]}, {"company_name": "First Data Corporation", "employment_duration": "3 yrs 9 mos", "titles": ["Security Engineer", "Contact Center Tech Specialist - Internet Solutions"], "dates_employed": ["Aug 2014\u2013Oct 2016 2 yrs 3 mos", "Feb 2013\u2013Aug 2014 1 yr 7 mos"]}, {"company_name": "Lonza BioPharma Quality Assurance", "dates_employed": "Sep 2012\u2013Sep 2012 1 mo", "location": "Frederick, Maryland", "employment_duration": null, "title": "Freelance Graphic Designer"}, {"company_name": "Simple & Fabulous Event Planning", "dates_employed": "Apr 2012\u2013May 2012 2 mos", "location": "Scranton, New Hampshire", "employment_duration": null, "title": "Freelance Web Developer"}], "education": [{"institution": "DeVry University", "degree_details": {"degree_name": "B.S", "field_of_study": "Multimedia Design and Development; Web Design and Development", "dates_attended_or_expected_graduation": "2010 \u2013 2012"}}, {"institution": "Full Sail University", "degree_details": {"dates_attended_or_expected_graduation": null, "degree_name": null, "field_of_study": null}}], "employee_name": "S6UHsN+F4xxwIeXyCCBotg==*H6A2IEXQ/vegZNUPHqIIrw==*8m6NNWzrL+RxEaWCo5trag==*ytIeTacXAxBLYhSs8agCsg=="}, {"experience": [{"company_name": "Rad AI", "dates_employed": "Jun 2018\u2013Present 4 yrs", "location": "Berkeley", "employment_duration": null, "title": "Head of Research (We're hiring!!)"}, {"company_name": "Fathom Health", "dates_employed": "Sep 2017\u2013May 2018 9 mos", "location": "San Francisco Bay Area", "employment_duration": null, "title": "Software Engineer"}, {"company_name": "Vicarious.com", "dates_employed": "2014\u2013Sep 2017 3 yrs", "employment_duration": null, "title": "Senior Researcher"}, {"company_name": "Google", "dates_employed": "Apr 2013\u2013Jan 2014 10 mos", "employment_duration": null, "title": "Software Engineer"}], "education": [{"institution": "University of Chicago", "degree_details": {"degree_name": "Doctor of Philosophy - PhD", "field_of_study": "Computer Science", "dates_attended_or_expected_graduation": "2005 \u2013 2013"}}, {"institution": "University of Chicago", "degree_details": {"degree_name": "Bachelor's degree", "field_of_study": "Mathematics", "dates_attended_or_expected_graduation": "2001 \u2013 2005"}}], "employee_name": "oh+7XhFdZck1GA==*E75QOI+9yacc4Np/oHQAbw==*xoBskBG2Whi0nHfSRudb6w==*lDWqbh3gUcQf+jv7/sEKQw=="}, {"experience": [{"company_name": "Rad AI", "dates_employed": "Feb 2022\u2013Present 4 mos", "location": "Remote", "employment_duration": null, "title": "Sr. Software Quality Engineer"}, {"company_name": "Carestream", "employment_duration": "6 yrs 2 mos", "titles": ["Software QA Engineer", "QA Test Tech"], "dates_employed": ["Mar 2017\u2013Feb 2022 5 yrs", "Jan 2016\u2013Mar 2017 1 yr 3 mos"]}, {"company_name": "Verizon", "dates_employed": "2006\u20132014 8 yrs", "location": "Rochester, New York Area", "employment_duration": null, "title": "Support Specialist"}], "education": [{"institution": "Monroe Community College", "degree_details": {"dates_attended_or_expected_graduation": null, "degree_name": null, "field_of_study": null}}], "employee_name": "HHZxYZjtssh/WgEj*jYIL45uNfh4p54bEpvZRRg==*PFpWSPPsVlXv/lcbXZNnKg==*P9nPVZMBrPVF2HDiPx0A1Q=="}, {"experience": [{"company_name": "Replimune", "dates_employed": "Feb 2022\u2013Present 4 mos", "location": "Woburn, Massachusetts, United States", "employment_duration": null, "title": "Medical Director, Medical Affairs"}, {"company_name": "Rad AI", "dates_employed": "Mar 2020\u2013Present 2 yrs 3 mos", "employment_duration": null, "title": "Advisor"}, {"company_name": "Radsource", "dates_employed": "Jul 2016\u2013Present 5 yrs 11 mos", "employment_duration": null, "title": "Musculoskeletal Radiologist"}, {"company_name": "Imagen Technologies", "dates_employed": "Jan 2018\u2013Present 4 yrs 5 mos", "employment_duration": null, "title": "Medical Advisor"}, {"company_name": "Voxelmetrix", "dates_employed": "Aug 2014\u2013Present 7 yrs 10 mos", "employment_duration": null, "title": "CRO Imager"}], "education": [{"institution": "Hospital for Special Surgery", "degree_details": {"degree_name": "Orthopaedic MRI fellowship", "dates_attended_or_expected_graduation": "2009 \u2013 2010", "field_of_study": null}}, {"institution": "National Capital Consortium", "degree_details": {"field_of_study": "Diagnostic radiology residency", "dates_attended_or_expected_graduation": "2001 \u2013 2005", "degree_name": null}}, {"institution": "Medical College of Georgia at Augusta University", "degree_details": {"degree_name": "M.D.", "dates_attended_or_expected_graduation": "1993 \u2013 1997", "field_of_study": null}}], "employee_name": "6ZI1dyppY6Y=*xeXlyOy8HKtv0QPPOp0b7w==*OFKA8zOHWoE0lBMsNXnbJQ==*v+5307Ho8g8AmXkVa/+8YQ=="}, {"experience": [{"company_name": "Rad AI", "dates_employed": "Oct 2020\u2013Present 1 yr 8 mos", "employment_duration": null, "title": "Senior DevOps Engineer"}, {"company_name": "Kipu Health", "employment_duration": "6 yrs 9 mos", "titles": ["DevOps Engineer", "System Administrator"], "dates_employed": ["Oct 2015\u2013Oct 2020 5 yrs 1 mo", "Feb 2014\u2013Oct 2015 1 yr 9 mos"]}, {"company_name": "Radiant Blue Technologies", "dates_employed": "2012\u20132013 1 yr", "location": "Melbourne, Florida, United States", "employment_duration": null, "title": "System Administrator"}, {"company_name": "HotAir Network Group", "dates_employed": "2011\u20132012 1 yr", "location": "Melbourne, Florida, United States", "employment_duration": null, "title": "System Administrator"}, {"company_name": "Indian River Networks", "dates_employed": "2010\u20132011 1 yr", "location": "Melbourne Beach, Florida, United States", "employment_duration": null, "title": "Network Engineer"}], "education": [{"institution": "University of Central Florida", "degree_details": {"degree_name": "Information Technology", "field_of_study": "Computer Science", "dates_attended_or_expected_graduation": "2004 \u2013 2009"}}], "employee_name": "PSlySs3sPDI=*rCTm6/rlOthIUrOV6uJPAA==*PRkNHd8YFwT/UnpKyNGM6Q==*8bdTXKon9SN0IDZWiy0RwQ=="}, {"experience": [{"company_name": "Darden", "dates_employed": "Jan 2022\u2013Present 5 mos", "location": "Orlando, Florida, United States", "employment_duration": null, "title": "Director Of Treasury"}, {"company_name": "Rad AI", "dates_employed": "Dec 2021\u2013Present 6 mos", "employment_duration": null, "title": "Finance Consultant"}, {"company_name": "Darden", "employment_duration": "8 yrs 11 mos", "titles": ["Treasury Manager", "Senior Financial Analyst - Marketing Analysis", "Senior Financial Analyst - Financial Planning and Investment Analysis", "Senior Treasury Analyst", "Senior Financial Analyst \u2013 Cash Management"], "dates_employed": ["Dec 2016\u2013Jan 2022 5 yrs 2 mos", "Aug 2016\u2013Dec 2016 5 mos", "May 2016\u2013Aug 2016 4 mos", "Mar 2013\u2013May 2016 3 yrs 3 mos", "Mar 2013\u2013Jul 2013 5 mos"]}, {"company_name": "Ned Davis Research, Inc.", "dates_employed": "May 2011\u2013Mar 2013 1 yr 11 mos", "employment_duration": null, "title": "Global Investment Research Analyst"}, {"company_name": "Transamerica", "dates_employed": "May 2009\u2013May 2011 2 yrs 1 mo", "employment_duration": null, "title": "Internal Auditor"}], "education": [{"institution": "Duke University - The Fuqua School of Business", "degree_details": {"degree_name": "Master of Business Administration - MBA", "dates_attended_or_expected_graduation": "2020 \u2013 2022", "field_of_study": null}}, {"institution": "University of South Florida", "degree_details": {"degree_name": "Bachelors", "field_of_study": "Finance; Accounting minor", "dates_attended_or_expected_graduation": "2007 \u2013 2009"}}], "employee_name": "B5qItg1p6bjrpLL6gQL81suO*RADB7C8Sgc5nndwIWlTiEQ==*hkBHCRnRqIBy6eSufkzkBg==*FOWVBOB10t/Bu9EvTCLqHQ=="}, {"experience": [{"company_name": "Rad AI", "employment_duration": "2 yrs 10 mos", "titles": ["Senior Software Engineer", "Software Engineer"], "dates_employed": ["Sep 2020\u2013Present 1 yr 9 mos", "Aug 2019\u2013Sep 2020 1 yr 2 mos"]}, {"company_name": "LEEPS Lab - Lead Developer/ Researcher", "employment_duration": "University of California, Santa Cruz", "titles": ["", "", ""], "dates_employed": [null, null, null]}, {"company_name": "Cloud Brigade", "dates_employed": "Mar 2018\u2013Jul 2019 1 yr 5 mos", "location": "Santa Cruz", "employment_duration": null, "title": "Business Intelligence Developer"}, {"company_name": "University of California, Santa Cruz", "dates_employed": "Jan 2017\u2013Jan 2018 1 yr 1 mo", "employment_duration": null, "title": "Graduate Teaching Assistant"}, {"company_name": "Ata Invest", "dates_employed": "Dec 2014\u2013Aug 2015 9 mos", "location": "Istanbul, Turkey", "employment_duration": null, "title": "Public Equity Research"}], "education": [{"institution": "University of California, Santa Cruz", "degree_details": {"degree_name": "Master of Science (M.Sc.)", "field_of_study": "Applied Economics & Finance", "dates_attended_or_expected_graduation": "2016 \u2013 2017"}}, {"institution": "Bo\u011fazi\u00e7i University", "degree_details": {"degree_name": "Bachelor of Science - BS", "field_of_study": "Mechanical Engineering", "dates_attended_or_expected_graduation": "2010 \u2013 2015"}}], "employee_name": "tIDJMLo7CHMj6+URyqQnkkI=*HLVA1OOmIyvuVzIyqlHktQ==*dqhHON/QlOMIwAWas1rewg==*uDX7LV1EVB8cqqxETAraXw=="}, {"experience": [{"company_name": "Rad AI", "dates_employed": "Jan 2022\u2013Present 5 mos", "location": "United States", "employment_duration": null, "title": "NLP Data Engineer"}, {"company_name": "Khoury College of Computer Sciences", "dates_employed": "Sep 2021\u2013Dec 2021 4 mos", "location": "Boston, Massachusetts, United States", "employment_duration": null, "title": "Graduate Teaching Assistant"}, {"company_name": "Boehringer Ingelheim", "dates_employed": "Jan 2021\u2013Jul 2021 7 mos", "location": "United States", "employment_duration": null, "title": "Data science co-op"}, {"company_name": "Khoury College of Computer Sciences", "employment_duration": "8 mos", "titles": ["Teaching Assistant", "Teaching Assistant"], "dates_employed": ["Sep 2020\u2013Dec 2020 4 mos", "May 2020\u2013Aug 2020 4 mos"]}, {"company_name": "Yocket", "dates_employed": "Jan 2019\u2013May 2019 5 mos", "location": "Mumbai Area, India", "employment_duration": null, "title": "Database design and Content management intern"}], "education": [{"institution": "Northeastern University", "degree_details": {"degree_name": "Master's degree", "field_of_study": "Data science", "dates_attended_or_expected_graduation": "2019 \u2013 2021"}}, {"institution": "Ramrao Adik Institute of Technology", "degree_details": {"degree_name": "Bachelor of Engineering (B.E.)", "field_of_study": "Information Technology", "dates_attended_or_expected_graduation": "2014 \u2013 2018"}}, {"institution": "Hiranandani Foundation School, Powai", "degree_details": {"degree_name": "10th and 12th", "field_of_study": "Computer Science", "dates_attended_or_expected_graduation": "1999 \u2013 2014"}}], "employee_name": "44IeJv7vcnBU2pswmw==*j8OMhAsfO7PoD+3rnufxuA==*xebKv4sV4cqOXWBPJAMJPg==*YMVEtkFIduih7m80FgIPZQ=="}, {"experience": [{"company_name": "Rad AI", "dates_employed": "Apr 2022\u2013Present 2 mos", "employment_duration": null, "title": "Clinical Data Scientist"}, {"company_name": "Yale University School of Medicine", "dates_employed": "Jun 2019\u2013Apr 2022 2 yrs 11 mos", "location": "New Haven, Connecticut", "employment_duration": null, "title": "Postdoctoral Associate"}, {"company_name": "FLENI", "dates_employed": "Jun 2015\u2013May 2019 4 yrs", "location": "Buenos Aires, Argentina", "employment_duration": null, "title": "Neurology Resident"}, {"company_name": "Hospital Italiano de Buenos Aires", "dates_employed": "Apr 2014\u2013Dec 2014 9 mos", "location": "Ciudad Aut\u00f3noma de Buenos Aires", "employment_duration": null, "title": "Research Fellow"}, {"company_name": "Non-Invasive Applied Physiology Laboratory", "dates_employed": "Mar 2012\u2013Feb 2014 2 yrs", "location": "Argentina", "employment_duration": null, "title": "Undergraduate Research Assistant"}], "education": [{"institution": "Universidad Nacional del Nordeste", "degree_details": {"degree_name": "Doctor of Medicine (M.D.)", "field_of_study": "Medicine Medicine", "dates_attended_or_expected_graduation": "2008 \u2013 2014"}}, {"institution": "The University of Chicago Pritzker School of Medicine", "degree_details": {"degree_name": "Observership", "field_of_study": "Neurocritical Care", "dates_attended_or_expected_graduation": "2018 \u2013 2018"}}, {"institution": "Yale University School of Medicine", "degree_details": {"degree_name": "Observership", "field_of_study": "Neurocritical Care", "dates_attended_or_expected_graduation": "2018 \u2013 2018"}}], "employee_name": "dX9ZYxS2AVbd7m2kmi4mP/y6wdWc9pw=*OY1hijQmeD8S6GzQsA0Nvg==*MropJpH5BA40uh6V2Ku3Gg==*2sKq8K+9BmYSBWU3r7LT5Q=="}, {"experience": [{"company_name": "Harmonix", "dates_employed": "Sep 2020\u2013Present 1 yr 9 mos", "location": "Distributed States of America", "employment_duration": null, "title": "Founder & General Partner"}, {"company_name": "Neue Fund", "dates_employed": "Jun 2017\u2013Present 5 yrs", "location": "Distributed States of America", "employment_duration": null, "title": "Founder & CEO"}, {"company_name": "bit.bio", "dates_employed": "Sep 2021\u2013Present 9 mos", "location": "Cambridge, England, United Kingdom", "employment_duration": null, "title": "Investor"}, {"company_name": "Attivare Therapeutics", "dates_employed": "Aug 2021\u2013Present 10 mos", "location": "Massachusetts, United States", "employment_duration": null, "title": "Investor"}, {"company_name": "Caresyntax", "dates_employed": "Jul 2021\u2013Present 11 mos", "location": "Berlin, Germany", "employment_duration": null, "title": "Investor"}], "education": [{"institution": "University of Arizona, Eller College of Management", "degree_details": {"degree_name": "Bachelor of Business Administration - BBA", "field_of_study": "Finance", "dates_attended_or_expected_graduation": null}}], "employee_name": "7KvvtOhKHywTdxIWznnGLUQ=*90rWsdU+GAWBeXSTDN9T+w==*XMJr6TsgFzfU7ozZAnCLRA==*wjDzS082TtCVi3ZqS4UiGw=="}, {"experience": [{"company_name": "Rad AI", "employment_duration": "1 yr 8 mos", "titles": ["Research Lead", "Senior Machine Learning Engineer"], "dates_employed": ["Mar 2022\u2013Present 3 mos", "Oct 2020\u2013Mar 2022 1 yr 6 mos"]}, {"company_name": "Brown University", "dates_employed": "May 2020\u2013Oct 2020 6 mos", "employment_duration": null, "title": "Graduate Researcher - Intelligent Robot Lab"}, {"company_name": "Codecademy", "dates_employed": "Jul 2020\u2013Sep 2020 3 mos", "location": "New York City Metropolitan Area", "employment_duration": null, "title": "Content Contributor: Deep Learning with TensorFlow"}, {"company_name": "The Brown Noser", "dates_employed": "Oct 2017\u2013Jul 2020 2 yrs 10 mos", "employment_duration": null, "title": "Senior Staffer"}, {"company_name": "Brown University", "employment_duration": "1 yr 5 mos", "titles": ["Head Teaching Assistant", "Undergraduate Teaching Assistant"], "dates_employed": ["Mar 2019\u2013May 2020 1 yr 3 mos", "Jan 2019\u2013May 2020 1 yr 5 mos"]}], "education": [{"institution": "Brown University", "degree_details": {"degree_name": "Master's degree", "field_of_study": "Computer Science", "dates_attended_or_expected_graduation": "2019 \u2013 2020"}}, {"institution": "Brown University", "degree_details": {"dates_attended_or_expected_graduation": "2015 \u2013 2019", "degree_name": null, "field_of_study": null}}, {"institution": "Brown University", "degree_details": {"field_of_study": "Computer Science, Anthropology", "dates_attended_or_expected_graduation": "2019", "degree_name": null}}], "employee_name": "2hx2bt2EHw3/ArppyN4D*s0kuwlZrLEtUqGJ0ZbPzcw==*D0NBLGNy/bcQQqfVKPXnSA==*kK9MvcMRTTHXmcf7WCu/8Q=="}, {"experience": [{"company_name": "Rad AI", "dates_employed": "Jan 2020\u2013Present 2 yrs 5 mos", "employment_duration": null, "title": "Advisor"}, {"company_name": "RadNet", "dates_employed": "Nov 2021\u2013Present 7 mos", "employment_duration": null, "title": "Radiologist"}, {"company_name": "Experity Teleradiology", "dates_employed": "May 2020\u2013Present 2 yrs 1 mo", "employment_duration": null, "title": "Radiolgoist"}, {"company_name": "Teleradiology Specialists", "dates_employed": "2011\u2013May 2020 9 yrs", "employment_duration": null, "title": "Radiologist"}, {"company_name": "Radnet", "dates_employed": "Jan 2007\u2013Jun 2011 4 yrs 6 mos", "employment_duration": null, "title": "Medical Director"}], "education": [{"institution": "Stanford University School of Medicine", "degree_details": {"field_of_study": "RSNA Fellow Grant Recipient", "dates_attended_or_expected_graduation": "1998 \u2013 1999", "degree_name": null}}, {"institution": "Stanford University School of Medicine", "degree_details": {"field_of_study": "Neuroradiology fellowship/musculoskeletal fellowship", "dates_attended_or_expected_graduation": "1998 \u2013 1999", "degree_name": null}}, {"institution": "Stanford University School of Medicine", "degree_details": {"field_of_study": "Diagnostic Radiology Residency Program", "dates_attended_or_expected_graduation": "1994 \u2013 1998", "degree_name": null}}], "employee_name": "kuD+nRoUBKyqQPyba2+I*h9h/ORPaCLVQ1igtOoFlAQ==*HDuxUYS++AbcSqeBV0HDJQ==*AjuX91hK0k9d3IQMNficWQ=="}, {"experience": [{"company_name": "Rad AI", "dates_employed": "Jul 2021\u2013Present 11 mos", "location": "Berkeley, California, United States", "employment_duration": null, "title": "Clinical Data Science Engineer"}, {"company_name": "Artificial Intelligence In Medicine Inc. (AIM)", "dates_employed": "Sep 2018\u2013Jun 2021 2 yrs 10 mos", "location": "Toronto, Canada Area", "employment_duration": null, "title": "AI Software Engineer"}, {"company_name": "McMaster University - Department of Computing and Software", "dates_employed": "Jan 2016\u2013Jun 2018 2 yrs 6 mos", "location": "Hamilton", "employment_duration": null, "title": "Research Assistant"}, {"company_name": "McMaster University", "dates_employed": "Sep 2015\u2013Apr 2018 2 yrs 8 mos", "location": "Hamilton", "employment_duration": null, "title": "Teaching Assistant"}, {"company_name": "SNC-Lavalin", "dates_employed": "Apr 2014\u2013Aug 2015 1 yr 5 mos", "location": "Toronto, Canada Area", "employment_duration": null, "title": "Process Engineer"}], "education": [{"institution": "McMaster University", "degree_details": {"degree_name": "M.Sc.", "field_of_study": "Computer Science", "dates_attended_or_expected_graduation": "2016 \u2013 2018"}}, {"institution": "University of Alberta", "degree_details": {"degree_name": "M.Sc.", "field_of_study": "Chemical Engineering", "dates_attended_or_expected_graduation": "2011 \u2013 2013"}}, {"institution": "Sharif University of Technology", "degree_details": {"degree_name": "Bachelor of Applied Science (B.A.Sc.)", "field_of_study": "Chemical Engineering", "dates_attended_or_expected_graduation": "2005 \u2013 2009"}}], "employee_name": "i84GHPPuz1TyzoiOlagt2Ck=*6fdUHoW/p23k+GqKCZb9UQ==*ta+TzjTQN/ml1AD2bywfdQ==*lVv1pXClCkTBm86sL291xA=="}, {"experience": [{"company_name": "Software Engineer - Full Stack", "employment_duration": "Rad AI", "titles": ["Rad AI | Save Time and Decrease Burnout Using Artificial Intelligence"], "dates_employed": [null]}, {"company_name": "HealMed Solutions.Inc;", "dates_employed": "Feb 2021\u2013Aug 2021 7 mos", "location": "New York, New York, United States", "employment_duration": null, "title": "Lead Software Engineer"}, {"company_name": "Co-Founder, CEO", "employment_duration": "Grove Mental Health", "titles": ["Grove"], "dates_employed": [null]}, {"company_name": "Tapestry Solutions, Inc.", "dates_employed": "Aug 2016\u2013Aug 2018 2 yrs 1 mo", "location": "San Luis Obispo, California", "employment_duration": null, "title": "Software Developer"}, {"company_name": "NCLab", "dates_employed": "Jun 2015\u2013Apr 2016 11 mos", "location": "Reno, Nevada", "employment_duration": null, "title": "Front-End Web Developer"}], "education": [{"institution": "California Polytechnic State University-San Luis Obispo", "degree_details": {"degree_name": "Bachelor of Science - BS", "field_of_study": "Software Engineering", "dates_attended_or_expected_graduation": "2014 \u2013 2020"}}, {"institution": "Mountain View High School", "degree_details": {"dates_attended_or_expected_graduation": "2010 \u2013 2014", "degree_name": null, "field_of_study": null}}], "employee_name": "8brsbcqXkIuTQvfJJ3M=*lW4PeeMkMpQ54ShX70Rncw==*H6g0fNNfz/Op3oP713T/NA==*0wqZaccLxz4djw1aIxCiYg=="}, {"experience": [{"company_name": "Rad AI", "dates_employed": "Mar 2022\u2013Present 3 mos", "employment_duration": null, "title": "Senior Executive Assistant"}, {"company_name": "Beth Israel Lahey Health", "dates_employed": "Jul 2010\u2013Mar 2022 11 yrs 9 mos", "location": "Peabody, MA", "employment_duration": null, "title": "Radiation Therapist"}], "education": [{"institution": "Massachusetts College of Pharmacy and Health Sciences", "degree_details": {"degree_name": "Master of Public Health - MPH", "dates_attended_or_expected_graduation": "2020 \u2013 2022", "field_of_study": null}}, {"institution": "Massachusetts College of Pharmacy and Health Sciences", "degree_details": {"degree_name": "Bachelor of Science (B.S.)", "field_of_study": "Radiation Therapy", "dates_attended_or_expected_graduation": "2007 \u2013 2010"}}], "employee_name": "ihs0Cd0GsYKgKhXhD3VCsQ==*Uz/QihpkAZ7dUv7bxD5maw==*QUEmyS+uCV90p+llBcT8uQ==*RwxRUwZF9vvU9+pBFpNjmQ=="}, {"experience": [{"company_name": "Cedars-Sinai", "dates_employed": "Jul 2021\u2013Present 11 mos", "employment_duration": null, "title": "Body Imaging and Intervention Fellow"}, {"company_name": "Rad AI", "dates_employed": "Jan 2020\u2013Present 2 yrs 5 mos", "location": "California, United States", "employment_duration": null, "title": "Advisor"}, {"company_name": "Johnson & Johnson", "dates_employed": "Feb 2019\u2013Present 3 yrs 4 mos", "location": "California, United States", "employment_duration": null, "title": "Lead Investigator"}, {"company_name": "Children's Hospital Los Angeles (CHLA)", "dates_employed": "Dec 2018\u2013Present 3 yrs 6 mos", "location": "Los Angeles, California, United States", "employment_duration": null, "title": "General Radiologist"}, {"company_name": "Cedars-Sinai", "dates_employed": "Jul 2017\u2013Jul 2021 4 yrs 1 mo", "employment_duration": null, "title": "Resident Physician"}], "education": [{"institution": "Keck School of Medicine of the University of Southern California", "degree_details": {"degree_name": "Doctor of Medicine - MD", "field_of_study": "Medicine", "dates_attended_or_expected_graduation": "2012 \u2013 2016"}}, {"institution": "University of California, Davis", "degree_details": {"degree_name": "Bachelor of Science - BS", "field_of_study": "Genetics", "dates_attended_or_expected_graduation": "2007 \u2013 2011"}}], "employee_name": "okqCkOdGykGv8lXZpTbH*CG2lk/hR//xjQ9iuQsEQpw==*567NV9dYeSXliAkrWY8nEA==*T9vS9nThAcmak2Uon/8+oA=="}, {"experience": [{"company_name": "Rad AI", "employment_duration": "1 yr 6 mos", "titles": ["Machine Learning Engineer", "Data Engineer"], "dates_employed": ["Oct 2021\u2013Present 8 mos", "Dec 2020\u2013Oct 2021 11 mos"]}, {"company_name": "San Francisco State University", "employment_duration": "4 yrs 7 mos", "titles": ["Research Scientist", "Graduate Research Assistant"], "dates_employed": ["Nov 2019\u2013Jul 2020 9 mos", "Jan 2016\u2013Nov 2019 3 yrs 11 mos"]}], "education": [{"institution": "San Francisco State University", "degree_details": {"degree_name": "Master of Science - MS", "field_of_study": "Computer Science", "dates_attended_or_expected_graduation": "2015 \u2013 2019"}}, {"institution": "Thapar Institute of Engineering & Technology", "degree_details": {"degree_name": "Bachelor of Engineering - BE", "field_of_study": "Computer Science", "dates_attended_or_expected_graduation": "2011 \u2013 2015"}}], "employee_name": "Oe+b+577/+aoptbLoQRIpDd14V0=*qTDI2n7sjWqqGzQBu7vGcw==*nuhLTV5iupb9c9yjvbfb2w==*gJwOAVwMHIzLhfv2yylBAQ=="}, {"experience": [{"company_name": "Rad AI", "dates_employed": "Jan 2022\u2013Present 5 mos", "employment_duration": null, "title": "Machine Learning Engineer"}, {"company_name": "University of Texas Southwestern Medical Center", "dates_employed": "Aug 2017\u2013Dec 2021 4 yrs 5 mos", "location": "Dallas/Fort Worth Area", "employment_duration": null, "title": "PhD Student"}, {"company_name": "GE Healthcare", "dates_employed": "Jun 2020\u2013Aug 2020 3 mos", "location": "San Ramon, California, United States", "employment_duration": null, "title": "AI/ML PhD Intern"}, {"company_name": "MD Anderson Cancer Center", "dates_employed": "Feb 2016\u2013Jun 2017 1 yr 5 mos", "location": "Houston, Texas Area", "employment_duration": null, "title": "Research Assistant"}, {"company_name": "Rice University", "dates_employed": "Aug 2016\u2013Dec 2016 5 mos", "employment_duration": null, "title": "Graduate Teaching Assistant"}], "education": [{"institution": "Birla Institute of Technology and Science, Pilani", "degree_details": {"degree_name": "Bachelor\u2019s Degree", "field_of_study": "Electronics and Instrumentation", "dates_attended_or_expected_graduation": "2009 \u2013 2013"}}, {"institution": "UT Southwestern Medical Center", "degree_details": {"degree_name": "Doctor of Philosophy - PhD", "field_of_study": "Biomedical/Medical Engineering", "dates_attended_or_expected_graduation": "2017 \u2013 2021"}}, {"institution": "Rice University", "degree_details": {"degree_name": "Master\u2019s Degree", "field_of_study": "Bioengineering and Biomedical Engineering", "dates_attended_or_expected_graduation": "2015 \u2013 2017"}}], "employee_name": "sf8H4xEJsSM8aP/mWnzlCg==*P6Vr/vPmwc/1LxXXjaap/g==*qS+C3OlDJkxLwFIja24krQ==*pw4t3Bu+oYFb9I2FMW0NNA=="}]