[{"experience": [{"company_name": "arago AG", "dates_employed": "Dec 1995\u2013Present", "employment_duration": "26 yrs 6 mos", "location": null, "title": "Managing Director"}, {"company_name": "DIRI - Dresdner International Research Institute", "dates_employed": "Jul 1993\u2013Oct 1995", "employment_duration": "2 yrs 4 mos", "location": null, "title": "Management an Information Systems"}], "education": [{"institution": "ETH Z\u00fcrich", "degree_details": {"dates_attended_or_expected_graduation": null, "degree_name": null, "field_of_study": null}}, {"institution": "Technische Universit\u00e4t Darmstadt", "degree_details": {"dates_attended_or_expected_graduation": null, "degree_name": null, "field_of_study": null}}], "employee_name": "LIvE2StAaOy0Idzj+W/os1JbBw==*OUaw49gWkWVE9lxvUq8v0Q==*YFFAJ1IxEmOp5KVADICzbw==*MFWyF6o7GdRlxsDVqdqndg=="}, {"experience": [{"company_name": "arago GmbH", "dates_employed": "Aug 2016\u2013Present", "employment_duration": "5 yrs 10 mos", "location": "Frankfurt am Main und Umgebung, Deutschland", "title": "Vice President IT Operations"}, {"company_name": "arago GmbH", "dates_employed": "Jun 2014\u2013Jul 2016", "employment_duration": "2 yrs 2 mos", "location": "Frankfurt am Main und Umgebung, Deutschland", "title": "Director Customer Success Management"}, {"company_name": "arago AG", "dates_employed": "May 2010\u2013May 2014", "employment_duration": "4 yrs 1 mo", "location": null, "title": "Software Tester"}, {"company_name": "Main-Taunus-Recycling", "dates_employed": "Jul 2009\u2013Dec 2009", "employment_duration": "6 mos", "location": null, "title": "Software Developer"}], "education": null, "employee_name": "r2DkJEhKYnwCn0T3DfnYJ/I=*42b271wdXRrnGNecqKZvcg==*vbb2o7VhU/opCh6TfIZHQQ==*tZN7e1S6Y4UnKZe0V2M6aA=="}, {"experience": [{"company_name": "arago GmbH", "dates_employed": "2020\u2013Present", "employment_duration": "2 yrs", "location": "Frankfurt, Hesse, Germany", "title": "Head of Customer Success"}, {"company_name": "arago GmbH", "dates_employed": "Jul 2019\u2013Present", "employment_duration": "2 yrs 11 mos", "location": "Frankfurt Am Main Area, Germany", "title": "MBA Summer Intern - Product Management (KKR portfolio company)"}, {"company_name": "Procter & Gamble", "dates_employed": "2017\u20132019", "employment_duration": "2 yrs", "location": "Schwalbach am Taunus, Hessen, Germany", "title": "Supply Chain - Initiatives Operations Leader"}, {"company_name": "Procter & Gamble", "dates_employed": "2016\u20132017", "employment_duration": "1 yr", "location": "Frankfurt Am Main Area, Germany", "title": "Supply Chain - Networks Operations Manager"}, {"company_name": "Henkel", "dates_employed": "2015\u20132016", "employment_duration": "1 yr", "location": "D\u00fcsseldorf Area, Germany", "title": "Manager Business Process Owner, Finance & Controlling"}], "education": [{"institution": "INSEAD", "degree_details": {"degree_name": "Master of Business Administration - MBA", "field_of_study": "Business Administration and Management, General", "dates_attended_or_expected_graduation": "2019 \u2013 2019"}}, {"institution": "Technische Universit\u00e4t Berlin", "degree_details": {"degree_name": "Masters of Science", "field_of_study": "Global Production Engineering - Manufacturing", "dates_attended_or_expected_graduation": "2012 \u2013 2015"}}], "employee_name": "wb0r+xgWCpxEZA==*8Eg/3aFZNYrOvTVCnvl9ag==*jbKDp5YZi0Ptou7iXYs65w==*JdI/8cITCJbaqheLsbLipg=="}, {"experience": [{"company_name": "arago GmbH", "dates_employed": "Jun 2019\u2013Present", "employment_duration": "3 yrs", "location": "Frankfurt am Main, Hessen, Deutschland", "title": "CFO"}, {"company_name": "arago GmbH", "dates_employed": "Oct 2015\u2013Present", "employment_duration": "6 yrs 8 mos", "location": "Frankfurt am Main und Umgebung, Deutschland", "title": "Head of Finance / Prokurist"}, {"company_name": "arago GmbH", "dates_employed": "Apr 2015\u2013Oct 2015", "employment_duration": "7 mos", "location": "Frankfurt am Main und Umgebung, Deutschland", "title": "Financial Controller"}, {"company_name": "H\u00f4tel B&B", "dates_employed": "Apr 2012\u2013Mar 2015", "employment_duration": "3 yrs", "location": null, "title": "Financial Reporting Manager"}, {"company_name": "PricewaterhouseCoopers", "dates_employed": "Sep 2006\u2013Mar 2012", "employment_duration": "5 yrs 7 mos", "location": null, "title": "Senior Consultant"}], "education": [{"institution": "Goethe University", "degree_details": {"degree_name": "Dipl. Kfm", "field_of_study": "Wirtschaftswissenschaften", "dates_attended_or_expected_graduation": "1999 \u2013 2005"}}], "employee_name": "2LhwQYJTeQjczRIbvJut*JkZU+rtPwNA9UHxJrNxCSQ==*2XsxenznzYSstuatZ0ZUHA==*B2tLdQe8L4EE7MbM1QMnbg=="}, {"experience": [{"company_name": "arago GmbH", "dates_employed": "May 2018\u2013Present", "employment_duration": "4 yrs 1 mo", "location": "Frankfurt am Main und Umgebung, Deutschland", "title": "Product Director"}, {"company_name": "AGT International", "dates_employed": "Oct 2016\u2013Apr 2018", "employment_duration": "1 yr 7 mos", "location": "Darmstadt, Deutschland", "title": "Product Manager"}, {"company_name": "AGT International", "dates_employed": "Nov 2014\u2013Sep 2016", "employment_duration": "1 yr 11 mos", "location": "Darmstadt, Deutschland", "title": "Product Owner Smart Cities & Industry 4.0"}, {"company_name": "AGT International", "dates_employed": "Aug 2013\u2013Oct 2014", "employment_duration": "1 yr 3 mos", "location": "Darmstadt, Deutschland", "title": "Team Lead Software Development"}, {"company_name": "AGT International", "dates_employed": "Jan 2011\u2013Jul 2013", "employment_duration": "2 yrs 7 mos", "location": "Darmstadt, Deutschland", "title": "Project Manager / Scrum Master"}], "education": [{"institution": "Technische Universit\u00e4t Darmstadt", "degree_details": {"degree_name": "Doktor (Ph.D.)", "dates_attended_or_expected_graduation": "2005 \u2013 2008", "field_of_study": null}}, {"institution": "Technische Universit\u00e4t Darmstadt", "degree_details": {"degree_name": "Diplom", "field_of_study": "Informatik", "dates_attended_or_expected_graduation": "1999 \u2013 2005"}}], "employee_name": "Hdt8kRepzFMwwmc=*qq0iENMIY2VYA3/YbLgP5w==*GAT5Pm8Cx7ClabcsUGQmIQ==*7S/YKA9DeG7sH5PLdweFYA=="}, {"experience": [{"company_name": "arago GmbH", "dates_employed": "Apr 2014\u2013Present", "employment_duration": "8 yrs 2 mos", "location": "London, United Kingdom & Frankfurt, Germany", "title": "Director Product - HIRO UI"}, {"company_name": "Fantasy Shopper", "dates_employed": "Nov 2010\u2013Mar 2014", "employment_duration": "3 yrs 5 mos", "location": null, "title": "CTO and Co-Founder"}, {"company_name": "Acando", "dates_employed": "Oct 2008\u2013Mar 2011", "employment_duration": "2 yrs 6 mos", "location": null, "title": "Senior IT Consultant"}, {"company_name": "COR Deutschland GmbH", "dates_employed": "Jan 2006\u2013Sep 2008", "employment_duration": "2 yrs 9 mos", "location": null, "title": "Software Engineer, Consultant"}, {"company_name": "Allianz Life Insurance Company, Stuttgart, Germany", "dates_employed": "Oct 2004\u2013Dec 2005", "employment_duration": "1 yr 3 mos", "location": null, "title": "Software Engineer"}], "education": [{"institution": "Berufsakademie Stuttgart", "degree_details": {"degree_name": "Diploma", "field_of_study": "Business Informatics", "dates_attended_or_expected_graduation": "2001 \u2013 2004"}}], "employee_name": "gnAGwwKyVs58dA==*Dh7XKVyOxe8KB194lzC6wQ==*aw5lAYMAtvmLWGujpJAHxA==*zpKabI0278DnjL1RdAZavQ=="}, {"experience": [{"company_name": "arago GmbH", "dates_employed": "Jul 2020\u2013Present", "employment_duration": "1 yr 11 mos", "location": "Frankfurt am Main, Hessen, Deutschland", "title": "Chief Information Security Officer"}, {"company_name": "arago GmbH", "dates_employed": "Apr 2017\u2013Jul 2020", "employment_duration": "3 yrs 4 mos", "location": "Frankfurt am Main und Umgebung, Deutschland", "title": "Information Security Officer"}, {"company_name": "arago GmbH", "dates_employed": "Jan 2014\u2013Mar 2017", "employment_duration": "3 yrs 3 mos", "location": "Frankfurt am Main und Umgebung, Deutschland", "title": "Senior Automation Solution Architect, arago Engineer"}, {"company_name": "arago GmbH", "dates_employed": "Jan 2013\u2013Jan 2015", "employment_duration": "2 yrs 1 mo", "location": null, "title": "Senior Automation Expert, arago Engineer"}, {"company_name": "arago AG", "dates_employed": "1999\u20132012", "employment_duration": "13 yrs", "location": null, "title": "Bereichsleiter Systembetrieb & Security"}], "education": [{"institution": "ETH Z\u00fcrich", "degree_details": {"field_of_study": "Chemie", "dates_attended_or_expected_graduation": null, "degree_name": null}}, {"institution": "HTWG Konstanz", "degree_details": {"field_of_study": "Technische Informatik", "dates_attended_or_expected_graduation": null, "degree_name": null}}], "employee_name": "onvG4GNX9oz7WHHp*XWGfMdPHqq/L4dohOb8k2g==*4Er0s7IrPnqb2OqDpeCBvg==*/o2SoTG4vtlIJkWR5Tbnsg=="}, {"experience": [{"company_name": "Arago Gmbh", "dates_employed": "Mar 2020\u2013Present", "employment_duration": "2 yrs 3 mos", "location": "Frankfurt", "title": "Head of Delivery and Product Manager"}, {"company_name": "IGT", "dates_employed": "Sep 2014\u2013Dec 2018", "employment_duration": "4 yrs 4 mos", "location": "Rome/London", "title": "PMO coordinator and Project Manager"}, {"company_name": "Deloitte Italia", "dates_employed": "Jul 2013\u2013Aug 2014", "employment_duration": "1 yr 2 mos", "location": "Roma, Italia", "title": "Business Analyst"}, {"company_name": "Finmeccanica", "dates_employed": "Oct 2012\u2013Apr 2013", "employment_duration": "7 mos", "location": "Roma, Italia", "title": "IP Management Intern"}], "education": [{"institution": "INSEAD", "degree_details": {"degree_name": "Master of Business Administration - MBA", "dates_attended_or_expected_graduation": "2019", "field_of_study": null}}, {"institution": "University of Rome Tor Vergata", "degree_details": {"degree_name": "Master's degree", "field_of_study": "Engineering/Industrial Management", "dates_attended_or_expected_graduation": "2011 \u2013 2013"}}, {"institution": "Universidad de Cantabria", "degree_details": {"field_of_study": "Industrial Engineering", "dates_attended_or_expected_graduation": "2011 \u2013 2012", "degree_name": null}}], "employee_name": "sebwrJGM4O1f1cU1/MDRHQ==*ADvSowHli07NR/Hcm3Ww3g==*CPXgkOtO7ct9tL/l9tRhtA==*ZedBWrR2RHAHpwtm4XUB9Q=="}, {"experience": [{"company_name": "arago GmbH", "dates_employed": "May 2020\u2013Present", "employment_duration": "2 yrs 1 mo", "location": "Madrid, Community of Madrid, Spain", "title": "COO"}, {"company_name": "INSEAD", "dates_employed": "2017\u2013Present", "employment_duration": "5 yrs", "location": "Singapore and Fontainebleau France", "title": "Entrepreneur In Residence"}, {"company_name": "WISeKey SA", "dates_employed": "Feb 2021\u2013Sep 2021", "employment_duration": "8 mos", "location": "Madrid, Community of Madrid, Spain", "title": "Chief Operating Officer"}, {"company_name": "arago GmbH", "dates_employed": "2018\u20132020", "employment_duration": "2 yrs", "location": "Frankfurt Am Main Area, Germany", "title": "Chief Product Officer"}, {"company_name": "Dockstr", "dates_employed": "Mar 2017\u2013Apr 2018", "employment_duration": "1 yr 2 mos", "location": "London, United Kingdom", "title": "Advisor"}], "education": [{"institution": "INSEAD", "degree_details": {"degree_name": "MBA", "field_of_study": "International Business", "dates_attended_or_expected_graduation": "2002 \u2013 2002"}}, {"institution": "McGill University", "degree_details": {"degree_name": "Certificate", "field_of_study": "IT/MIS", "dates_attended_or_expected_graduation": "1995 \u2013 1997"}}, {"institution": "University of Waterloo", "degree_details": {"degree_name": "B. Applied Science", "field_of_study": "Engineering", "dates_attended_or_expected_graduation": "1990 \u2013 1995"}}], "employee_name": "wnwUG7bvq0ttnHwu9KspJKGJ*8U5BNlZVoKFY46i75pRDug==*y89XtZTsFUXJFGlIhPibng==*Xp1767t9ZpoNNOKvsedWtQ=="}, {"experience": [{"company_name": "arago GmbH", "dates_employed": "May 2020\u2013Present", "employment_duration": "2 yrs 1 mo", "location": "Exeter, England, United Kingdom", "title": "Vice President Of Engineering"}, {"company_name": "arago GmbH", "dates_employed": "Dec 2017\u2013Present", "employment_duration": "4 yrs 6 mos", "location": "Exeter, United Kingdom", "title": "Director of Knowledge Management"}, {"company_name": "arago GmbH", "dates_employed": "Feb 2014\u2013Dec 2017", "employment_duration": "3 yrs 11 mos", "location": "Exeter, United Kingdom", "title": "Senior Software Engineer"}], "education": [{"institution": "University of Exeter", "degree_details": {"degree_name": "1st BSc Hons", "field_of_study": "Computer Science", "dates_attended_or_expected_graduation": "2006 \u2013 2009"}}], "employee_name": "lAA6G7dIaG8=*tQEy6r8wMDnlhHvEUsXcOw==*u+TyupvGGBmDuPQVraW7bw==*rWbs6AEfRc9sNaXTC0lVxw=="}, {"experience": [{"company_name": "arago GmbH", "dates_employed": "Jul 2020\u2013Present", "employment_duration": "1 yr 11 mos", "location": "Frankfurt am Main, Hesse, Germany", "title": "Chief Technology Officer"}, {"company_name": "arago GmbH", "dates_employed": "Apr 2015\u2013Jul 2020", "employment_duration": "5 yrs 4 mos", "location": "Frankfurt Am Main Area, Germany", "title": "Vice President Research & Development"}, {"company_name": "arago GmbH", "dates_employed": "May 2011\u2013Mar 2015", "employment_duration": "3 yrs 11 mos", "location": null, "title": "Head of Technologies"}, {"company_name": "arago GmbH", "dates_employed": "Mar 2009\u2013Apr 2011", "employment_duration": "2 yrs 2 mos", "location": "Frankfurt Am Main Area, Germany", "title": "Senior Software Engineer"}, {"company_name": "CONWEAVER GmbH", "dates_employed": "Oct 2008\u2013Feb 2009", "employment_duration": "5 mos", "location": "Darmstadt Area, Germany", "title": "Software Architect"}], "education": [{"institution": "Technische Universit\u00e4t Darmstadt", "degree_details": {"degree_name": "Dipl.-Ing.-Inf.", "field_of_study": "Informatics", "dates_attended_or_expected_graduation": null}}], "employee_name": "AC+Ey9NIt+IKel4=*I4uE3m55I+umH6UI62jVag==*xXcWRuZ+AAtywDJ50BoSLg==*yFuq/DJ56omY1mMQOiX3JA=="}, {"experience": [{"company_name": "arago GmbH", "dates_employed": "May 2017\u2013Present", "employment_duration": "5 yrs 1 mo", "location": "Frankfurt Am Main Area, Germany", "title": "Consultant - AI Strategy & Special Projects"}, {"company_name": "M&A Review", "dates_employed": "Mar 2015\u2013Jul 2016", "employment_duration": "1 yr 5 mos", "location": "St. Gallen", "title": "Editor"}, {"company_name": "Greenhill & Co.", "dates_employed": "Sep 2014\u2013Jan 2015", "employment_duration": "5 mos", "location": "Frankfurt Am Main Area, Germany", "title": "Intern: Investment Banking Division (IBD)"}, {"company_name": "KPMG", "dates_employed": "Oct 2013\u2013Dec 2013", "employment_duration": "3 mos", "location": "Frankfurt am Main und Umgebung, Deutschland", "title": "Intern: Transaction Services"}, {"company_name": "WMPartners Wealth Management Ltd.", "dates_employed": "Jul 2012\u2013Sep 2012", "employment_duration": "3 mos", "location": "Z\u00fcrich und Umgebung, Schweiz", "title": "Intern: Wealth and M&A Research"}], "education": [{"institution": "University of St.Gallen", "degree_details": {"degree_name": "Master of Arts (M.A.)", "field_of_study": "Accounting and Finance", "dates_attended_or_expected_graduation": "2015 \u2013 2016"}}, {"institution": "Stellenbosch University", "degree_details": {"degree_name": "Visiting Postgraduate Student", "field_of_study": "Accounting and Finance", "dates_attended_or_expected_graduation": "2016 \u2013 2016"}}, {"institution": "University of St.Gallen", "degree_details": {"degree_name": "Bachelor of Arts (BA)", "field_of_study": "Business Administration", "dates_attended_or_expected_graduation": "2010 \u2013 2015"}}], "employee_name": "RxnsWfLYJM2zIAxsgqQ=*r8QUQBP0558ughUJHlB/2Q==*FM/JOgq7YAJsb1RuHsPh7g==*WMhWDa4g3edFtsqg+eR3eA=="}, {"experience": [{"company_name": "arago GmbH", "dates_employed": "Apr 1998\u2013Present", "employment_duration": "24 yrs 2 mos", "location": "Frankfurt am Main und Umgebung, Deutschland", "title": "Automation Expert"}], "education": [{"institution": "Ulm University", "degree_details": {"field_of_study": "E-Technik", "dates_attended_or_expected_graduation": "1990 \u2013 1998", "degree_name": null}}], "employee_name": "/j+slY/V+h4qHPzyvA==*umBL9bGmqgprxwVdoEe4eA==*o0MmFmGFhZETj4nheYDnpA==*Z2DBDGPqFJB97ut4U+waMw=="}, {"experience": [{"company_name": "arago GmbH", "dates_employed": "Oct 2018\u2013Present", "employment_duration": "3 yrs 8 mos", "location": "Frankfurt am Main und Umgebung, Deutschland", "title": "IT Project Manager"}, {"company_name": "Profidata Group", "dates_employed": "2013\u20132018", "employment_duration": "5 yrs", "location": "Frankfurt am Main und Umgebung, Deutschland", "title": "IT Project Consultant"}], "education": [{"institution": "Leuphana University of L\u00fcneburg", "degree_details": {"degree_name": "Bachelor of Laws - LLB", "field_of_study": "Wirtschaftswissenschaften", "dates_attended_or_expected_graduation": null}}], "employee_name": "qgmJCPv2qXUns0RqDm4=*gOd7/qgdL0XfPsbWmWcYIg==*qRl0Rb8oqH27WvH8ORB/+g==*kIG+Zi3bnrCGG/rDSERpBA=="}, {"experience": [{"company_name": "arago GmbH", "dates_employed": "Apr 1999\u2013Present", "employment_duration": "23 yrs 2 mos", "location": null, "title": "DevOps Engineer"}, {"company_name": "PC-Klinik", "dates_employed": "Jan 1995\u2013Mar 1999", "employment_duration": "4 yrs 3 mos", "location": "R\u00fcsselsheim", "title": "Deputy General Manager"}], "education": [{"institution": "Werner Heisenberg, R\u00fcsselsheim", "degree_details": {"dates_attended_or_expected_graduation": "1989 \u2013 1991", "degree_name": null, "field_of_study": null}}, {"institution": "Max-Planck, R\u00fcsselsheim", "degree_details": {"dates_attended_or_expected_graduation": "1984 \u2013 1989", "degree_name": null, "field_of_study": null}}], "employee_name": "6MQiLQ6UQN8CgdNwwv3H*YCZkVQ5qA2BhUOsGtc+6CA==*NbriaoMcM/zTb3S1SQskjA==*8N4HNy1J9DEtlP5QeAPgOg=="}, {"experience": [{"company_name": "arago GmbH", "dates_employed": "May 1999\u2013Present", "employment_duration": "23 yrs 1 mo", "location": null, "title": "Manager"}], "education": null, "employee_name": "L5Sd7KmzJOMwifP/aTNF*Hyczc7wfg2CcUHscunIBRw==*v40IYRhwQ99Pxb/5Kbdgqw==*geQZPsNw9NQTtSLsbOseFg=="}, {"experience": [{"company_name": "arago GmbH", "dates_employed": "Aug 2020\u2013Present", "employment_duration": "1 yr 10 mos", "location": "Frankfurt am Main, Hesse, Germany", "title": "Entwicklungsleiter"}, {"company_name": "arago GmbH", "dates_employed": "Nov 2019\u2013Aug 2020", "employment_duration": "10 mos", "location": "Frankfurt am Main, Hesse, Germany", "title": "Senior Software Engineer"}, {"company_name": "arago GmbH", "dates_employed": "Jul 2017\u2013Nov 2019", "employment_duration": "2 yrs 5 mos", "location": "Frankfurt Am Main Area, Germany", "title": "Researcher"}, {"company_name": "IBM Deutschland", "dates_employed": "Nov 2016\u2013Jun 2017", "employment_duration": "8 mos", "location": "Kelsterbach, Germany", "title": "Master Thesis Student"}, {"company_name": "die-masterarbeit.de", "dates_employed": "Sep 2016\u2013Oct 2016", "employment_duration": "2 mos", "location": "Berlin Area, Germany", "title": "Software Developer"}], "education": [{"institution": "Technische Universit\u00e4t Darmstadt", "degree_details": {"degree_name": "Master's Degree", "field_of_study": "Informatik/ Distributed Software Systems", "dates_attended_or_expected_graduation": "2013 \u2013 2016"}}, {"institution": "Government Engineering college sector-28, Gandhinagar", "degree_details": {"degree_name": "Bachelor's Degree", "field_of_study": "Computer Engineering", "dates_attended_or_expected_graduation": "2008 \u2013 2012"}}, {"institution": "M.N.J Patel HIghschool", "degree_details": {"degree_name": "High School", "dates_attended_or_expected_graduation": "2011 \u2013 2012", "field_of_study": null}}], "employee_name": "VtYaK8A6wnH/DyaOfFNBvy8=*gi5pxV2jrNe98THvkCiO/w==*uigx7dqZgZbev5p9c1Q7Og==*cWnlqXhl8E1zkeRYV4s+2w=="}, {"experience": [{"company_name": "arago GmbH", "dates_employed": "May 2018\u2013Present", "employment_duration": "4 yrs 1 mo", "location": null, "title": "Marketing Video Producer"}, {"company_name": "\u00f6ffentliche Einrichtungen", "dates_employed": "2011\u2013Present", "employment_duration": "11 yrs", "location": null, "title": "Trainer"}, {"company_name": "Goethe-Universit\u00e4t Frankfurt a. Main, zentrale eLearning-Einrichtung", "dates_employed": "Feb 2011\u2013Jan 2018", "employment_duration": "7 yrs", "location": "Frankfurt am Main und Umgebung, Deutschland", "title": "Projektmanager Medienproduktion/Leiter des Videostudios"}], "education": [{"institution": "Hochschule f\u00fcr angewandte Wissenschaften W\u00fcrzburg-Schweinfurt", "degree_details": {"degree_name": "Diplom-Designer", "field_of_study": "Kommunikationsdesign", "dates_attended_or_expected_graduation": "2004 \u2013 2009"}}, {"institution": "Hochschule Harz", "degree_details": {"degree_name": "Grundstudium", "field_of_study": "Medieninformatik", "dates_attended_or_expected_graduation": "2002 \u2013 2004"}}], "employee_name": "5nQ+peV6YvnAv9U=*cqPZ7ffOw12LGT26Q8nqGg==*LWrkwfqTPuMqnnOr1dNCsQ==*btgHsJjkm8UggcKme8ogdg=="}, {"experience": [{"company_name": "arago GmbH", "dates_employed": "Jul 2020\u2013Present", "employment_duration": "1 yr 11 mos", "location": "Frankfurt am Main, Hessen, Deutschland", "title": "Head of HR"}, {"company_name": "arago GmbH", "dates_employed": "Feb 2017\u2013Jul 2020", "employment_duration": "3 yrs 6 mos", "location": "Frankfurt am Main und Umgebung, Deutschland", "title": "HR Manager"}], "education": [{"institution": "Technische Hochschule Mittelhessen", "degree_details": {"dates_attended_or_expected_graduation": "2011 \u2013 2016", "degree_name": null, "field_of_study": null}}], "employee_name": "XJMZ7eAbfpyciBXUUXc=*Lrkcla87OeQxOa0TztZ+yA==*0bdIjo7MlxhjiFeYW6d+xg==*whdB6d9lI8+W5kYB2a0wbA=="}, {"experience": [{"company_name": "arago GmbH", "dates_employed": "Jul 2017\u2013Present", "employment_duration": "4 yrs 11 mos", "location": "Bengaluru, Karnataka, India", "title": "AI Expert"}, {"company_name": "Oracle India", "dates_employed": "Jul 2014\u2013Jun 2017", "employment_duration": "3 yrs", "location": "bangalore", "title": "Senior Application Engineer"}, {"company_name": "Tata Consultancy Services", "dates_employed": "Sep 2011\u2013Jul 2014", "employment_duration": "2 yrs 11 mos", "location": "Bengaluru Area, India", "title": "Software Engineer"}], "education": [{"institution": "Guru Nanak Dev University", "degree_details": {"degree_name": "Bachelor of Technology (BTech)", "field_of_study": "Computer Science", "dates_attended_or_expected_graduation": "2007 \u2013 2011"}}, {"institution": "M G N Public School Kapurthala", "degree_details": {"degree_name": "CBSE 10th", "dates_attended_or_expected_graduation": null, "field_of_study": null}}, {"institution": "M G N Public School Jalandhar", "degree_details": {"degree_name": "12th CBSE", "dates_attended_or_expected_graduation": null, "field_of_study": null}}], "employee_name": "uEJDEDyDFDlJzQ==*XB0kEeupa/O9z/nPdVbQxg==*b/+X92OsGDsVLsFUjf8Hbg==*Bi/STq0lPfjCOksnf4ggUw=="}, {"experience": [{"company_name": "arago GmbH", "dates_employed": "Feb 2022\u2013Present", "employment_duration": "4 mos", "location": "Frankfurt am Main, Hessen, Deutschland", "title": "Head Of Finance Department"}, {"company_name": "arago GmbH", "dates_employed": "Oct 2020\u2013Jan 2022", "employment_duration": "1 yr 4 mos", "location": null, "title": "HR Manager"}, {"company_name": "passcon GmbH", "dates_employed": "Mar 2018\u2013Feb 2021", "employment_duration": "3 yrs", "location": "Frankfurt am Main, Hessen, Deutschland", "title": "Controller Buchhaltung"}, {"company_name": "arago GmbH", "dates_employed": "Oct 2014\u2013Feb 2018", "employment_duration": "3 yrs 5 mos", "location": "Frankfurt am Main, Hessen, Deutschland", "title": "Accountant"}, {"company_name": "Frankfurter Volksbank eG", "dates_employed": "Oct 2012\u2013Sep 2014", "employment_duration": "2 yrs", "location": "Frankfurt am Main, Hessen, Deutschland", "title": "Kundenberaterin"}], "education": null, "employee_name": "Dw6VaXya+0RMqGUpmKjUGew=*ZIwdQOdHOkI60Ulf5d+UQQ==*9B5wpJPxIvkEPF4VLVhzuA==*vXtOLVATPDnjxyS3nVn/fg=="}, {"experience": [{"company_name": "arago AG", "dates_employed": "Mar 2003\u2013Present", "employment_duration": "19 yrs 3 mos", "location": null, "title": "Projektleiter IT"}], "education": [{"institution": "Technische Universit\u00e4t Darmstadt", "degree_details": {"degree_name": "Vordiplom", "field_of_study": "Wirtschaftsinformatik", "dates_attended_or_expected_graduation": "1998 \u2013 2003"}}], "employee_name": "3f/yijKgvitvEt3Op3wy*06KaJmv45hh9H1Ay/ZwzAw==*xpuhnLMwT3UqXe1Br9LOkw==*Sc9LPcbFZ74T1184Q38U8w=="}, {"experience": [{"company_name": "arago GmbH", "dates_employed": "Nov 2019\u2013Present", "employment_duration": "2 yrs 7 mos", "location": "Frankfurt am Main, Hesse", "title": "Senior Elixir Developer"}, {"company_name": "Talking Bytes", "dates_employed": "Mar 2016\u2013Present", "employment_duration": "6 yrs 3 mos", "location": "Belgrade, Serbia", "title": "System Architect and Elixir team lead"}, {"company_name": "Vibe Network", "dates_employed": "Feb 2016\u2013Present", "employment_duration": "6 yrs 4 mos", "location": "Belgrade, Serbia", "title": "Software Architect / Technical Lead"}, {"company_name": "Wunder Mobility", "dates_employed": "Apr 2019\u2013Aug 2019", "employment_duration": "5 mos", "location": "Hamburg Area, Germany", "title": "Principal Elixir Engineer"}, {"company_name": "Nutanix", "dates_employed": "Aug 2018\u2013Mar 2019", "employment_duration": "8 mos", "location": "Serbia", "title": "Technical Consultant for Elixir"}], "education": [{"institution": "University of Belgrade", "degree_details": {"dates_attended_or_expected_graduation": "1997 \u2013 2001", "degree_name": null, "field_of_study": null}}, {"institution": "Nikola Tesla", "degree_details": {"degree_name": "Technician", "field_of_study": "Computer Science", "dates_attended_or_expected_graduation": "1993 \u2013 1997"}}], "employee_name": "EJ0Yubzt1540BLqKsg==*/FDaxpUHnBhCGr0ewsH4RQ==*ADJ7JfdWkMvpqHjcGqB8yg==*YgcJJfy0vEpZMvnAMRVbnw=="}, {"experience": [{"company_name": "arago GmbH", "dates_employed": "Nov 2019\u2013Present", "employment_duration": "2 yrs 7 mos", "location": "Frankfurt Am Main Area, Germany", "title": "Systems Architect"}, {"company_name": "arago GmbH", "dates_employed": "Jul 2018\u2013Nov 2019", "employment_duration": "1 yr 5 mos", "location": "Frankfurt Am Main Area, Germany", "title": "Head of Backend Development"}, {"company_name": "arago GmbH", "dates_employed": "Jul 1997\u2013Jul 2018", "employment_duration": "21 yrs 1 mo", "location": "Frankfurt am Main, Deutschland", "title": "Director HIRO Engine"}], "education": [{"institution": "Fachhochschule Wiesbaden", "degree_details": {"degree_name": "Diplom", "field_of_study": "Informatik", "dates_attended_or_expected_graduation": "1994 \u2013 2001"}}], "employee_name": "s1T/d3veIHD1f5PY8zjWG14=*vPN2qEOqFFf5qgtZcKhosw==*RdnvAPztfsxXjMf8ca7MAA==*6Jg/+caj+UABUkbJCYAarA=="}, {"experience": [{"company_name": "arago GmbH", "dates_employed": "Sep 2018\u2013Present", "employment_duration": "3 yrs 9 mos", "location": "Hyderabad Area, India", "title": "Sales Director"}, {"company_name": "HCL Technologies", "dates_employed": "Oct 2014\u2013Sep 2018", "employment_duration": "4 yrs", "location": "Hyderabad Area, India", "title": "Delivery Head"}, {"company_name": "Wipro", "dates_employed": "Jul 2013\u2013Sep 2014", "employment_duration": "1 yr 3 mos", "location": "Hyderabad Area, India", "title": "Head of Business Operations"}, {"company_name": "Wipro", "dates_employed": "Mar 2010\u2013Jun 2013", "employment_duration": "3 yrs 4 mos", "location": "Hyderabad Area, India", "title": "Delivery Head"}, {"company_name": "Tata Consultancy Services", "dates_employed": "Aug 2008\u2013Feb 2010", "employment_duration": "1 yr 7 mos", "location": "Hyderabad Area, India", "title": "Delivery Head"}], "education": [{"institution": "Indian Institute of Technology, Kharagpur", "degree_details": {"degree_name": "M. Tech", "field_of_study": "Environmental Engineering", "dates_attended_or_expected_graduation": "1993 \u2013 1995"}}, {"institution": "Andhra University", "degree_details": {"degree_name": "B.E.", "field_of_study": "Civil Engineering", "dates_attended_or_expected_graduation": "1989 \u2013 1993"}}], "employee_name": "GOvOWho57tTA/wLaLfF2Fik=*4VOupnff5xkgnhgTuKCyMg==*iGzmgZFI8H1c2Q8u1DzQ/A==*MhP+dohrekAzXdKDLDIzQg=="}, {"experience": [{"company_name": "arago GmbH", "dates_employed": "Feb 2017\u2013Present", "employment_duration": "5 yrs 4 mos", "location": "New York City", "title": "AI Expert"}, {"company_name": "IBM", "dates_employed": "Apr 2013\u2013Dec 2016", "employment_duration": "3 yrs 9 mos", "location": "Wroclaw, Lower Silesian District, Poland", "title": "Delivery Technology & Engineering Tivoli Team Manager"}, {"company_name": "IBM GSDC Polska Sp. z o.o.", "dates_employed": "Dec 2011\u2013Mar 2013", "employment_duration": "1 yr 4 mos", "location": "Wroc\u0142aw Area, Poland", "title": "Team Leader"}, {"company_name": "IBM", "dates_employed": "Apr 2011\u2013Mar 2013", "employment_duration": "2 yrs", "location": null, "title": "Wintel Administrator 2nd level"}, {"company_name": "Bank Zachodni WBK S.A.", "dates_employed": "Jul 2008\u2013Mar 2011", "employment_duration": "2 yrs 9 mos", "location": null, "title": "Senior IT Engineer"}], "education": [{"institution": "2004 -2009 Wroclaw University of Technology Faculty of Electronics", "degree_details": {"degree_name": "of Computer Science M. Sc", "field_of_study": "Computer Engineering", "dates_attended_or_expected_graduation": "2004 \u2013 2009"}}, {"institution": "Wroclaw University of Science and Technology", "degree_details": {"degree_name": "MSc", "field_of_study": "Information Technology", "dates_attended_or_expected_graduation": "2003 \u2013 2008"}}], "employee_name": "+b+aUN3DIFlAKNdfcCbU*Ifah9diCEUrAAmfKhPA+iQ==*fSpbb8lnxwQ8TMZhauVt8w==*HRwMhkEzEqrvLeLziLJdQA=="}, {"experience": [{"company_name": "ARES FORMATION - Alpha Primo", "dates_employed": "May 2017\u2013Present", "employment_duration": "5 yrs 1 mo", "location": "ROANNE", "title": "Directeur d'\u00e9tablissement technique priv\u00e9"}, {"company_name": "Minist\u00e8re du Travail", "dates_employed": "Dec 2019\u2013Present", "employment_duration": "2 yrs 6 mos", "location": "Auvergne-Rh\u00f4ne-Alpes, France", "title": "Jury pour le titre professionnel d\u00e9veloppeur web et web mobile"}, {"company_name": "Alpha PRIMO", "dates_employed": "Jun 2013\u2013Present", "employment_duration": "9 yrs", "location": null, "title": "G\u00e9rant - Chef de projet"}, {"company_name": "Centre de formation Arago Saint anne", "dates_employed": "Sep 2010\u2013Present", "employment_duration": "11 yrs 9 mos", "location": null, "title": "Formateur pour BTS Assistant de Gestion"}, {"company_name": "ALPHAPRIMO", "dates_employed": "Sep 2016\u2013Dec 2017", "employment_duration": "1 yr 4 mos", "location": "ROANNE", "title": "Chef de projet"}], "education": [{"institution": "Universit\u00e9 Jean Monnet Saint-Etienne", "degree_details": {"degree_name": "Licence professionnelle Syst\u00e8me Infomatique et Logiciel", "field_of_study": "Informatique - Gestion de projet", "dates_attended_or_expected_graduation": "2003 \u2013 2007"}}, {"institution": "freeCodeCamp", "degree_details": {"degree_name": "Responsive Web Design Certification", "field_of_study": "D\u00e9veloppement Web", "dates_attended_or_expected_graduation": "2018 \u2013 2018"}}, {"institution": "Cisco Networking Academy", "degree_details": {"degree_name": "l'Internet of Everything - obtenu en octobre 2016", "field_of_study": "Gestion / responsable des syst\u00e8mes, r\u00e9seaux et LAN / WAN", "dates_attended_or_expected_graduation": null}}], "employee_name": "8fxjbc/CWxR4r4Y=*oyKObZ5GFia4G2ZQYXthuA==*SUhEn2ByACZJFoINkvEj/w==*GL1adwR1RG/0Z48xdTRZ3Q=="}, {"experience": [{"company_name": "arago GmbH", "dates_employed": "Sep 2018\u2013Present", "employment_duration": "3 yrs 9 mos", "location": "Frankfurt am Main und Umgebung, Deutschland", "title": "Change Agent"}, {"company_name": "International School of Management, Germany", "dates_employed": "Sep 2019\u2013Present", "employment_duration": "2 yrs 9 mos", "location": "Frankfurt am Main, Hessen", "title": "Lehrbeauftragte f\u00fcr Psychologie"}, {"company_name": "Hochschule Fresenius University of Applied Sciences", "dates_employed": "Sep 2018\u2013Feb 2019", "employment_duration": "6 mos", "location": "Frankfurt am Main und Umgebung, Deutschland", "title": "Lehrbeauftragte an der Hochschule Fresenius"}, {"company_name": "Willis Towers Watson", "dates_employed": "Jun 2016\u2013Jul 2018", "employment_duration": "2 yrs 2 mos", "location": null, "title": "Junior HR Consultant - Executive Compensation"}, {"company_name": "Kienbaum", "dates_employed": "Oct 2012\u2013Jan 2013", "employment_duration": "4 mos", "location": "D\u00fcsseldorf und Umgebung, Deutschland", "title": "Praktikant im Hochschulmarketing"}], "education": [{"institution": "Quantic School of Business and Technology", "degree_details": {"degree_name": "Master of Business Administration - MBA", "field_of_study": "Business, Management, Marketing und verbundene unterst\u00fctzende Dienste", "dates_attended_or_expected_graduation": "2021 \u2013 2022"}}, {"institution": "Graduate School of Systemic Neurosciences - LMU Munich", "degree_details": {"degree_name": "Doctor of Philosophy - PhD", "field_of_study": "Psychologie", "dates_attended_or_expected_graduation": "2013 \u2013 2016"}}, {"institution": "Ludwig-Maximilians-Universit\u00e4t M\u00fcnchen", "degree_details": {"degree_name": "Doktor (Ph.D.)", "field_of_study": "Psychologie", "dates_attended_or_expected_graduation": "2013 \u2013 2016"}}], "employee_name": "lVUfwcgZ2hl/K0J6VnKyKEgftWEeDSnT*Oixb+qAIMAX53yZxQ4dovg==*Q7E0/wlgKRRbZs2torjlog==*Aw/27azKY+7Eq0aKdHPiEw=="}, {"experience": [{"company_name": "arago GmbH", "dates_employed": "Oct 2020\u2013Present", "employment_duration": "1 yr 8 mos", "location": "Madrid, Community of Madrid, Spain", "title": "Agile Automation Coach"}, {"company_name": "Extron Electronics", "dates_employed": "Sep 2016\u2013May 2020", "employment_duration": "3 yrs 9 mos", "location": "Madrid Area, Spain", "title": "Technical Trainer"}, {"company_name": "Extron", "dates_employed": "Nov 2011\u2013May 2020", "employment_duration": "8 yrs 7 mos", "location": "Amersfoort", "title": "Applications Engineer"}, {"company_name": "INESC (Institute for Systems and computer Engineering of Porto)", "dates_employed": "Sep 2008\u2013Jul 2010", "employment_duration": "1 yr 11 mos", "location": "Porto, Portugal", "title": "Researcher at the Multimedia and Telecommunication Deparment"}, {"company_name": "Universidad Polit\u00e9cnica de Madrid", "dates_employed": "Nov 2005\u2013Jul 2006", "employment_duration": "9 mos", "location": "Madrid Area, Spain", "title": "Internship at the Physics and Mathematics Department."}], "education": [{"institution": "KeepCoding", "degree_details": {"degree_name": "FULL STACK BIG DATA, AI Y MACHINE LEARNING BOOTCAMP", "field_of_study": "Artificial Intelligence", "dates_attended_or_expected_graduation": "2020"}}, {"institution": "Blekinge Institute of Technology", "degree_details": {"dates_attended_or_expected_graduation": "2006 \u2013 2007", "degree_name": null, "field_of_study": null}}, {"institution": "Universidad Polit\u00e9cnica de Madrid", "degree_details": {"degree_name": "BSc in Telecommunications Engineering, majored Sound and Image", "field_of_study": "Telecommunications", "dates_attended_or_expected_graduation": "2001 \u2013 2007"}}], "employee_name": "6/L0q/eIfvU4A0TC*0dHDhekGxtOXgdHpW2Lp3g==*CxsvAhOzb3ALWr0cOxjeUQ==*yTtFeKrQD1XuJDQ2oWDQ5A=="}, {"experience": [{"company_name": "arago GmbH", "dates_employed": "2012\u2013Present", "employment_duration": "10 yrs", "location": "Frankfurt am Main", "title": "HR Manager Administration"}, {"company_name": "arago AG", "dates_employed": "2006\u20132011", "employment_duration": "5 yrs", "location": "Frankfurt am Main", "title": "Assistentin des Vorstands"}, {"company_name": "Officemanagement Barbara Schmidt", "dates_employed": "2005\u20132006", "employment_duration": "1 yr", "location": "Gro\u00dfraum Rhein-Main", "title": "Officemanager"}, {"company_name": "Hospiz Arche Noah", "dates_employed": "2003\u20132004", "employment_duration": "1 yr", "location": "Schmitten im Taunus", "title": "Heimleiterin"}, {"company_name": "Helaba Invest Kapitalanlagegesellschaft mbH", "dates_employed": "1995\u20132003", "employment_duration": "8 yrs", "location": null, "title": "Gruppenleiterin EDV/Reporting"}], "education": [{"institution": "Verwaltungs- und Wirtschafts-Akademie Frankfurt", "degree_details": {"degree_name": "Diplom-Betriebswirt (VWA)", "field_of_study": "Organisation, Personalwesen", "dates_attended_or_expected_graduation": "1992 \u2013 1995"}}, {"institution": "RWE Betriebsverwaltung Nike", "degree_details": {"degree_name": "Industriekauffrau", "dates_attended_or_expected_graduation": "1986 \u2013 1988", "field_of_study": null}}], "employee_name": "MvwbH36V8oKzSShRki5K*v/wtxePBfC433shn0MTzSg==*Cm9uRA8HU0nQiYMxHaxxqQ==*3xQPRRlkFn5aGzQKOiCaVA=="}, {"experience": [{"company_name": "arago Consulting GmbH", "dates_employed": "2000\u2013Present", "employment_duration": "22 yrs", "location": "Frankfurt am Main und Umgebung, Deutschland", "title": "Gesch\u00e4ftsf\u00fchrer"}, {"company_name": "arago AG", "dates_employed": "Nov 1995\u2013Present", "employment_duration": "26 yrs 7 mos", "location": null, "title": "Gesch\u00e4ftsf\u00fchrer"}], "education": null, "employee_name": "A1z30wGhs2FzK6z7RXPfkw==*syv1sWn0lDCC1eIMCMT4RA==*2xEZLgLUg3iQtGhb9hC7mw==*WtMU5888FBFuxVFwkNP6Cw=="}, {"experience": null, "education": null, "employee_name": "PN3enDopp81jyEutX39k*GnEVCMSyakyJdcOyyS45nA==*pR7qKBbINEdg2p9KwNYarA==*CeIUMKwuj8/5p6nhZWU5aw=="}, {"experience": null, "education": null, "employee_name": "ifscB8cvxAJJK22Iz4BF*cFo3KdX9ouCJ5wcxcUZoQg==*4mpxguvSN1TQm0awEcr6pA==*04NkqiloBKVZPafAP94lYw=="}, {"experience": [{"company_name": "arago GmbH", "dates_employed": "Dec 2012\u2013Present", "employment_duration": "9 yrs 6 mos", "location": "Frankfurt Am Main, Germany", "title": "Senior Software Engineer"}, {"company_name": "Festo Bionic Lab, Arago", "dates_employed": "Nov 2017\u2013Apr 2018", "employment_duration": "6 mos", "location": "Stuttgart Area, Germany", "title": "BionicWorkplace"}, {"company_name": "Software MacKiev", "dates_employed": "Dec 2005\u2013Sep 2012", "employment_duration": "6 yrs 10 mos", "location": "Kiev, Ukraine", "title": "Software Engineer"}], "education": [{"institution": "Hochschule Darmstadt, Germany", "degree_details": {"degree_name": "Master of Science (M.S.)", "field_of_study": "Computer Science", "dates_attended_or_expected_graduation": "2012 \u2013 2015"}}, {"institution": "Odessa I.I.Mechnikov National University", "degree_details": {"degree_name": "Bachelor of Applied Science (B.A.Sc.)", "field_of_study": "Theoretical Mechanics", "dates_attended_or_expected_graduation": "2000 \u2013 2005"}}], "employee_name": "Yo/G7xiyn+lRQim4UjqrqdJIOs5l*N02s884AqyKDdEeFw5k0Cg==*YS1x8Pvtjs56DinowESuNQ==*lANsBkNfndyU8HiliPD0jA=="}, {"experience": [{"company_name": "arago GmbH", "dates_employed": "Mar 2020\u2013Present", "employment_duration": "2 yrs 3 mos", "location": "Frankfurt am Main, Hessen", "title": "Executive Assistant to Founder"}, {"company_name": "arago GmbH", "dates_employed": "Sep 2013\u2013Mar 2020", "employment_duration": "6 yrs 7 mos", "location": null, "title": "Executive Assistant To Chief Executive Officer and Founder"}, {"company_name": "YIT Germany GmbH", "dates_employed": "2008\u20132013", "employment_duration": "5 yrs", "location": "Frankfurt am Main und Umgebung, Deutschland", "title": "Sekret\u00e4rin des Projektleiters \u201cThe Squaire\"/ Flughafen Frankfurt"}, {"company_name": "JetConnection Businessflight AG", "dates_employed": "2002\u20132008", "employment_duration": "6 yrs", "location": "Frankfurt am Main und Umgebung, Deutschland", "title": "Assistentin der Gesch\u00e4ftsleitung"}, {"company_name": "AEG Hausger\u00e4te GmbH", "dates_employed": "1995\u20132001", "employment_duration": "6 yrs", "location": "Frankfurt am Main und Umgebung, Deutschland", "title": "Sekret\u00e4rin des Vorstandsvorsitzenden"}], "education": null, "employee_name": "XYDX+0pRFGhIj631*GFQVsux/WQT6f65zxcvN1A==*n0VEHyOpkZpwk9dNAawC3A==*FCvgpIM9mUsTfl9qaNoaTg=="}, {"experience": [{"company_name": "arago GmbH", "dates_employed": "Jan 2021\u2013Present", "employment_duration": "1 yr 5 mos", "location": "Madrid, Community of Madrid, Spain", "title": "KI Writer"}, {"company_name": "IBM", "dates_employed": "Jul 2018\u2013Jan 2021", "employment_duration": "2 yrs 7 mos", "location": "Lisbon Area, Portugal", "title": "Robotic Process Automation Engineer/Scrum Master"}, {"company_name": "Central de Cervejas e Bebidas", "dates_employed": "Jun 2018\u2013Aug 2018", "employment_duration": "3 mos", "location": "Lisbon Area, Portugal", "title": "Operational Processes Designer"}, {"company_name": "SIBS", "dates_employed": "Mar 2018\u2013Aug 2018", "employment_duration": "6 mos", "location": "Lisbon", "title": "API Automation Engineer/Scrum Master"}, {"company_name": "Portugal Telecom - IBM", "dates_employed": "Oct 2017\u2013Feb 2018", "employment_duration": "5 mos", "location": "Lisbon Area, Portugal", "title": "Scrum Master"}], "education": [{"institution": "Universidade Lus\u00f3fona de Tecnologias, Portugal", "degree_details": {"degree_name": "Master's Degree", "field_of_study": "Computer Engineering", "dates_attended_or_expected_graduation": "1996 \u2013 2004"}}], "employee_name": "6RecyoLQU94gKXoro3gVp9I=*EjafIwiQWg5T8mjgcCDqAw==*EoopZ9SLt9gPLdqq3J2Szw==*6EKA+lbqDZpR4Q2gCaO+Qg=="}, {"experience": [{"company_name": "Move Technologies", "dates_employed": "Apr 2018\u2013Present", "employment_duration": "4 yrs 2 mos", "location": null, "title": "Senior Software Engineer"}, {"company_name": "arago GmbH", "dates_employed": null, "employment_duration": null, "location": null, "title": "Software Engineer"}], "education": [{"institution": "Royal Holloway, University of London", "degree_details": {"degree_name": "Master of Science - MS", "field_of_study": "Information Security", "dates_attended_or_expected_graduation": "2017 \u2013 2021"}}, {"institution": "Imperial College London", "degree_details": {"degree_name": "Bachelor of Science - BS", "field_of_study": "Mathematics", "dates_attended_or_expected_graduation": "1999 \u2013 2002"}}], "employee_name": "AN/DSkY38FJXIG//*qf2qWFXEGZoRCk+qeTVd1A==*jVgRkGH3/OxfT76LmFok7A==*e2ZGpOuvx0RWx9WFe8eHvA=="}, {"experience": [{"company_name": "arago GmbH", "dates_employed": "Sep 1999\u2013Present", "employment_duration": "22 yrs 9 mos", "location": null, "title": "Softwareingenieur"}], "education": [{"institution": "RheinMain University of Applied Sciences", "degree_details": {"degree_name": "Diplom", "field_of_study": "Informatik", "dates_attended_or_expected_graduation": null}}], "employee_name": "Y5j0Zx5qesm2B1MoP9DhkQ==*IGXwWniMH2iKatXl0AmQUQ==*n5sE90B/kRGY8wNvbC/N+A==*CUdVG6rVxu3IFZz2U1T13Q=="}, {"experience": [{"company_name": "arago GmbH", "dates_employed": "Jul 2015\u2013Present", "employment_duration": "6 yrs 11 mos", "location": null, "title": "DevOps-Ingenieur"}, {"company_name": "\u00d6RAG Rechtsschutzversicherungs-AG", "dates_employed": "May 2010\u2013Jun 2015", "employment_duration": "5 yrs 2 mos", "location": "D\u00fcsseldorf, Nordrhein-Westfalen, Deutschland", "title": "Systemadministrator"}, {"company_name": "ATX Europe GmbH", "dates_employed": "Jan 2002\u2013Apr 2010", "employment_duration": "8 yrs 4 mos", "location": "D\u00fcsseldorf, Nordrhein-Westfalen, Deutschland", "title": "Systemadministrator"}], "education": [{"institution": "TU Dortmund University", "degree_details": {"degree_name": "Diplom", "field_of_study": "Mathematik", "dates_attended_or_expected_graduation": null}}], "employee_name": "QHKeEi6F52iIXtlyv3C1jQ==*2I1Jv2/CHoXFa496Ub4hcA==*0D1R+Es3sIk39EC5TsO3jw==*ZJprl0akh64Umgyf4MKKsA=="}, {"experience": [{"company_name": "arago GmbH", "dates_employed": "Oct 2017\u2013Present", "employment_duration": "4 yrs 8 mos", "location": "Wien/Frankfurt", "title": "Sales Director"}, {"company_name": "Arago Institut f\u00fcr komplexes Datenmanagement", "dates_employed": "2003\u2013Present", "employment_duration": "19 yrs", "location": null, "title": "Sales Manager"}, {"company_name": "arago AG", "dates_employed": "Oct 2002\u2013Present", "employment_duration": "19 yrs 8 mos", "location": null, "title": "Sales & Key Account Manager"}, {"company_name": "AIESEC in Germany", "dates_employed": "1996\u20132002", "employment_duration": "6 yrs", "location": null, "title": "Member"}], "education": [{"institution": "University of Bayreuth", "degree_details": {"dates_attended_or_expected_graduation": "1996 \u2013 2002", "degree_name": null, "field_of_study": null}}, {"institution": "University of Nebraska-Lincoln", "degree_details": {"dates_attended_or_expected_graduation": null, "degree_name": null, "field_of_study": null}}], "employee_name": "g+hRhqC9b3LIKO+9wxv7tkN3kA==*8QfiWG2FX9i0KxGXGt1VAw==*kCispMPAhcd/J84uOPQsSQ==*Eaz+9De+InRBckH8nCVnlQ=="}, {"experience": [{"company_name": "arago GmbH", "dates_employed": null, "employment_duration": null, "location": null, "title": "Head of Finance"}], "education": null, "employee_name": "GM5Y7dOvPLVQYnNbt32x*XUQdxG8Ik0/8YEikv6yQiw==*ToKf6c03XjYKKevgNVcCrg==*Q61dq8EzQw8cSfUVYNZJ4g=="}, {"experience": null, "education": null, "employee_name": "4vrYm3LFC7QbHJ17w0d1*M5NFAgKQwM2k/dt/ZGHVVA==*/N6uvvQt0RBB7Sgx7c94bw==*u9oIm7JYE21sO/5GAMQ68w=="}, {"experience": [{"company_name": "arago AG", "dates_employed": "Jan 2013\u2013Present", "employment_duration": "9 yrs 5 mos", "location": null, "title": "Technical Presales Consultant"}, {"company_name": "arago AG", "dates_employed": "Feb 2012\u2013Dec 2012", "employment_duration": "11 mos", "location": null, "title": "Project Administrator"}, {"company_name": "arago AG", "dates_employed": "Apr 1998\u2013Feb 2012", "employment_duration": "13 yrs 11 mos", "location": null, "title": "System Engineer"}], "education": [{"institution": "Ulm University", "degree_details": {"degree_name": "none", "dates_attended_or_expected_graduation": "1991 \u2013 1998", "field_of_study": null}}], "employee_name": "sGiQND2FeZ8y4nnrWQ==*uMwQGdQDY0IKznBdKAWsjA==*OM+/5yZU2Vl9jTUMaGPukg==*AIq6us+01F0nr+WmJDWljQ=="}, {"experience": [{"company_name": "arago GmbH", "dates_employed": "Aug 2008\u2013Present", "employment_duration": "13 yrs 10 mos", "location": "Frankfurt und Umgebung, Deutschland", "title": "UI/UX Designerin"}], "education": [{"institution": "Gutenbergschule Frankfurt am Main", "degree_details": {"dates_attended_or_expected_graduation": "2008 \u2013 2015", "degree_name": null, "field_of_study": null}}], "employee_name": "01fnwwVtH3aGDXIc5Tw=*k31EdDjkK6FeypHCx6MK6g==*020sGc+IMh3tuqLgA/HdfA==*lluiGZl99ftY7On29mcZew=="}, {"experience": [{"company_name": "arago Consulting GmbH", "dates_employed": "Jul 2009\u2013Present", "employment_duration": "12 yrs 11 mos", "location": null, "title": "Assistentin Vertrieb"}, {"company_name": "arago teleservice, arago AG", "dates_employed": "Nov 1998\u2013Jul 2001", "employment_duration": "2 yrs 9 mos", "location": null, "title": "Assistentin der Gesch\u00e4ftsleitung, Sekretariat"}], "education": [{"institution": "Universit\u00e4t Belgrad, Serbien, Universit\u00e4t Heidelberg", "degree_details": {"degree_name": "Diplom, M.A.", "field_of_study": "Anglistik und Germanistik", "dates_attended_or_expected_graduation": "1979 \u2013 1998"}}], "employee_name": "bVpmiNWWhTmoCmfcuAb8jg==*1C0f5OM0nno4k9p2JVCc0w==*lNIfNrXq9yhvkl9ughChow==*S4n0XSh0+aog6+ePlzGjbw=="}, {"experience": [{"company_name": "arago AG", "dates_employed": null, "employment_duration": null, "location": null, "title": "Assistent to technical director"}], "education": null, "employee_name": "pY14aWCRVB9kDJwvtw==*PozZ/1xCLipUGZN59PQybQ==*BcjS1RyBTutomUXHj7lqvw==*QWnWF5RGCJHMUgftylmfAQ=="}, {"experience": [{"company_name": "arago GmbH", "dates_employed": "Apr 2020\u2013Present", "employment_duration": "2 yrs 2 mos", "location": "Frankfurt Rhine-Main Metropolitan Area", "title": "Software Test Engineer"}, {"company_name": "arago GmbH", "dates_employed": "Jun 2017\u2013Mar 2020", "employment_duration": "2 yrs 10 mos", "location": "Frankfurt Am Main Area, Germany", "title": "Intern"}, {"company_name": "Technische Universit\u00e4t Darmstadt", "dates_employed": "Jun 2017\u2013Nov 2017", "employment_duration": "6 mos", "location": "Darmstadt Area, Germany", "title": "Student Hilfskraft"}, {"company_name": "Fraunhofer Institute for Secure Information Technology SIT", "dates_employed": "Oct 2015\u2013Feb 2016", "employment_duration": "5 mos", "location": "Darmstadt Area, Germany", "title": "Student Hilfskraft"}, {"company_name": "Thomson Reuters", "dates_employed": "Sep 2012\u2013Sep 2014", "employment_duration": "2 yrs 1 mo", "location": "Bangalore", "title": "Associate Software Engineer"}], "education": [{"institution": "Technische Universit\u00e4t Darmstadt", "degree_details": {"degree_name": "Master's degree", "field_of_study": "Distributed Software System", "dates_attended_or_expected_graduation": "2014 \u2013 2016"}}, {"institution": "SRINIVAS INSTITUTE OF TECHNOLOGY", "degree_details": {"degree_name": "Bachelor of Engineering (BEng)", "field_of_study": "Computer Science", "dates_attended_or_expected_graduation": "2008 \u2013 2012"}}, {"institution": "Canara Girls High School", "degree_details": {"dates_attended_or_expected_graduation": "2001 \u2013 2006", "degree_name": null, "field_of_study": null}}], "employee_name": "pzAeih1CBJq6/g==*9C4dmSlppIBk/crz3O1N5Q==*7g7hBd+Ft+qi3RUJOvOfbA==*J5U+49jhFfXx6/0H6sRXTg=="}, {"experience": null, "education": null, "employee_name": "lffZilkG/7eFOClk43jd*20s6NB/gXCJZ0uK79T44Pg==*bEHJTehWjH7aEJOtEhSIBw==*e2mVKAQqBF/YAjzpRKWfcg=="}, {"experience": null, "education": null, "employee_name": "hovGAh9dx6J6EfPO22+8*C417DjQ1WSzdMNrCRs9hLw==*08/1Blk6jV94o9GUYKsvXw==*0H4JQRXpqe2aouyTy9S86Q=="}, {"experience": [{"company_name": "arago AG", "dates_employed": null, "employment_duration": null, "location": null, "title": "Empfangssekret\u00e4rin"}, {"company_name": "arago AG", "dates_employed": null, "employment_duration": null, "location": null, "title": "Empfangssekret\u00e4rin"}, {"company_name": "arago AG", "dates_employed": null, "employment_duration": null, "location": null, "title": "Empfangssekret\u00c3\u00a4rin"}, {"company_name": "arago AG", "dates_employed": null, "employment_duration": null, "location": null, "title": "Empfangssekret\u00c3\u00a4rin"}, {"company_name": "arago AG", "dates_employed": null, "employment_duration": null, "location": null, "title": "Empfangssekret\u00e4rin"}], "education": null, "employee_name": "HbZWajXaRFDWI/9K*Z+v/flzWv+1Q7INuRmGXYg==*h8fhkdqSIIM75gqI8jBlzQ==*n9DsXdthEIUKUPYZ2dPGdg=="}]