[{"experience": [{"company_name": "Syllable", "dates_employed": "Apr 2021\u2013Present 1 yr 2 mos", "employment_duration": null, "title": "Vice President of Sales"}, {"company_name": "Smartlink Health Solutions", "dates_employed": "Mar 2018\u2013Jan 2020 1 yr 11 mos", "employment_duration": null, "title": "National Director | Enterprise Solutions"}, {"company_name": "Hicuity Health", "dates_employed": "Jan 2015\u2013Feb 2018 3 yrs 2 mos", "employment_duration": null, "title": "VP Account Development"}, {"company_name": "MedAptus", "dates_employed": "Jan 2013\u2013Jan 2014 1 yr 1 mo", "employment_duration": null, "title": "Regional Sales Executive"}, {"company_name": "Aetna", "dates_employed": "Jan 2012\u2013Jan 2013 1 yr 1 mo", "employment_duration": null, "title": "Senior Business Development Executive"}], "education": [{"institution": "North Carolina State University", "degree_details": {"dates_attended_or_expected_graduation": null, "degree_name": null, "field_of_study": null}}], "employee_name": "yLqd+hDvO2vboF3iTcjKnA==*CfVJmJYEBNywoDq1vjgndg==*E7k+SAfLzwYJ27V+p2SCaQ==*fcLGjWqc0jZRKNtMZwPXLg=="}, {"experience": [{"company_name": "Syllable Corporation", "dates_employed": "2017\u2013Present 5 yrs", "employment_duration": null, "title": "Co-Founder"}, {"company_name": "Shift Messenger", "dates_employed": "2015\u20132017 2 yrs", "employment_duration": null, "title": "Software Engineer"}, {"company_name": "Stellar Development Foundation", "dates_employed": "2014\u20132015 1 yr", "employment_duration": null, "title": "Software Engineer"}, {"company_name": "Google", "dates_employed": "2012\u20132014 2 yrs", "employment_duration": null, "title": "Software Engineer"}], "education": [{"institution": "University of Washington", "degree_details": {"field_of_study": "Computer Science", "dates_attended_or_expected_graduation": null, "degree_name": null}}], "employee_name": "tz9nT9Cx470Gks+6uA==*Xmyi0Wi6VUFPHTJTFv4AQA==*Y3Nx15UJs/2cLp8gs3bJHg==*airmTyVOaXkB46OE6RpbgA=="}, {"experience": [{"company_name": "Syllable", "dates_employed": "2017\u2013Present 5 yrs", "location": "San Francisco Bay Area", "employment_duration": null, "title": "CEO"}, {"company_name": "Executive Producer, Director, Casting Director, Art Director, Script Writer, Communications Director", "employment_duration": "Can Silicon Valley Save Healthcare?", "titles": ["", "", ""], "dates_employed": [null, null, null]}, {"company_name": "Marvin", "dates_employed": "2021\u2013Present 1 yr", "employment_duration": null, "title": "Advisor"}, {"company_name": "NextSense, Inc", "dates_employed": "2020\u2013Present 2 yrs", "employment_duration": null, "title": "Advisor"}, {"company_name": "Google", "dates_employed": "2011\u20132017 6 yrs", "employment_duration": null, "title": "Director, Google"}], "education": null, "employee_name": "c+ieD5bnN1xZbkjE*RV196b5xP1IrJtM1J4tR4w==*j7B8GHsZD7HOWGkcRSbliw==*8FV7wpurkSk8wUsbrz0PRw=="}, {"experience": [{"company_name": "Syllable Corporation", "dates_employed": "Oct 2016\u2013Present 5 yrs 8 mos", "location": "San Francisco Bay Area", "employment_duration": null, "title": "co-founder and COO"}, {"company_name": "Mercadolibre.com (NASDAQ: MELI)", "dates_employed": "Apr 2015\u2013Sep 2016 1 yr 6 mos", "location": "San Francisco Bay Area", "employment_duration": null, "title": "Senior Director Product Management"}, {"company_name": "Dabee - acquired by MercadoLibre (NASDAQ: MELI)", "dates_employed": "Oct 2010\u2013Apr 2015 4 yrs 7 mos", "location": "Sunnyvale, CA", "employment_duration": null, "title": "Founder and CEO"}, {"company_name": "eBay", "employment_duration": "8 yrs 3 mos", "titles": ["Director, Product Management", "Group Product Manager - Selling", "Sr. Product Manager, Seller Tools", "Sr. Product Marketing Manager, Seller Tools", "Business Analyst, Developers Program"], "dates_employed": ["Sep 2008\u2013Nov 2010 2 yrs 3 mos", "Jan 2005\u2013Sep 2008 3 yrs 9 mos", "Sep 2004\u2013Sep 2005 1 yr 1 mo", "Sep 2003\u2013Sep 2004 1 yr 1 mo", "Sep 2002\u2013Sep 2003 1 yr 1 mo"]}, {"company_name": "BeVocal", "dates_employed": "Jan 2001\u2013Aug 2002 1 yr 8 mos", "location": "San Francisco Bay Area", "employment_duration": null, "title": "Business Development Manager"}], "education": [{"institution": "Stanford University Graduate School of Business", "degree_details": {"degree_name": "MBA", "field_of_study": "Business Administration", "dates_attended_or_expected_graduation": "1998 \u2013 2000"}}, {"institution": "FGV - Funda\u00e7\u00e3o Getulio Vargas", "degree_details": {"degree_name": "BA", "field_of_study": "Business Administration", "dates_attended_or_expected_graduation": "1992 \u2013 1995"}}], "employee_name": "dP68UpGmSaLC+g==*51lFpUbMgcxEl7KVYKWmPQ==*tv5ehzGI8Vo4Wx1XNook/w==*+O8Lozgv1yCdxcqs0JJpEw=="}, {"experience": [{"company_name": "Vice President", "employment_duration": "Syllable", "titles": ["Syllable"], "dates_employed": [null]}, {"company_name": "Vice President", "employment_duration": "GYANT", "titles": ["Homepage", "GYANT Blog \u2013 Medium"], "dates_employed": [null, null]}, {"company_name": "Regional Vice President(AE IV), Health Solutions", "employment_duration": "Envolve Health (Formerly MHN)", "titles": ["Envolve Logo"], "dates_employed": [null]}, {"company_name": "Ceridian", "dates_employed": "Oct 2013\u2013May 2015 1 yr 8 mos", "location": "San Francisco Bay Area", "employment_duration": null, "title": "Major Account Representative"}, {"company_name": "MHN, A Health Net Company", "dates_employed": "Nov 2010\u2013Oct 2013 3 yrs", "location": "San Rafael, CA", "employment_duration": null, "title": "Regional Sales Executive"}], "education": [{"institution": "University of Nevada-Las Vegas - Lee Business School", "degree_details": {"degree_name": "M.B.A.", "field_of_study": "Marketing", "dates_attended_or_expected_graduation": null}}, {"institution": "James Madison University", "degree_details": {"degree_name": "B.B.A.", "field_of_study": "Finance", "dates_attended_or_expected_graduation": null}}, {"institution": "Devon Preparatory", "degree_details": {"dates_attended_or_expected_graduation": null, "degree_name": null, "field_of_study": null}}], "employee_name": "qVxBEktRA1DkPJG1CathEM3IfMJTUw==*RIPxLVq7U28Qr8MpCldCjA==*zlpDj1HbXHUyI/M2Kre6bQ==*56/QdGcaiBeryvXJSH4MXQ=="}, {"experience": [{"company_name": "Syllable", "employment_duration": "3 yrs 6 mos", "titles": ["Software Engineer ll", "Software Engineer"], "dates_employed": ["Jan 2021\u2013Present 1 yr 5 mos", "Dec 2018\u2013Jan 2021 2 yrs 2 mos"]}, {"company_name": "tuutkia", "dates_employed": "Jul 2018\u2013Dec 2018 6 mos", "location": "Fremont ,California, United States", "employment_duration": null, "title": "Software Engineer Intern"}, {"company_name": "Indiana University Bloomington", "dates_employed": "Jan 2018\u2013May 2018 5 mos", "location": "Bloomington, Indiana Area", "employment_duration": null, "title": "Associate Instructor for INFO-I590 SQL/NoSQL Course"}, {"company_name": "Tech Mahindra", "employment_duration": "2 yrs 1 mo", "titles": ["Software Engineer", "Associate Software Engineer"], "dates_employed": ["Oct 2015\u2013Jul 2016 10 mos", "Jul 2014\u2013Sep 2015 1 yr 3 mos"]}], "education": [{"institution": "Indiana University Bloomington", "degree_details": {"degree_name": "Master\u2019s Degree", "field_of_study": "Computer Science", "dates_attended_or_expected_graduation": "2016 \u2013 2018"}}, {"institution": "University of Mumbai", "degree_details": {"degree_name": "Bachelor of Engineering - BE", "field_of_study": "Information Technology", "dates_attended_or_expected_graduation": "2010 \u2013 2014"}}, {"institution": "K.C. Public School", "degree_details": {"degree_name": "High School", "dates_attended_or_expected_graduation": "1997 \u2013 2010", "field_of_study": null}}], "employee_name": "xBdGQ9EeU/Tr4H0=*uBtp9VBM7rBoP8GswnYBig==*fSSSeY/O20Oht0TkHWZg0w==*hQNOU3VUt6PoW1rlucyYxg=="}, {"experience": [{"company_name": "Syllable", "dates_employed": "May 2021\u2013Present 1 yr 1 mo", "location": "Sunnyvale, California, United States", "employment_duration": null, "title": "Vice President of Development and Operations"}, {"company_name": "IBM", "employment_duration": "37 yrs 9 mos", "titles": ["Program Director, Cognitive Technologies & System Performance", "Program Director, Cloud Solutions and Performance", "Research Staff Member Manager"], "dates_employed": ["Jan 2017\u2013Feb 2021 4 yrs 2 mos", "Sep 2005\u2013Dec 2016 11 yrs 4 mos", "Jun 1983\u2013Sep 2005 22 yrs 4 mos"]}], "education": [{"institution": "Stanford University", "degree_details": {"degree_name": "Master\u2019s Degree", "field_of_study": "Electrical Engineering", "dates_attended_or_expected_graduation": null}}, {"institution": "University of California, Berkeley", "degree_details": {"degree_name": "Bachelor\u2019s Degree", "field_of_study": "Electrical Engineering and Computer Science", "dates_attended_or_expected_graduation": null}}], "employee_name": "HZxPm9PLT4/pOQvx+Q==*0cg6o6qE5LyQvwoZJv3n+w==*9jY2YVkf/ivZm4Vl6eCuqQ==*D6O0WkYgyH9F0ency+O9uQ=="}, {"experience": [{"company_name": "Syllable", "employment_duration": "1 yr 9 mos", "titles": ["Chief Architect and VP of Engineering", "Chief Architect"], "dates_employed": ["May 2021\u2013Present 1 yr 1 mo", "Sep 2020\u2013May 2021 9 mos"]}, {"company_name": "Verily Life Sciences", "dates_employed": "Sep 2018\u2013Sep 2020 2 yrs 1 mo", "employment_duration": null, "title": "Software Engineer"}, {"company_name": "Google", "dates_employed": "Jul 2015\u2013Sep 2018 3 yrs 3 mos", "location": "Greater Chicago Area", "employment_duration": null, "title": "Software Engineer - Imaging and Vision"}, {"company_name": "Consultant", "dates_employed": "Jul 2011\u2013Jul 2015 4 yrs 1 mo", "employment_duration": null, "title": "Medical Imaging Software Consultant"}, {"company_name": "Butterfly Network, Inc.", "dates_employed": "Jul 2013\u2013Mar 2015 1 yr 9 mos", "location": "Guilford, CT", "employment_duration": null, "title": "Software Team Lead"}], "education": [{"institution": "University of Illinois Urbana-Champaign", "degree_details": {"degree_name": "Doctor of Philosophy (PhD)", "field_of_study": "Electrical Engineering", "dates_attended_or_expected_graduation": "2003 \u2013 2007"}}, {"institution": "University of Illinois Urbana-Champaign", "degree_details": {"degree_name": "Master of Science (M.S.)", "field_of_study": "Electrical Engineering", "dates_attended_or_expected_graduation": "2001 \u2013 2003"}}, {"institution": "Milwaukee School of Engineering", "degree_details": {"degree_name": "Bachelor of Science (B.S.)", "field_of_study": "Computer Engineering", "dates_attended_or_expected_graduation": "1997 \u2013 2001"}}], "employee_name": "Uge6ccR6yQHY5r2K*dNln9kBxYI/ub1NMhsZ/1Q==*EDhb29B0ZQxUDN88eUaYOA==*NJal327ekeca9zQD+ZBRIQ=="}, {"experience": [{"company_name": "Syllable", "dates_employed": "Mar 2021\u2013Present 1 yr 3 mos", "location": "San Francisco Bay Area", "employment_duration": null, "title": "Chief Commercial Officer"}, {"company_name": "Clarify Health Solutions", "dates_employed": "Oct 2019\u2013Feb 2021 1 yr 5 mos", "location": "San Francisco and New York", "employment_duration": null, "title": "Chief Commercial Officer"}, {"company_name": "Sutherland", "employment_duration": "6 yrs 9 mos", "titles": ["Strategic Advisory Board Member", "Chief Commerical Officer Sutherland Healthcare Solutions Sr. Vice President Healthcare"], "dates_employed": ["Sep 2019\u2013Dec 2019 4 mos", "Apr 2013\u2013Oct 2019 6 yrs 7 mos"]}, {"company_name": "Xerox", "employment_duration": "7 yrs 6 mos", "titles": ["Senior Vice President Government Healthcare", "Senior Vice President Emerging Markets", "Vice President"], "dates_employed": ["Jan 2012\u2013Apr 2013 1 yr 4 mos", "Jan 2010\u2013Jan 2012 2 yrs 1 mo", "Nov 2005\u2013Jan 2010 4 yrs 3 mos"]}, {"company_name": "APS Healthcare", "dates_employed": "Dec 2000\u20132005 5 yrs", "employment_duration": null, "title": "Vice President"}], "education": null, "employee_name": "v2Ni50CKy5d9rJEttg==*w2uxI8SXHOQrhPafkG9Ssw==*TTV4xSFcGEQyw6Bs+/vVKw==*z+4/jE6qKiPANpXasiGhlQ=="}, {"experience": [{"company_name": "Syllable", "dates_employed": "Apr 2021\u2013Present 1 yr 2 mos", "employment_duration": null, "title": "Vice President of Sales"}, {"company_name": "Relias", "dates_employed": "Feb 2020\u2013Apr 2021 1 yr 3 mos", "employment_duration": null, "title": "Regional Account Executive"}, {"company_name": "FormFast", "dates_employed": "May 2015\u2013Feb 2020 4 yrs 10 mos", "employment_duration": null, "title": "Regional Sales Manager"}, {"company_name": "Nuance Communications", "dates_employed": "Jan 2010\u2013May 2015 5 yrs 5 mos", "employment_duration": null, "title": "Regional Sales Director"}, {"company_name": "DoubleTake Marketing", "dates_employed": "Jan 2008\u2013Jan 2010 2 yrs 1 mo", "employment_duration": null, "title": "EVP of Sales / Co-Founder"}], "education": [{"institution": "Westminster College", "degree_details": {"degree_name": "Bachelors of Science", "field_of_study": "Business with an emphasis in Business Management", "dates_attended_or_expected_graduation": "1996 \u2013 1999"}}], "employee_name": "1RoJ9LU+fkTxi5q0lA==*G234nlGSzoZzSaeo9k+lzA==*LuH61/VMdCst0CekDiJTMw==*Oo18ywCWx/YnsC2B+j2HQA=="}, {"experience": [{"company_name": "TCV", "dates_employed": "Jul 2021\u2013Present 11 mos", "employment_duration": null, "title": "General Partner"}, {"company_name": "Syllable", "dates_employed": "Feb 2022\u2013Present 4 mos", "employment_duration": null, "title": "Investor"}, {"company_name": "BenchSci", "dates_employed": "Jan 2022\u2013Present 5 mos", "employment_duration": null, "title": "Board Member"}, {"company_name": "Legit Security", "dates_employed": "Nov 2021\u2013Present 7 mos", "employment_duration": null, "title": "Investor"}, {"company_name": "Melio", "dates_employed": "Sep 2020\u2013Jul 2021 11 mos", "employment_duration": null, "title": "Investor"}], "education": [{"institution": "The Wharton School", "degree_details": {"degree_name": "Bachelor of Science (BS)", "field_of_study": "Finance", "dates_attended_or_expected_graduation": null}}], "employee_name": "s7w2yKb43AUjp4xS*j4F0F5QEGrSj3f45PLPAcA==*mRLYgb/vcNgIxQxz6gUiVA==*IhFYxIZUJfkn6F7oElplPQ=="}, {"experience": [{"company_name": "Syllable", "dates_employed": "Jul 2019\u2013Present 2 yrs 11 mos", "location": "Sunnyvale, California", "employment_duration": null, "title": "Chief Medical Officer"}, {"company_name": "Founder/CEO", "employment_duration": "Upstream Solutions Group, LLC", "titles": ["A Health Solutions Firm"], "dates_employed": [null]}, {"company_name": "Saint Francis Healthcare Partners", "dates_employed": "Jul 2017\u2013Jun 2019 2 yrs", "location": "Hartford, Connecticut Area", "employment_duration": null, "title": "Vice President, Population Health"}, {"company_name": "Trinity Health Of New England", "dates_employed": "Dec 2014\u2013Jun 2017 2 yrs 7 mos", "location": "Hartford, Connecticut Area", "employment_duration": null, "title": "Vice President for Ambulatory Strategy and Development; Medical Director, Primary Care Service Line"}, {"company_name": "Saint Francis Hospital and Medical Center", "dates_employed": "Jul 2012\u2013Dec 2014 2 yrs 6 mos", "location": "Hartford, Connecticut Area", "employment_duration": null, "title": "Medical Director, Primary Care Service Line"}], "education": [{"institution": "Northwestern University - The Feinberg School of Medicine", "degree_details": {"field_of_study": "Internal Medicine Residency Program", "dates_attended_or_expected_graduation": "1991 \u2013 1994", "degree_name": null}}, {"institution": "Penn State University", "degree_details": {"degree_name": "Doctor of Medicine (MD)", "field_of_study": "Medicine", "dates_attended_or_expected_graduation": "1987 \u2013 1991"}}, {"institution": "Middlebury College", "degree_details": {"degree_name": "Bachelor of Arts (B.A.)", "field_of_study": "Geography", "dates_attended_or_expected_graduation": "1982 \u2013 1986"}}], "employee_name": "P5qpcdoTL69CN2iUdSMMkEMbZdfMdV4=*15mp6ItBheqiUlb9mjzDig==*zEu2PERsN35FQw9nHKC6nA==*G+KQ8g3eSQNfdhcT/FsYRQ=="}, {"experience": [{"company_name": "Syllable", "dates_employed": "Aug 2020\u2013Present 1 yr 10 mos", "location": "Sunnyvale, California, United States", "employment_duration": null, "title": "Director of Finance and Operations"}, {"company_name": "Countsy", "dates_employed": "May 2017\u2013Aug 2020 3 yrs 4 mos", "location": "San Francisco Bay Area", "employment_duration": null, "title": "Startup CFO"}, {"company_name": "Accretive Solutions", "dates_employed": "Jan 2012\u2013May 2017 5 yrs 5 mos", "employment_duration": null, "title": "Senior Manager"}, {"company_name": "Comcast Silicon Valley", "employment_duration": "8 yrs 9 mos", "titles": ["Controller", "Consultant Controller"], "dates_employed": ["Jun 2008\u2013Dec 2011 3 yrs 7 mos", "Apr 2003\u2013Jun 2008 5 yrs 3 mos"]}, {"company_name": "Accretive Solutions formerly Horn Murdock Cole", "dates_employed": "Oct 1997\u2013Jun 2008 10 yrs 9 mos", "employment_duration": null, "title": "Consultant"}], "education": [{"institution": "California State University, Long Beach", "degree_details": {"degree_name": "BS", "field_of_study": "Accountancy", "dates_attended_or_expected_graduation": null}}, {"institution": "California State University, Long Beach", "degree_details": {"degree_name": "BS", "field_of_study": "Management Information Systems (MIS)", "dates_attended_or_expected_graduation": null}}, {"institution": "Maryknoll Convent School", "degree_details": {"dates_attended_or_expected_graduation": null, "degree_name": null, "field_of_study": null}}], "employee_name": "VFdYE2RNGI4=*jQdd6+ThrfechHaXZyJbfQ==*jMSOnypzPxTn39oP9/CfaA==*UEoW4SDv1ACvNmNkRYk+aw=="}, {"experience": [{"company_name": "Syllable", "dates_employed": "Jan 2022\u2013Present 5 mos", "employment_duration": null, "title": "Head Of Strategic Development"}, {"company_name": "Boston Consulting Group (BCG)", "employment_duration": "2 yrs 5 mos", "titles": ["Consultant", "Associate"], "dates_employed": ["Oct 2021\u2013Jan 2022 4 mos", "Sep 2019\u2013Sep 2021 2 yrs 1 mo"]}, {"company_name": "Pomona College", "employment_duration": "2 yrs 10 mos", "titles": ["Captain of NCAA Women's Basketball Team", "Neuroscience Teaching Assistant", "President of Pomona Ventures"], "dates_employed": ["Aug 2015\u2013May 2019 3 yrs 10 mos", "Aug 2018\u2013Dec 2018 5 mos", "Aug 2016\u2013Dec 2018 2 yrs 5 mos"]}, {"company_name": "Deloitte", "dates_employed": "Jun 2018\u2013Aug 2018 3 mos", "location": "Greater Los Angeles Area", "employment_duration": null, "title": "Strategy & Operations Summer Scholar"}, {"company_name": "Pomona College", "dates_employed": "Sep 2016\u2013Dec 2017 1 yr 4 mos", "employment_duration": null, "title": "Campus Tour Guide"}], "education": [{"institution": "Pomona College", "degree_details": {"degree_name": "Bachelor of Arts (BA)", "field_of_study": "Double Major in Neuroscience and Economics", "dates_attended_or_expected_graduation": null}}, {"institution": "Menlo-Atherton High School", "degree_details": {"dates_attended_or_expected_graduation": null, "degree_name": null, "field_of_study": null}}], "employee_name": "la8wTYw4iD9ZMw==*rhmUSlGCZovvERRdRoC8gQ==*fU06xwxn300HacX92S/wDw==*PAYH0IY8vosmsIG0LF+ndg=="}, {"experience": [{"company_name": "Oak HC/FT", "dates_employed": "Jun 2014\u2013Present 8 yrs", "location": "Greenwich, CT", "employment_duration": null, "title": "Partner"}, {"company_name": "Osso VR", "dates_employed": "Mar 2022\u2013Present 3 mos", "employment_duration": null, "title": "Board Member"}, {"company_name": "Reveleer", "dates_employed": "Dec 2021\u2013Present 6 mos", "employment_duration": null, "title": "Board Observer"}, {"company_name": "veda", "dates_employed": "Jul 2021\u2013Present 11 mos", "location": "Wisconsin, United States", "employment_duration": null, "title": "Board Observer"}, {"company_name": "Syllable", "dates_employed": "Jun 2020\u2013Present 2 yrs", "employment_duration": null, "title": "Board Member"}], "education": [{"institution": "The Wharton School", "degree_details": {"degree_name": "B.Sc in Economics", "field_of_study": "Finance", "dates_attended_or_expected_graduation": null}}, {"institution": "University of Pennsylvania", "degree_details": {"degree_name": "B.Sc in Engineering", "field_of_study": "Systems Science & Engineering, Math Minor", "dates_attended_or_expected_graduation": null}}], "employee_name": "W/DxL+Pq4qYcFloTJ8pQdw==*k7/EsvEdqI4cPJ5EVf2n7g==*O90Zu1j/84Dh3t3sg6NgrQ==*q0B5pCLepbskMexEZ+QKuw=="}, {"experience": [{"company_name": "Syllable", "dates_employed": "Jul 2021\u2013Present 11 mos", "employment_duration": null, "title": "Vice President of Sales"}, {"company_name": "Spectrum Enterprise", "dates_employed": "Dec 2010\u2013Jul 2021 10 yrs 8 mos", "location": "Greater Los Angeles Area", "employment_duration": null, "title": "Major Account Executive, Healthcare Solutions"}], "education": [{"institution": "California State University-San Bernardino - College of Business and Public Administration", "degree_details": {"degree_name": "BA", "field_of_study": "Business Administration: Concentration Marketing", "dates_attended_or_expected_graduation": "1993 \u2013 1996"}}], "employee_name": "qvGA89jAOyfp0A==*cGikzpYtFJUfTRfnqfM30w==*kFY52Gcam7o9Bvu3R/xdQA==*fIIgZ5BGNYXpiOLRvX+45g=="}, {"experience": [{"company_name": "Syllable", "dates_employed": "Jun 2020\u2013Present 2 yrs", "location": "Los Angeles Metropolitan Area", "employment_duration": null, "title": "Product Manager"}, {"company_name": "New York-Presbyterian Hospital", "employment_duration": "1 yr 10 mos", "titles": ["Project Lead, IT Innovation - Digital Health Team", "Senior Project Manager, IT Transformation Team"], "dates_employed": ["May 2019\u2013Feb 2020 10 mos", "May 2018\u2013May 2019 1 yr 1 mo"]}, {"company_name": "Connexient", "dates_employed": "Sep 2017\u2013Feb 2018 6 mos", "location": "New York, New York", "employment_duration": null, "title": "Project Manager"}, {"company_name": "Phreesia", "employment_duration": "2 yrs 9 mos", "titles": ["Market Development Specialist", "Implementation Consultant", "Implementation Associate"], "dates_employed": ["Apr 2017\u2013Sep 2017 6 mos", "Sep 2015\u2013Apr 2017 1 yr 8 mos", "Jan 2015\u2013Sep 2015 9 mos"]}, {"company_name": "eInformatics", "dates_employed": "Jun 2013\u2013Nov 2014 1 yr 6 mos", "location": "Columbus, Ohio Area", "employment_duration": null, "title": "Implementation Consultant"}], "education": [{"institution": "The Ohio State University", "degree_details": {"degree_name": "Bachelor of Science - BS", "field_of_study": "Health Information Management & Systems", "dates_attended_or_expected_graduation": null}}], "employee_name": "wqOVON2Q+QQ=*//yWy2NcMRbSjjyds60XNg==*EDZUPOCOL9WG8zt+UBIb3w==*+bgq0NlKNNAGuPlWMDCpBg=="}, {"experience": [{"company_name": "Syllable", "dates_employed": "Feb 2019\u2013Present 3 yrs 4 mos", "employment_duration": null, "title": "Sr. Technical Product Manager"}, {"company_name": "Can Silicon Valley Save Healthcare?", "dates_employed": "Jan 2022\u2013Present 5 mos", "location": "San Francisco, California, United States", "employment_duration": null, "title": "Producer"}, {"company_name": "NetEase North America", "dates_employed": "Jun 2017\u2013Jan 2019 1 yr 8 mos", "location": "San Francisco Bay Area", "employment_duration": null, "title": "Sr. Product Designer"}, {"company_name": "Startup Policy Lab", "dates_employed": "Dec 2016\u2013Jun 2017 7 mos", "location": "San Francisco Bay Area", "employment_duration": null, "title": "Development Director"}, {"company_name": "Save Our Shuttles", "dates_employed": "Jan 2016\u2013Feb 2017 1 yr 2 mos", "location": "San Francisco Bay Area", "employment_duration": null, "title": "Campaign Manager"}], "education": null, "employee_name": "ATJE+ZleMBf+*d7WgYe9/Uo88zBkWU/t4rw==*vBcNCLe3/kMv3rwElDaxkg==*8Guns/T7eLPj9PvvmOfKaw=="}, {"experience": [{"company_name": "Syllable", "dates_employed": "Jun 2021\u2013Present 1 yr", "location": "San Jose, California, United States", "employment_duration": null, "title": "Senior Manager, Operations"}, {"company_name": "CGI", "dates_employed": "Aug 2015\u2013Jun 2021 5 yrs 11 mos", "location": "Washington D.C. Metro Area", "employment_duration": null, "title": "Director Consulting"}, {"company_name": "Cerner Corporation", "dates_employed": "Jan 2011\u2013Aug 2015 4 yrs 8 mos", "employment_duration": null, "title": "Deputy Director, Operations, MobileMD Health Services"}, {"company_name": "Dominion Business Solutions", "dates_employed": "May 2010\u2013Jan 2011 9 mos", "employment_duration": null, "title": "Senior Manager"}, {"company_name": "Versivo", "dates_employed": "Feb 2007\u2013Apr 2010 3 yrs 3 mos", "employment_duration": null, "title": "Vice President"}], "education": [{"institution": "University of Michigan", "degree_details": {"degree_name": "BA", "dates_attended_or_expected_graduation": "1993 \u2013 1997", "field_of_study": null}}], "employee_name": "Bn+O8nKfQUSGndJZAaPybccXyg==*ucipSOzf8Iug9UNqgRYzBw==*XIG6F2pN8X17LVd4QIOwlQ==*BHJhpjAsvDuTOp3Pnd0NkQ=="}, {"experience": [{"company_name": "Syllable", "dates_employed": "Mar 2021\u2013Present 1 yr 3 mos", "employment_duration": null, "title": "Senior Product Manager"}, {"company_name": "Product Lead", "employment_duration": "Button", "titles": ["", "", ""], "dates_employed": [null, null, null]}, {"company_name": "WeWork", "dates_employed": "Aug 2019\u2013Jan 2020 6 mos", "location": "New York, United States", "employment_duration": null, "title": "Senior Product Manager"}, {"company_name": "Philip Morris International", "employment_duration": "6 yrs 7 mos", "titles": ["Senior Product Manager", "Senior Product Manager", "Product Manager"], "dates_employed": ["Jan 2018\u2013Jul 2019 1 yr 7 mos", "Jan 2015\u2013Dec 2017 3 yrs", "Jan 2013\u2013Dec 2014 2 yrs"]}, {"company_name": "Apple", "dates_employed": "Jun 2012\u2013Oct 2012 5 mos", "location": "San Francisco Bay Area", "employment_duration": null, "title": "Software Engineer"}], "education": [{"institution": "Stanford University", "degree_details": {"degree_name": "Master of Science (M.Sc.)", "field_of_study": "Computer Science", "dates_attended_or_expected_graduation": null}}, {"institution": "Georgetown University", "degree_details": {"degree_name": "Bachelor of Science (BSc)", "field_of_study": "Mathematics and Economics", "dates_attended_or_expected_graduation": null}}], "employee_name": "Oxeu/cXXLzvSGfXzGHQ=*V2Ib+uc3/GlNhFDRMlh40Q==*loorVodNg4crVjOEjXERjA==*1nrncGNvxBxRypucHh65Nw=="}, {"experience": [{"company_name": "Syllable", "dates_employed": "Jan 2021\u2013Present 1 yr 5 mos", "location": "Denver, Colorado, United States", "employment_duration": null, "title": "Customer Operations Lead"}, {"company_name": "Cerner Corporation", "employment_duration": "5 yrs 10 mos", "titles": ["Senior Sales Executive", "Client Results Executive"], "dates_employed": ["Oct 2015\u2013Nov 2020 5 yrs 2 mos", "Feb 2015\u2013Jan 2016 1 yr"]}, {"company_name": "Siemens Healthcare", "dates_employed": "Nov 2012\u2013Feb 2015 2 yrs 4 mos", "location": "Denver, CO", "employment_duration": null, "title": "Account Manager, MobileMD Health Services"}, {"company_name": "CGI", "dates_employed": "Sep 2005\u2013Nov 2012 7 yrs 3 mos", "employment_duration": null, "title": "Senior Consultant"}], "education": [{"institution": "University of Wisconsin-Madison", "degree_details": {"degree_name": "Bachelor of Business Administration", "field_of_study": "Information Systems, Management and Human Resources", "dates_attended_or_expected_graduation": "2001 \u2013 2005"}}, {"institution": "Wisconsin School of Business", "degree_details": {"degree_name": "Bachelor of Business Administration (B.B.A.)", "field_of_study": "Management Information Systems, General", "dates_attended_or_expected_graduation": "2001 \u2013 2005"}}, {"institution": "Copenhagen Business School", "degree_details": {"dates_attended_or_expected_graduation": "2003 \u2013 2003", "degree_name": null, "field_of_study": null}}], "employee_name": "vQOGwrSuLulh0BJURgK4QmuZSQ==*jFspI9Hvmnc9uWuWc0tjsA==*HPvIPzZ/Yn4LnYg0I9ZV7A==*IOh+IzGAOEgR4Xqg7tb0kA=="}, {"experience": [{"company_name": "Syllable", "employment_duration": "4 yrs 3 mos", "titles": ["Product Manager", "Product Marketer"], "dates_employed": ["Jul 2019\u2013Present 2 yrs 11 mos", "Mar 2018\u2013Jul 2019 1 yr 5 mos"]}, {"company_name": "Avantage\u00ae USA, LLC", "dates_employed": "Jan 2017\u2013Jun 2017 6 mos", "location": "Carlsbad, CA", "employment_duration": null, "title": "Marketing Coordinator"}, {"company_name": "Whetstone Studio", "dates_employed": "Dec 2015\u2013Jan 2017 1 yr 2 mos", "location": "Shanghai City, China", "employment_duration": null, "title": "Founder"}, {"company_name": "Imagination Education Technologies Group, Shanghai", "dates_employed": "2014\u2013Feb 2016 2 yrs", "location": "Shanghai, China", "employment_duration": null, "title": "Product / BD"}, {"company_name": "xPlus", "dates_employed": "2009\u20132014 5 yrs", "location": "San Diego, California", "employment_duration": null, "title": "Marketing Communications Consultant"}], "education": [{"institution": "University of Southern California - Marshall School of Business", "degree_details": {"degree_name": "MBA", "dates_attended_or_expected_graduation": "2019", "field_of_study": null}}, {"institution": "Antioch University", "degree_details": {"degree_name": "MFA", "dates_attended_or_expected_graduation": "2012", "field_of_study": null}}, {"institution": "UC Irvine", "degree_details": {"degree_name": "BA", "field_of_study": "Economics, Philosophy", "dates_attended_or_expected_graduation": "2010"}}], "employee_name": "+p4RtkZwU+yMUr0hd86JUuRV*JM15dgwNS+OsiZJWLVHQaA==*Eeeg1yqZ6mp9OD73EFTMSQ==*YQoIEhca7SeIyfSvsGZvmg=="}, {"experience": [{"company_name": "Syllable", "employment_duration": "3 yrs 4 mos", "titles": ["Product Manager", "Product Management Intern"], "dates_employed": ["May 2019\u2013Present 3 yrs 1 mo", "Feb 2019\u2013May 2019 4 mos"]}, {"company_name": "The Highway Community", "dates_employed": "Sep 2017\u2013Jan 2019 1 yr 5 mos", "location": "San Francisco Bay Area", "employment_duration": null, "title": "Director Of Administration"}, {"company_name": "Bayshore Christian Ministries", "dates_employed": "Aug 2015\u2013Aug 2017 2 yrs 1 mo", "location": "San Francisco Bay Area", "employment_duration": null, "title": "Various Roles with Middle School Students"}], "education": [{"institution": "Stanford University", "degree_details": {"degree_name": "Bachelor of Science (BS)", "field_of_study": "Medical Anthropology", "dates_attended_or_expected_graduation": "2011 \u2013 2015"}}], "employee_name": "1L4A7RgFYsVBJsKp9w8=*JXR0In8KOogVxHDVZatx0g==*RGfILyhyfLnu/ctnC+Ffhg==*k86W1Ct0wwzR6C+XybLrSg=="}, {"experience": [{"company_name": "Syllable", "dates_employed": "Dec 2021\u2013Present 6 mos", "employment_duration": null, "title": "Software Engineer"}, {"company_name": "SoliSoft O\u00dc", "dates_employed": "Dec 2021\u2013Present 6 mos", "location": "Talinn", "employment_duration": null, "title": "Director"}, {"company_name": "Toptal", "dates_employed": "Apr 2019\u2013Present 3 yrs 2 mos", "employment_duration": null, "title": "Full Stack Web Engineer"}, {"company_name": "BOUNDLESS DIGITAL", "dates_employed": "May 2019\u2013Dec 2021 2 yrs 8 mos", "employment_duration": null, "title": "Full Stack Web Engineer"}, {"company_name": "Solidus Capital", "dates_employed": "Dec 2017\u2013Dec 2018 1 yr 1 mo", "location": "Istanbul, Turkey", "employment_duration": null, "title": "Backend Engineer"}], "education": [{"institution": "Bo\u011fazi\u00e7i University", "degree_details": {"field_of_study": "Computer Science", "dates_attended_or_expected_graduation": "2007 \u2013 2012", "degree_name": null}}, {"institution": "EPFL (\u00c9cole polytechnique f\u00e9d\u00e9rale de Lausanne)", "degree_details": {"field_of_study": "Computer Science", "dates_attended_or_expected_graduation": "2011 \u2013 2011", "degree_name": null}}, {"institution": "Kayseri Fen Lisesi", "degree_details": {"dates_attended_or_expected_graduation": "2004 \u2013 2007", "degree_name": null, "field_of_study": null}}], "employee_name": "qmW4syPRnuxliijX*kvE/X4h8fnN/WhP6MQQJ2A==*QsYCXy019uRJI2DC29+L+Q==*7r22TFud3XjHAPLE5O298Q=="}, {"experience": [{"company_name": "Syllable", "dates_employed": "Apr 2021\u2013Present 1 yr 2 mos", "employment_duration": null, "title": "Senior Software Engineer"}, {"company_name": "Blumio", "dates_employed": "Aug 2020\u2013Apr 2021 9 mos", "employment_duration": null, "title": "Data Scientist"}, {"company_name": "Udacity", "dates_employed": "Nov 2019\u2013May 2020 7 mos", "location": "San Francisco Bay Area", "employment_duration": null, "title": "Instructor"}, {"company_name": "Verily Life Sciences", "dates_employed": "2015\u2013Oct 2019 4 yrs", "location": "San Francisco Bay Area", "employment_duration": null, "title": "Data Scientist"}, {"company_name": "Google", "dates_employed": "Sep 2014\u2013Oct 2019 5 yrs 2 mos", "employment_duration": null, "title": "Algorithm Engineer"}], "education": [{"institution": "Carnegie Mellon University", "degree_details": {"degree_name": "Master's Degree", "field_of_study": "Electrical & Computer Engineering", "dates_attended_or_expected_graduation": "2013 \u2013 2014"}}, {"institution": "Carnegie Mellon University", "degree_details": {"degree_name": "Bachelor's Degree", "field_of_study": "Electrical & Computer Engineering", "dates_attended_or_expected_graduation": "2010 \u2013 2014"}}], "employee_name": "KhIYvVRbudSB8CcHEkI9VRflmA==*tJ+naimrRvMmnPCxgb3UEw==*cPHLGW3D8Sl5iKWubIYQiw==*fzmo8PiK4NEtYCHNAQISrw=="}, {"experience": null, "education": null, "employee_name": null}, {"experience": [{"company_name": "Syllable", "employment_duration": "1 yr 10 mos", "titles": ["Software Engineer II", "Software Engineer"], "dates_employed": ["Sep 2021\u2013Present 9 mos", "Aug 2020\u2013Sep 2021 1 yr 2 mos"]}, {"company_name": "Fellow", "employment_duration": "Funda\u00e7\u00e3o Estudar", "titles": ["Relat\u00f3rio Anual Funda\u00e7\u00e3o Estudar 2015"], "dates_employed": [null]}, {"company_name": "Stone Pagamentos", "dates_employed": "Jun 2018\u2013Dec 2018 7 mos", "location": "S\u00e3o Paulo Area, Brazil", "employment_duration": null, "title": "People Analytics Intern"}, {"company_name": "Co-founder & Chief Technology Officer", "employment_duration": "InspiraSonho", "titles": ["InspiraSonho | O maior portal de oportunidades estudantis do Brasil"], "dates_employed": [null]}, {"company_name": "Amherst College", "employment_duration": "2 yrs", "titles": ["Math Fellow", "Summer Research Fellow"], "dates_employed": ["Jan 2018\u2013May 2018 5 mos", "Jun 2016\u2013Aug 2016 3 mos"]}], "education": [{"institution": "Amherst College", "degree_details": {"degree_name": "Bachelor of Arts - BA", "field_of_study": "Mathematics and Computer Science", "dates_attended_or_expected_graduation": "2015 \u2013 2020"}}, {"institution": "The University of G\u00f6ttingen", "degree_details": {"degree_name": "Visiting Student", "field_of_study": "Mathematics and German", "dates_attended_or_expected_graduation": "2017 \u2013 2018"}}, {"institution": "Instituto Federal de Educa\u00e7\u00e3o, Ci\u00eancia e Tecnologia do Rio Grande do Norte", "degree_details": {"degree_name": "High School and Technician Diploma", "field_of_study": "Information Technology", "dates_attended_or_expected_graduation": "2011 \u2013 2015"}}], "employee_name": "DM1S2zIxSvNF7NSz4iIfFuYmxg==*5v5W6Cd4teXLIs+WxsaRTg==*mmnVhWTZWAa1qGsXARotpA==*D5wlfpAxhUafdZMCQXuUWA=="}, {"experience": [{"company_name": "Syllable", "employment_duration": "6 mos", "titles": ["Senior Software Engineer", "Software Engineer"], "dates_employed": ["Dec 2021\u2013Present 6 mos", "Dec 2021\u2013Present 6 mos"]}, {"company_name": "University of Colorado Anschutz Medical Campus", "employment_duration": "1 yr 5 mos", "titles": ["Software Developer", "Full Stack Engineer-Student"], "dates_employed": ["May 2021\u2013Dec 2021 8 mos", "Aug 2020\u2013May 2021 10 mos"]}], "education": [{"institution": "University of Colorado Boulder", "degree_details": {"degree_name": "Computer Science - BA", "field_of_study": "Computer Science", "dates_attended_or_expected_graduation": "2017 \u2013 2021"}}], "employee_name": "/2PkfuWy+Z1lZ+Sr*o9JO1t9SC+ICuTCqBH13ig==*CNwcQYyEzkFWFHo4uuB0uw==*z//7BvLENcWeu0ZAqNgOBA=="}, {"experience": [{"company_name": "Syllable", "dates_employed": "Jan 2022\u2013Present 5 mos", "location": "Hollywood, Florida, United States", "employment_duration": null, "title": "Senior Information Specialist"}, {"company_name": "Permeate AI Inc", "dates_employed": "Aug 2018\u2013Present 3 yrs 10 mos", "location": "Hollywood, Florida, United States", "employment_duration": null, "title": "Principal Solutions Architect"}, {"company_name": "IBM", "dates_employed": "Jan 2019\u2013Present 3 yrs 5 mos", "employment_duration": null, "title": "Business Partner - IBM Datacap, IBM Blockchain Platform, IBM Cloud specialist"}, {"company_name": "CGI", "dates_employed": "Aug 2018\u2013Present 3 yrs 10 mos", "employment_duration": null, "title": "Senior Automation Solutions Engineer"}, {"company_name": "DS Xpress, Inc", "dates_employed": "Jan 2020\u2013Jan 2022 2 yrs 1 mo", "location": "Hallandale Beach, Florida, United States", "employment_duration": null, "title": "Senior Blockchain Architect/ Smart Contract Developer"}], "education": [{"institution": "Udacity", "degree_details": {"degree_name": "Machine Learning Engineer", "field_of_study": "Artificial Intelligence", "dates_attended_or_expected_graduation": "2017 \u2013 2018"}}, {"institution": "Udacity", "degree_details": {"degree_name": "Deep Learning Foundations Nanodegree", "field_of_study": "Artificial Intelligence", "dates_attended_or_expected_graduation": "2017 \u2013 2017"}}, {"institution": "Slippery Rock University of Pennsylvania", "degree_details": {"degree_name": "Bachelor's Degree", "field_of_study": "Computer Science", "dates_attended_or_expected_graduation": "2001 \u2013 2004"}}], "employee_name": "fWJ6N8LYsOsGa4kVtQ==*hqKb0pQ01KUPm9vHaHrUiQ==*SEQaxW3uTltshO2TQoH9zA==*BS/+8fpsB0+kTJSsZItUjg=="}, {"experience": [{"company_name": "Syllable", "dates_employed": "Jul 2021\u2013Present 11 mos", "location": "Denver, Colorado, United States", "employment_duration": null, "title": "Implementation Specialist"}, {"company_name": "Epic", "dates_employed": "Feb 2020\u2013Jul 2021 1 yr 6 mos", "location": "Madison, Wisconsin", "employment_duration": null, "title": "Implementation Project Manager"}, {"company_name": "Florida Southern College Student Solutions", "dates_employed": "Aug 2019\u2013Dec 2019 5 mos", "employment_duration": null, "title": "Writing Tutor"}, {"company_name": "NSF REU student", "employment_duration": "Children's Hospital of Philadelphia", "titles": ["CIRP REU Alumni Stories", "2019 CIRP REU Class"], "dates_employed": [null, null]}, {"company_name": "Spunkwear", "dates_employed": "May 2015\u2013Aug 2018 3 yrs 4 mos", "location": "Baltimore, Maryland Area", "employment_duration": null, "title": "Sales Associate"}], "education": [{"institution": "Florida Southern College", "degree_details": {"degree_name": "Bachelor's degree", "field_of_study": "Psychology", "dates_attended_or_expected_graduation": "2016 \u2013 2019"}}], "employee_name": "JnsuC1SB9rfIJ6Q4h5tDbpo=*ei093jaVn50iCfj2rlQiuw==*Z/eXVTe6S4n9JBpS+spgtA==*P4ZYMgWWpAbvphBAPT4Olg=="}, {"experience": [{"company_name": "Syllable", "dates_employed": "Jan 2022\u2013Present 5 mos", "employment_duration": null, "title": "Associate Product Manager"}, {"company_name": "Morgangleason.com", "dates_employed": "Jan 2014\u2013Present 8 yrs 5 mos", "employment_duration": null, "title": "Patient Advocate"}, {"company_name": "b.well Connected Health", "dates_employed": "Oct 2020\u2013Nov 2021 1 yr 2 mos", "employment_duration": null, "title": "Consumer Research and Experience Champion"}, {"company_name": "CareSync", "dates_employed": "Nov 2014\u2013Jul 2016 1 yr 9 mos", "employment_duration": null, "title": "Data Entry Specialist"}], "education": [{"institution": "Auburn University", "degree_details": {"degree_name": "Bachelor's degree", "field_of_study": "Psychology", "dates_attended_or_expected_graduation": "2016 \u2013 2020"}}], "employee_name": "9wtzAW2JuH8hUB8tHYQ=*RHrCRxFbQgZyaUqMp5NThw==*m4hLJlRzXgl403NH4ezGqQ==*OEai/1rh0lRkq0QwvB0ibQ=="}, {"experience": [{"company_name": "Syllable", "dates_employed": "Sep 2021\u2013Present 9 mos", "location": "New York, New York, United States", "employment_duration": null, "title": "Full Stack Engineer"}, {"company_name": "Entrepreneurs Leadership Program", "dates_employed": "Dec 2018\u2013Present 3 yrs 6 mos", "employment_duration": null, "title": "Fellow"}, {"company_name": "Dexter", "dates_employed": "Oct 2020\u2013Mar 2021 6 mos", "location": "Remote", "employment_duration": null, "title": "Software Engineer Intern"}, {"company_name": "Pearl", "dates_employed": "Jul 2020\u2013Jan 2021 7 mos", "location": "Remote", "employment_duration": null, "title": "Full-Stack Software Engineer Intern"}, {"company_name": "University of Michigan", "dates_employed": "Oct 2018\u2013Jul 2020 1 yr 10 mos", "location": "Ann Arbor, Michigan", "employment_duration": null, "title": "Research Assistant, Wearable IoT Devices"}], "education": [{"institution": "University of Michigan", "degree_details": {"degree_name": "Bachelor of Science and Engineering - BSE", "field_of_study": "Computer Science Engineering", "dates_attended_or_expected_graduation": "2017 \u2013 2021"}}], "employee_name": "LSQCLyCRdtyXVGmprf9XTaAEqgeY+P8=*NWp0m7AHCODFBxTafvGyJg==*dWyXBPyJGOTta2s70x9y5g==*iIoXWyLcTznudFInlIYUXQ=="}, {"experience": [{"company_name": "Syllable", "dates_employed": "Oct 2018\u2013Present 3 yrs 8 mos", "employment_duration": null, "title": "Senior Product Designer"}, {"company_name": "Independent", "dates_employed": "Jul 2017\u2013May 2020 2 yrs 11 mos", "location": "Seattle", "employment_duration": null, "title": "Product Design Consultant & Freelancer"}, {"company_name": "Thomas Street", "dates_employed": "Aug 2014\u2013Apr 2017 2 yrs 9 mos", "employment_duration": null, "title": "Designer"}, {"company_name": "Microsoft", "dates_employed": "Sep 2008\u2013Jun 2014 5 yrs 10 mos", "employment_duration": null, "title": "User Experience Designer II"}, {"company_name": "NEST - the home lab", "dates_employed": "Mar 2007\u2013Mar 2008 1 yr 1 mo", "employment_duration": null, "title": "Designer/Researcher"}], "education": [{"institution": "Savannah College of Art and Design", "degree_details": {"degree_name": "BFA", "field_of_study": "Industrial Design, Interaction Design", "dates_attended_or_expected_graduation": "2002 \u2013 2006"}}], "employee_name": "o0f9YL1RZSRe2YdZN/1LWw==*FPbhlNM9HRPBT49bwKVbeQ==*J9oN8/bbW6FHMBg8WmvNLQ==*KYtVHz2JAgNzt1SMxIWY1g=="}, {"experience": [{"company_name": "Syllable", "dates_employed": "Jan 2022\u2013Present 5 mos", "employment_duration": null, "title": "Operations Specialist"}, {"company_name": "Epic", "dates_employed": "Jan 2020\u2013Jan 2022 2 yrs 1 mo", "employment_duration": null, "title": "Project Manager"}, {"company_name": "Zeta Tau Alpha Fraternity", "dates_employed": "Dec 2018\u2013Dec 2019 1 yr 1 mo", "location": "Columbus, Ohio", "employment_duration": null, "title": "Director of Socials"}, {"company_name": "Huntington National Bank", "employment_duration": "1 yr 8 mos", "titles": ["Relationship Banker", "Bank Teller"], "dates_employed": ["Oct 2018\u2013Dec 2019 1 yr 3 mos", "May 2018\u2013Oct 2018 6 mos"]}, {"company_name": "The Ohio State University Dining Services", "dates_employed": "Sep 2016\u2013Oct 2018 2 yrs 2 mos", "location": "Columbus, Ohio Area", "employment_duration": null, "title": "Student Assistant"}], "education": [{"institution": "The Ohio State University", "degree_details": {"degree_name": "Bachelor of Science - BS", "field_of_study": "Economics", "dates_attended_or_expected_graduation": "2016 \u2013 2019"}}], "employee_name": "ksgM6q0rpVS2rFnYFiRgaw==*LV1geDGMimOLDoF+HGorqw==*ip8z2biimKCNfqlc3O35oQ==*maAPVWINzha/AA/59Wwxsw=="}, {"experience": [{"company_name": "Syllable", "dates_employed": "Jul 2020\u2013Present 1 yr 11 mos", "location": "Sunnyvale, California, United States", "employment_duration": null, "title": "Product Designer"}, {"company_name": "GritWell", "dates_employed": "Jul 2019\u2013Dec 2019 6 mos", "location": "San Francisco Bay Area", "employment_duration": null, "title": "Product Design Intern"}, {"company_name": "University of Michigan", "employment_duration": "4 mos", "titles": ["UX Designer", "Research Consultant"], "dates_employed": ["Sep 2018\u2013Dec 2018 4 mos", "Sep 2018\u2013Dec 2018 4 mos"]}, {"company_name": "Ogilvy & Mather", "employment_duration": "3 yrs 3 mos", "titles": ["Senior Digital Consultant", "Senior Social Media Planner"], "dates_employed": ["Sep 2015\u2013May 2017 1 yr 9 mos", "Mar 2014\u2013Aug 2015 1 yr 6 mos"]}], "education": [{"institution": "University of Michigan - School of Information", "degree_details": {"degree_name": "Master's degree", "field_of_study": "Health Informatics and User Experience Design", "dates_attended_or_expected_graduation": "2018 \u2013 2020"}}, {"institution": "Frankfurt School of Finance & Management", "degree_details": {"degree_name": "Exchange Program", "field_of_study": "International Economics", "dates_attended_or_expected_graduation": "2010 \u2013 2011"}}, {"institution": "University of Cologne", "degree_details": {"degree_name": "Exchange Program", "field_of_study": "Economics", "dates_attended_or_expected_graduation": "2010 \u2013 2011"}}], "employee_name": "7k6lCvlP0RTiJXKImc1u*H3QOp/ZCteDXIC8/QDUz9w==*e8Z/9irBLTwAjufBuYldsg==*EDTfy8U9ibZD1p5bbmIynQ=="}, {"experience": [{"company_name": "Syllable", "dates_employed": "Dec 2018\u2013Present 3 yrs 6 mos", "location": "Sunnyvale, California", "employment_duration": null, "title": "Software Engineer"}, {"company_name": "Volta Charging", "employment_duration": "9 mos", "titles": ["Software Engineer", "Software Engineer"], "dates_employed": ["Sep 2018\u2013Nov 2018 3 mos", "Mar 2018\u2013Aug 2018 6 mos"]}, {"company_name": "Space Systems Loral", "employment_duration": "5 yrs 7 mos", "titles": ["Systems Engineer", "Flight Database Engineer"], "dates_employed": ["Jun 2012\u2013Jul 2014 2 yrs 2 mos", "Jan 2009\u2013Jun 2012 3 yrs 6 mos"]}, {"company_name": "BioMarin", "dates_employed": "Sep 2003\u2013Jun 2004 10 mos", "location": "Novato, California", "employment_duration": null, "title": "Quality Control Analyst"}], "education": [{"institution": "San Jose State University", "degree_details": {"degree_name": "BS", "field_of_study": "Electrical Engineering", "dates_attended_or_expected_graduation": null}}, {"institution": "University of California, Davis", "degree_details": {"degree_name": "BS", "field_of_study": "Genetics", "dates_attended_or_expected_graduation": null}}], "employee_name": "yYEHrvShSzNcEh3a*tNaDVMAhZtsD92+xk8YUEg==*Sklj2j0Lvt6+DQ6RPEoa9A==*LJ1CoAa6hQkhEXN6Z7kx0A=="}, {"experience": [{"company_name": "Syllable", "dates_employed": "Jan 2022\u2013Present 5 mos", "location": "California, United States", "employment_duration": null, "title": "Staff Engineer"}, {"company_name": "VMware", "dates_employed": "Mar 2018\u2013Jan 2022 3 yrs 11 mos", "location": "San Francisco Bay Area", "employment_duration": null, "title": "Staff Engineer, DevOps"}, {"company_name": "E8 Security (acquired by VMware)", "dates_employed": "Nov 2015\u2013Mar 2018 2 yrs 5 mos", "location": "San Francisco Bay Area", "employment_duration": null, "title": "Sr. Release Mgmt"}, {"company_name": "Cisco Systems", "dates_employed": "2013\u2013Nov 2015 2 yrs", "location": "San Francisco Bay Area", "employment_duration": null, "title": "Technical leader"}, {"company_name": "Alcatel-Lucent", "dates_employed": "2012\u20132013 1 yr", "location": "Mountain View", "employment_duration": null, "title": "Sr SCM Engineer"}], "education": [{"institution": "Savitribai Phule Pune University", "degree_details": {"degree_name": "M.C.S", "field_of_study": "Computer Science", "dates_attended_or_expected_graduation": null}}], "employee_name": "22OCd5gPUyszuKHM*nYyspat9Mr8PfFVBB06R/A==*YsaV0trFmsmNaNHciJov/w==*UFY9HQBAKuScI6sooXZX7g=="}, {"experience": [{"company_name": "Syllable", "employment_duration": null, "title": "Marketing Manager"}], "education": [{"institution": "Xiangtan University", "degree_details": {"degree_name": "English Language and Literature Bachelor Degree & Accounting Bachelor Degree", "field_of_study": "Language& Accounting", "dates_attended_or_expected_graduation": "2009 \u2013 2013"}}], "employee_name": "mMCKke4x*D5a9NYpooQIX8ezFQZnkjg==*3ZbfgmxYw/uZudbbPOfb5w==*IPmDjCsEqe0HsA+Bkpz8uQ=="}, {"experience": [{"company_name": "Syllable", "dates_employed": "Dec 2017\u2013Present 4 yrs 6 mos", "location": "San Francisco Bay Area", "employment_duration": null, "title": "Senior Software Engineer"}, {"company_name": "Self Employed", "dates_employed": "Oct 2012\u2013Present 9 yrs 8 mos", "employment_duration": null, "title": "Web Developer"}, {"company_name": "Ambulnz", "dates_employed": "May 2017\u2013Dec 2017 8 mos", "location": "NYC", "employment_duration": null, "title": "Senior Software Engineer"}, {"company_name": "Fundbase", "dates_employed": "Aug 2015\u2013May 2017 1 yr 10 mos", "location": "NYC / Remote", "employment_duration": null, "title": "Software Engineer"}, {"company_name": "561 Media", "dates_employed": "Nov 2014\u2013Aug 2015 10 mos", "location": "Boca Raton, FL", "employment_duration": null, "title": "Senior PHP Developer"}], "education": [{"institution": "University of Central Florida", "degree_details": {"degree_name": "Bachelor of Science (BS)", "field_of_study": "Computer Science", "dates_attended_or_expected_graduation": "2010 \u2013 2014"}}], "employee_name": "mwbXvYvCPQAwun/2RFH4zw==*z/JDPH+3GvOVBj7z9bnK3Q==*anHn33ZFfBS0rm3XCAj1Fg==*Jq9Di/h0rdoAgSBjI93PRA=="}, {"experience": [{"company_name": "Syllable", "dates_employed": "Mar 2022\u2013Present 3 mos", "employment_duration": null, "title": "Software Engineer II"}, {"company_name": "BairesDev", "dates_employed": "Mar 2021\u2013Mar 2022 1 yr 1 mo", "location": "Santiago, Santiago Metropolitan, Chile", "employment_duration": null, "title": "Software Engineer"}, {"company_name": "Syllable", "dates_employed": "Mar 2021\u2013Mar 2022 1 yr 1 mo", "employment_duration": null, "title": "Software Engineer"}, {"company_name": "FabLab UTFSM", "employment_duration": "1 yr 1 mo", "titles": ["IT Manager", "Laboratory Manager"], "dates_employed": ["Aug 2019\u2013Jan 2020 6 mos", "Jan 2019\u2013Aug 2019 8 mos"]}, {"company_name": "FYX Ltda.", "dates_employed": "Dec 2016\u2013Aug 2018 1 yr 9 mos", "location": "Santiago, Chile", "employment_duration": null, "title": "Project Manager"}], "education": [{"institution": "Universidad T\u00e9cnica Federico Santa Mar\u00eda", "degree_details": {"degree_name": "Bachelor's degree", "field_of_study": "Computer Software Engineering", "dates_attended_or_expected_graduation": "2010 \u2013 2017"}}, {"institution": "Universidad de Santiago de Chile", "degree_details": {"field_of_study": "Computer Software Engineering", "dates_attended_or_expected_graduation": "2007 \u2013 2008", "degree_name": null}}], "employee_name": "OqGwrXdc48E1kOaBH74=*C3BVH54IXz/hIFwwZn9wiQ==*Xrs8FkMF45l5C2gzePiSAQ==*1DoGdLHZ2DdLeGzZX87ShA=="}, {"experience": [{"company_name": "Stanford Health Care", "dates_employed": "May 2021\u2013Present 1 yr 1 mo", "location": "Stanford, California, United States", "employment_duration": null, "title": "Inpatient Medicine Physician Assistant"}, {"company_name": "Syllable", "dates_employed": "Jun 2018\u2013Present 4 yrs", "location": "Sunnyvale, California, United States", "employment_duration": null, "title": "Medical Research Consultant"}, {"company_name": "Vituity", "dates_employed": "Aug 2020\u2013Apr 2021 9 mos", "location": "Redding, California, United States", "employment_duration": null, "title": "Hospitalist Medicine Physician Assistant"}, {"company_name": "Stanford Health Care - ValleyCare", "dates_employed": "Mar 2013\u2013Aug 2017 4 yrs 6 mos", "location": "Pleasanton, CA", "employment_duration": null, "title": "Clinical Dietitian"}, {"company_name": "San Francisco State University", "dates_employed": "Aug 2013\u2013Dec 2013 5 mos", "employment_duration": null, "title": "Lecturer"}], "education": [{"institution": "Stanford University", "degree_details": {"degree_name": "Master of Science - MS", "field_of_study": "Physician Assistant", "dates_attended_or_expected_graduation": "2017 \u2013 2020"}}, {"institution": "San Francisco State University", "degree_details": {"degree_name": "Master of Arts (M.A.)", "field_of_study": "Family and Consumer Sciences/Human Sciences", "dates_attended_or_expected_graduation": "2011 \u2013 2013"}}, {"institution": "University of California, Davis", "degree_details": {"degree_name": "Bachelor of Science (BS)", "field_of_study": "Clinical Nutrition/Nutritionist", "dates_attended_or_expected_graduation": "2007 \u2013 2011"}}], "employee_name": "dI7mY1rrT/oR/Xpn6wkmGj9qzffzkg==*hBtFkda4g/RmhDqxrwoTmg==*kAcz4HDpzlQ/ElskMDJYGg==*PVb+h/EBzoa/OH/dKS4u+A=="}, {"experience": [{"company_name": "Syllable", "dates_employed": "May 2021\u2013Present 1 yr 1 mo", "location": "San Francisco, California, United States", "employment_duration": null, "title": "Software Engineer"}, {"company_name": "Radical Imaging LLC", "dates_employed": "Dec 2020\u2013May 2021 6 mos", "location": "Belo Horizonte, Minas Gerais, Brazil", "employment_duration": null, "title": "Senior Software Engineer"}, {"company_name": "BairesDev", "dates_employed": "Nov 2020\u2013Dec 2020 2 mos", "location": "Belo Horizonte, Minas Gerais, Brazil", "employment_duration": null, "title": "Software Engineer"}, {"company_name": "Mundiale", "dates_employed": "Jun 2020\u2013Nov 2020 6 mos", "location": "Belo Horizonte, Minas Gerais, Brazil", "employment_duration": null, "title": "Tech Lead"}, {"company_name": "Radical Imaging LLC", "dates_employed": "Oct 2016\u2013May 2020 3 yrs 8 mos", "location": "Remote", "employment_duration": null, "title": "Senior Software Engineer"}], "education": [{"institution": "Est\u00e1cio", "degree_details": {"degree_name": "An\u00e1lise e Desenvolvimento de Sistemas (Information Systems)", "field_of_study": "Computer Science", "dates_attended_or_expected_graduation": "2012 \u2013 2015"}}, {"institution": "Instituto Federal de Educa\u00e7\u00e3o Tecnol\u00f3gica do Cear\u00e1", "degree_details": {"degree_name": "Engenharia de Computa\u00e7\u00e3o", "field_of_study": "Computer Engineering", "dates_attended_or_expected_graduation": "2009 \u2013 2012"}}], "employee_name": "tJXJqZwEGtUx9L5Q9A==*Tre0FLAAmNNGcz4e2u9gRg==*L6VEbtoz/DfeqAWVyJT53Q==*h2T7fxPPnbHnNAMuoopRUw=="}, {"experience": null, "education": null, "employee_name": "hkZpUM20XuGo9V1pvXLH*jtV5ICRxZFo4olLDPzKDow==*17wW1zAhBGgE70gbuUJ5zQ==*y9Do2eDndA56IsmhR1pN0w=="}, {"experience": [{"company_name": "Syllable", "dates_employed": "Feb 2022\u2013Present 4 mos", "location": "Remote", "employment_duration": null, "title": "Software Engineer"}, {"company_name": "CI&T", "dates_employed": "May 2021\u2013Feb 2022 10 mos", "location": "Campinas e Regi\u00e3o", "employment_duration": null, "title": "Software Development Engineer In Test"}, {"company_name": "Thomson Reuters Brasil", "employment_duration": "2 yrs 10 mos", "titles": ["Software Development Engineer", "Test Automation Intern", "Intern", "Intern"], "dates_employed": ["Nov 2019\u2013May 2021 1 yr 7 mos", "Aug 2019\u2013Oct 2019 3 mos", "Jan 2019\u2013Jul 2019 7 mos", "Aug 2018\u2013Jan 2019 6 mos"]}, {"company_name": "Robert Bosch GmbH", "employment_duration": "1 yr 11 mos", "titles": ["Intern", "Intern"], "dates_employed": ["Aug 2017\u2013Aug 2018 1 yr 1 mo", "Oct 2016\u2013Aug 2017 11 mos"]}, {"company_name": "Universidade Estadual de Campinas", "dates_employed": "Apr 2015\u2013Sep 2016 1 yr 6 mos", "location": "Campinas e Regi\u00e3o, Brasil", "employment_duration": null, "title": "Intern"}], "education": [{"institution": "Pontif\u00edcia Universidade Cat\u00f3lica de Campinas", "degree_details": {"degree_name": "Gradua\u00e7\u00e3o em An\u00e1lise de Sistemas", "field_of_study": "An\u00e1lise de Sistemas de Computa\u00e7\u00e3o", "dates_attended_or_expected_graduation": "2015 \u2013 2019"}}], "employee_name": "U50Q5LRMKdd3y6BbF0RcEVjjg09Rk+o=*PCskZqBQ+2ckTLGXzGQnyA==*M/7m7bmMa4zZMaPgFfOaAQ==*m2PiXWAAilQWiAOPbv0t9w=="}, {"experience": [{"company_name": "Syllable", "dates_employed": "Sep 2021\u2013Present 9 mos", "employment_duration": null, "title": "Software Engineer"}, {"company_name": "CI&T", "dates_employed": "Apr 2021\u2013Sep 2021 6 mos", "location": "New York, United States", "employment_duration": null, "title": "Software Engineer"}, {"company_name": "Mundiale", "employment_duration": "1 yr 2 mos", "titles": ["Tech Lead", "Desenvolvedor Pleno", "Tech Lead Trainee", "Desenvolvedor Backend"], "dates_employed": ["Feb 2021\u2013Apr 2021 3 mos", "Sep 2020\u2013Apr 2021 8 mos", "Oct 2020\u2013Feb 2021 5 mos", "Mar 2020\u2013Sep 2020 7 mos"]}, {"company_name": "C\u00f3digo_Font", "dates_employed": "Feb 2019\u2013Mar 2020 1 yr 2 mos", "location": "Florestal", "employment_duration": null, "title": "Desenvolvedor de back end"}, {"company_name": "M&M Instrumenta\u00e7\u00e3o", "dates_employed": "Jun 2015\u2013Jun 2017 2 yrs 1 mo", "employment_duration": null, "title": "Estagi\u00e1rio"}], "education": [{"institution": "Universidade Federal de Vi\u00e7osa", "degree_details": {"degree_name": "Bacharelado", "field_of_study": "Ci\u00eancia da Computa\u00e7\u00e3o", "dates_attended_or_expected_graduation": "2017 \u2013 2020"}}, {"institution": "Escola Polit\u00e9cnica de Minas Gerais", "degree_details": {"degree_name": "Ensino M\u00e9dio/ T\u00e9cnico de Inform\u00e1tica", "field_of_study": "Tecnologia da Informa\u00e7\u00e3o", "dates_attended_or_expected_graduation": "2013 \u2013 2015"}}], "employee_name": "wVV7z0mOd80gfxw+fplLH1o2Kg==*9Rg0HEwbgCpfhDVmQI8Vgw==*aP+BlMbifyVNNauGwAS2Lw==*GXSdxbpwoHqkhXe0ohDA2A=="}, {"experience": [{"company_name": "Syllable", "dates_employed": "Jun 2019\u2013Present 3 yrs", "location": "Sunnyvale, CA", "employment_duration": null, "title": "Software Engineer"}, {"company_name": "UC Davis Undergraduate Admissions", "dates_employed": "Mar 2017\u2013Feb 2019 2 yrs", "location": "Davis, CA", "employment_duration": null, "title": "Campus Tour Guide"}, {"company_name": "PatternEx", "dates_employed": "Sep 2018\u2013Nov 2018 3 mos", "location": "San Francisco Bay Area", "employment_duration": null, "title": "Machine Learning Intern"}, {"company_name": "Syllable Corporation", "dates_employed": "Jun 2017\u2013Aug 2018 1 yr 3 mos", "location": "Sunnyvale, CA", "employment_duration": null, "title": "Software Engineering Intern"}, {"company_name": "Associated Students of the University of California Davis (ASUCD)", "dates_employed": "May 2015\u2013Dec 2017 2 yrs 8 mos", "location": "Davis, CA", "employment_duration": null, "title": "Business and Finance Commission Chairperson"}], "education": [{"institution": "University of California, Davis", "degree_details": {"degree_name": "Bachelor of Science - BS", "field_of_study": "Computer Science", "dates_attended_or_expected_graduation": "2014 \u2013 2019"}}, {"institution": "Homestead High School", "degree_details": {"degree_name": "High School", "dates_attended_or_expected_graduation": "2010 \u2013 2014", "field_of_study": null}}], "employee_name": "EqzUwwWg0AgTwQ==*rE3mJPhpmDp/MVL7f+DG1A==*hqpGULaNNfN0HsbNUBw/0A==*U+U0psmz4n6AMf0DUKy9WQ=="}, {"experience": [{"company_name": "Syllable", "dates_employed": "Aug 2021\u2013Present 10 mos", "employment_duration": null, "title": "Software Engineer"}, {"company_name": "Intentional Software Corporation", "employment_duration": "3 yrs 11 mos", "titles": ["Software Analyst and Developer", "Software Engineer Intern"], "dates_employed": ["Aug 2014\u2013Apr 2017 2 yrs 9 mos", "Jun 2013\u2013Sep 2013 4 mos"]}, {"company_name": "Google", "dates_employed": "Jun 2012\u2013Sep 2012 4 mos", "employment_duration": null, "title": "Software Engineer Intern"}, {"company_name": "StudyBlue", "dates_employed": "Jun 2009\u2013Sep 2011 2 yrs 4 mos", "employment_duration": null, "title": "Software Engineer Intern"}], "education": [{"institution": "University of Washington", "degree_details": {"degree_name": "Bachelor of Science (B.S.)", "field_of_study": "Computer Engineering", "dates_attended_or_expected_graduation": "2010 \u2013 2014"}}], "employee_name": "OSVRFlmmpmEcP723Lg8=*e6OrLFDsSkFcAMMpZMw2IA==*avRxL9Nnp5Fh9bmdp8W8QQ==*+kEAMj5q03Hqoru31ye8sA=="}, {"experience": [{"company_name": "Syllable", "employment_duration": "2 yrs 6 mos", "titles": ["Software Engineer II", "Software Engineer"], "dates_employed": ["Jan 2021\u2013Present 1 yr 5 mos", "Dec 2019\u2013Jan 2021 1 yr 2 mos"]}, {"company_name": "Rakuten Marketing", "dates_employed": "Jun 2018\u2013Sep 2018 4 mos", "location": "Seattle, WA", "employment_duration": null, "title": "Software Engineer Intern"}], "education": [{"institution": "University of Washington", "degree_details": {"degree_name": "Bachelor of Science - BS", "field_of_study": "Computer Science", "dates_attended_or_expected_graduation": "2016 \u2013 2019"}}], "employee_name": "gcZY3OXhlkUy*p7rxu5Z77ky3DbqH1B1F2Q==*ijl2VQZrMul53LVvzWK0bg==*ogmoZ3HLQknkUoo4IaNbPA=="}, {"experience": [{"company_name": "Syllable", "dates_employed": "Oct 2018\u2013Present 3 yrs 8 mos", "employment_duration": null, "title": "Medical Researcher"}, {"company_name": "Fitgenes Australia Ltd", "dates_employed": "Jul 2017\u2013Oct 2018 1 yr 4 mos", "location": "Brisbane, Australia", "employment_duration": null, "title": "Marketing And Business Development Coordinator"}, {"company_name": "Princess Alexandra Hospital NHS Trust", "dates_employed": "Feb 2017\u2013Jul 2017 6 mos", "location": "Brisbane, Australia", "employment_duration": null, "title": "Research Student"}, {"company_name": "UniQuest", "dates_employed": "Feb 2017\u2013May 2017 4 mos", "location": "Brisbane, Australia", "employment_duration": null, "title": "Research Student"}, {"company_name": "Institute of Public Health, Bengaluru", "dates_employed": "Oct 2015\u2013Dec 2015 3 mos", "location": "Bangalore, India", "employment_duration": null, "title": "Intern Research Assistant"}], "education": [{"institution": "The University of Queensland", "degree_details": {"degree_name": "Master of Science (MS)", "field_of_study": "Biotechnology", "dates_attended_or_expected_graduation": "2016 \u2013 2017"}}, {"institution": "PES University", "degree_details": {"degree_name": "Bachelor of Engineering (BE)", "field_of_study": "Biotechnology", "dates_attended_or_expected_graduation": "2013"}}, {"institution": "IGNOU", "degree_details": {"degree_name": "GRADUATE DIPLOMA", "field_of_study": "Nutrition Sciences", "dates_attended_or_expected_graduation": null}}], "employee_name": "GacdADEzCgqGla2LvQ==*yMHI/RT9CfygKLjlDn+tmQ==*0aYDdo7S1uR9G28gMiYh6Q==*XXruLAtFEaZhi3tom1TOcg=="}, {"experience": [{"company_name": "Syllable", "dates_employed": "2018\u2013Present 4 yrs", "location": "Bangalore", "employment_duration": null, "title": "Medical Researcher"}, {"company_name": "Your Practice Online", "dates_employed": "Feb 2014\u2013Oct 2018 4 yrs 9 mos", "location": "Bangalore", "employment_duration": null, "title": "Senior Medical Content Writer"}, {"company_name": "MMS", "dates_employed": "May 2010\u2013Dec 2013 3 yrs 8 mos", "employment_duration": null, "title": "Medical Writer"}, {"company_name": "Molecular Connections", "dates_employed": "Jan 2007\u2013Apr 2010 3 yrs 4 mos", "location": "Bangalore", "employment_duration": null, "title": "Scientific Analyst"}], "education": [{"institution": "Bangalore University, Bangalore", "degree_details": {"degree_name": "Master's degree", "field_of_study": "Biotechnology", "dates_attended_or_expected_graduation": "2004 \u2013 2006"}}], "employee_name": "tlWiuZtj6KM7uk891lrTFPa8tA==*GoYW5HyMMvTAuyjolIhyFQ==*Nn24CvwezxbqMgspdDMFpg==*UlbMCnle55uFyn01TbOHDw=="}, {"experience": [{"company_name": "Syllable", "dates_employed": "Dec 2021\u2013Present 6 mos", "location": "Sunnyvale, California, United States", "employment_duration": null, "title": "Videographer"}], "education": [{"institution": "San Francisco State University", "degree_details": {"degree_name": "Bachelor of Arts - BA", "field_of_study": "Cinematography and Film/Video Production", "dates_attended_or_expected_graduation": "2019 \u2013 2021"}}, {"institution": "Skyline College", "degree_details": {"field_of_study": "Cinematography and Film/Video Production", "dates_attended_or_expected_graduation": "2017 \u2013 2019", "degree_name": null}}, {"institution": "South San Francisco High School", "degree_details": {"degree_name": "High School Diploma", "dates_attended_or_expected_graduation": "2013 \u2013 2015", "field_of_study": null}}], "employee_name": "n9tBqpZExrvrUA8VgJwtoxY=*cX1N3q8+pfOBfeT7EZbf7g==*6KlalblcuDOS9saZFzuoXA==*x9My0GAPcUpmszqDoK/bCg=="}]