[{"experience": [{"company_name": "XOR Inc.", "dates_employed": "2017\u2013Present", "employment_duration": "5 yrs", "location": "San Francisco Bay Area", "title": "CEO and founder"}, {"company_name": "OpenDataScience", "dates_employed": "Oct 2015\u2013Present", "employment_duration": "6 yrs 8 mos", "location": null, "title": "Admin"}, {"company_name": "KL10CH", "dates_employed": "Feb 2013\u2013Dec 2015", "employment_duration": "2 yrs 11 mos", "location": null, "title": "CEO & Founder"}, {"company_name": "Luxoft", "dates_employed": "2010\u20132015", "employment_duration": "5 yrs", "location": null, "title": "IT Recruitment"}], "education": [{"institution": "Ufa State Aviation Technical University", "degree_details": {"degree_name": "Master's degree", "field_of_study": "Faculty of Computational Mathematics and Cybernetics", "dates_attended_or_expected_graduation": null}}], "employee_name": "Xtl9aFVGdjR2Yvao4g==*oJLf+w3EQk52SaYAFk9vyQ==*exOZ9yZckCvCc7MrWAGP4Q==*YflNPPQ/v9asxG+dMUzUVg=="}, {"experience": [{"company_name": "XOR.ai", "dates_employed": "Oct 2018\u2013Present", "employment_duration": "3 yrs 8 mos", "location": "Austin, Texas Area", "title": "Chairman Of The Board"}, {"company_name": "XOR.ai", "dates_employed": "Aug 2016\u2013Present", "employment_duration": "5 yrs 10 mos", "location": "Austin, Texas Area", "title": "CTO"}, {"company_name": "ELucru Agency", "dates_employed": "Sep 2009\u2013Aug 2016", "employment_duration": "7 yrs", "location": null, "title": "CEO"}, {"company_name": "Sedona Ltd", "dates_employed": "Feb 2011\u2013Jul 2015", "employment_duration": "4 yrs 6 mos", "location": "Moscow, Russian Federation", "title": "CTO"}, {"company_name": "British Embassy", "dates_employed": "Apr 2009\u2013Sep 2009", "employment_duration": "6 mos", "location": "\u0421\u043c\u043e\u043b\u0435\u043d\u0441\u043a\u0430\u044f \u043d\u0430\u0431\u0435\u0440\u0435\u0436\u043d\u0430\u044f 10", "title": "Interpreter"}], "education": [{"institution": "IEF leadership training program", "degree_details": {"field_of_study": "Business Administration and Management, General", "dates_attended_or_expected_graduation": "2003 \u2013 2007", "degree_name": null}}, {"institution": "Bauman Moscow State Technical University", "degree_details": {"dates_attended_or_expected_graduation": "2001 \u2013 2004", "degree_name": null, "field_of_study": null}}, {"institution": "\u0421\u0423\u041d\u0426", "degree_details": {"degree_name": "College Graduate", "field_of_study": "Computer Software Engineering", "dates_attended_or_expected_graduation": "1999 \u2013 2001"}}], "employee_name": "MSfSM+CC4oRBBJr7eQ5C*q433woQSth24GPYo0ib9HQ==*oRgYnJUuZl+udrRF2NtQ2Q==*or2YFYrvEbc7zscSnKPyzw=="}, {"experience": [{"company_name": "Deep Knowledge Group", "dates_employed": "Jan 2021\u2013Present", "employment_duration": "1 yr 5 mos", "location": "London, England, United Kingdom", "title": "Head Of Media"}, {"company_name": "Aging Analytics Agency", "dates_employed": "Nov 2019\u2013Present", "employment_duration": "2 yrs 7 mos", "location": "London, England, United Kingdom", "title": "Head Of Department"}, {"company_name": "Deep Pharma Intelligence", "dates_employed": "Dec 2020\u2013Present", "employment_duration": "1 yr 6 mos", "location": "London, England, United Kingdom", "title": "Business Development Manager"}, {"company_name": "Deep Knowledge Analytics", "dates_employed": "Sep 2018\u2013Present", "employment_duration": "3 yrs 9 mos", "location": "London, United Kingdom", "title": "Business Development Manager"}, {"company_name": "XOR", "dates_employed": "Jul 2018\u2013Present", "employment_duration": "3 yrs 11 mos", "location": "San Francisco Bay Area", "title": "Business Development Manager"}], "education": [{"institution": "Oxford Business College", "degree_details": {"degree_name": "Certificate", "field_of_study": "Logistics, Materials, and Supply Chain Management", "dates_attended_or_expected_graduation": "2018 \u2013 2019"}}, {"institution": "Millennium Academy UK", "degree_details": {"degree_name": "NCFE", "field_of_study": "Business Administration and Management, General", "dates_attended_or_expected_graduation": "2017 \u2013 2018"}}], "employee_name": "DRqKsMxIBc0=*wYrkH1XRQnbC7f9jVF2xDg==*ff1iFpmSmNeBCEvhVE7weQ==*UD3htMVXl3DaRcHKBiUXTg=="}, {"experience": [{"company_name": "XOR", "dates_employed": "Mar 2022\u2013Present", "employment_duration": "3 mos", "location": "San Jose, California, United States", "title": "Head Of Operations"}, {"company_name": "XOR", "dates_employed": "Jun 2021\u2013Mar 2022", "employment_duration": "10 mos", "location": "San Francisco Bay Area", "title": "Customer Success Manager"}, {"company_name": "DevelopmentAid", "dates_employed": "Sep 2018\u2013Jun 2021", "employment_duration": "2 yrs 10 mos", "location": null, "title": "Quality Management Consultant"}, {"company_name": "electrotehnoimport", "dates_employed": "Jul 2017\u2013Jun 2018", "employment_duration": "1 yr", "location": "Chisinau, Moldova", "title": "Assistant Warehouse Manager"}], "education": [{"institution": "Universitatea de Stat din Moldova", "degree_details": {"degree_name": "Bachelor's degree", "field_of_study": "English and German languages, Translation and Interpreting", "dates_attended_or_expected_graduation": "2017 \u2013 2020"}}], "employee_name": "q7RgodTRB9Jx5ljQCvI=*O11c0OZvCf7hfcfTjUfXGA==*4uFwHh02PWHVlDQb26rsyA==*6BFJzImvIGHEVxaX8fz+XQ=="}, {"experience": [{"company_name": "XOR", "dates_employed": "Mar 2022\u2013Present", "employment_duration": "3 mos", "location": "\u0421\u043e\u0435\u0434\u0438\u043d\u0435\u043d\u043d\u044b\u0435 \u0428\u0442\u0430\u0442\u044b \u0410\u043c\u0435\u0440\u0438\u043a\u0438", "title": "Vice President of Marketing"}, {"company_name": "XOR \u0420\u043e\u0441\u0441\u0438\u044f", "dates_employed": "Nov 2020\u2013Mar 2022", "employment_duration": "1 yr 5 mos", "location": null, "title": "\u0414\u0438\u0440\u0435\u043a\u0442\u043e\u0440 \u043f\u043e \u043c\u0430\u0440\u043a\u0435\u0442\u0438\u043d\u0433\u0443"}, {"company_name": "\u0412\u0418\u0417\u0410\u0412\u0418 \u041a\u043e\u043d\u0441\u0430\u043b\u0442", "dates_employed": "Oct 2017\u2013Nov 2020", "employment_duration": "3 yrs 2 mos", "location": "\u041c\u043e\u0441\u043a\u0432\u0430, \u0420\u043e\u0441\u0441\u0438\u044f", "title": "\u0414\u0438\u0440\u0435\u043a\u0442\u043e\u0440 \u043f\u043e \u043c\u0430\u0440\u043a\u0435\u0442\u0438\u043d\u0433\u0443"}, {"company_name": "\u0414\u0435\u043b\u044c\u0442\u0430 \u0424\u0438\u043d\u0430\u043d\u0441", "dates_employed": "Oct 2016\u2013Oct 2017", "employment_duration": "1 yr 1 mo", "location": "\u041c\u043e\u0441\u043a\u0432\u0430, \u0420\u043e\u0441\u0441\u0438\u044f", "title": "\u0414\u0438\u0440\u0435\u043a\u0442\u043e\u0440 \u043f\u043e \u0440\u0430\u0437\u0432\u0438\u0442\u0438\u044e \u0431\u0438\u0437\u043d\u0435\u0441\u0430"}, {"company_name": "\u0413\u0440\u0430\u0432\u0438\u0442\u0435\u043b", "dates_employed": "2015\u20132016", "employment_duration": "1 yr", "location": null, "title": "\u041c\u0430\u0440\u043a\u0435\u0442\u0438\u043d\u0433"}], "education": [{"institution": "Lomonosov Moscow State University (MSU)", "degree_details": {"field_of_study": "\u0424\u0438\u043b\u043e\u043b\u043e\u0433\u0438\u044f", "dates_attended_or_expected_graduation": "2008 \u2013 2014", "degree_name": null}}], "employee_name": "oo1knq0K3gJNS2ATd0Q7*0PUv3FMljtXKfAuynXnlLA==*QmxFYDixGYuGN8UXcOI+Xw==*IwgL1AkPcXMeg0SAeYWV5Q=="}, {"experience": [{"company_name": "XOR", "dates_employed": "Jul 2020\u2013Present", "employment_duration": "1 yr 11 mos", "location": "Chi\u0219in\u0103u, Moldova", "title": "Head Of Development"}, {"company_name": "XOR", "dates_employed": "Feb 2020\u2013Jul 2020", "employment_duration": "6 mos", "location": "Chisinau, Moldova", "title": "Lead Project Manager"}, {"company_name": "Top Notch SRL", "dates_employed": "Feb 2017\u2013May 2020", "employment_duration": "3 yrs 4 mos", "location": "Chisinau, Moldova", "title": "Project Manager"}, {"company_name": "ITproLab SRL", "dates_employed": "Jan 2005\u2013May 2020", "employment_duration": "15 yrs 5 mos", "location": null, "title": "Co-Founder, Software Architect"}, {"company_name": "Cebos", "dates_employed": "Jun 2011\u2013Feb 2020", "employment_duration": "8 yrs 9 mos", "location": null, "title": ".NET Developer"}], "education": [{"institution": "Institutul de Formare Continua", "degree_details": {"degree_name": "IT Engineer", "field_of_study": "Software Development", "dates_attended_or_expected_graduation": null}}], "employee_name": "z3H2vxe594VDsalNBmoLsmMYGA==*W76boz7KzDost+1mYkpIUw==*Xxs27lD+Xufu6Q17w4SXKA==*oWoRwPoM7OfW2F0I0Gjlwg=="}, {"experience": [{"company_name": "XOR", "dates_employed": "Feb 2022\u2013Present", "employment_duration": "4 mos", "location": "\u0421\u0430\u043d-\u0424\u0440\u0430\u043d\u0446\u0438\u0441\u043a\u043e, \u041a\u0430\u043b\u0438\u0444\u043e\u0440\u043d\u0438\u044f, \u0421\u043e\u0435\u0434\u0438\u043d\u0435\u043d\u043d\u044b\u0435 \u0428\u0442\u0430\u0442\u044b \u0410\u043c\u0435\u0440\u0438\u043a\u0438", "title": "Account Executive"}, {"company_name": "XOR", "dates_employed": "Aug 2020\u2013Jan 2022", "employment_duration": "1 yr 6 mos", "location": null, "title": "Business Development Account Manager"}, {"company_name": "XOR", "dates_employed": "Sep 2019\u2013Aug 2020", "employment_duration": "1 yr", "location": null, "title": "Enterprise Account Manager"}, {"company_name": "Mimi Gushi", "dates_employed": "Nov 2017\u2013May 2019", "employment_duration": "1 yr 7 mos", "location": null, "title": "Deputy CEO"}, {"company_name": "EuroNicInvest", "dates_employed": "Apr 2010\u2013Feb 2019", "employment_duration": "8 yrs 11 mos", "location": null, "title": "CEO"}], "education": [{"institution": "Asem", "degree_details": {"degree_name": "Master's degree", "field_of_study": "Economy", "dates_attended_or_expected_graduation": "2003 \u2013 2008"}}], "employee_name": "zx2K0TK6qrsMVYlG6Ik=*Zwekrgb1PbQdW36lWD+dpQ==*ussiD4DvszcheTQBeP4WfQ==*zDEKVTkSJHAImEMfX3IG3g=="}, {"experience": [{"company_name": "XOR", "dates_employed": "Jan 2022\u2013Present", "employment_duration": "5 mos", "location": "San Francisco, California, United States", "title": "Account Executive"}, {"company_name": "XOR.ai", "dates_employed": "Nov 2018\u2013Dec 2021", "employment_duration": "3 yrs 2 mos", "location": "San Francisco Bay Area", "title": "Customer Success Manager"}, {"company_name": "Luxury Air Travel", "dates_employed": "Mar 2018\u2013Oct 2018", "employment_duration": "8 mos", "location": "Greater Seattle Area", "title": "Sales Representative"}, {"company_name": "International Travel Network", "dates_employed": "Jan 2017\u2013Jan 2018", "employment_duration": "1 yr 1 mo", "location": "San Francisco Bay Area", "title": "Travel Expert"}], "education": [{"institution": "Free International University of Moldova", "degree_details": {"field_of_study": "International Relations and Affairs", "dates_attended_or_expected_graduation": null, "degree_name": null}}], "employee_name": "6MZ/nXXEboFK8T7SDEY=*2afN2MXvLJkRmB48kQD9IA==*ZnX9MpYDmySKIGGdaMaZuA==*NLIhMEmWsmAmmnVJBtuWxQ=="}, {"experience": [{"company_name": "XOR", "dates_employed": "Feb 2022\u2013Present", "employment_duration": "4 mos", "location": "\u0421\u043e\u0435\u0434\u0438\u043d\u0435\u043d\u043d\u044b\u0435 \u0428\u0442\u0430\u0442\u044b \u0410\u043c\u0435\u0440\u0438\u043a\u0438", "title": "VP of Sales"}, {"company_name": "XOR", "dates_employed": "Nov 2019\u2013Jan 2022", "employment_duration": "2 yrs 3 mos", "location": "Moscow, Russian Federation", "title": "Regional DIrector (Russia and CIS)"}, {"company_name": "Proaction.pro", "dates_employed": "Apr 2018\u2013Nov 2019", "employment_duration": "1 yr 8 mos", "location": "Moscow, Russian Federation", "title": "Business Development Director and Key Account Executive"}, {"company_name": "Private Practice", "dates_employed": "Mar 2017\u2013Mar 2019", "employment_duration": "2 yrs 1 mo", "location": "Moscow, Russian Federation", "title": "Business Strategy Consultant"}, {"company_name": "Gazprombank", "dates_employed": "Jan 2008\u2013Sep 2016", "employment_duration": "8 yrs 9 mos", "location": "\u0420\u043e\u0441\u0441\u0438\u044f", "title": "Deputy Head of Department, Private Banking"}], "education": [{"institution": "Otto-von-Guericke University Magdeburg", "degree_details": {"degree_name": "B.Sc. in Management", "field_of_study": "Management", "dates_attended_or_expected_graduation": "2000 \u2013 2004"}}, {"institution": "Turkmen State University of World Languages", "degree_details": {"degree_name": "Diploma", "field_of_study": "English Language", "dates_attended_or_expected_graduation": "1994 \u2013 1998"}}], "employee_name": "NqweAHbjlEOs5HfGyw==*SkX5+E5XXT+ScevsoMzX0g==*yTPOoMmtiZK7xncMq2jhSQ==*ISWOW86R9ubnbppAiu1w3A=="}, {"experience": [{"company_name": "XOR", "dates_employed": "Jun 2019\u2013Present", "employment_duration": "3 yrs", "location": "\u041a\u0438\u0448\u0438\u043d\u0451\u0432, \u041c\u043e\u043b\u0434\u0430\u0432\u0438\u044f", "title": "IT recruiter / IT HR"}, {"company_name": "Altran", "dates_employed": "Jun 2017\u2013May 2018", "employment_duration": "1 yr", "location": "\u041c\u043e\u043b\u0434\u0430\u0432\u0438\u044f", "title": "Testing the autopilot in the car"}, {"company_name": "Acvilin Group", "dates_employed": "Jun 2015\u2013Jun 2017", "employment_duration": "2 yrs 1 mo", "location": "\u041c\u043e\u043b\u0434\u0430\u0432\u0438\u044f", "title": "Senior marketing manager"}, {"company_name": "Contabilizare", "dates_employed": "Feb 2013\u2013May 2015", "employment_duration": "2 yrs 4 mos", "location": "\u041a\u0438\u0448\u0438\u043d\u0451\u0432, \u041c\u043e\u043b\u0434\u0430\u0432\u0438\u044f", "title": "Digital Marketing-Manager"}], "education": [{"institution": "Universitatea de Stat din Moldova", "degree_details": {"degree_name": "Master's degree", "field_of_study": "Marketing and managment", "dates_attended_or_expected_graduation": "2015 \u2013 2017"}}, {"institution": "Universitatea de Stat din Moldova", "degree_details": {"degree_name": "Bachelor's degree", "field_of_study": "Marketing and logistics", "dates_attended_or_expected_graduation": "2012 \u2013 2015"}}], "employee_name": "eknenhBBiM1r7LqbTMxwRNg=*XTt8r/dabNVEp76/ayHdoQ==*L07m/u5YRt9p7cTuzKiyBw==*F4NUr/ea/wN/K2iSR2486A=="}, {"experience": [{"company_name": "XOR Limited", "dates_employed": "Feb 2022\u2013Present", "employment_duration": "4 mos", "location": "Leeds, England, United Kingdom", "title": "Director"}, {"company_name": "XOR Limited", "dates_employed": "Mar 2022\u2013Mar 2022", "employment_duration": "1 mo", "location": "Leeds, England, United Kingdom", "title": "Software Engineer"}, {"company_name": "HSBC", "dates_employed": "Apr 2019\u2013Mar 2022", "employment_duration": "3 yrs", "location": null, "title": "Software Engineer"}, {"company_name": "Self-employed", "dates_employed": "Oct 2017\u2013Mar 2022", "employment_duration": "4 yrs 6 mos", "location": null, "title": "Digital Designer"}, {"company_name": "FDM Group", "dates_employed": "2017\u2013Mar 2022", "employment_duration": "5 yrs", "location": "Leeds, United Kingdom", "title": "IT Consultant"}], "education": [{"institution": "Newcastle University", "degree_details": {"degree_name": "Medical sciences MSc", "field_of_study": "Medical Clinical Sciences/Graduate Medical Studies", "dates_attended_or_expected_graduation": "2016 \u2013 2017"}}, {"institution": "Northumbria University", "degree_details": {"degree_name": "Biomedical Scineces", "field_of_study": "Biomedical Sciences, General", "dates_attended_or_expected_graduation": "2012 \u2013 2016"}}], "employee_name": "TeyKVor6XSqNAYhrASqK*Yn8ErEF9t5H6v948LGQEEw==*fO5hWMA0tWp6cnosKpPVbQ==*Wq3nuqjokjPOrqWVtH8oRw=="}, {"experience": [{"company_name": "XOR", "dates_employed": "Jan 2022\u2013Present", "employment_duration": "5 mos", "location": "San Francisco, California, United States", "title": "Account Executive"}, {"company_name": "XOR.ai", "dates_employed": "2019\u2013Dec 2021", "employment_duration": "2 yrs", "location": "San Francisco Bay Area", "title": "Customer Success Expert"}, {"company_name": "International Travel Network", "dates_employed": "Mar 2018\u20132019", "employment_duration": "1 yr", "location": null, "title": "Customer Service"}, {"company_name": "Blinoff", "dates_employed": "Oct 2015\u2013Dec 2017", "employment_duration": "2 yrs 3 mos", "location": null, "title": "QA Manager"}], "education": [{"institution": "Universitatea Tehnic\u0103 a Moldovei", "degree_details": {"dates_attended_or_expected_graduation": "2016 \u2013 2020", "degree_name": null, "field_of_study": null}}, {"institution": "Colegiul Politehnic din Chisinau", "degree_details": {"field_of_study": "Inginer Metrolog", "dates_attended_or_expected_graduation": "2011 \u2013 2016", "degree_name": null}}, {"institution": "Liceul Teoretic \"Spiru Haret\"", "degree_details": {"dates_attended_or_expected_graduation": "2007 \u2013 2011", "degree_name": null, "field_of_study": null}}], "employee_name": "hbu7wt8h1mfLjSE=*TgLHIJW/4j059GSzSI+Khw==*h5jKcClC/rM0joD7ZP9XxA==*miyn/HRfrOCfZGXIruXjTw=="}, {"experience": [{"company_name": "XOR", "dates_employed": "Sep 2020\u2013Present", "employment_duration": "1 yr 9 mos", "location": null, "title": "Customer Success Manager"}, {"company_name": "International Travel Network", "dates_employed": "Oct 2019\u2013Aug 2020", "employment_duration": "11 mos", "location": null, "title": "Customer Support Agent"}], "education": [{"institution": "Universitatea Tehnic\u0103 a Moldovei", "degree_details": {"degree_name": "Bachelor of Engineering - BE", "field_of_study": "Automation Engineer Technology/Technician", "dates_attended_or_expected_graduation": "2016 \u2013 2020"}}], "employee_name": "ZTEqxjtfrxJb8u1NskFUtBnE+w==*K87yAC/h5tiJpmib1RFIxQ==*5UA47ipZBuLmVd3ZvsMCgQ==*jdhkD5nhNsDQ7tbRL3NY2w=="}, {"experience": [{"company_name": "XOR.ai", "dates_employed": "2019\u2013Present", "employment_duration": "3 yrs", "location": "San Francisco, California, United States", "title": "Account Executive"}, {"company_name": "International Travel Network", "dates_employed": "2017\u20132019", "employment_duration": "2 yrs", "location": "Chisinau, Moldova", "title": "Customer Support Specialist"}], "education": [{"institution": "Universitatea Tehnic\u0103 a Moldovei", "degree_details": {"degree_name": "Licentiate degree", "field_of_study": "Microelectronics and Nanotechnology", "dates_attended_or_expected_graduation": "2015 \u2013 2019"}}], "employee_name": "wu9vCwntPNuvt7U=*GofSxaXBU7dwgli0HxEYZg==*H5L/PUfc5DxAsxATfhMgYA==*0+wMZ6S2HXsZkf0bZFJArw=="}, {"experience": [{"company_name": "XOR", "dates_employed": "Aug 2020\u2013Present", "employment_duration": "1 yr 10 mos", "location": "Chi\u0219in\u0103u, Moldova", "title": "Customer Success Manager"}, {"company_name": "Israel Cultural Center", "dates_employed": "Mar 2017\u2013Aug 2020", "employment_duration": "3 yrs 6 mos", "location": "Chi\u0219in\u0103u, Moldova", "title": "Head of the youth department at Nativ - Israeli Cultural Center in Chisinau"}, {"company_name": "Jewish Cultural Center KEDEM", "dates_employed": "Jan 2016\u2013Feb 2017", "employment_duration": "1 yr 2 mos", "location": "Chi\u0219in\u0103u, Moldova", "title": "Project Manager"}, {"company_name": "Israel Cultural Center", "dates_employed": "Nov 2014\u2013Jan 2016", "employment_duration": "1 yr 3 mos", "location": "Chi\u0219in\u0103u, Moldova", "title": "Youth Program Manager"}], "education": [{"institution": "International Management Institute", "degree_details": {"degree_name": "Bachelor's degree", "field_of_study": "Marketing and Logistics", "dates_attended_or_expected_graduation": "2017 \u2013 2020"}}], "employee_name": "X1MxT+/eMFSCyktRKhs=*445vk0DpxyjCMGui46GFlg==*Z7tu5Qa4dPDu+GCTx27L4w==*wwQUI4xP+AS2WaBy/bPhhg=="}, {"experience": [{"company_name": "Hahn Softwareentwicklung GmbH", "dates_employed": "Apr 2022\u2013Present", "employment_duration": "2 mos", "location": "Remote", "title": "Senior .NET Developer"}, {"company_name": "XOR", "dates_employed": "Jun 2019\u2013Present", "employment_duration": "3 yrs", "location": "Remote", "title": "Senior Fullstack C# .NET Developer"}, {"company_name": "CN Logistik Spedition", "dates_employed": "Jul 2016\u2013May 2019", "employment_duration": "2 yrs 11 mos", "location": "Wien", "title": "Senior Azure Fullstack .NET Developer"}, {"company_name": "Admiral Sportwetten GmbH", "dates_employed": "Jan 2014\u2013Jun 2016", "employment_duration": "2 yrs 6 mos", "location": "Gumpoldskichen", "title": "Senior Software Developer"}, {"company_name": "Heitec Systemtechnik Gmbh", "dates_employed": "May 2012\u2013Dec 2013", "employment_duration": "1 yr 8 mos", "location": "Wien", "title": "Senior Software Developer"}], "education": [{"institution": "HTL Wien 10", "degree_details": {"degree_name": "Engineer", "field_of_study": "Electrical and Electronics Engineering", "dates_attended_or_expected_graduation": "1989 \u2013 1994"}}], "employee_name": "oxFPoMz8DgK59BMNGQ==*FdT9AlKOgThWsUaT9iKUaQ==*9O59VQZhfjQKB3/u7evkgw==*PEU69ixRl4nlgU7h9dzJFQ=="}, {"experience": [{"company_name": "XOR", "dates_employed": "Oct 2021\u2013Present", "employment_duration": "8 mos", "location": "\u0421\u043e\u0435\u0434\u0438\u043d\u0435\u043d\u043d\u044b\u0435 \u0428\u0442\u0430\u0442\u044b \u0410\u043c\u0435\u0440\u0438\u043a\u0438", "title": "Implementation manager"}, {"company_name": "XOR", "dates_employed": "Apr 2021\u2013Sep 2021", "employment_duration": "6 mos", "location": null, "title": "Manager of Customer Success"}, {"company_name": "The Jewish Agency for Israel", "dates_employed": "Jul 2015\u2013Apr 2021", "employment_duration": "5 yrs 10 mos", "location": "\u041c\u043e\u043b\u0434\u0430\u0432\u0438\u044f", "title": "Project manager"}], "education": [{"institution": "Universitatea Tehnic\u0103 a Moldovei", "degree_details": {"degree_name": "Bachelor's degree", "field_of_study": "Tehnology and management in public alimentation", "dates_attended_or_expected_graduation": "2017 \u2013 2021"}}], "employee_name": "+YeMvdPR1vJoDNrScw==*hcpjnd78O24XX30PiI5/Rg==*qlkYE3UC4AOtUKuNOt0eeA==*7Q25UwxQfx+4gpGZj8aMfQ=="}, {"experience": [{"company_name": "XOR", "dates_employed": "May 2021\u2013Present", "employment_duration": "1 yr 1 mo", "location": "Chi\u0219in\u0103u, Moldova", "title": "Implementation Manager"}, {"company_name": "XOR", "dates_employed": "Aug 2020\u2013May 2021", "employment_duration": "10 mos", "location": "Chi\u0219in\u0103u, Moldova", "title": "Customer Success Manager"}, {"company_name": "Northspeech", "dates_employed": "Feb 2020\u2013Aug 2020", "employment_duration": "7 mos", "location": "Chi\u0219in\u0103u, Moldova", "title": "Account Executive"}, {"company_name": "International Travel Network", "dates_employed": "May 2019\u2013Feb 2020", "employment_duration": "10 mos", "location": "Chi\u0219in\u0103u, Moldova", "title": "Sales Agent"}, {"company_name": "Freelance", "dates_employed": "Sep 2016\u2013May 2019", "employment_duration": "2 yrs 9 mos", "location": "St Petersburg, St Petersburg City, Russia", "title": "English Second Language Tutor"}], "education": [{"institution": "Saint Petersburg State University", "degree_details": {"degree_name": "Bachelor's degree", "field_of_study": "Linguistics", "dates_attended_or_expected_graduation": "2015 \u2013 2019"}}], "employee_name": "EhKEBce5uTJ4uw==*5wGWgi6owPHIVZTce6Ue1w==*rnR+n1dzK9unyh1C7cLtnA==*t1r8B+jMG4vHDOegbHXtHA=="}, {"experience": [{"company_name": "XOR", "dates_employed": "May 2020\u2013Apr 2022", "employment_duration": "2 yrs", "location": "Moldova, Chi\u015fin\u0103u (office)", "title": "Lead Product Designer at XOR.AI"}, {"company_name": "Webcraft - Logwork", "dates_employed": "Sep 2018\u2013May 2020", "employment_duration": "1 yr 9 mos", "location": "Moldova, Chi\u015fin\u0103u (office)", "title": "Product UI/UX designer"}, {"company_name": "http://hipinspire.com/", "dates_employed": "May 2017\u2013Sep 2018", "employment_duration": "1 yr 5 mos", "location": "USA (Part time freelance)", "title": "Art Director"}, {"company_name": "Ofarm", "dates_employed": "Jun 2018\u2013Aug 2018", "employment_duration": "3 mos", "location": "Moldova, Chisinau (Office)", "title": "UI/UX/Web designer"}, {"company_name": "Endorphin web agency", "dates_employed": "Nov 2015\u2013Mar 2016", "employment_duration": "5 mos", "location": "Moscow, Russia (Full time remote)", "title": "UI/UX/Web designer"}], "education": [{"institution": "Immi-nova", "degree_details": {"degree_name": "Bachelors", "field_of_study": "Business and administration", "dates_attended_or_expected_graduation": "2013 \u2013 2016"}}], "employee_name": "FD6RP2VH5aE6lGk4*aYS6IbMcMlI+wRCbaCge2A==*s3kKuZr6BMiLELhB5LAkvw==*e08VNzeJMoEhZkB4W/QN7w=="}, {"experience": [{"company_name": "XOR.ai", "dates_employed": "Jun 2019\u2013Present", "employment_duration": "3 yrs", "location": "Austin, Texas Area", "title": "Head Of QA"}, {"company_name": "XOR.ai", "dates_employed": "Feb 2018\u2013Present", "employment_duration": "4 yrs 4 mos", "location": null, "title": "QA Specialist"}], "education": [{"institution": "Universitatea de Stat din Moldova", "degree_details": {"field_of_study": "Informatics", "dates_attended_or_expected_graduation": "2016 \u2013 2019", "degree_name": null}}], "employee_name": "TRZy2cUba1dLhqGkGds8SkY=*VvN1veO4yOJMEgpCYTt4LA==*5deTLwqObdCGRBjA4IfO3w==*1VleknDkypG4l+2zOd9KyQ=="}, {"experience": [{"company_name": "XOR", "dates_employed": "May 2020\u2013Present", "employment_duration": "2 yrs 1 mo", "location": "\u041c\u043e\u043b\u0434\u0430\u0432\u0438\u044f", "title": "Senior Software Developer"}, {"company_name": "ByteCubed Labs", "dates_employed": "May 2019\u2013Feb 2020", "employment_duration": "10 mos", "location": null, "title": "Senior Software Development Engineer"}, {"company_name": "TopNoch", "dates_employed": "Dec 2017\u2013Apr 2019", "employment_duration": "1 yr 5 mos", "location": "Chisinau, Moldova", "title": "Senior Software Development Engineer"}, {"company_name": "ITProlab", "dates_employed": "Mar 2014\u2013Dec 2017", "employment_duration": "3 yrs 10 mos", "location": "Chisinau, Moldova", "title": ".NET Developer"}, {"company_name": "ADD GRUP", "dates_employed": "Jul 2008\u2013Feb 2014", "employment_duration": "5 yrs 8 mos", "location": "Chisinau, Moldova", "title": "Software Developer"}], "education": [{"institution": "Moldova State University, Chisinau, Republic of Moldova", "degree_details": {"degree_name": "Master\u2019s Degree", "field_of_study": "Network Technologies", "dates_attended_or_expected_graduation": "2008 \u2013 2010"}}, {"institution": "Moldova State University, Chisinau, Republic of Moldova", "degree_details": {"degree_name": "Bachelor\u2019s Degree", "field_of_study": "Computer Science and Information Management/Technology", "dates_attended_or_expected_graduation": "2004 \u2013 2008"}}, {"institution": "Liviu Rebreanu High School, Chisinau, Republic of Moldova", "degree_details": {"degree_name": "High School", "dates_attended_or_expected_graduation": "1993 \u2013 2004", "field_of_study": null}}], "employee_name": "+I++NKBpqqpNPD0=*/N3YKzdAps2OZ6ASnm0jrQ==*uMzEyusXK4XWcwpV3lxu9w==*fNwjauIrsVJ1R4cea0i/ng=="}, {"experience": [{"company_name": "ADP", "dates_employed": "Aug 2021\u2013Present", "employment_duration": "10 mos", "location": "Hyderabad, Telangana, India", "title": "Member Technical"}, {"company_name": "XOR", "dates_employed": "May 2021\u2013Present", "employment_duration": "1 yr 1 mo", "location": null, "title": "Co-Founder"}, {"company_name": "Speakers Of Hyderabad", "dates_employed": "Oct 2019\u2013Apr 2020", "employment_duration": "7 mos", "location": "India", "title": "Sales And Marketing Specialist"}, {"company_name": "Path Creators - India", "dates_employed": "Jun 2019\u2013Jul 2019", "employment_duration": "2 mos", "location": "Hyderabad, Telangana, India", "title": "Internship Trainee"}, {"company_name": "Reverie India- Fashion Magazine", "dates_employed": "Apr 2019\u2013Apr 2019", "employment_duration": "1 mo", "location": "India", "title": "Fashion Model"}], "education": [{"institution": "Malla Reddy Engineering College", "degree_details": {"degree_name": "Bachelor's degree", "field_of_study": "Electrical, Electronics and Communications Engineering", "dates_attended_or_expected_graduation": "2017 \u2013 2021"}}, {"institution": "Gitanjali Group of Schools", "degree_details": {"dates_attended_or_expected_graduation": null, "degree_name": null, "field_of_study": null}}], "employee_name": "uhHCFjUqLC5/7vFUvGNZAg==*WnuwB4KbD4WAWDaQcDK7+Q==*wWiRqOeR8OBRAT56ZLt9mw==*QujT4HVLKt9o23kSaSHI6g=="}, {"experience": [{"company_name": "XOR", "dates_employed": "Jan 2021\u2013Present", "employment_duration": "1 yr 5 mos", "location": null, "title": "PIA guy"}, {"company_name": "Openreach", "dates_employed": "Jan 2013\u2013Nov 2019", "employment_duration": "6 yrs 11 mos", "location": "Bristol, United Kingdom", "title": "Senior Fibre Delivery"}, {"company_name": "BT Wholesale - Openreach", "dates_employed": "Jun 2006\u2013Jan 2013", "employment_duration": "6 yrs 8 mos", "location": "SW", "title": "Operations Manager"}, {"company_name": "BT Wholesale", "dates_employed": "Jan 2003\u2013Jul 2006", "employment_duration": "3 yrs 7 mos", "location": "SW", "title": "Operations Manager"}, {"company_name": "BT", "dates_employed": "Jan 1999\u2013Jun 2003", "employment_duration": "4 yrs 6 mos", "location": "South England", "title": "Field Project Engineer"}], "education": [{"institution": "Huish Grammar", "degree_details": {"dates_attended_or_expected_graduation": null, "degree_name": null, "field_of_study": null}}], "employee_name": "GOT4+yXbB5TNzw0=*5Hn9EGOep+5QPKOOEHctvQ==*8KrwgAjRn346vDj71nW90Q==*XcFVTHELjAVOiguXRUbPuw=="}, {"experience": [{"company_name": "XOR", "dates_employed": "Apr 2020\u2013Present", "employment_duration": "2 yrs 2 mos", "location": "United States", "title": "Account Executive"}, {"company_name": "Livemaster.ru/Livemaster.com", "dates_employed": "Dec 2019\u2013Present", "employment_duration": "2 yrs 6 mos", "location": "\u041c\u043e\u0441\u043a\u0432\u0430, \u0420\u043e\u0441\u0441\u0438\u044f", "title": "Project Manager (middle)"}, {"company_name": "DKA", "dates_employed": "Mar 2019\u2013Mar 2020", "employment_duration": "1 yr 1 mo", "location": null, "title": "Manager"}, {"company_name": "Bosch Diesel Service", "dates_employed": "Aug 2017\u2013Nov 2019", "employment_duration": "2 yrs 4 mos", "location": "Smolensk, Smolensk, Russia", "title": "Sales Manager"}], "education": [{"institution": "Moscow Power Engineering Institute (Technical University)", "degree_details": {"degree_name": "Master's degree", "field_of_study": "Nanotechnology", "dates_attended_or_expected_graduation": "2013 \u2013 2019"}}, {"institution": "Moscow Power Engineering Institute (Technical University)", "degree_details": {"degree_name": "Bachelor's degree", "field_of_study": "Human Resources Management/Personnel Administration, General", "dates_attended_or_expected_graduation": "2013 \u2013 2015"}}], "employee_name": "GFpG4UOTJ0t3e4g=*u6aZ0HSOqROmlA00WV6blw==*6b7ndkRwbhz2jIf0BT4t/A==*P3wLfbRQ/OAvjAlWyJzDqA=="}, {"experience": [{"company_name": "XOR", "dates_employed": "Feb 2019\u2013Present", "employment_duration": "3 yrs 4 mos", "location": null, "title": "Account Executive"}, {"company_name": "Wildberries", "dates_employed": "2014\u20132019", "employment_duration": "5 yrs", "location": null, "title": "Customer Care Manager"}], "education": [{"institution": "Universitatea de Stat din Moldova", "degree_details": {"degree_name": "Bachelor's degree", "field_of_study": "Hotel/Motel Administration/Managemen", "dates_attended_or_expected_graduation": "2009 \u2013 2014"}}], "employee_name": "LZfk6YBEuCyMogRksw==*9G/ku9Ed4Lwb0Z4RDd/Etg==*ZjkZY/x9jli1ebRrivmFtA==*mJxtbZrA1FpIU4Xe6mRdTQ=="}, {"experience": [{"company_name": "XOR", "dates_employed": "Mar 2019\u2013Present", "employment_duration": "3 yrs 3 mos", "location": "United States", "title": "Account Executive"}, {"company_name": "Oracle", "dates_employed": "Mar 2016\u2013Oct 2018", "employment_duration": "2 yrs 8 mos", "location": "London, England, United Kingdom", "title": "Project Assistant"}], "education": [{"institution": "Anglia Ruskin University", "degree_details": {"degree_name": "Bachelor's degree", "field_of_study": "International Business", "dates_attended_or_expected_graduation": "2013 \u2013 2017"}}, {"institution": "\"Alexandru Ioan Cuza\" Theoretical High School Bucharest", "degree_details": {"degree_name": "High School Diploma", "dates_attended_or_expected_graduation": "2009 \u2013 2013", "field_of_study": null}}], "employee_name": "rP0jLybOprHaMqE=*zOS9GIuelShlFXxtTFlh1A==*2/lhiusj1+/IQ5PUQncdxw==*ecoNoF/nuupQH2RNig/wKg=="}, {"experience": [{"company_name": "XOR", "dates_employed": null, "employment_duration": null, "location": null, "title": "Account executive"}], "education": null, "employee_name": "1hFoefsYg1IlK04=*PcYr0fqBT1NhAUvnEGE5jg==*dBMoJrwTQbwd+9Ph+Bmbuw==*XVdLlZHBx36i901kKZlS7w=="}, {"experience": [{"company_name": "XOR", "dates_employed": "Jul 2019\u2013Present", "employment_duration": "2 yrs 11 mos", "location": "San Jose, California, United States", "title": "Account Executive"}, {"company_name": "DAAC System Integrator", "dates_employed": "Mar 2018\u2013Jun 2019", "employment_duration": "1 yr 4 mos", "location": null, "title": "Human Resources Specialist"}], "education": null, "employee_name": "JRbYMcWpamtX5w==*byJTrfxMqjY6E3i2T1xwJA==*Qod+w6zhJNWmiJRujlLqJw==*Hb4eYr8hFbOe3F6CytWHTg=="}, {"experience": [{"company_name": "XOR", "dates_employed": "Jan 2019\u2013Present", "employment_duration": "3 yrs 5 mos", "location": null, "title": "Account Executive"}, {"company_name": "lux-Airport", "dates_employed": "Jun 2018\u2013Dec 2018", "employment_duration": "7 mos", "location": null, "title": "Sales Executive"}, {"company_name": "International Travel Network", "dates_employed": "Mar 2017\u2013May 2018", "employment_duration": "1 yr 3 mos", "location": null, "title": "Account Executive"}], "education": [{"institution": "Peddie School", "degree_details": {"degree_name": "Bachelor's degree", "field_of_study": "Business/Corporate Communications", "dates_attended_or_expected_graduation": "2004 \u2013 2016"}}], "employee_name": "J77qFcERfXRVxtTXBNI=*+Ciaz3TenKJN0CVfvOPixw==*MVJQxUinFmp/9vugdgmhvw==*/13ImdCfnaUYbvDHOxykbw=="}, {"experience": [{"company_name": "XOR, Design&Internet Solutions Studio", "dates_employed": null, "employment_duration": null, "location": null, "title": "sales manager"}], "education": null, "employee_name": "eAwpYchiEqv4RPAUxnvH*kX19LjBTVqH12WD12ir6lQ==*oCJmI7AtM3KLqqyHvNVhiQ==*azbs+eM4RbyjSzf/r6jctA=="}, {"experience": [{"company_name": "ITN", "dates_employed": null, "employment_duration": null, "location": null, "title": "Sales Agent"}, {"company_name": "XOR", "dates_employed": "Jun 2018\u2013Present", "employment_duration": "4 yrs", "location": null, "title": "Account Executive"}, {"company_name": "AERLUX", "dates_employed": "2017\u2013Present", "employment_duration": "5 yrs", "location": null, "title": "Sales Agent"}, {"company_name": "SkyLux Travel", "dates_employed": "Feb 2015\u2013May 2015", "employment_duration": "4 mos", "location": null, "title": "Sales Agent"}], "education": [{"institution": "Slavic University of Moldova", "degree_details": {"degree_name": "Bachelor's degree", "field_of_study": "Business Administration and Management, General", "dates_attended_or_expected_graduation": "2019 \u2013 2022"}}], "employee_name": "PRZkvHjD2P3BV6CtHg==*ovq+PvWD4l+k8Vo2botzyw==*ldXGkrXkCfnv1dQOhmAVvQ==*BKIUDkBHHUZiDYWnrtIY2Q=="}, {"experience": [{"company_name": "XOR.ai", "dates_employed": "Apr 2019\u2013Present", "employment_duration": "3 yrs 2 mos", "location": null, "title": "Account Executive"}, {"company_name": "International Travel Network", "dates_employed": "Feb 2018\u2013Mar 2019", "employment_duration": "1 yr 2 mos", "location": "San Francisco Bay Area", "title": "Sales Agent"}], "education": null, "employee_name": "A/RzcnxXrJm5i3smeAJFwTOJzA==*VlIckDSmJmMaGFSj7rgZZw==*IPkiFcjmXJUV6CH+BMIuDA==*NfM/if401CMIeU1hAXYqOg=="}, {"experience": null, "education": null, "employee_name": "79m9Fc5NU9uPKwKiw5m9*I1665i8x/9DLw8chifETdA==*Vzp2mAhnmW2ba+pLmEf6JA==*MWr7fkRgLYTdlW0jmeqoMA=="}, {"experience": [{"company_name": "XOR", "dates_employed": "Mar 2022\u2013Present", "employment_duration": "3 mos", "location": "\u0421\u0430\u043d\u043a\u0442-\u041f\u0435\u0442\u0435\u0440\u0431\u0443\u0440\u0433, \u0420\u043e\u0441\u0441\u0438\u044f", "title": "Senior marketing manager"}, {"company_name": "XOR", "dates_employed": "Mar 2022\u2013Present", "employment_duration": "3 mos", "location": "\u0421\u0430\u043d\u043a\u0442-\u041f\u0435\u0442\u0435\u0440\u0431\u0443\u0440\u0433, \u0420\u043e\u0441\u0441\u0438\u044f", "title": "Head of Marketing, XOR Russia"}, {"company_name": "IC Lab", "dates_employed": "Jul 2020\u2013Sep 2021", "employment_duration": "1 yr 3 mos", "location": null, "title": "Marketing director"}], "education": null, "employee_name": "woL96juv8YwT+K0wrxHNod0=*7S6wpNlmgfsiAqa2yKwDFg==*zY0A8GmRrIKsfaZoGWl9sQ==*OR1PeZMiXsM/uVhecyeSXw=="}, {"experience": null, "education": null, "employee_name": "6T0Y31z44VDGs8mjRCmx*2MzG5SqZaxjTD7DhUIKjqw==*6EMIFuBbFdJxXhcmU+Q9ZQ==*CA/Wr5eyHHrKhlYS1Ss+yw=="}, {"experience": null, "education": null, "employee_name": "YMdCKcOuFExBdBh2EG3u*Fnfz/+SAmY8+tZiVGZMU0w==*iGuvjLApRD50mjajorSXLg==*jSRERbf2DVQax16jO9ZAog=="}, {"experience": null, "education": null, "employee_name": "2aULYc3JBNPTV9Gx3hDo*sv5gfv497fj2w0w0Y5i4lg==*EEX4LFz+vcvb3jhViu9Ppg==*Fzl6N28OtQcG4AA5lN/yIg=="}, {"experience": [{"company_name": "XOR", "dates_employed": null, "employment_duration": null, "location": null, "title": "Sales And Marketing Specialist"}], "education": [{"institution": "Massachusetts Institute of Technology", "degree_details": {"degree_name": "Bachelor's degree", "dates_attended_or_expected_graduation": null, "field_of_study": null}}], "employee_name": "Dnt040+atyB6K1W8*KOxrMwpdmv0/WMYzqQ04Yg==*lG4+G2KfRPGzdWBzF/EbOw==*CC1Gfob1pYxLshntw275dQ=="}, {"experience": [{"company_name": "XOR", "dates_employed": "Mar 2022\u2013Present", "employment_duration": "3 mos", "location": "California, United States", "title": "Sales Development Representative"}], "education": null, "employee_name": "LBILKN5KxGbLCatnv/c=*l/TJmcHJ0020TZV2xnyOPA==*2S6Tw1O+d6WoRys6xLU3dg==*Ix6xNFBrsp9jqIJh3nPAFg=="}, {"experience": null, "education": null, "employee_name": "V7q97DJGCOKrWmL6eRiv*xJerxeD6PDEhGla4/EUYaA==*b9/gMkjRCWW/iDbYI+GtnA==*EksIpl7XC9Uhqc/wQtVh1g=="}, {"experience": null, "education": null, "employee_name": "2NMNJXMf3YZI0mtoW8qz*nfTX1vJ0cVNJvtSxLArulA==*ITymJnTCQC5YeYVPyZJ6pQ==*MsiddoW7z0Klbs3PDvCzZQ=="}, {"experience": [{"company_name": "XOR", "dates_employed": "Mar 2022\u2013Present", "employment_duration": "3 mos", "location": null, "title": "Sales Development Representative"}], "education": [{"institution": "ULIM", "degree_details": {"degree_name": "Bachelor's degree", "field_of_study": "Language Interpretation and Translation", "dates_attended_or_expected_graduation": "2017 \u2013 2020"}}], "employee_name": "LTNflyOkxbi8yhDHilMPwExd87k=*Z77oRamnf0w53jzDAf/MQA==*rv1Tivqf1wP0xoVHcB6RFQ==*TcI2LSVf2Kg6hkxmLHQIZw=="}, {"experience": [{"company_name": "XOR", "dates_employed": "Mar 2022\u2013Present", "employment_duration": "3 mos", "location": "Chi\u0219in\u0103u, Moldova", "title": "SDR"}], "education": [{"institution": "Universitatea de Stat din Moldova", "degree_details": {"degree_name": "International Relations", "field_of_study": "Diplomacy", "dates_attended_or_expected_graduation": "2021 \u2013 2024"}}], "employee_name": "BC6JI1qsVoY6RFcW3jzh*NyqtgjOqmlciPlaGyxznMg==*QW/AcYe9UABOonXLwpbgaQ==*fSQKozdAxz5Rn9zeDWd4Lg=="}, {"experience": [{"company_name": "XOR", "dates_employed": "Mar 2021\u2013Present", "employment_duration": "1 yr 3 mos", "location": "Chi\u0219in\u0103u, Moldova", "title": "Account Executive"}, {"company_name": "International Travel Network", "dates_employed": "May 2020\u2013Oct 2021", "employment_duration": "1 yr 6 mos", "location": "Chi\u0219in\u0103u, Moldova", "title": "Dispute Resolution Specialist"}, {"company_name": "International Travel Network", "dates_employed": "Sep 2014\u2013May 2020", "employment_duration": "5 yrs 9 mos", "location": null, "title": "Team Supervisor"}, {"company_name": "Capital City Service Ltd", "dates_employed": "Mar 2014\u2013Jun 2014", "employment_duration": "4 mos", "location": "Chisinau, Moldova", "title": "Routing Manager"}], "education": [{"institution": "State Building Science College", "degree_details": {"degree_name": "Bachelor of Arts - BA", "field_of_study": "Interior Design", "dates_attended_or_expected_graduation": "2008 \u2013 2013"}}], "employee_name": "9WLjQXktZp8v3ksE*7TBKPGofIqjlO0OOdIhG8w==*quiAKIFJ6gDdQCiG604rnA==*O2g/+KrAIRXXUeEdvEAQnQ=="}, {"experience": [{"company_name": "XOR", "dates_employed": "Nov 2021\u2013Present", "employment_duration": "7 mos", "location": "\u041a\u0438\u0448\u0438\u043d\u0451\u0432, \u041c\u043e\u043b\u0434\u0430\u0432\u0438\u044f", "title": "Junior Manual Tester"}, {"company_name": "Bio-Instruments", "dates_employed": "Nov 2019\u2013Oct 2021", "employment_duration": "2 yrs", "location": null, "title": "\u0422\u0435\u0445\u043d\u0438\u043a-\u044d\u043b\u0435\u043a\u0442\u0440\u043e\u043d\u0438\u043a"}], "education": [{"institution": "Universitatea Tehnic\u0103 a Moldovei", "degree_details": {"degree_name": "Bachelor's degree", "field_of_study": "Electronic and Telecommunications Systems Security", "dates_attended_or_expected_graduation": "2017 \u2013 2021"}}], "employee_name": "JKn3MRNF5HdaVz5c/qd1IA==*aH881MYw1g3JEGgO+O+rPA==*UuSHP4WVhBlYqnV/ukbfBg==*nrx+nFmvGOkcdLvliAxQRQ=="}, {"experience": [{"company_name": "XOR", "dates_employed": "Mar 2022\u2013Present", "employment_duration": "3 mos", "location": "\u041a\u0438\u0448\u0438\u043d\u0451\u0432, \u041c\u043e\u043b\u0434\u0430\u0432\u0438\u044f", "title": "Frontend Web Developer"}, {"company_name": "JazzServe", "dates_employed": "May 2021\u2013Mar 2022", "employment_duration": "11 mos", "location": null, "title": "Frontend Web Developer"}, {"company_name": "Paynet", "dates_employed": "Nov 2019\u2013May 2021", "employment_duration": "1 yr 7 mos", "location": "Chisinau, Moldova", "title": "Frontend Web Developer"}], "education": [{"institution": "Universitatea de Stat din Moldova", "degree_details": {"degree_name": "licentiate", "field_of_study": "IT", "dates_attended_or_expected_graduation": "2017 \u2013 2020"}}], "employee_name": "q/xyiFScQK/vR7LD*VX4eizFvoS7wZz4A/I50QQ==*tk1FqA2Jpf1F4JtVXB8BeQ==*ZlQdC+zcLXcDj3ceGmKOQg=="}, {"experience": [{"company_name": "XOR.ai", "dates_employed": "May 2018\u2013Present", "employment_duration": "4 yrs 1 mo", "location": "San Francisco, California", "title": "Account Executive"}, {"company_name": "Bangkok-latex", "dates_employed": "Feb 2016\u2013May 2018", "employment_duration": "2 yrs 4 mos", "location": "Bangkok, Thailnad", "title": "Branch Director"}, {"company_name": "Bangkok-latex", "dates_employed": "Jan 2014\u2013Feb 2016", "employment_duration": "2 yrs 2 mos", "location": "Bangkok, Thailand", "title": "Director Of Development"}, {"company_name": "Bangkok-latex", "dates_employed": "Jan 2013\u2013Jan 2014", "employment_duration": "1 yr 1 mo", "location": "Pattaya, Thailand", "title": "Sales Development Manager"}, {"company_name": "Anex Tour", "dates_employed": "Nov 2012\u2013Dec 2012", "employment_duration": "2 mos", "location": "Pattaya, Thailand", "title": "Tours sales manager."}], "education": null, "employee_name": "ttYGNWwRwks6ng==*Mz9AWm9hh+w2fVkFWOrmGQ==*uLiEMawN7sFwHzsi5sVvtQ==*rvD0n0TMmBiCSGn3HjQS7Q=="}, {"experience": [{"company_name": "XOR", "dates_employed": null, "employment_duration": null, "location": null, "title": "Implementation Manager"}], "education": null, "employee_name": "L8BMMvDOkw==*QgrvTLvs7wHGmKmL0QGP1g==*b+opJUOBxab3nOLbcuJLSw==*epdgTWe3MU/G8MqijMIfzg=="}, {"experience": [{"company_name": "XOR", "dates_employed": "Jan 2018\u2013Present", "employment_duration": "4 yrs 5 mos", "location": null, "title": "Account executive"}, {"company_name": "Luxury Air Travel", "dates_employed": "Sep 2016\u2013Feb 2018", "employment_duration": "1 yr 6 mos", "location": null, "title": "Chief Executive Officer"}], "education": [{"institution": "Real Estate Business School", "degree_details": {"degree_name": "Bachelor's degree", "field_of_study": "Business", "dates_attended_or_expected_graduation": "2015 \u2013 2018"}}], "employee_name": "laRZQWWNd9eFAe3RQclX*HufosCj9o1cL+YANrWBPyg==*xdBCmGAx5IIdPSE/cFQUXw==*o8XWx74r7GPvUJ36nskWRQ=="}, {"experience": [{"company_name": "XOR", "dates_employed": "Sep 2018\u2013Present", "employment_duration": "3 yrs 9 mos", "location": "San Francisco Bay Area", "title": "Account Manager"}], "education": [{"institution": "Arizona State University", "degree_details": {"degree_name": "Bachelor's degree", "field_of_study": "Business Administration and Management, General", "dates_attended_or_expected_graduation": "2016 \u2013 2019"}}], "employee_name": "lGzMJ0XolRC3*SDXPmMcQb5veKPctuiJZUA==*UBZh2g0JJ3tWSxxs/J6z3Q==*1euNZ2LrVbrbopQ8hG6dJA=="}, {"experience": [{"company_name": "XOR", "dates_employed": "Nov 2019\u2013Present", "employment_duration": "2 yrs 7 mos", "location": null, "title": "Account Executive"}, {"company_name": "International Travel Network", "dates_employed": "Aug 2019\u2013Nov 2019", "employment_duration": "4 mos", "location": null, "title": "International Travel Consultant"}, {"company_name": "Princess Cruises", "dates_employed": "Jun 2017\u2013Jul 2019", "employment_duration": "2 yrs 2 mos", "location": "United States", "title": "Bartender"}, {"company_name": "The Music Hall", "dates_employed": "Nov 2016\u2013Jun 2017", "employment_duration": "8 mos", "location": "Palm Jumeirah, Dubai Emirate, United Arab Emirates", "title": "Bartender"}, {"company_name": "4-Front Facilities Management LLC", "dates_employed": "Jan 2016\u2013Nov 2016", "employment_duration": "11 mos", "location": "Dubai Emirate, United Arab Emirates", "title": "bartender"}], "education": [{"institution": "Universitatea de Stat din Moldova", "degree_details": {"degree_name": "Bachelor's degree", "field_of_study": "Foreign Languages and Literatures, General", "dates_attended_or_expected_graduation": "2011 \u2013 2014"}}], "employee_name": "TPJtrcVvgCWpAxY+JQ93JWE=*86493ulLlAiDHHECpcYH3A==*WNmUp4oj1wjRQu0rjp4Vhw==*a310cp5djwsBT74kFq1pwQ=="}, {"experience": [{"company_name": "XOR", "dates_employed": "Aug 2018\u2013Present", "employment_duration": "3 yrs 10 mos", "location": "San Francisco, California, United States", "title": "Account Executive"}, {"company_name": "International Travel Network", "dates_employed": "Mar 2012\u2013Sep 2015", "employment_duration": "3 yrs 7 mos", "location": null, "title": "Account Executive"}], "education": [{"institution": "Universitatea de Stat din Moldova", "degree_details": {"field_of_study": "Business Administration and Management, General", "dates_attended_or_expected_graduation": null, "degree_name": null}}], "employee_name": "Ns2ZbTlT9LA55WCFFg==*G/8KTg9iXTZfh6bUqI4syA==*ZOFSM4McFq07FKxXMHujeg==*WEjFCg/KhEUAbmmNdLRBCw=="}, {"experience": [{"company_name": "XOR", "dates_employed": "Sep 2018\u2013Present", "employment_duration": "3 yrs 9 mos", "location": "United States", "title": "Account Executive"}, {"company_name": "International Travel Network", "dates_employed": "Jun 2015\u2013Jul 2018", "employment_duration": "3 yrs 2 mos", "location": null, "title": "Travel Agent"}], "education": [{"institution": "Slavonic University", "degree_details": {"degree_name": "Bachelor's degree", "field_of_study": "Business Administration and Management, General", "dates_attended_or_expected_graduation": "2009 \u2013 2012"}}], "employee_name": "ho0nstcS4b1SfeQ=*lQ3U8conXQIOeFEOunYoWw==*Uq0hM0tUs6QHA5p4Yx/3RA==*9ouSSlFlzFQnC6Q5lB/6jw=="}, {"experience": [{"company_name": "XOR", "dates_employed": "May 2021\u2013Present", "employment_duration": "1 yr 1 mo", "location": "\u041a\u0438\u0448\u0438\u043d\u0451\u0432, \u041c\u043e\u043b\u0434\u0430\u0432\u0438\u044f", "title": ".NET Developer"}, {"company_name": "XOR.ai", "dates_employed": "2019\u2013Apr 2021", "employment_duration": "2 yrs", "location": "San Francisco", "title": "Quality Assurance Automation Engineer"}], "education": [{"institution": "Universitatea Tehnic\u0103 a Moldovei", "degree_details": {"dates_attended_or_expected_graduation": "2018 \u2013 2022", "degree_name": null, "field_of_study": null}}], "employee_name": "lPpXuKmtwx8GAmqrGE6F9ts=*2SjqGEb5wToJXvFvstDT5g==*cJsMT/q8hzpdWZi32vDajQ==*jUQZv0HmtJ4inLceoeEKiw=="}, {"experience": [{"company_name": "XOR", "dates_employed": "Aug 2020\u2013Present", "employment_duration": "1 yr 10 mos", "location": "Bracknell, England, United Kingdom", "title": "Account Executive"}, {"company_name": "Restaurant Stahlbad", "dates_employed": "Mar 2018\u2013Feb 2020", "employment_duration": "2 yrs", "location": "Baden-Baden, Baden-W\u00fcrttemberg, Germany", "title": "Assistant Manager"}], "education": [{"institution": "Academia de Studii Economice din Moldova", "degree_details": {"degree_name": "Licentiate in Economic Sciences", "field_of_study": "Marketing", "dates_attended_or_expected_graduation": "2014 \u2013 2017"}}], "employee_name": "AEEB7o9KKI4Y61whqBtUWg==*gU7ONpg0wRYmeJUX+w44hg==*vducs/VkNK77hzKO6YPgDQ==*kX4tNQS9YIIZxv6ZMLgUWg=="}, {"experience": [{"company_name": "XOR", "dates_employed": "Feb 2018\u2013Present", "employment_duration": "4 yrs 4 mos", "location": "San Francisco, California, United States", "title": "Account Executive"}, {"company_name": "International Travel Network", "dates_employed": "Feb 2016\u2013Feb 2018", "employment_duration": "2 yrs 1 mo", "location": null, "title": "account executive"}], "education": [{"institution": "Slavonic University", "degree_details": {"field_of_study": "Economics", "dates_attended_or_expected_graduation": "2009 \u2013 2012", "degree_name": null}}], "employee_name": "T6BABQLQgh/6EBZH*bFy96LW3jbztGia/CvR0Jg==*ISJ620t27mw8dNJUVXxEyg==*SuiPojyqUycQ7JyvqwK9gw=="}, {"experience": [{"company_name": "XOR", "dates_employed": "Jan 2019\u2013Present", "employment_duration": "3 yrs 5 mos", "location": null, "title": "Account Executive"}, {"company_name": "AZ Global Europe", "dates_employed": "Sep 2020\u2013Dec 2020", "employment_duration": "4 mos", "location": null, "title": "Account Manager"}, {"company_name": "KIVORK", "dates_employed": "Dec 2017\u2013Dec 2018", "employment_duration": "1 yr 1 mo", "location": null, "title": "Customer Service Assistant"}, {"company_name": "Luxury Air Travel", "dates_employed": "Feb 2017\u2013Nov 2017", "employment_duration": "10 mos", "location": null, "title": "Sales Consultant"}], "education": [{"institution": "ASEM", "degree_details": {"degree_name": "Bachelor's degree", "field_of_study": "Business Administration and Management, General", "dates_attended_or_expected_graduation": "2017 \u2013 2020"}}], "employee_name": "ZKX51jPeEq0M8HXb*DEm10b/wkNKNo/zvaEuVhA==*tOIy+jgumXZKM77sRS+mag==*pw8NBcI6qr6tSmOirxRJBQ=="}, {"experience": [{"company_name": "XOR", "dates_employed": "Mar 2018\u2013Present", "employment_duration": "4 yrs 3 mos", "location": null, "title": "Account Executive"}], "education": [{"institution": "MGUniversity", "degree_details": {"degree_name": "Bachelor's degree", "field_of_study": "Business Administration and Management, General", "dates_attended_or_expected_graduation": "2005 \u2013 2009"}}], "employee_name": "oSzb+mzPlyj6oO5FGKs=*c4WnjDxYcMEA3ZgDEk65UQ==*cdy7B9qxg3niv5Egq+mv6w==*GGV+qiZ7S7KCOA3W0XVJGQ=="}, {"experience": [{"company_name": "XOR", "dates_employed": "Sep 2016\u2013Present", "employment_duration": "5 yrs 9 mos", "location": null, "title": "Hardware and Software Developer"}, {"company_name": "TAKTA", "dates_employed": "Nov 2013\u2013Oct 2016", "employment_duration": "3 yrs", "location": null, "title": "Hardware and Software Developer"}, {"company_name": "Sepid Pardis", "dates_employed": "2009\u20132013", "employment_duration": "4 yrs", "location": null, "title": "Hardware and Software Developer"}], "education": null, "employee_name": "RD5PkYAjTvB2Wp7WYLhCrRVRzzU=*zdCVnZm6LkwkigjZpRPfTg==*4dm5YX+H4W1VfWTGcbAaIQ==*4hT/Zaq7zQ7y+8FkkCft6w=="}, {"experience": [{"company_name": "XOR", "dates_employed": "May 2020\u2013Present", "employment_duration": "2 yrs 1 mo", "location": "Chi\u015fin\u0103u, Kishinev, Moldova", "title": "Software Developer"}, {"company_name": "Top Notch SRL", "dates_employed": "Feb 2017\u2013May 2020", "employment_duration": "3 yrs 4 mos", "location": "Chisinau, Moldova", "title": "Software Developer"}, {"company_name": "ITproLab SRL", "dates_employed": "Jul 2011\u2013Jan 2017", "employment_duration": "5 yrs 7 mos", "location": null, "title": "C# Programmer"}, {"company_name": "ITSC", "dates_employed": "Jul 2010\u2013Jul 2011", "employment_duration": "1 yr 1 mo", "location": null, "title": "1C Programmer"}, {"company_name": "Meta-System", "dates_employed": "Sep 2009\u2013Jul 2010", "employment_duration": "11 mos", "location": null, "title": "1C Programmer"}], "education": [{"institution": "Moldova State University", "degree_details": {"degree_name": "Bachelor's degree", "field_of_study": "Computer Science", "dates_attended_or_expected_graduation": "2006 \u2013 2009"}}], "employee_name": "QltWcdKXMldH1gaZEJo=*0TPbjAmOp+rpx3vs3XAL+A==*RlPb8nWP1gM/SjUwWvy5gQ==*zdQiTr5Glr1XeSNiNtjeGg=="}, {"experience": [{"company_name": "XOR", "dates_employed": "Jul 2019\u2013Present", "employment_duration": "2 yrs 11 mos", "location": null, "title": "Account Executive"}, {"company_name": "International Travel Network", "dates_employed": "Mar 2017\u2013Jul 2019", "employment_duration": "2 yrs 5 mos", "location": null, "title": "Account Executive"}], "education": [{"institution": "Universitatea de Stat din Moldova", "degree_details": {"degree_name": "Bachelor's degree", "field_of_study": "Business Administration and Management, General", "dates_attended_or_expected_graduation": "2016 \u2013 2019"}}], "employee_name": "Uj1rp9gSAYlWAQ==*D4Chx1OFl5OPvKwEk6Qxsw==*L7QlPsQzR09E3rXoZ+34Fg==*m0/2327AuHRheP65SqnxqQ=="}, {"experience": [{"company_name": "XOR.ai", "dates_employed": "Sep 2018\u2013Present", "employment_duration": "3 yrs 9 mos", "location": null, "title": "Account Executive"}, {"company_name": "Luxury Air Travel", "dates_employed": "Feb 2011\u2013Sep 2018", "employment_duration": "7 yrs 8 mos", "location": null, "title": "Account Executive"}], "education": [{"institution": "Universitatea de Stat din Moldova", "degree_details": {"degree_name": "Bachelor's degree", "field_of_study": "Business Administration and Management, General", "dates_attended_or_expected_graduation": "2005 \u2013 2008"}}, {"institution": "Universitatea de Stat din Moldova", "degree_details": {"degree_name": "Master's degree", "field_of_study": "Counseling Psychology", "dates_attended_or_expected_graduation": "2002 \u2013 2007"}}], "employee_name": "sM8Flx6qrQnmTN9wDlYgQA==*NQVxk1KHBEOSa6glx3Ag9A==*HR8E7Zxr2d/ybxmWtGjWDQ==*+t0wwRE2EAtQ/xPYTxoagg=="}, {"experience": [{"company_name": "XOR.ai", "dates_employed": "Nov 2018\u2013Present", "employment_duration": "3 yrs 7 mos", "location": "San Francisco Bay Area", "title": "Account Executive"}, {"company_name": "WowFare", "dates_employed": "Oct 2017\u2013Sep 2018", "employment_duration": "1 yr", "location": "Dallas/Fort Worth Area", "title": "Sales Manager"}], "education": [{"institution": "Oregon State University", "degree_details": {"degree_name": "Master of Business Administration - MBA", "dates_attended_or_expected_graduation": "2015 \u2013 2018", "field_of_study": null}}], "employee_name": "LISvmoXrmUsc97xg0RbYJg==*3vGboHqSD8TG3M6ULgu5gw==*03l7RuSqoq/GQ1iDxiykgw==*PlU3mdE/ECS2bN7JlrqQZw=="}, {"experience": null, "education": null, "employee_name": "FFjlrfyXYxJxo9C7qxQO*dAFaNZcfC1waOpwZPzsWNA==*Tg5BT9JsStnXM+CYNiwshg==*hrk2vBz4GSIctfLewyr4dA=="}, {"experience": [{"company_name": "XOR", "dates_employed": "Oct 2019\u2013Present", "employment_duration": "2 yrs 8 mos", "location": "San Francisco Bay Area", "title": "Account Executive"}, {"company_name": "Analysis Group", "dates_employed": "Sep 2017\u2013Aug 2018", "employment_duration": "1 yr", "location": "London, England, United Kingdom", "title": "Customer Service Manager"}, {"company_name": "Design Pickle", "dates_employed": "Jan 2017\u2013Jul 2017", "employment_duration": "7 mos", "location": "Poland", "title": "Graphic Designer"}], "education": [{"institution": "University of Warsaw", "degree_details": {"degree_name": "Bachelor's degree", "dates_attended_or_expected_graduation": "2013 \u2013 2017", "field_of_study": null}}], "employee_name": "fkOqrLrwMUQir/hAXA==*/01ZTgqS90BX0gkjys4k+A==*jp07FgbbaV0YaY5Sd5pTtA==*SuY9N6jgQJkpr3DJh0eMTQ=="}, {"experience": [{"company_name": "XOR", "dates_employed": "Nov 2021\u2013Present", "employment_duration": "7 mos", "location": "San Francisco, California, Statele Unite Ale Americii", "title": "Junior QA Engineer"}, {"company_name": "CodeAcademy Moldova", "dates_employed": "Sep 2020\u2013Oct 2021", "employment_duration": "1 yr 2 mos", "location": "Municipiul Chi\u0219in\u0103u, Moldova", "title": "Manual QA Software Engineer"}, {"company_name": "Netmarket.md", "dates_employed": "Feb 2020\u2013Jul 2021", "employment_duration": "1 yr 6 mos", "location": "Chi\u015fin\u0103u, Municipiul Chi\u0219in\u0103u, Moldova", "title": "Sales Operator"}], "education": [{"institution": "Liceul Internat Republican de Muzic\u0103 \"Ciprian Porumbescu\"", "degree_details": {"degree_name": "Studii medii", "field_of_study": "Naist\u0103, pianist\u0103", "dates_attended_or_expected_graduation": "2010 \u2013 2019"}}, {"institution": "Colegiul de Studii Administrative si Fiscale", "degree_details": {"degree_name": "Middle School Diploma", "field_of_study": "Administrare afaceri, \u00een general", "dates_attended_or_expected_graduation": "2019"}}], "employee_name": "Yj4IyCDiDgblA3I=*QwQvMfL5YBjbSvvAiDJssw==*zWB9aPzgm7AiUsb7vw2o8w==*MCcR5Tj1VhVP/ZVkw+Yk8Q=="}, {"experience": [{"company_name": "XOR.ai", "dates_employed": "Nov 2019\u2013Present", "employment_duration": "2 yrs 7 mos", "location": "Chi\u0219in\u0103u, Moldova", "title": "\u041c\u0435\u043d\u0435\u0434\u0436\u0435\u0440 \u043f\u043e \u0440\u0430\u0431\u043e\u0442\u0435 \u0441 \u043a\u043b\u044e\u0447\u0435\u0432\u044b\u043c\u0438 \u043a\u043b\u0438\u0435\u043d\u0442\u0430\u043c\u0438"}, {"company_name": "Envirotech", "dates_employed": "May 2019\u2013Oct 2019", "employment_duration": "6 mos", "location": "Chisinau, Moldova", "title": "Recruiter"}, {"company_name": "Leads-Trade SRL", "dates_employed": "Jun 2014\u2013Dec 2018", "employment_duration": "4 yrs 7 mos", "location": "Chisinau, Moldova", "title": "Business Sales Manager"}, {"company_name": "Business Class SRL", "dates_employed": "Jan 2011\u2013Dec 2012", "employment_duration": "2 yrs", "location": "Chisinau, Moldova", "title": "Journalist, Photographer"}], "education": [{"institution": "Universitatea de Stat din Moldova", "degree_details": {"degree_name": "Licentiate degree", "field_of_study": "Journalism and Mass Communications", "dates_attended_or_expected_graduation": "2008 \u2013 2011"}}], "employee_name": "FjluKRs8xl6HYkrP4J2Sb2vV8bqYbzu5wBnAO62bBZ9mJss=*uAGyhv0DAUe6482cXhgHvw==*vWN/p8BD2ziJwgMuQInPYg==*KYQDQTZaaWE1vX3+36N9EQ=="}, {"experience": [{"company_name": "XOR.ai", "dates_employed": "May 2018\u2013Present", "employment_duration": "4 yrs 1 mo", "location": "San Francisco", "title": "Account Executive"}, {"company_name": "Luxury Air Travel", "dates_employed": "Jun 2014\u2013May 2018", "employment_duration": "4 yrs", "location": null, "title": "Account Executive"}], "education": [{"institution": "Universitatea Tehnic\u0103 a Moldovei", "degree_details": {"degree_name": "Master's degree", "field_of_study": "Calculatoare", "dates_attended_or_expected_graduation": "2003 \u2013 2007"}}], "employee_name": "DCDJnaM4Jj6+wU5m*xhyVrwYR1J6DtM3DYEPw9g==*ShqqOkLqigMNuQjuiPrxqQ==*kiZEWnHvfQnaRFHMSE4vWQ=="}]