[{"experience": [{"company_name": "Caresyntax", "dates_employed": "Feb 2022\u2013Present", "employment_duration": "4 mos", "location": null, "title": "Director Of Strategic Partnerships"}, {"company_name": "Zebra Medical Vision Ltd", "dates_employed": "Feb 2020\u2013Present", "employment_duration": "2 yrs 4 mos", "location": "United States", "title": "Director of Artificial Intelligence Sales"}, {"company_name": "Philips", "dates_employed": "Mar 2016\u2013Feb 2020", "employment_duration": "4 yrs", "location": null, "title": "HCIS Imaging Informatics"}, {"company_name": "Nuvodia", "dates_employed": "Jan 2013\u2013Feb 2016", "employment_duration": "3 yrs 2 mos", "location": "Dallas/Fort Worth Area", "title": "Enterprise Imaging Consultant"}, {"company_name": "Merge Healthcare", "dates_employed": "2004\u20132012", "employment_duration": "8 yrs", "location": "Dallas/Fort Worth Area", "title": "Senior Sales Manager"}], "education": [{"institution": "Texas A&M University", "degree_details": {"degree_name": "Bachelor's degree", "field_of_study": "Political Science and Government", "dates_attended_or_expected_graduation": null}}], "employee_name": "N+6v07P1Xw1G*Izh1qriihvJckpitrCYyXw==*bqLDWkGc7CJefWaH5l65Rg==*sN6kJOIzmopTQkmRcNZNBQ=="}, {"experience": [{"company_name": "Nanox AI", "dates_employed": "Nov 2021\u2013Present", "employment_duration": "7 mos", "location": null, "title": "Director of DevOps & IT Operations"}, {"company_name": "Zebra medical vision", "dates_employed": "Aug 2020\u2013Nov 2021", "employment_duration": "1 yr 4 mos", "location": "Israel", "title": "Director of DevOps & IT Operations At Zebra medical vision"}, {"company_name": "Zebra medical vision", "dates_employed": "Jan 2019\u2013Aug 2020", "employment_duration": "1 yr 8 mos", "location": "Israel", "title": "Head of DevOps, IT & Security at Zebra medical vision"}, {"company_name": "Payoneer", "dates_employed": "Jan 2016\u2013Jan 2019", "employment_duration": "3 yrs 1 mo", "location": null, "title": "Head of DevOps"}, {"company_name": "Payoneer", "dates_employed": "Nov 2014\u2013Jan 2016", "employment_duration": "1 yr 3 mos", "location": "Israel", "title": "DevOps team leader"}], "education": [{"institution": "University of Haifa", "degree_details": {"degree_name": "B.Sc", "field_of_study": "Information Systems", "dates_attended_or_expected_graduation": "2008 \u2013 2011"}}, {"institution": "University of Haifa", "degree_details": {"degree_name": "B.A", "field_of_study": "Psychology", "dates_attended_or_expected_graduation": "2008 \u2013 2011"}}], "employee_name": "t+lHiqSMBwvq+bIdJ0U=*jPt0U+4LzdWB+qhIkLZy4Q==*oB/qC2O2mDukb0HS1fc7ng==*ea6IjNTex9VYw+peZRZmdA=="}, {"experience": [{"company_name": "Zebra Medical Vision (Acquired by Nanox Vision)", "dates_employed": "Sep 2020\u2013Present", "employment_duration": "1 yr 9 mos", "location": "Shefayim, Israel", "title": "Chief Executive Officer"}, {"company_name": "Earnix", "dates_employed": "Jun 2019\u2013Sep 2020", "employment_duration": "1 yr 4 mos", "location": "Tel Aviv, Israel", "title": "VP Strategy and Business Development"}, {"company_name": "MutualArt", "dates_employed": "2017\u20132019", "employment_duration": "2 yrs", "location": "London, UK", "title": "Chief Executive Officer"}, {"company_name": "Legacy Benefits, LLC", "dates_employed": "2010\u20132017", "employment_duration": "7 yrs", "location": "Greater New York City Area", "title": "President and Chief Executive Officer"}, {"company_name": "Legacy Benefits Corporation", "dates_employed": "2006\u20132010", "employment_duration": "4 yrs", "location": "Greater New York City Area", "title": "Chief Operations Officer"}], "education": [{"institution": "Solvay Brussels School of Economics and Management", "degree_details": {"degree_name": "Master of Business Administration (M.B.A.)", "field_of_study": "Finance", "dates_attended_or_expected_graduation": "1997 \u2013 1998"}}, {"institution": "Tel Aviv University", "degree_details": {"degree_name": "Bachelor of Laws - LLB", "field_of_study": "Law", "dates_attended_or_expected_graduation": "1992 \u2013 1996"}}, {"institution": "Tel Aviv University", "degree_details": {"degree_name": "Bachelor of Science (B.Sc.)", "field_of_study": "Economics", "dates_attended_or_expected_graduation": "1992 \u2013 1996"}}], "employee_name": "gRXTd6n8yOrVZc9oE9M=*R057caqVM6yD4vOsaSK8WA==*BrvCckg1A5FN92gK8uXTdg==*znKQshJhNGkXgvwXavEehA=="}, {"experience": [{"company_name": "Zebra Medical Vision Ltd", "dates_employed": "Mar 2021\u2013Present", "employment_duration": "1 yr 3 mos", "location": null, "title": "Director of Product Management"}, {"company_name": "Zebra Medical Vision Ltd", "dates_employed": "Nov 2020\u2013Present", "employment_duration": "1 yr 7 mos", "location": null, "title": "Head of Product, Neuro and Chest CT Segments"}, {"company_name": "Zebra Medical Vision Ltd", "dates_employed": "May 2019\u2013Nov 2020", "employment_duration": "1 yr 7 mos", "location": null, "title": "Senior Product Manager"}, {"company_name": "Cubed Mobile", "dates_employed": "Jan 2018\u2013Apr 2019", "employment_duration": "1 yr 4 mos", "location": null, "title": "Director of Product Management"}, {"company_name": "NeoGames", "dates_employed": "Dec 2014\u2013Dec 2017", "employment_duration": "3 yrs 1 mo", "location": "Tel Aviv", "title": "Senior Product Team Leader"}], "education": [{"institution": "Reichman University (IDC Herzliya)", "degree_details": {"degree_name": "Master of Business Administration - MBA", "field_of_study": "Healthcare Innovation", "dates_attended_or_expected_graduation": "2019 \u2013 2020"}}, {"institution": "Shenkar", "degree_details": {"degree_name": "Bachelor of Science - BS", "field_of_study": "Computer Software Engineering", "dates_attended_or_expected_graduation": "2000 \u2013 2004"}}], "employee_name": "AroejkgnlyzM3IsvR1U=*uREJPvJmGxVtgsNpNrpJ6g==*MLl1AhY+yoygi6tNxatAIQ==*Agaz15UaNmsyGBaxlvJXgQ=="}, {"experience": [{"company_name": "Nanox AI", "dates_employed": "Jul 2020\u2013Present", "employment_duration": "1 yr 11 mos", "location": "New York, New York, United States", "title": "Customer Success Manager, Nanox AI (formerly Zebra Medical Vision)"}, {"company_name": "Change Healthcare", "dates_employed": "Oct 2018\u2013Jul 2020", "employment_duration": "1 yr 10 mos", "location": "Greater New York City Area", "title": "Senior Account Manager - InterQual; Clinical Decision Support Solution for Payers and Providers"}, {"company_name": "Change Healthcare", "dates_employed": "Sep 2015\u2013Oct 2018", "employment_duration": "3 yrs 2 mos", "location": "Greater New York City Area", "title": "Customer Success Manager, Enterprise Imaging - Radiology and Cardiology"}, {"company_name": "McKesson", "dates_employed": "Sep 2012\u2013Sep 2015", "employment_duration": "3 yrs 1 mo", "location": null, "title": "Cardiology Support Account Manager"}, {"company_name": "McKesson", "dates_employed": "Sep 2010\u2013Sep 2012", "employment_duration": "2 yrs 1 mo", "location": null, "title": "Cardiology Technical Account Manager"}], "education": null, "employee_name": "JF9ZHN51mDTYTA8=*iJQIWU4T5ZZ0YHGW1Gm81Q==*F3tm3EWC+t/Gkb61qPdMVw==*UaqVbY6ARXh8LUkuLVFaFQ=="}, {"experience": [{"company_name": "Nanox AI", "dates_employed": "Mar 2022\u2013Present", "employment_duration": "3 mos", "location": "Israel", "title": "CEO"}, {"company_name": "Mor", "dates_employed": null, "employment_duration": null, "location": null, "title": "CEO"}], "education": null, "employee_name": "3h/8lEThE2XvYx1lQo5o*VLKNB4T0fP2FUicXfgf/Gw==*ert7Mg/2FBggV4BMxk1cLg==*kIubnj/tCmAoY7yGAzyJiQ=="}, {"experience": [{"company_name": "Nanox AI", "dates_employed": "Feb 2021\u2013Present", "employment_duration": "1 yr 4 mos", "location": "United States", "title": "US Director, Value-Based Care"}, {"company_name": "Lumere", "dates_employed": "Oct 2019\u2013Jan 2021", "employment_duration": "1 yr 4 mos", "location": "United States", "title": "Regional Vice President"}, {"company_name": "Healthcare IQ", "dates_employed": "Nov 2017\u2013Mar 2019", "employment_duration": "1 yr 5 mos", "location": "United States", "title": "Commercial Development Executive"}, {"company_name": "PBA Health", "dates_employed": "Aug 2016\u2013Oct 2017", "employment_duration": "1 yr 3 mos", "location": "Texas and Louisiana", "title": "Business Development Manager"}, {"company_name": "McKesson", "dates_employed": "Dec 2003\u2013Mar 2016", "employment_duration": "12 yrs 4 mos", "location": "Southeast Texas", "title": "Sales Executive"}], "education": [{"institution": "University of Florida", "degree_details": {"degree_name": "BS", "field_of_study": "Engineering", "dates_attended_or_expected_graduation": null}}], "employee_name": "Rn0tYgiW6WPG1UWolQ==*Ye1U6KXHfn0L5GZU0G31sQ==*PZbG3i+iS8Dam2ow/F9omw==*zBHMbgK8iuWjZBPJ7o26lg=="}, {"experience": [{"company_name": "Zebra Medical Vision Ltd", "dates_employed": "2021\u2013Present", "employment_duration": "1 yr", "location": null, "title": "Vice President of R&D"}, {"company_name": "Reichman University (IDC Herzliya)", "dates_employed": "2022\u2013Present", "employment_duration": "less than a year", "location": null, "title": "Adjunct Lecturer"}, {"company_name": "Zebra Medical Vision Ltd", "dates_employed": "Sep 2020\u20132021", "employment_duration": "1 yr", "location": null, "title": "Vice President of Research"}, {"company_name": "Zebra Medical Vision Ltd", "dates_employed": "Nov 2018\u2013Aug 2020", "employment_duration": "1 yr 10 mos", "location": null, "title": "Director of AI"}, {"company_name": "IBM", "dates_employed": "Nov 2016\u2013Nov 2018", "employment_duration": "2 yrs 1 mo", "location": "Haifa Area, Israel", "title": "Medical Imaging Research Technology Lead, IBM Research"}], "education": [{"institution": "Harvard Medical School", "degree_details": {"degree_name": "Postdoc Research Fellow", "field_of_study": "Biomedical Image Analysis", "dates_attended_or_expected_graduation": "2008 \u2013 2010"}}, {"institution": "Weizmann Institute of Science", "degree_details": {"degree_name": "Ph.D.", "field_of_study": "Applied Mathematics and Computer Science", "dates_attended_or_expected_graduation": "2002 \u2013 2007"}}, {"institution": "Tel Aviv University", "degree_details": {"degree_name": "M.Sc.", "field_of_study": "Computer Science ( Magna Cum Laude )", "dates_attended_or_expected_graduation": "2000 \u2013 2001"}}], "employee_name": "yWYAhNdRW3jn7ny5HnozKWexi1gYUaf36qgO*Thd4IZB0H6HY86OLehMTIQ==*L09n4IRolrR6o3n0hKnfiA==*bJ2u44jgz80nr/F0ogYimQ=="}, {"experience": [{"company_name": "Tykhe Block Ventures", "dates_employed": "Apr 2021\u2013Present", "employment_duration": "1 yr 2 mos", "location": "United States", "title": "Founder and General Partner"}, {"company_name": "Shadowfax", "dates_employed": "May 2015\u2013Present", "employment_duration": "7 yrs 1 mo", "location": null, "title": "Investor"}, {"company_name": "UrbanClap", "dates_employed": "Apr 2015\u2013Present", "employment_duration": "7 yrs 2 mos", "location": "Gurgaon, India", "title": "Investor"}, {"company_name": "Innov8 Coworking", "dates_employed": "Mar 2018\u2013Present", "employment_duration": "4 yrs 3 mos", "location": null, "title": "Investor"}, {"company_name": "OfBusiness", "dates_employed": "Feb 2016\u2013Present", "employment_duration": "6 yrs 4 mos", "location": "Gurgaon, Haryana, India", "title": "Investor"}], "education": [{"institution": "Indian Institute of Technology, Delhi", "degree_details": {"degree_name": "B.Tech.", "field_of_study": "Computer Science and Engineering", "dates_attended_or_expected_graduation": "1991 \u2013 1995"}}], "employee_name": "5OLZGH4t0gtiBQY70L8=*KHPvSg6kdzRkXh3+C/CCPQ==*Fb96pPlvvGlBNJu8zgPXYQ==*oLMznrT3U0zU5gC31cVf0Q=="}, {"experience": [{"company_name": "Zebra Medical Vision Ltd", "dates_employed": "Jan 2020\u2013Present", "employment_duration": "2 yrs 5 mos", "location": "Israel", "title": "Business Development Manager"}, {"company_name": "Zebra Medical Vision Ltd", "dates_employed": "Mar 2019\u2013Feb 2020", "employment_duration": "1 yr", "location": null, "title": "Marketing and Business Specialist"}, {"company_name": "Vi / JBV Technologies", "dates_employed": "May 2018\u2013Jan 2019", "employment_duration": "9 mos", "location": "Tel Aviv Area, Israel", "title": "Head of Business and Operations"}, {"company_name": "freelancer", "dates_employed": "Jul 2017\u2013Apr 2018", "employment_duration": "10 mos", "location": "Israel", "title": "Strategist & Tech Scouter"}, {"company_name": "Tiny Love Ltd.", "dates_employed": "May 2011\u20132017", "employment_duration": "6 yrs", "location": "Tel-Aviv, Israel", "title": "Manager of Innovation, Research & Business Development"}], "education": [{"institution": "Ben-Gurion University of the Negev", "degree_details": {"degree_name": "Master of Business Administration (MBA)", "field_of_study": "MBA-Strategy and Entrepreneurship", "dates_attended_or_expected_graduation": "2008 \u2013 2010"}}, {"institution": "The Open University of Israel", "degree_details": {"degree_name": "Course", "field_of_study": "Management Skills Development", "dates_attended_or_expected_graduation": "2012 \u2013 2012"}}, {"institution": "The Academic Program, Management College (\"Hamaslool Ha'akademi shel Hamichlala Leminhal)\"", "degree_details": {"degree_name": "B.A.", "field_of_study": "Communication and Management", "dates_attended_or_expected_graduation": "2003 \u2013 2006"}}], "employee_name": "P+EsO9nsQe+fcdHUjRcGwDhaFw==*AQo57Ei5BVjYgYu8y9aW3w==*emT3Uw7/dZ3FVwhku69Ffg==*kVVj5wq1ojhN6RtH8A8YAA=="}, {"experience": [{"company_name": "Restoring Integrity to the Oceans (RIO)", "dates_employed": "Oct 2021\u2013Present", "employment_duration": "8 mos", "location": "Jakarta, Indonesia", "title": "Director of Finance"}, {"company_name": "AngelList", "dates_employed": "Jan 2019\u2013Present", "employment_duration": "3 yrs 5 mos", "location": null, "title": "Investor"}, {"company_name": "Cartica AI", "dates_employed": "Sep 2020\u2013Present", "employment_duration": "1 yr 9 mos", "location": null, "title": "Investor"}, {"company_name": "Indogen Capital", "dates_employed": "Feb 2020\u2013Present", "employment_duration": "2 yrs 4 mos", "location": "Jakarta", "title": "Partner"}, {"company_name": "SpaceX", "dates_employed": "Mar 2019\u2013Present", "employment_duration": "3 yrs 3 mos", "location": null, "title": "Investor"}], "education": [{"institution": "The London School of Economics and Political Science (LSE)", "degree_details": {"degree_name": "Bachelor\u2019s Degree", "field_of_study": "Economics and Management", "dates_attended_or_expected_graduation": "2000 \u2013 2004"}}, {"institution": "Bogor Agricultural University", "degree_details": {"degree_name": "Doctor of Philosophy - PhD", "field_of_study": "Financial Management", "dates_attended_or_expected_graduation": "2016 \u2013 2021"}}, {"institution": "University of Indonesia", "degree_details": {"degree_name": "Master's Degree", "field_of_study": "Military Strategic Intelligence", "dates_attended_or_expected_graduation": "2012 \u2013 2014"}}], "employee_name": "dlWE5S5QIHXQWsjfgTSG2A==*U04KRMf9jFzfqab+gPhCSg==*v8uvIVm+c9WdpMQGBER42g==*1BHZ6XrumXhuPrZ7OsEowQ=="}, {"experience": [{"company_name": "Nanox AI", "dates_employed": "Mar 2021\u2013Present", "employment_duration": "1 yr 3 mos", "location": "New York City Metropolitan Area", "title": "VP of Customer Success"}, {"company_name": "Nanox AI", "dates_employed": "Dec 2016\u2013Mar 2021", "employment_duration": "4 yrs 4 mos", "location": "New York City Metropolitan Area", "title": "Director of Professional Services (Solutions Architecture & Engineering)"}, {"company_name": "Nanox AI", "dates_employed": "Jan 2016\u2013Dec 2016", "employment_duration": "12 mos", "location": "Tel Aviv, Israel", "title": "Senior Data Engineer"}, {"company_name": "Zeek", "dates_employed": "Jan 2014\u2013Dec 2015", "employment_duration": "2 yrs", "location": "Tel Aviv, Israel", "title": "Head of Engineering"}, {"company_name": "Bizzabo", "dates_employed": "Nov 2012\u2013Jan 2014", "employment_duration": "1 yr 3 mos", "location": null, "title": "Software Engineer"}], "education": [{"institution": "Georgia Institute of Technology", "degree_details": {"degree_name": "Master's degree - Computer Science", "field_of_study": "Machine Learning and Artificial Intelligence (AI)", "dates_attended_or_expected_graduation": "2017 \u2013 2020"}}, {"institution": "Ben-Gurion University of the Negev", "degree_details": {"degree_name": "Bachelor's degree - Computer Science", "field_of_study": "NLP", "dates_attended_or_expected_graduation": "2007 \u2013 2010"}}], "employee_name": "uoc1JnaK1MmT/3A=*CtFiGR75WAwJFtGi5HaViw==*SB9lBP5Msbk60Ksz3V5ihg==*fbn+LarLv4uV8gXEHdds3A=="}, {"experience": [{"company_name": "Nanox AI", "dates_employed": "Jan 2022\u2013Present", "employment_duration": "5 mos", "location": null, "title": "Director of Customer Operations"}, {"company_name": "Zebra Medical Vision Ltd", "dates_employed": "Oct 2021\u2013Jan 2022", "employment_duration": "4 mos", "location": null, "title": "Product Operations Manager"}, {"company_name": "Zebra Medical Vision Ltd", "dates_employed": "Mar 2020\u2013Oct 2021", "employment_duration": "1 yr 8 mos", "location": null, "title": "Customer Success Manager"}, {"company_name": "Personetics", "dates_employed": "Dec 2018\u2013Mar 2020", "employment_duration": "1 yr 4 mos", "location": "Tel Aviv Area, Israel", "title": "Project Manager"}, {"company_name": "Change Healthcare", "dates_employed": "Dec 2015\u2013Dec 2018", "employment_duration": "3 yrs 1 mo", "location": "Israel", "title": "Project Manager"}], "education": [{"institution": "Project Management Institute (PMI)", "degree_details": {"degree_name": "PMP, Project Management", "dates_attended_or_expected_graduation": "2017 \u2013 2017", "field_of_study": null}}, {"institution": "Ben-Gurion University of the Negev", "degree_details": {"field_of_study": "Bio medical Engineering", "dates_attended_or_expected_graduation": "2007 \u2013 2011", "degree_name": null}}, {"institution": "Tel Aviv University", "degree_details": {"degree_name": "Master of Business Administration (MBA)", "dates_attended_or_expected_graduation": "2014", "field_of_study": null}}], "employee_name": "NOFBhmskri2Xd0I=*IAu605BWAixFRQtST4huRQ==*ogIDd0zbUBZnoBnw9Xsn6Q==*UxEgc884c1ZoBNkH4U1GKg=="}, {"experience": [{"company_name": "Nanox AI", "dates_employed": "Feb 2022\u2013Present", "employment_duration": "4 mos", "location": "Shefaim, Central, Israel", "title": "Data Analytics Team Lead"}, {"company_name": "Zebra Medical Vision Ltd", "dates_employed": "May 2021\u2013Apr 2022", "employment_duration": "1 yr", "location": "Israel", "title": "Data Scientist"}, {"company_name": "Zebra Medical Vision Ltd", "dates_employed": "Sep 2020\u2013May 2021", "employment_duration": "9 mos", "location": null, "title": "Senior Data Analyst"}, {"company_name": "Feedvisor", "dates_employed": "May 2016\u2013Sep 2020", "employment_duration": "4 yrs 5 mos", "location": "Tel Aviv", "title": "Data Analyst"}, {"company_name": "ironSource", "dates_employed": "Nov 2014\u2013Jan 2016", "employment_duration": "1 yr 3 mos", "location": null, "title": "Business Data Analyst"}], "education": [{"institution": "School of Data Science YDATA", "degree_details": {"degree_name": "Professional Studies", "field_of_study": "Data Science and Machine Learning", "dates_attended_or_expected_graduation": "2018 \u2013 2019"}}, {"institution": "Ben-Gurion University of the Negev", "degree_details": {"degree_name": "industrial engineering and management", "field_of_study": "Information systems", "dates_attended_or_expected_graduation": "2011 \u2013 2014"}}], "employee_name": "YZuK/QNgI5gp/Q6Rvnbi*dOpMWsvp7HmjTCQDq265Ag==*OjDB0lRG0iHDx6Z1LyHRzQ==*ZfpWD/sA7U31tWm4pTGo8Q=="}, {"experience": [{"company_name": "Zebra Medical Vision Ltd", "dates_employed": "2020\u2013Present", "employment_duration": "2 yrs", "location": null, "title": "VP Product"}, {"company_name": "Zebra Medical Vision Ltd", "dates_employed": "2019\u20132020", "employment_duration": "1 yr", "location": null, "title": "Strategic Partnerships Product Lead"}, {"company_name": "spirCare", "dates_employed": "Mar 2016\u20132019", "employment_duration": "3 yrs", "location": null, "title": "CEO \u2013 a portfolio company of Sanara incubator"}, {"company_name": "Aspect Imaging", "dates_employed": "May 2015\u2013Feb 2016", "employment_duration": "10 mos", "location": null, "title": "VP R&D"}, {"company_name": "Aspect Imaging", "dates_employed": "Jun 2013\u2013Apr 2015", "employment_duration": "1 yr 11 mos", "location": null, "title": "Manager, Products and Applications"}], "education": [{"institution": "Tel Aviv University", "degree_details": {"degree_name": "MBA", "field_of_study": "Specializing in Technology Management and Information Systems", "dates_attended_or_expected_graduation": "2008 \u2013 2010"}}, {"institution": "Tel Aviv University", "degree_details": {"degree_name": "BSc", "field_of_study": "Bio-Medical engineering", "dates_attended_or_expected_graduation": "2001 \u2013 2005"}}], "employee_name": "aqTc1f35l/1YX1g=*oQZTDGXCpdWkCTWwPZhOnQ==*55JkWCoo/Lh0O6KqVwqmXQ==*Zm/dnf3s6uzDOnbkAI+PBg=="}, {"experience": [{"company_name": "LG Technology Ventures", "dates_employed": "Aug 2018\u2013Present", "employment_duration": "3 yrs 10 mos", "location": "San Francisco Bay Area", "title": "Director"}, {"company_name": "CerebrumX", "dates_employed": "Mar 2021\u2013Present", "employment_duration": "1 yr 3 mos", "location": null, "title": "Investor"}, {"company_name": "Zebra Medical Vision Ltd", "dates_employed": "Sep 2020\u2013Present", "employment_duration": "1 yr 9 mos", "location": null, "title": "Investor"}, {"company_name": "Aurora Labs", "dates_employed": "Feb 2020\u2013Present", "employment_duration": "2 yrs 4 mos", "location": null, "title": "Investor"}, {"company_name": "May Mobility", "dates_employed": "Feb 2019\u2013Present", "employment_duration": "3 yrs 4 mos", "location": null, "title": "Investor"}], "education": [{"institution": "University of Arizona", "degree_details": {"degree_name": "Master's", "field_of_study": "Electrical Engineering", "dates_attended_or_expected_graduation": "2005"}}, {"institution": "Hongik University", "degree_details": {"degree_name": "Bachelor's", "field_of_study": "Electronic, Electrical Engineering", "dates_attended_or_expected_graduation": "2001"}}], "employee_name": "TW9UfdrimlbRBlw=*oY/aPmwk1v2s10p5cZBBOQ==*+q8WCHWFY8BHlFMPPMhyyg==*1KlJGmZZ2diQeQ+zA8mnNg=="}, {"experience": [{"company_name": "Nanox AI", "dates_employed": "Feb 2022\u2013Present", "employment_duration": "4 mos", "location": null, "title": "Head Of Marketing"}, {"company_name": "SolarEdge Technologies", "dates_employed": "Dec 2019\u2013Present", "employment_duration": "2 yrs 6 mos", "location": null, "title": "Corporate Marketing Manager"}, {"company_name": "SolarEdge Technologies", "dates_employed": "Jan 2017\u2013Nov 2019", "employment_duration": "2 yrs 11 mos", "location": null, "title": "Marketing Communication Manager"}, {"company_name": "SolarEdge Technologies", "dates_employed": "Aug 2014\u2013Jan 2017", "employment_duration": "2 yrs 6 mos", "location": null, "title": "Event Marketing Manager"}, {"company_name": "Ravmotor LTD", "dates_employed": "Jan 2011\u2013Oct 2014", "employment_duration": "3 yrs 10 mos", "location": "Israel", "title": "Production & Marketing manager"}], "education": [{"institution": "Ono Academic College", "degree_details": {"degree_name": "Bachelor of Laws (LLB)", "dates_attended_or_expected_graduation": "2007 \u2013 2010", "field_of_study": null}}], "employee_name": "C+OLtiZBGUfwfg==*OfnrfnHu/w9Tu02VGW1gnQ==*M6RcM/MW4cMFfORiFVrV/g==*r3l1MrnyhQTyAAeLUdMOAw=="}, {"experience": [{"company_name": "Nanox AI", "dates_employed": "Nov 2021\u2013Present", "employment_duration": "7 mos", "location": "Lincolnshire, Illinois, United States", "title": "Director of Solutions & Delivery"}, {"company_name": "GE Healthcare", "dates_employed": "Feb 2021\u2013Dec 2021", "employment_duration": "11 mos", "location": "Chicago, Illinois, United States", "title": "Sr Manager - Software Engineering"}, {"company_name": "GE Healthcare", "dates_employed": "Jan 2016\u2013Feb 2021", "employment_duration": "5 yrs 2 mos", "location": "Greater Chicago Area", "title": "Senior Staff Software Architect"}, {"company_name": "GE Healthcare", "dates_employed": "May 2013\u20132016", "employment_duration": "3 yrs", "location": "Greater Chicago Area", "title": "Senior Software Architect"}, {"company_name": "GE Healthcare", "dates_employed": "Apr 2005\u2013May 2013", "employment_duration": "8 yrs 2 mos", "location": "Israel", "title": "Software Team Lead"}], "education": [{"institution": "The College of Management Academic Studies", "degree_details": {"field_of_study": "Computer Science", "dates_attended_or_expected_graduation": "1996 \u2013 1999", "degree_name": null}}], "employee_name": "LY19AvkEBET+ZUKDac9C67o=*QcK/7JjMWVqZAiMNRQExMw==*WRK1lRSnSD4H0HE9TIMEnQ==*Pyxs0f5D6QihSROB5/0vxA=="}, {"experience": [{"company_name": "Nanox AI (Zebra Medical Vision)", "dates_employed": "Oct 2020\u2013Present", "employment_duration": "1 yr 8 mos", "location": "Central, Israel", "title": "Clinical Manager"}, {"company_name": "Columbia University in the City of New York", "dates_employed": "Apr 2017\u2013Nov 2021", "employment_duration": "4 yrs 8 mos", "location": null, "title": "Adjunct associate research scientist"}, {"company_name": "Tel Aviv University", "dates_employed": "Mar 2017\u2013Jul 2017", "employment_duration": "5 mos", "location": "Tel Aviv, Israel", "title": "Adjunct Lecturer"}, {"company_name": "Columbia University in the City of New York", "dates_employed": "Apr 2012\u2013Mar 2017", "employment_duration": "5 yrs", "location": "New York, New York, United States", "title": "Postdoctoral Fellow + Associate Research Scientist"}, {"company_name": "Tel Aviv University", "dates_employed": "Oct 2001\u2013Jun 2007", "employment_duration": "5 yrs 9 mos", "location": null, "title": "Teaching Assistant"}], "education": [{"institution": "Tel Aviv University", "degree_details": {"degree_name": "Doctor of Philosophy (PhD)", "field_of_study": "Biomedical Engineering", "dates_attended_or_expected_graduation": "2003 \u2013 2011"}}, {"institution": "Tel Aviv University", "degree_details": {"degree_name": "Master of Science (M.Sc.)", "field_of_study": "Biomedical Engieering", "dates_attended_or_expected_graduation": "1998 \u2013 2002"}}, {"institution": "Tel Aviv University", "degree_details": {"degree_name": "Bachelor of Science (BSc)", "field_of_study": "Engineering/Industrial Management", "dates_attended_or_expected_graduation": "1992 \u2013 1996"}}], "employee_name": "D38Rjt0MdRpudJuy9ak=*KYpD6kLAcy+k50L8xaOafw==*g2lJNMZYx82nnHUmM9kVew==*Wyqx6rvdOZGnbya2yoymJw=="}, {"experience": [{"company_name": "Nanox AI", "dates_employed": "Sep 2019\u2013Present", "employment_duration": "2 yrs 9 mos", "location": "Israel", "title": "Director of Quality Assurance"}, {"company_name": "QinFlow", "dates_employed": "Sep 2016\u2013Aug 2019", "employment_duration": "3 yrs", "location": "Israel", "title": "VP Product Realization; RA & QA Manager"}, {"company_name": "DV2MP Gobal Operations Ltd. and QinFlow Ltd.", "dates_employed": "Jul 2010\u2013Sep 2016", "employment_duration": "6 yrs 3 mos", "location": "Einat Israel", "title": "Director Product Realization"}, {"company_name": "N-trig", "dates_employed": "Jun 2006\u2013May 2010", "employment_duration": "4 yrs", "location": null, "title": "Program Manager"}, {"company_name": "N-trig", "dates_employed": "Jan 2004\u2013Jun 2006", "employment_duration": "2 yrs 6 mos", "location": null, "title": "Process Engineer"}], "education": [{"institution": "Tel Aviv University", "degree_details": {"degree_name": "MSc.", "field_of_study": "Matrials Engineering + Business School", "dates_attended_or_expected_graduation": "2002 \u2013 2008"}}, {"institution": "Ben-Gurion University of the Negev", "degree_details": {"degree_name": "BSc.", "field_of_study": "Chemical Engineer", "dates_attended_or_expected_graduation": "1996 \u2013 2000"}}], "employee_name": "H2Xp6tQlyj8MM52W*WOfKNE3+T+raV2ZiW+dcAg==*JD/FEzflsKs1o4aOFZm2PA==*/5Wf8iDPR+QgGRvfnbfffA=="}, {"experience": [{"company_name": "Nanox AI", "dates_employed": "Nov 2021\u2013Present", "employment_duration": "7 mos", "location": null, "title": "Product Manager"}, {"company_name": "Nutrino Health", "dates_employed": "Jul 2018\u2013Nov 2021", "employment_duration": "3 yrs 5 mos", "location": null, "title": "Product Manager"}, {"company_name": "Algotec", "dates_employed": "2015\u20132018", "employment_duration": "3 yrs", "location": null, "title": "Project Manager"}, {"company_name": "Algotec", "dates_employed": "2014\u20132015", "employment_duration": "1 yr", "location": null, "title": "QA Engineer"}, {"company_name": "Channel 2 News", "dates_employed": "2013\u20132014", "employment_duration": "1 yr", "location": null, "title": "Anchor"}], "education": [{"institution": "The Hebrew University of Jerusalem", "degree_details": {"degree_name": "Bachelor of Science (B.Sc.)", "field_of_study": "Chemistry and Earth Science", "dates_attended_or_expected_graduation": "2010 \u2013 2013"}}], "employee_name": "l/v9F13EUIK58g==*FMHbIWkS1GxZkp9eiHP0sA==*h0IqGerTZb5eb53UjP4J9g==*DX0RjGuz/RHEnf5g/qgj5A=="}, {"experience": [{"company_name": "Nanox AI", "dates_employed": "Feb 2022\u2013Present", "employment_duration": "4 mos", "location": null, "title": "Head of HR"}, {"company_name": "Ambrosia Supherb LTD", "dates_employed": "Jan 2020\u2013Jan 2022", "employment_duration": "2 yrs 1 mo", "location": "Netanya, Central, Israel", "title": "Human Resources Manager"}, {"company_name": "Radwin", "dates_employed": "Feb 2016\u2013Dec 2019", "employment_duration": "3 yrs 11 mos", "location": "Tel Aviv, Israel", "title": "Training and Organizational Development Manager"}, {"company_name": "RADWIN", "dates_employed": "Feb 2009\u2013Jan 2016", "employment_duration": "7 yrs", "location": "Tel Aviv, Israel", "title": "Corporate HR and Welfare Manager"}, {"company_name": "RADWIN", "dates_employed": "Dec 2006\u2013Jan 2009", "employment_duration": "2 yrs 2 mos", "location": "Tel Aviv, Israel", "title": "Human Resources Coordinator"}], "education": [{"institution": "Ariel University", "degree_details": {"degree_name": "Bachelor of BA in Behavioral Sciences, Organizational Psychology, Ariel University.", "dates_attended_or_expected_graduation": null, "field_of_study": null}}, {"institution": "The College of Management Academic Studies", "degree_details": {"degree_name": "Salary Accounting (Certified by Accounting Bureau)", "dates_attended_or_expected_graduation": null, "field_of_study": null}}], "employee_name": "hr1nNsydDrIViw==*6ObnyYcDVfy1MGOSxU67bw==*udwkW8pgDG6qP3B9TkQWuA==*DhufMZL8hJ5s3wL1bHn+0A=="}, {"experience": [{"company_name": "Nanox AI", "dates_employed": "Feb 2022\u2013Present", "employment_duration": "4 mos", "location": null, "title": "Director Of Engineering"}, {"company_name": "Nanox AI", "dates_employed": "Apr 2021\u2013Mar 2022", "employment_duration": "1 yr", "location": null, "title": "R&D Team Leader"}, {"company_name": "Zebra Medical Vision Ltd", "dates_employed": "Dec 2014\u2013Apr 2021", "employment_duration": "6 yrs 5 mos", "location": null, "title": "Software Engineer"}, {"company_name": "Other", "dates_employed": "Mar 2012\u2013Mar 2014", "employment_duration": "2 yrs 1 mo", "location": null, "title": "Oracle DBA"}, {"company_name": "None", "dates_employed": "Mar 2011\u2013Mar 2012", "employment_duration": "1 yr 1 mo", "location": null, "title": "Etl Developer - ODI"}], "education": null, "employee_name": "Jqe3kZMsN0RCiA==*BdQLIvYeD9tkUpZ6TZxVGg==*rBkttlRSMo9CdlXBfjKdHA==*SKDzyLDK3zcs2Lv+iL/UYw=="}, {"experience": [{"company_name": "Nanox AI", "dates_employed": "Mar 2022\u2013Present", "employment_duration": "3 mos", "location": null, "title": "Clinical Director"}, {"company_name": "Philips", "dates_employed": "Apr 2016\u2013Mar 2022", "employment_duration": "6 yrs", "location": null, "title": "CT clinical systems manager"}, {"company_name": "Philips", "dates_employed": "Sep 2011\u2013Apr 2016", "employment_duration": "4 yrs 8 mos", "location": "Haifa israel", "title": "CT Clinical Specialist"}, {"company_name": "NiliMedix", "dates_employed": "Apr 2009\u2013Sep 2011", "employment_duration": "2 yrs 6 mos", "location": "Tirat Carmel, Haifa District, Israel", "title": "R&D lab student"}], "education": [{"institution": "Technion - Israel Institute of Technology", "degree_details": {"degree_name": "Bsc", "field_of_study": "Biomedical/Medical Engineering", "dates_attended_or_expected_graduation": "2008 \u2013 2012"}}], "employee_name": "5p7n7G580FJ03pWc*1LcAVuXYic3iaKWGiC/G1g==*JeiMduCHkfXayCf9NHp1ZA==*kjazI8/7967G3M0XilEKbg=="}, {"experience": [{"company_name": "Nanox AI", "dates_employed": "Jun 2020\u2013Present", "employment_duration": "2 yrs", "location": "Israel", "title": "DevOps Team Lead"}, {"company_name": "Bright Machines", "dates_employed": "Mar 2019\u2013Jun 2020", "employment_duration": "1 yr 4 mos", "location": null, "title": "DevOps Expert"}, {"company_name": "JFrog", "dates_employed": "Sep 2017\u2013Mar 2019", "employment_duration": "1 yr 7 mos", "location": "Israel", "title": "DevOps Expert"}, {"company_name": "SIRIN LABS", "dates_employed": "May 2014\u2013Aug 2017", "employment_duration": "3 yrs 4 mos", "location": "Tel Aviv", "title": "DevOps And IT Manager"}, {"company_name": "Experis Israel", "dates_employed": "Jan 2013\u2013Apr 2014", "employment_duration": "1 yr 4 mos", "location": "Tel Aviv", "title": "CTO , ALM Division"}], "education": [{"institution": "The Open University of Israel", "degree_details": {"degree_name": "BA", "field_of_study": "Computer science and Management", "dates_attended_or_expected_graduation": "1995 \u2013 2000"}}], "employee_name": "LqpE3Js/+qXD13zi5Q==*BNBQ2p1dkAyEuYFtSy6pDA==*NdWSutU1R8lpBUwdm7MqPg==*cHWmQUoqaf4BZjATstcIxQ=="}, {"experience": [{"company_name": "Nanox AI", "dates_employed": "Apr 2020\u2013Present", "employment_duration": "2 yrs 2 mos", "location": null, "title": "Software Engineer"}, {"company_name": "JPMorgan Chase & Co.", "dates_employed": "Aug 2018\u2013Apr 2020", "employment_duration": "1 yr 9 mos", "location": "Herzliya Area, Israel", "title": "Software Engineer"}, {"company_name": "Cisco", "dates_employed": "May 2014\u2013Aug 2018", "employment_duration": "4 yrs 4 mos", "location": null, "title": "Software Engineer"}, {"company_name": "Intel Corporation", "dates_employed": "Jan 2013\u2013May 2014", "employment_duration": "1 yr 5 mos", "location": "Israel", "title": "Software Engineer"}, {"company_name": "Arrow Electronics", "dates_employed": "Jan 2008\u2013Jan 2009", "employment_duration": "1 yr 1 mo", "location": null, "title": "Systems Integration"}], "education": [{"institution": "Interdisciplinary Center (IDC)", "degree_details": {"degree_name": "Bachelor\u2019s Degree", "field_of_study": "Computer Science", "dates_attended_or_expected_graduation": "2009 \u2013 2012"}}], "employee_name": "0vQrKrSDNiTPryM=*U6p8JUH6/NKPB1f9UYLsKA==*UVI8lrm694O7BY5vJMrx2A==*K4BgMs1PXNBAadyWeF0cYQ=="}, {"experience": [{"company_name": "Zebra Medical Vision Ltd", "dates_employed": "Sep 2020\u2013Present", "employment_duration": "1 yr 9 mos", "location": "Tel Aviv, Israel", "title": "Tag Marker"}, {"company_name": "Tel Aviv University", "dates_employed": "Oct 2019\u2013Present", "employment_duration": "2 yrs 8 mos", "location": "Tel Aviv, Israel", "title": "Anatomy TA - Dissection lab"}, {"company_name": "Private clinic", "dates_employed": "Oct 2018\u2013Present", "employment_duration": "3 yrs 8 mos", "location": "Tel Aviv, Israel", "title": "Clinical Manager"}, {"company_name": "Israel Defense Forces", "dates_employed": "Jan 2012\u2013Jan 2015", "employment_duration": "3 yrs 1 mo", "location": "Israel", "title": "Military"}], "education": [{"institution": "Tel Aviv University", "degree_details": {"degree_name": "Doctor of Medicine - MD", "dates_attended_or_expected_graduation": "2018 \u2013 2025", "field_of_study": null}}], "employee_name": "PDXP+ULx0D6J4mk=*OR0iR+3SXqdqQpba/pFonA==*3tUIOp9kUNHEA5Tjnu4+Og==*QShomBxLJcImb3tRRkuS5Q=="}, {"experience": [{"company_name": "Nanox AI", "dates_employed": "Sep 2019\u2013Present", "employment_duration": "2 yrs 9 mos", "location": null, "title": "Automation Engineer"}], "education": null, "employee_name": "DmKycX5gDJPeATQ=*aTZWXDksqQviXKQsX1PYRg==*wOp2noj6O0j7mdn0hvDLOg==*jpfawCMK32muMqGUDxFUQQ=="}, {"experience": null, "education": [{"institution": "Universit\u00e0 di Pavia", "degree_details": {"degree_name": "Doctor of Medicine (M.D.)", "field_of_study": "Medicine and Surgery", "dates_attended_or_expected_graduation": "2004 \u2013 2010"}}, {"institution": "Robert H. Smith Faculty of Agriculture, Food and Environment", "degree_details": {"degree_name": "B.Sc.Agri", "field_of_study": "Animal Sciences", "dates_attended_or_expected_graduation": "2000 \u2013 2003"}}], "employee_name": "w9nIQn4i9zBNxkkN*Txsf4dKwp/+TYE/hdJ8vcA==*ehJavC1yKwnewgstao1vKQ==*5KZk0Fr1j/DXRLYSPk1zZw=="}, {"experience": [{"company_name": "Zebra Medical Vision Ltd", "dates_employed": "2016\u2013Present", "employment_duration": "6 yrs", "location": null, "title": "UI Developer"}, {"company_name": "Freelance work", "dates_employed": "2002\u2013Present", "employment_duration": "20 yrs", "location": null, "title": "Freelance Web Designer, CSS expert"}, {"company_name": "Jammer", "dates_employed": "Dec 2012\u2013Oct 2015", "employment_duration": "2 yrs 11 mos", "location": "Tel Aviv Area, Israel", "title": "Web and UI developer"}, {"company_name": "TipYou.com", "dates_employed": "2011\u20132012", "employment_duration": "1 yr", "location": null, "title": "UI + Design"}, {"company_name": "Shvoong.com", "dates_employed": "2008\u20132011", "employment_duration": "3 yrs", "location": null, "title": "UI"}], "education": [{"institution": "Holon Institute of Technology", "degree_details": {"degree_name": "BSc. Tech", "field_of_study": "Visual Design", "dates_attended_or_expected_graduation": "1992 \u2013 1997"}}, {"institution": "Tel Aviv University", "degree_details": {"field_of_study": "Mathematics and Computer Science", "dates_attended_or_expected_graduation": "1991 \u2013 1992", "degree_name": null}}], "employee_name": "ed8wxsKU+bxKanYVLM0=*8wi6OQ+LRqddnbRvIKq6Jg==*5y7nHrKQlUBPiJ4U35QOKw==*I4q2dqYt6fuIEHzwt5nFvA=="}, {"experience": [{"company_name": "Zebra Medical Vision Ltd", "dates_employed": "Sep 2019\u2013Present", "employment_duration": "2 yrs 9 mos", "location": "Israel", "title": "Junior Automation Engineer"}, {"company_name": "MIGAL Galilee Research Institute", "dates_employed": "Mar 2018\u2013Present", "employment_duration": "4 yrs 3 mos", "location": "Galilee", "title": "Data Analyst"}, {"company_name": "Samsung Electronics", "dates_employed": "Oct 2013\u2013Present", "employment_duration": "8 yrs 8 mos", "location": null, "title": "mobile Sw Engineer"}, {"company_name": "HackerU \u05d4\u05de\u05e8\u05db\u05d6 \u05dc\u05dc\u05d9\u05de\u05d5\u05d3\u05d9 \u05de\u05d7\u05e9\u05d1\u05d9\u05dd \u05d5\u05d4\u05e9\u05de\u05ea \u05e2\u05d5\u05d1\u05d3\u05d9\u05dd \u05d1\u05d4\u05d9\u05d9\u05d8\u05e7", "dates_employed": "2013\u2013Present", "employment_duration": "9 yrs", "location": null, "title": "Student"}], "education": [{"institution": "Tel-Hai College", "degree_details": {"degree_name": "Bachelor of Science - BS", "field_of_study": "Computer Science", "dates_attended_or_expected_graduation": "2016 \u2013 2019"}}, {"institution": "hackeru", "degree_details": {"dates_attended_or_expected_graduation": null, "degree_name": null, "field_of_study": null}}], "employee_name": "QTxEsdLB0+IhvCk=*jVP+5CzmtqIgQk/8D4Pgzg==*3IQLikrFbnVlZ5GH1lWVig==*XCKxNsSkICmsgh2idPCZFg=="}, {"experience": null, "education": null, "employee_name": "sSKiauJwQkH4qbfhiE2Q*u3LOcZJW0fK7gEZyjoxk0A==*INDxDIe8TwpEmqUqngrXUg==*hlfiyLH69KPTMmLUFSbxzA=="}, {"experience": null, "education": null, "employee_name": "9M5Wl2tVZKsRnD1873Zk*RvCIwqWR6NQ/+sOiQA8Mow==*kQbjQUUGD2Bkw6hQy1n0Jw==*gu/HL8r4TWvsxCUGawuTVA=="}, {"experience": null, "education": null, "employee_name": "/kJf3OFfWGdjgHe67l6q*7+yMzkV8xmr+MO199w2tNw==*ib78vOEnNq3UR2YQpPVU6A==*RUCJy2Ajh5ig9a+vSzSZ/g=="}, {"experience": [{"company_name": "Nanox AI", "dates_employed": "Mar 2020\u2013Present", "employment_duration": "2 yrs 3 mos", "location": "Israel", "title": "Senior Research Engineer"}, {"company_name": "Deep Optics", "dates_employed": "Jul 2019\u2013Mar 2020", "employment_duration": "9 mos", "location": "Petah Tikva Area, Israel", "title": "Senior Software Developer"}, {"company_name": "Citi", "dates_employed": "Jan 2018\u2013Jul 2019", "employment_duration": "1 yr 7 mos", "location": "Tel Aviv Area, Israel", "title": "Data Engineer - Data science team - Scala and Python"}, {"company_name": "Citi", "dates_employed": "Dec 2016\u2013Jan 2018", "employment_duration": "1 yr 2 mos", "location": "Tel Aviv Area, Israel", "title": "Infrastructure Developer - Risk team"}, {"company_name": "Nanox AI", "dates_employed": "Oct 2014\u2013Dec 2016", "employment_duration": "2 yrs 3 mos", "location": "Israel Herzlia", "title": "Software Architect"}], "education": [{"institution": "Amal B Petach Tikva", "degree_details": {"degree_name": "Practical Eng", "field_of_study": "Electronics", "dates_attended_or_expected_graduation": "1990 \u2013 1992"}}], "employee_name": "mfrmDsabKH6w*ckhdYa8Ks8oW04NwI347UA==*anTX7+T2/IyDVjKfjH2GQw==*AFMT9j8fDrvS+UwJAiuU0A=="}, {"experience": [{"company_name": "Zebra Medical Vision Ltd", "dates_employed": "Jan 2021\u2013Present", "employment_duration": "1 yr 5 mos", "location": "Berkeley, California, United States", "title": "AI Tech Lead"}, {"company_name": "Zebra Medical Vision Ltd", "dates_employed": "Aug 2018\u2013Jan 2021", "employment_duration": "2 yrs 6 mos", "location": "Berkeley", "title": "AI Research Lead"}, {"company_name": "Zebra Medical Vision Ltd", "dates_employed": "Sep 2016\u2013Aug 2018", "employment_duration": "2 yrs", "location": null, "title": "Machine Learning Researcher"}, {"company_name": "SAP", "dates_employed": "Oct 2014\u2013Sep 2016", "employment_duration": "2 yrs", "location": null, "title": "Software Developer"}, {"company_name": "LeanCiti", "dates_employed": "Feb 2014\u2013Oct 2014", "employment_duration": "9 mos", "location": "Israel", "title": "Software Developer"}], "education": [{"institution": "Tel Aviv University", "degree_details": {"degree_name": "MSc", "field_of_study": "Computer Science", "dates_attended_or_expected_graduation": "2015 \u2013 2017"}}, {"institution": "Tel Aviv University", "degree_details": {"degree_name": "BSc", "field_of_study": "Computer Science", "dates_attended_or_expected_graduation": "2012 \u2013 2015"}}, {"institution": "Tel Aviv University", "degree_details": {"degree_name": "Doctor of Philosophy - PhD", "field_of_study": "Computer Science", "dates_attended_or_expected_graduation": "2020"}}], "employee_name": "4o3ZJJJzuOc=*oFpoxtiL2HlxYiGB7IVeVQ==*1QcGfcJQHFSWdpsNmB0MFw==*1E1YofzzPCBegHbTbHJ8ag=="}, {"experience": [{"company_name": "Nanox-AI (Zebra Medical Vision Ltd)", "dates_employed": "Dec 2019\u2013Present", "employment_duration": "2 yrs 6 mos", "location": "shfayim", "title": "Senior Automation Engineer"}, {"company_name": "Dell EMC XtremIO", "dates_employed": "Feb 2014\u2013Dec 2019", "employment_duration": "5 yrs 11 mos", "location": "Glil yam israel", "title": "Automation Team leader at Dell EMC XtremIO"}, {"company_name": "NovoGoma", "dates_employed": "Nov 2012\u2013Jan 2014", "employment_duration": "1 yr 3 mos", "location": "Tel Aviv", "title": "QA Team Leader"}, {"company_name": "Orca Interactive", "dates_employed": "Dec 2008\u2013Oct 2012", "employment_duration": "3 yrs 11 mos", "location": null, "title": "Automation Testing Engineer & Testing Team Leader"}, {"company_name": "COMVERSE", "dates_employed": "Jan 2006\u2013Dec 2008", "employment_duration": "3 yrs", "location": null, "title": "Software Testing Engineer"}], "education": [{"institution": "Ha'Universita Ha'Petuha", "degree_details": {"degree_name": "M.B.A", "field_of_study": "Business Administration", "dates_attended_or_expected_graduation": "2006 \u2013 2010"}}, {"institution": "Netanya Academic College", "degree_details": {"degree_name": "B.A", "field_of_study": "computers science", "dates_attended_or_expected_graduation": "1999 \u2013 2001"}}], "employee_name": "Tqsm8928jNPruju9*/lLPzQ6HU/VX9U/vA0PMGg==*ICLaxhNyymbKIJrabI3bNA==*XUfuEw5wTzSAMMuiaFXSfA=="}, {"experience": [{"company_name": "Nanox AI", "dates_employed": "Dec 2021\u2013Present", "employment_duration": "6 mos", "location": "Israel", "title": "Customer Success Manager"}, {"company_name": "Ripples", "dates_employed": "Mar 2020\u2013Dec 2021", "employment_duration": "1 yr 10 mos", "location": "Petah\u0331 Tiqwa, Central, Israel", "title": "Global Key Account Manager"}, {"company_name": "Ripples", "dates_employed": "Aug 2017\u2013Mar 2020", "employment_duration": "2 yrs 8 mos", "location": "Petah Tikva Area, Israel", "title": "Customer Success & Professional services leader"}, {"company_name": "Drink Ripples", "dates_employed": "Aug 2016\u2013Aug 2017", "employment_duration": "1 yr 1 mo", "location": "Petah Tikva Area, Israel", "title": "Customer Success representative"}, {"company_name": "Harel Insurance & Finance", "dates_employed": "Apr 2015\u2013Aug 2016", "employment_duration": "1 yr 5 mos", "location": "Ramat Gan Area, Israel", "title": "Telemarketing Agent"}], "education": [{"institution": "The College of Management Academic Studies", "degree_details": {"degree_name": "Master of Business Administration - MBA", "field_of_study": "Management Information Systems, General", "dates_attended_or_expected_graduation": "2020 \u2013 2022"}}, {"institution": "The College of Management Academic Studies", "degree_details": {"degree_name": "Behavioral sciences", "field_of_study": "Human Resources Management/Personnel Administration, General", "dates_attended_or_expected_graduation": "2015 \u2013 2018"}}, {"institution": "Amos De Shalit", "degree_details": {"degree_name": "High school, Majoring Biology and English .", "dates_attended_or_expected_graduation": "2007 \u2013 2009", "field_of_study": null}}], "employee_name": "1goBr0xc68TsaV4=*Uy2WjmJ/MUoku1qmajW4ww==*vZfNxa2RHi1sg1ZmkMS75A==*FVKijqpKB1rRTfUUVjcfnQ=="}, {"experience": [{"company_name": "Zebra Medical Vision Ltd", "dates_employed": "Jul 2019\u2013Present", "employment_duration": "2 yrs 11 mos", "location": "Israel", "title": "Senior Research Engineer"}, {"company_name": "FDNA", "dates_employed": "Oct 2017\u2013Jul 2019", "employment_duration": "1 yr 10 mos", "location": null, "title": "Backend Tech Lead"}, {"company_name": "FDNA", "dates_employed": "Feb 2015\u2013Oct 2017", "employment_duration": "2 yrs 9 mos", "location": "Israel", "title": "Full Stack software engineer"}, {"company_name": "Intel Corporation", "dates_employed": "Jul 2012\u2013Feb 2015", "employment_duration": "2 yrs 8 mos", "location": "Israel", "title": "Software Engineer"}, {"company_name": "Intel Corporation", "dates_employed": "Oct 2008\u2013Jul 2012", "employment_duration": "3 yrs 10 mos", "location": null, "title": "Automation Engineer"}], "education": [{"institution": "Ben-Gurion University of the Negev", "degree_details": {"degree_name": "Master of Science - M.Sc", "field_of_study": "Software and Information Systems Engineering", "dates_attended_or_expected_graduation": "2019 \u2013 2022"}}, {"institution": "Ben-Gurion University of the Negev", "degree_details": {"degree_name": "Bachelor of Science (B.Sc.)", "field_of_study": "Information system Engineering", "dates_attended_or_expected_graduation": "2006 \u2013 2010"}}], "employee_name": "jd85Kv9YOS9N*opCjKDg0L8qvlbuEfpbxoA==*7q0vxlc6PFJY3/5Z+Yriwg==*Yb5tBRcFFu6LC0t8UvH4tQ=="}, {"experience": [{"company_name": "Hyperfine", "dates_employed": "Jan 2021\u2013Present", "employment_duration": "1 yr 5 mos", "location": "Guilford, Connecticut, United States", "title": "Senior Medical Director"}, {"company_name": "RadScholars", "dates_employed": "Feb 2021\u2013Present", "employment_duration": "1 yr 4 mos", "location": null, "title": "Consultant"}, {"company_name": "IAG, IMAGE ANALYSIS GROUP", "dates_employed": "Nov 2020\u2013Present", "employment_duration": "1 yr 7 mos", "location": "United States", "title": "Consultant Neuroradiology"}, {"company_name": "Zebra Medical Vision Ltd", "dates_employed": "Nov 2020\u2013Present", "employment_duration": "1 yr 7 mos", "location": null, "title": "Consultant - Neuroradiology"}, {"company_name": "BrainKey", "dates_employed": "Oct 2020\u2013Present", "employment_duration": "1 yr 8 mos", "location": null, "title": "Medical Advisor Neuroradiology"}], "education": [{"institution": "SUNY Downstate School of Medicine", "degree_details": {"degree_name": "MD", "field_of_study": "Medicine", "dates_attended_or_expected_graduation": "1982 \u2013 1986"}}, {"institution": "Emory University", "degree_details": {"degree_name": "BS", "field_of_study": "Biology", "dates_attended_or_expected_graduation": "1976 \u2013 1980"}}], "employee_name": "ltU+ZKzgyrojVEvEWi3Y/A==*VeDmDOdFLgbvIq9k4pVfPA==*9NrZE31Awd6WXE4i8t5IFg==*wCmkJgDFvxaLv4Uqjl94Cw=="}, {"experience": [{"company_name": "Zebra Medical Vision Ltd", "dates_employed": "Sep 2015\u2013Present", "employment_duration": "6 yrs 9 mos", "location": null, "title": "VP R&D"}], "education": [{"institution": "Field Of Study", "degree_details": {"health_care_technological_innovation": null, "dates_attended_or_expected_graduation": "2015", "degree_name": null, "field_of_study": null}}], "employee_name": "axE2O1WWzjj0*oZQEApSjegXPLprfsYMNIA==*fuG/60WbP+pxq1O0grlThA==*s6JM763bSKbVPUw+QfyuKg=="}, {"experience": [{"company_name": "Nanox AI", "dates_employed": "Nov 2021\u2013Present", "employment_duration": "7 mos", "location": "Israel", "title": "Data Team Lead"}, {"company_name": "CropX Technologies LTD", "dates_employed": "May 2021\u2013Nov 2021", "employment_duration": "7 mos", "location": "Israel", "title": "Sr Backend Developer"}, {"company_name": "elminda", "dates_employed": "Feb 2020\u2013May 2021", "employment_duration": "1 yr 4 mos", "location": "Herzliyya, Tel Aviv, Israel", "title": "Tech lead, Data platform"}, {"company_name": "Cyber Security (Discloused)", "dates_employed": "Oct 2015\u2013Feb 2020", "employment_duration": "4 yrs 5 mos", "location": "Israel", "title": "Big Data analyst, Developer"}, {"company_name": "OMNITelecom", "dates_employed": "Sep 2014\u2013Oct 2015", "employment_duration": "1 yr 2 mos", "location": "Israel", "title": "Head of IT, NOC and DevOps"}], "education": [{"institution": "The Hebrew University of Jerusalem", "degree_details": {"degree_name": "B.Sc.", "field_of_study": "Physics & Mathematics", "dates_attended_or_expected_graduation": "2005 \u2013 2010"}}, {"institution": "Shay Agnoon", "degree_details": {"degree_name": "School Graduate", "field_of_study": "IT, Computers, Physics, Math, English", "dates_attended_or_expected_graduation": "1999 \u2013 2005"}}], "employee_name": "PqqCElxf3g==*wAjGOTY4IjlySCX5mEZL5w==*xxUNw2QkrAjNKe82o3DpHw==*rE3BEc7NZ+SfiQlxTkU2Kw=="}, {"experience": [{"company_name": "The X Ray Group", "dates_employed": "Jan 2019\u2013Present", "employment_duration": "3 yrs 5 mos", "location": "Albury, Australia", "title": "Consultant Radiologist"}, {"company_name": "Novocure GmbH", "dates_employed": "Mar 2016\u2013Present", "employment_duration": "6 yrs 3 mos", "location": null, "title": "Consulting Radiologist"}, {"company_name": "Zebra Medical Vision Ltd", "dates_employed": "Dec 2015\u2013Present", "employment_duration": "6 yrs 6 mos", "location": null, "title": "Consulting Radiologist"}, {"company_name": "Thomas Jefferson University Hospitals", "dates_employed": "Jul 2017\u2013Jun 2018", "employment_duration": "1 yr", "location": "Greater Philadelphia Area", "title": "Body MRI Fellow"}, {"company_name": "Sheba - Tel Ha SHomer Hospital", "dates_employed": "May 2011\u2013May 2017", "employment_duration": "6 yrs 1 mo", "location": "Ramat-Gan", "title": "Board Certified Radiologist"}], "education": [{"institution": "Thomas Jefferson University Hospitals", "degree_details": {"field_of_study": "Body MRI fellowship", "dates_attended_or_expected_graduation": "2018 \u2013 2019", "degree_name": null}}, {"institution": "Tel Aviv University", "degree_details": {"degree_name": "M.D.", "field_of_study": "Medicine", "dates_attended_or_expected_graduation": "2001 \u2013 2008"}}], "employee_name": "xpN9gCyUJzf5HmktLUVbpP29ebsKczuh*Y5uA8LpGw0386uuRwwrVKA==*BdJjdJKQ0euB+Ge3j3/emQ==*/aMhEMLfo1TOXMHmXyIRcg=="}, {"experience": [{"company_name": "Zebra Medical Vision Ltd", "dates_employed": "2019\u2013Present", "employment_duration": "3 yrs", "location": null, "title": "Senior Consultant"}, {"company_name": "Hannover Medical Management", "dates_employed": "Jun 2019\u2013Present", "employment_duration": "3 yrs", "location": "India", "title": "Executive Coach and Mentor"}, {"company_name": "Hannover Medical Management", "dates_employed": "2019\u2013Present", "employment_duration": "3 yrs", "location": "Germany", "title": "Co-Founder & CSO"}, {"company_name": "Imara Mediplus Hospital", "dates_employed": "2019\u2013Present", "employment_duration": "3 yrs", "location": null, "title": "Coach to the MD & Board"}, {"company_name": "Dolma Impact Fund", "dates_employed": "2019\u2013Jun 2021", "employment_duration": "2 yrs", "location": null, "title": "Senior Advisor"}], "education": [{"institution": "Faculty of Management Studies - University of Delhi", "degree_details": {"degree_name": "M.B.A", "field_of_study": "Marketing", "dates_attended_or_expected_graduation": "1993 \u2013 1995"}}, {"institution": "Pursuing Ph.D (Navigating the Cancer Journey and Management)", "degree_details": {"degree_name": "Doctor of Philosophy (Ph.D.)", "field_of_study": "Navigating the Cancer Journey and Management", "dates_attended_or_expected_graduation": "2015 \u2013 2018"}}, {"institution": "Malaviya National Institute of Technology Jaipur", "degree_details": {"degree_name": "B.E (Hons)", "field_of_study": "Chemical Engineering", "dates_attended_or_expected_graduation": "1988 \u2013 1992"}}], "employee_name": "HSVlddM2IbCbYu1JunOvgw==*sZIlFY3A4ZGZGfEoja9Quw==*ezBS4/6IwvpFAiQ4rEf1EA==*1nv+rK/Z3g/EsjWFlcp9Ag=="}, {"experience": [{"company_name": "Nanox AI", "dates_employed": "Apr 2022\u2013Present", "employment_duration": "2 mos", "location": null, "title": "Head of Delivery"}, {"company_name": "Zebra Medical Vision Ltd", "dates_employed": "Jul 2020\u2013Mar 2022", "employment_duration": "1 yr 9 mos", "location": null, "title": "Senior Delivery Engineer"}, {"company_name": "Synamedia", "dates_employed": "2018\u2013Dec 2019", "employment_duration": "1 yr", "location": null, "title": "Team Leader Full Stack"}, {"company_name": "Cisco", "dates_employed": "Apr 2015\u20132018", "employment_duration": "3 yrs", "location": null, "title": "Team Leader Project Manager Z-TV"}, {"company_name": "Cisco", "dates_employed": "Aug 2013\u20132015", "employment_duration": "2 yrs", "location": null, "title": "Team Leader DevOps"}], "education": [{"institution": "Lev Academic Center (JCT) (Jerusalem College of Technology )", "degree_details": {"degree_name": "Bachelor of Science - BS", "field_of_study": "Computer Science", "dates_attended_or_expected_graduation": "1996 \u2013 1999"}}], "employee_name": "NEGgDgOHHwl60w==*5S8sJCHstto4OeYMPu5lzQ==*/N0h3+BA03y0CWqyCmIOpA==*lti8LM17MAhJnUCi7IZXmQ=="}, {"experience": [{"company_name": "LG Technology Ventures", "dates_employed": "Nov 2018\u2013Present", "employment_duration": "3 yrs 7 mos", "location": "San Francisco Bay Area", "title": "Managing Director"}, {"company_name": "The Sandbox", "dates_employed": "Nov 2021\u2013Present", "employment_duration": "7 mos", "location": null, "title": "Investor"}, {"company_name": "Claroty", "dates_employed": "Jun 2021\u2013Present", "employment_duration": "1 yr", "location": "Tel Aviv, Israel", "title": "Investor and Board member"}, {"company_name": "Wave", "dates_employed": "Apr 2021\u2013Present", "employment_duration": "1 yr 2 mos", "location": "Los Angeles Metropolitan Area", "title": "Investor"}, {"company_name": "CerebrumX", "dates_employed": "Mar 2021\u2013Present", "employment_duration": "1 yr 3 mos", "location": "Princeton, New Jersey, United States", "title": "Investor and Board member"}], "education": [{"institution": "The Tuck School of Business at Dartmouth", "degree_details": {"degree_name": "Master of Business Administration (M.B.A.)", "dates_attended_or_expected_graduation": "2009 \u2013 2011", "field_of_study": null}}, {"institution": "Dartmouth College", "degree_details": {"degree_name": "Master of Business Administration - MBA", "dates_attended_or_expected_graduation": "2009 \u2013 2011", "field_of_study": null}}, {"institution": "University of Arizona", "degree_details": {"field_of_study": "Computer & Management Information Systems", "dates_attended_or_expected_graduation": "1998 \u2013 2001", "degree_name": null}}], "employee_name": "T/5koAT8EFOz57kdmjQ=*9hh9oyC9olScY3UJQv4OaA==*wxwv010XFrZsAjwrvNcecQ==*TN6+f1NMoxHzSVHSn+89Yw=="}, {"experience": [{"company_name": "Zebra Medical Vision Ltd", "dates_employed": "Jan 2021\u2013Present", "employment_duration": "1 yr 5 mos", "location": null, "title": "Scientific Chair"}, {"company_name": "Davidoff Cancer Center, Rabin medical center", "dates_employed": "Dec 2014\u2013Jan 2021", "employment_duration": "6 yrs 2 mos", "location": "Petah\u0331 Tiqwa, Central, Israel", "title": "Director, Clinic Interventional Oncology"}, {"company_name": "Rabin Medical Center", "dates_employed": "Jan 2014\u2013Jan 2021", "employment_duration": "7 yrs 1 mo", "location": "Israel", "title": "Interventional Radiologist"}, {"company_name": "Zebra Medical Vision Ltd", "dates_employed": "Jan 2014\u2013Jan 2021", "employment_duration": "7 yrs 1 mo", "location": "israel", "title": "Chief Medical Officer"}, {"company_name": "Memorial Sloan-Kettering Cancer Center", "dates_employed": "Jul 2011\u2013Jun 2012", "employment_duration": "1 yr", "location": null, "title": "Interventional Radiology Fellow"}], "education": [{"institution": "Tufts University School of Medicine", "degree_details": {"degree_name": "MD", "dates_attended_or_expected_graduation": "2000 \u2013 2006", "field_of_study": null}}], "employee_name": "H6moZh64f2OiVRWavWc=*81Fj7eIq+6X5opGzodkwgw==*CyTWZ+l5o/sXEdvyKWaKiQ==*wNZ8GH9rQtLwX+h+aOQX8w=="}, {"experience": [{"company_name": "Tel Aviv Sourasky Medical Center", "dates_employed": "Jan 2022\u2013Present", "employment_duration": "5 mos", "location": "Tel Aviv, Israel", "title": "Interventional Radiology Fellow"}, {"company_name": "Assuta Hospital Ramat HaHayal", "dates_employed": "Jan 2022\u2013Present", "employment_duration": "5 mos", "location": "Tel Aviv, Israel", "title": "Radiologist"}, {"company_name": "Zebra Medical Vision Ltd", "dates_employed": "Apr 2020\u2013Present", "employment_duration": "2 yrs 2 mos", "location": null, "title": "Medical Consultant"}, {"company_name": "Terem", "dates_employed": "Aug 2021\u2013Jan 2022", "employment_duration": "6 mos", "location": "Tel Aviv, Israel", "title": "Diagnostic Radiologist"}, {"company_name": "Clalit Health Services", "dates_employed": "Jul 2014\u2013May 2021", "employment_duration": "6 yrs 11 mos", "location": null, "title": "Medical Doctor, Radiology Resident"}], "education": [{"institution": "Semmelweis University", "degree_details": {"degree_name": "MD", "field_of_study": "Medicine", "dates_attended_or_expected_graduation": "2003 \u2013 2009"}}], "employee_name": "XzlylDXQcm8dPRRA*1zkw/Zdm3oxF7xTayGXFkg==*i22uvGiMCgcFBh5htR6Rrg==*7NfYUL+hWqcNJ4MtRkeBow=="}, {"experience": [{"company_name": "Nanox AI", "dates_employed": "Oct 2021\u2013Present", "employment_duration": "8 mos", "location": "Israel", "title": "Research Engineer"}, {"company_name": "Israeli Military Intelligence", "dates_employed": "Nov 2015\u2013Mar 2017", "employment_duration": "1 yr 5 mos", "location": null, "title": "SW Development Course - Commanding Officer"}, {"company_name": "Israeli Military Intelligence", "dates_employed": "Feb 2013\u2013Nov 2015", "employment_duration": "2 yrs 10 mos", "location": null, "title": "Software Developer"}], "education": [{"institution": "Tel Aviv University", "degree_details": {"degree_name": "Bachelor of Science - B.Sc.", "field_of_study": "Electrical Engineering & Computer Science", "dates_attended_or_expected_graduation": "2017 \u2013 2021"}}], "employee_name": "28cuwtGblTyhSYldSQ==*oD5fPD80pFZGixZ+UHa3iw==*95rQci/EWTCN4Cv+NbHVgQ==*EdRBvbfpowJRwBYQ3/ezYA=="}, {"experience": [{"company_name": "Nanox AI", "dates_employed": "May 2022\u2013Present", "employment_duration": "1 mo", "location": null, "title": "Backend Developer"}, {"company_name": "Octopus.Health", "dates_employed": "Mar 2021\u2013Apr 2022", "employment_duration": "1 yr 2 mos", "location": null, "title": "Software Developer"}, {"company_name": "Israeli Military Intelligence", "dates_employed": "Mar 2018\u2013Mar 2021", "employment_duration": "3 yrs 1 mo", "location": "Unit 81", "title": "Information Technology Administrator"}], "education": [{"institution": "The Open University of Israel", "degree_details": {"degree_name": "Bachelor of Science - BS", "field_of_study": "Computer Science", "dates_attended_or_expected_graduation": "2014 \u2013 2018"}}], "employee_name": "cs5aun0NiX6RYxznT2Q=*Ejl8bJ32+RK0lwNAmxIqSg==*Xjq7S/EOZrIoQasoBWCkWg==*XNNqHXPsfJAANdbDB+1tlg=="}, {"experience": [{"company_name": "I.D.F.", "dates_employed": null, "employment_duration": null, "location": null, "title": "C.T.O."}, {"company_name": "Zebra Medical Vision Ltd", "dates_employed": "Nov 2015\u2013Present", "employment_duration": "6 yrs 7 mos", "location": null, "title": "Software Architect"}], "education": null, "employee_name": "gZbfy5dR7Wva0n0anCNU1inL*6d7RqtSDOoaNRNa8j/U3TQ==*2X6Fu2zT8EfZ5Cx+IZMiAg==*q1GLK7Tjh9LnPIEgVr0Z0A=="}, {"experience": [{"company_name": "Zebra Medical Vision Ltd", "dates_employed": "Aug 2017\u2013Present", "employment_duration": "4 yrs 10 mos", "location": null, "title": "Machine Learning Researcher"}, {"company_name": "BrightWay Vision Ltd.", "dates_employed": "Jan 2016\u2013Aug 2017", "employment_duration": "1 yr 8 mos", "location": null, "title": "Algorithm Developer"}, {"company_name": "Rafael Advanced Defense Systems", "dates_employed": "Dec 2012\u2013Jan 2016", "employment_duration": "3 yrs 2 mos", "location": "Israel", "title": "Physicist"}], "education": [{"institution": "Technion - Israel Institute of Technology", "degree_details": {"degree_name": "Master's degree", "field_of_study": "Physics", "dates_attended_or_expected_graduation": "2009 \u2013 2012"}}, {"institution": "Technion - Israel Institute of Technology", "degree_details": {"degree_name": "Bachelor of Science - BS", "field_of_study": "Physics", "dates_attended_or_expected_graduation": "2005 \u2013 2009"}}], "employee_name": "nKrjY6Tf003d*KFlJiW9WBFykcS8st2LQAg==*xE9Q6Y8ex9mM0a5tMLYqag==*w6OiLe0l5Gn7kSiuos4W3w=="}, {"experience": [{"company_name": "Zebra Medical Vision Ltd", "dates_employed": "Jul 2020\u2013Present", "employment_duration": "1 yr 11 mos", "location": null, "title": "Software Engineer"}, {"company_name": "IAF - Israeli Air Force", "dates_employed": "Dec 2017\u2013Nov 2019", "employment_duration": "2 yrs", "location": null, "title": "Software Architect"}, {"company_name": "IAF - Israeli Air Force", "dates_employed": "Aug 2016\u2013Dec 2017", "employment_duration": "1 yr 5 mos", "location": null, "title": "Software Development Team Lead"}, {"company_name": "Israeli Air Force", "dates_employed": "Sep 2013\u2013Aug 2016", "employment_duration": "3 yrs", "location": null, "title": "Software Engineer"}], "education": [{"institution": "The College of Management Academic Studies", "degree_details": {"degree_name": "Bachelor of Science (B.Sc.)", "field_of_study": "Computer Science", "dates_attended_or_expected_graduation": "2014 \u2013 2017"}}], "employee_name": "QUSX1JqZyGZ+H9PY*uXaDd5XBXkXoOucMXm5LpA==*CUc3UmQ6f1v2al4OdnJCFQ==*0uHxZPwMENY9y9o6NbTugg=="}, {"experience": [{"company_name": "Zebra Medical Vision Ltd", "dates_employed": "Jan 2019\u2013Present", "employment_duration": "3 yrs 5 mos", "location": "Tel Aviv, Israel", "title": "Freelance Medical Data Consultant"}, {"company_name": "Ekkosec", "dates_employed": "Nov 2016\u2013Jan 2019", "employment_duration": "2 yrs 3 mos", "location": "Tel Aviv Area, Israel", "title": "Cyber Security Researcher"}, {"company_name": "Black Cube", "dates_employed": "Nov 2014\u2013Mar 2016", "employment_duration": "1 yr 5 mos", "location": "Tel Aviv, Israel", "title": "Business Intelligence Analyst"}, {"company_name": "Israeli Intelligence Service", "dates_employed": "Apr 2011\u2013Nov 2014", "employment_duration": "3 yrs 8 mos", "location": "Givataym, Israel", "title": "Team leader and project manager"}, {"company_name": "Israeli Intelligence Service", "dates_employed": "Jun 2009\u2013Apr 2011", "employment_duration": "1 yr 11 mos", "location": "Givataym, Israel", "title": "Analyst"}], "education": [{"institution": "Tel Aviv University", "degree_details": {"degree_name": "Doctor of Medicine - MD", "field_of_study": "Medicine", "dates_attended_or_expected_graduation": "2015 \u2013 2022"}}], "employee_name": "frruVLoExaE4*cvXSK1hRUMri0E0boN210A==*2IKTArP48pk8Y4j8v+5a4A==*Niy0HtKXygUJETsIygotjw=="}, {"experience": [{"company_name": "Nanox AI", "dates_employed": "Apr 2022\u2013Present", "employment_duration": "2 mos", "location": "Shefaim, Central, Israel", "title": "Senior QA Engineer"}, {"company_name": "Octopus.Health", "dates_employed": "Nov 2020\u2013Apr 2022", "employment_duration": "1 yr 6 mos", "location": "Ra'ananna, Central, Israel", "title": "Senior QA Engineer"}, {"company_name": "Infibond", "dates_employed": "Aug 2019\u2013Apr 2020", "employment_duration": "9 mos", "location": "Tel Aviv Area, Israel", "title": "QA Specialist"}, {"company_name": "Centerity Systems, Inc.", "dates_employed": "Jul 2018\u2013Jul 2019", "employment_duration": "1 yr 1 mo", "location": "Raanana", "title": "Senior QA Engineer"}, {"company_name": "Qognify", "dates_employed": "Jul 2016\u2013Jun 2018", "employment_duration": "2 yrs", "location": "Raanana", "title": "Scrum QA Specialist"}], "education": null, "employee_name": "52+LWQlBPWZDNLz+*ETn8DT80n5K0iKoxBUND5Q==*prtqZRRP51wcgswDKVZYkQ==*2DS5gaD1X2jdox1+KeVXBw=="}, {"experience": null, "education": null, "employee_name": "wge+zIjOsl3kAhFZJ5hg*jutelg1fCdBYMTlN28OWaQ==*QbfayqeUV/9E+/Uy51WhdA==*gD4Xmk89vLtbga4fQgSpGg=="}, {"experience": [{"company_name": "Zebra Medical Vision Ltd", "dates_employed": "Mar 2020\u2013Present", "employment_duration": "2 yrs 3 mos", "location": null, "title": "Senior Full Stack Engineer"}, {"company_name": "LivePerson", "dates_employed": "Jun 2013\u20132019", "employment_duration": "6 yrs", "location": "Israel", "title": "Full-stack Developer"}, {"company_name": "Ituran", "dates_employed": "Feb 2008\u2013Mar 2012", "employment_duration": "4 yrs 2 mos", "location": null, "title": "Real time system support"}], "education": [{"institution": "Holon Institute of Technology", "degree_details": {"degree_name": "B.Sc", "field_of_study": "Electrical engineering", "dates_attended_or_expected_graduation": "2007 \u2013 2011"}}], "employee_name": "O4/o2UMcuO+Dls5OmA==*eZTcoAEtpBGuDjaWr5dBJQ==*4VpV9Zg7QqERu3IrVSqHoQ==*icu350fknN34lyzbb3H+EA=="}, {"experience": [{"company_name": "Vimeo", "dates_employed": "Mar 2022\u2013Present", "employment_duration": "3 mos", "location": null, "title": "Researcher"}, {"company_name": "Zebra Medical Vision Ltd", "dates_employed": "Nov 2019\u2013Present", "employment_duration": "2 yrs 7 mos", "location": null, "title": "Algorithm resercher"}, {"company_name": "Elbit Systems Ltd", "dates_employed": "Jun 2017\u2013Nov 2019", "employment_duration": "2 yrs 6 mos", "location": "Haifa Area, Israel", "title": "computer vision and image processing algorithm developer"}, {"company_name": "Elbit Systems Ltd", "dates_employed": "May 2017\u2013Nov 2019", "employment_duration": "2 yrs 7 mos", "location": null, "title": "Algorithm Developer"}, {"company_name": "Israeli Air Force", "dates_employed": "Aug 2010\u2013Nov 2016", "employment_duration": "6 yrs 4 mos", "location": null, "title": "Project Manager"}], "education": [{"institution": "Technion - Israel Institute of Technology", "degree_details": {"degree_name": "Master of Science (MSc)", "field_of_study": "Electrical, Electronics and Communications Engineering", "dates_attended_or_expected_graduation": "2016"}}, {"institution": "Technion - Israel Institute of Technology", "degree_details": {"degree_name": "Bachelor of Science (B.Sc.)", "field_of_study": "Electrical and Electronics Engineering", "dates_attended_or_expected_graduation": "2006 \u2013 2010"}}], "employee_name": "nIZjkQJMv4OfNhZ27Q==*xbqc5uMV4avZoZGxpWEQ9Q==*z24P3lXf9ioRt+XUXirw9g==*RNEyq1BxUAMWO+V+vyXGSg=="}, {"experience": [{"company_name": "Nanox AI", "dates_employed": "Feb 2022\u2013Present", "employment_duration": "4 mos", "location": "Israel", "title": "UI UX Product Designer"}, {"company_name": "Clalit Health Services", "dates_employed": "Jan 2019\u2013Feb 2022", "employment_duration": "3 yrs 2 mos", "location": "Tel Aviv Area, Israel", "title": "UI UX Product Designer"}, {"company_name": "My Vinchi - Virtual Interior Designer System - Start up.", "dates_employed": "Jan 2018\u2013Dec 2018", "employment_duration": "12 mos", "location": "Tel Aviv Area, Israel", "title": "UI UX Designer"}, {"company_name": "Global Brands Group (Member of Fung Group)", "dates_employed": "Sep 2005\u2013Dec 2017", "employment_duration": "12 yrs 4 mos", "location": "Herzliya Area, Israel", "title": "Senior Graphic Designer"}], "education": [{"institution": "6b Studio", "degree_details": {"field_of_study": "Web Page, Digital/Multimedia and Information Resources Design", "dates_attended_or_expected_graduation": "2017 \u2013 2017", "degree_name": null}}, {"institution": "University of Buenos Aires", "degree_details": {"field_of_study": "Graphic Design", "dates_attended_or_expected_graduation": "1993 \u2013 1998", "degree_name": null}}], "employee_name": "FxPcIUa/yHLktYJqNc7f*HbcqSuWZ2jdbq3NnXbny3w==*PHcSGy2g5yzbM1zA37NPkw==*3UGmQQo0rdb1m6pH5M9RQw=="}]